code,yahoo,name_en,name_zh,market_cap_100m_hkd,board_lot,category,sub_category,price,open,high,low,volume,turnover_proxy,ma5,ma10,dev5,dev10,gain1,gain3,gain5,year_prev_high,three_year_prev_high,history_prev_high,year_high,three_year_high,year_high_breakout,three_year_high_breakout,all_time_high_breakout,year_high_distance,three_year_high_distance,consecutive_3d_gain,consecutive_5d_gain,break_pullback_ma5,break_ma5_pullback_ma10,new_year_high,new_3y_high,new_all_time_high,near_year_high_10pct,near_3y_high_10pct,base_date,main_business,detailed_business
1101,1101.TW,TCC,台泥,1918.41,,TWSE LISTED,水泥工業,25.5,25.25,25.7,25.1,24748444,631.09,25.32,25.365,0.71,0.53,1.19,0.59,-3.04,26.95,35.5,53.37,26.95,35.5,-4.64,-27.61,-51.84,5.38,28.17,False,False,False,True,False,False,False,True,False,2026-10-07,水泥工業,水泥、熟料與建築材料（公司級產品待核驗）
1102,1102.TW,ACC,亞泥,1273.22,,TWSE LISTED,水泥工業,35.9,35.35,35.9,35.35,5718176,205.28,35.55,35.595,0.98,0.86,1.27,0.84,0.28,38.05,48.4,54.3,38.05,48.4,-5.65,-25.83,-33.89,5.65,25.83,False,False,False,True,False,False,False,True,False,2026-10-07,水泥工業,水泥、熟料與建築材料（公司級產品待核驗）
1103,1103.TW,CHC,嘉泥,109.52,,TWSE LISTED,水泥工業,13.15,13.1,13.15,13.05,382531,5.03,13.14,13.12,0.08,0.23,0.38,-0.38,-0.38,14.35,19.4,27.6,14.35,19.4,-8.36,-32.22,-52.35,8.36,32.22,False,False,False,True,False,False,False,True,False,2026-10-07,水泥工業,水泥、熟料與建築材料（公司級產品待核驗）
1104,1104.TW,UCC,環泥,184.37,,TWSE LISTED,水泥工業,26.85,26.7,26.9,26.6,292804,7.86,26.64,26.65,0.79,0.75,0.94,1.13,0.56,30.95,36.42,36.42,30.95,36.42,-13.09,-26.14,-26.14,13.25,26.28,False,False,False,True,False,False,False,False,False,2026-10-07,水泥工業,水泥、熟料與建築材料（公司級產品待核驗）
1108,1108.TW,LUCKY CEMENT,幸福,44.93,,TWSE LISTED,水泥工業,11.1,11.15,11.15,11.05,62000,0.69,11.11,11.09,-0.09,0.09,0.0,-0.45,-0.45,15.4,17.55,20.15,15.4,17.55,-27.6,-36.47,-44.67,27.92,36.75,False,False,False,False,False,False,False,False,False,2026-10-07,水泥工業,水泥、熟料與建築材料（公司級產品待核驗）
1109,1109.TW,HsingTa,信大,45.37,,TWSE LISTED,水泥工業,13.3,13.3,13.3,13.2,46000,0.61,13.27,13.3,0.23,0.0,0.0,0.38,-0.37,16.0,21.05,31.5,16.0,21.05,-16.87,-36.82,-57.78,16.87,36.82,False,False,True,True,False,False,False,False,False,2026-10-07,水泥工業,水泥、熟料與建築材料（公司級產品待核驗）
1110,1110.TW,SE CEMENT,東泥,82.65,,TWSE LISTED,水泥工業,14.45,14.3,14.45,14.25,311283,4.5,14.43,14.585,0.14,-0.93,0.7,0.7,-1.37,17.25,25.1,25.1,17.25,25.1,-16.23,-42.43,-42.43,16.23,42.43,False,False,False,False,False,False,False,False,False,2026-10-07,水泥工業,水泥、熟料與建築材料（公司級產品待核驗）
1201,1201.TW,WEI CHUAN,味全,57.94,,TWSE LISTED,食品工業,11.45,11.4,11.5,11.35,984732,11.28,11.47,11.545,-0.17,-0.82,0.88,-0.87,-1.72,14.75,19.75,36.45,14.75,19.75,-22.03,-41.77,-68.45,22.37,42.03,False,False,False,False,False,False,False,False,False,2026-10-07,食品工業,食品、飲料與食品加工（公司級產品待核驗）
1203,1203.TW,VE WONG,味王,103.2,,TWSE LISTED,食品工業,43.0,43.0,43.1,43.0,7300,0.31,43.25,43.345,-0.58,-0.8,-2.16,0.23,-1.6,50.8,59.5,59.5,50.8,59.5,-15.16,-27.56,-27.56,15.35,27.73,False,False,False,False,False,False,False,False,False,2026-10-07,食品工業,食品、飲料與食品加工（公司級產品待核驗）
1210,1210.TW,GREATWALL,大成,459.02,,TWSE LISTED,食品工業,51.3,51.4,51.5,51.2,1152280,59.11,51.48,51.73,-0.35,-0.83,0.0,-0.39,-1.35,59.5,66.9,66.9,59.5,66.9,-13.45,-23.02,-23.02,13.78,23.32,False,False,False,False,False,False,False,False,False,2026-10-07,食品工業,食品、飲料與食品加工（公司級產品待核驗）
1213,1213.TW,OCEANIC Bev.,大飲,4.14,,TWSE LISTED,食品工業,7.31,7.2,7.31,7.06,4000,0.03,7.158,7.253,2.12,0.79,1.53,3.25,-2.14,10.75,17.45,18.2,10.75,17.45,-32.0,-58.11,-59.84,32.0,58.11,False,False,True,True,False,False,False,False,False,2026-10-07,食品工業,食品、飲料與食品加工（公司級產品待核驗）
1215,1215.TW,CPE,卜蜂,309.53,,TWSE LISTED,食品工業,105.0,104.0,105.0,104.0,254095,26.68,104.7,105.0,0.29,0.0,0.96,0.0,0.0,163.5,163.5,163.5,163.5,163.5,-35.78,-35.78,-35.78,35.78,35.78,False,False,False,True,False,False,False,False,False,2026-10-07,食品工業,食品、飲料與食品加工（公司級產品待核驗）
1216,1216.TW,UNI-PRESIDENT,統一,4289.92,,TWSE LISTED,食品工業,75.5,73.7,75.5,73.7,15548565,1173.92,73.7,74.11,2.44,1.88,2.44,3.85,1.75,80.7,92.8,92.8,80.7,92.8,-6.44,-18.64,-18.64,6.44,18.64,False,False,True,True,False,False,False,True,False,2026-10-07,食品工業,食品、飲料與食品加工（公司級產品待核驗）
1217,1217.TW,AGV,愛之味,48.91,,TWSE LISTED,食品工業,9.89,9.91,9.92,9.88,399781,3.95,9.906,9.921,-0.16,-0.31,0.2,-0.5,-0.6,10.85,13.4,14.95,10.85,13.4,-8.57,-25.97,-33.65,8.85,26.19,False,False,False,False,False,False,False,True,False,2026-10-07,食品工業,食品、飲料與食品加工（公司級產品待核驗）
1218,1218.TW,TAISUN,泰山,72.25,,TWSE LISTED,食品工業,14.45,14.4,14.5,14.35,409208,5.91,14.44,14.45,0.07,0.0,0.35,0.0,-1.03,19.65,23.7,47.95,19.65,23.7,-26.21,-38.82,-69.76,26.46,39.03,False,False,False,True,False,False,False,False,False,2026-10-07,食品工業,食品、飲料與食品加工（公司級產品待核驗）
1219,1219.TW,FWUSOW,福壽,38.39,,TWSE LISTED,食品工業,11.25,11.2,11.25,11.15,99002,1.11,11.3,11.375,-0.44,-1.1,0.45,-1.32,-1.75,14.85,19.32,28.7,14.85,19.32,-24.24,-41.77,-60.8,24.24,41.77,False,False,False,False,False,False,False,False,False,2026-10-07,食品工業,食品、飲料與食品加工（公司級產品待核驗）
1220,1220.TW,TAIROUN,台榮,19.3,,TWSE LISTED,食品工業,10.9,10.9,10.95,10.9,37101,0.4,10.88,10.83,0.18,0.65,0.0,0.93,0.46,13.55,19.85,25.5,13.55,19.85,-19.19,-44.84,-57.06,19.56,45.09,False,False,False,False,False,False,False,False,False,2026-10-07,食品工業,食品、飲料與食品加工（公司級產品待核驗）
1225,1225.TW,FOPCO,福懋油,58.63,,TWSE LISTED,食品工業,24.2,23.65,24.2,23.6,62000,1.5,24.1,24.305,0.41,-0.43,2.76,0.0,-1.43,36.0,173.93,173.93,36.0,173.93,-32.78,-86.09,-86.09,32.78,86.09,False,False,False,False,False,False,False,False,False,2026-10-07,食品工業,食品、飲料與食品加工（公司級產品待核驗）
1227,1227.TW,SFC,佳格,253.48,,TWSE LISTED,食品工業,27.7,27.5,27.8,27.5,608301,16.85,27.8,27.97,-0.36,-0.97,0.73,-0.89,-1.42,31.25,43.85,79.42,31.25,43.85,-11.04,-36.6,-65.0,11.36,36.83,False,False,False,False,False,False,False,False,False,2026-10-07,食品工業,食品、飲料與食品加工（公司級產品待核驗）
1229,1229.TW,LHIHC,聯華,726.34,,TWSE LISTED,食品工業,39.65,39.45,39.7,39.35,1307672,51.85,39.79,39.845,-0.35,-0.49,0.51,-0.87,-0.63,46.76,62.33,62.33,46.76,62.33,-15.11,-36.31,-36.31,15.21,36.39,False,False,False,False,False,False,False,False,False,2026-10-07,食品工業,食品、飲料與食品加工（公司級產品待核驗）
1231,1231.TW,Lian Hwa Foods,聯華食,256.07,,TWSE LISTED,食品工業,78.0,77.5,78.3,77.5,316660,24.7,78.7,79.18,-0.89,-1.49,0.13,-1.64,-2.01,89.09,149.59,149.59,89.09,149.59,-12.11,-47.66,-47.66,12.45,47.86,False,False,False,False,False,False,False,False,False,2026-10-07,食品工業,食品、飲料與食品加工（公司級產品待核驗）
1232,1232.TW,TTET,大統益,246.36,,TWSE LISTED,食品工業,154.0,153.5,155.0,153.0,78115,12.03,153.4,153.8,0.39,0.13,0.65,0.33,0.33,178.0,178.0,181.5,178.0,178.0,-12.92,-12.92,-14.6,13.48,13.48,False,False,False,True,False,False,False,False,False,2026-10-07,食品工業,食品、飲料與食品加工（公司級產品待核驗）
1233,1233.TW,Ten Ren,天仁,25.41,,TWSE LISTED,食品工業,28.05,28.0,28.05,28.0,8000,0.22,28.03,28.01,0.07,0.14,0.18,0.18,-0.18,33.7,37.1,40.8,33.7,37.1,-16.77,-24.39,-31.25,16.77,24.39,False,False,False,True,False,False,False,False,False,2026-10-07,食品工業,食品、飲料與食品加工（公司級產品待核驗）
1234,1234.TW,HEY SONG,黑松,129.8,,TWSE LISTED,食品工業,32.3,32.45,32.45,32.1,112100,3.62,32.54,32.775,-0.74,-1.45,-0.46,-1.07,-2.12,37.95,45.4,45.4,37.95,45.4,-14.49,-28.52,-28.52,14.89,28.85,False,False,False,False,False,False,False,False,False,2026-10-07,食品工業,食品、飲料與食品加工（公司級產品待核驗）
1235,1235.TW,ST,興泰,58.36,,TWSE LISTED,食品工業,30.95,31.1,31.1,30.95,5080,0.16,31.61,33.441,-2.09,-7.45,-2.37,-2.37,-6.64,45.52,134.13,134.13,45.52,134.13,-31.68,-76.81,-76.81,32.01,76.92,False,False,False,False,False,False,False,False,False,2026-10-07,食品工業,食品、飲料與食品加工（公司級產品待核驗）
1236,1236.TW,Hunya,宏亞,22.36,,TWSE LISTED,食品工業,25.8,25.4,25.8,25.4,30200,0.78,25.62,25.49,0.7,1.22,0.19,0.98,1.38,28.7,28.7,44.06,28.7,28.7,-10.1,-10.1,-41.45,10.1,10.1,False,False,False,True,False,False,False,False,False,2026-10-07,食品工業,食品、飲料與食品加工（公司級產品待核驗）
1240,1240.TWO,MORNSUN,茂生農經,25.03,,TPEx LISTED,農業科技業,53.9,53.6,54.3,53.6,54000,2.91,53.96,54.26,-0.11,-0.66,0.0,-0.19,-0.74,59.43,63.81,63.81,59.43,63.81,-8.63,-14.9,-14.9,9.3,15.53,False,False,False,False,False,False,False,True,False,2026-10-07,農業科技業,農業科技業（公司级产品待核验）
1256,1256.TW,Sunjuice,鮮活果汁-KY,59.58,,TWSE LISTED,食品工業,166.5,166.0,168.0,166.0,22010,3.66,167.4,167.45,-0.54,-0.57,0.3,-0.89,-0.89,218.5,268.0,514.0,218.5,268.0,-23.11,-37.31,-67.32,23.8,37.87,False,False,False,False,False,False,False,False,False,2026-10-07,食品工業,食品、飲料與食品加工（公司級產品待核驗）
1259,1259.TWO,AN-SHIN,安心,21.22,,TPEx LISTED,觀光餐旅,65.5,65.5,65.5,65.5,1000,0.07,67.1,67.54,-2.38,-3.02,-0.76,-3.68,-3.82,69.0,77.0,109.0,69.0,77.0,-5.07,-14.94,-39.91,5.07,14.94,False,False,False,False,False,False,False,True,False,2026-10-07,觀光餐旅,觀光餐旅（公司级产品待核验）
1264,1264.TWO,TEHMAG,德麥,92.45,,TPEx LISTED,食品工業,249.5,250.0,250.0,248.0,17058,4.26,247.0,245.7,1.01,1.55,0.2,1.84,1.84,287.0,339.0,339.0,287.0,339.0,-12.89,-26.25,-26.25,13.07,26.4,True,False,False,False,False,False,False,False,False,2026-10-07,食品工業,食品、飲料與食品加工（公司級產品待核驗）
1268,1268.TWO,Hi-Lai Foods,漢來美食,73.89,,TPEx LISTED,觀光餐旅,175.0,175.0,175.0,174.5,9025,1.58,176.2,175.5,-0.68,-0.28,0.0,-1.41,0.0,185.5,185.5,190.0,185.5,185.5,-5.66,-5.66,-7.89,5.66,5.66,False,False,False,False,False,False,False,True,True,2026-10-07,觀光餐旅,觀光餐旅（公司级产品待核验）
1294,1294.TWO,HTB,漢田生技,18.31,,TPEx LISTED,食品工業,50.0,49.8,50.0,49.3,16000,0.8,49.93,50.205,0.14,-0.41,0.2,0.5,-0.79,79.42,175.28,175.28,79.42,175.28,-37.04,-71.47,-71.47,37.04,71.47,True,False,False,False,False,False,False,False,False,2026-10-07,食品工業,食品、飲料與食品加工（公司級產品待核驗）
1295,1295.TWO,SYNBIO,生合,18.88,,TPEx LISTED,食品工業,50.2,49.75,51.2,49.6,169100,8.49,48.83,47.585,2.81,5.5,3.72,3.08,5.91,90.9,157.5,157.5,90.9,157.5,-43.67,-67.49,-67.49,44.77,68.13,False,False,False,False,False,False,False,False,False,2026-10-07,食品工業,食品、飲料與食品加工（公司級產品待核驗）
1301,1301.TW,FPC,台塑,4799.77,,TWSE LISTED,塑膠工業,75.4,69.0,75.4,68.9,115902113,8739.02,69.52,67.21,8.46,12.19,9.91,10.4,10.72,71.2,82.0,121.0,75.4,82.0,5.9,-8.05,-37.69,0.0,8.05,True,False,False,False,True,False,False,True,True,2026-10-07,塑膠工業,石化基礎原料／塑膠與化學材料
1303,1303.TW,NPC,南亞,24902.78,,TWSE LISTED,塑膠工業,314.0,293.0,322.0,293.0,118272214,37137.48,281.4,260.65,11.58,20.47,7.17,20.77,22.9,300.0,300.0,300.0,322.0,322.0,7.33,7.33,7.33,2.48,2.48,True,False,False,False,True,True,True,True,True,2026-10-07,塑膠工業,塑膠與石化原料／電子級基板材料（含CCL相關材料）
1304,1304.TW,USI,台聚,155.13,,TWSE LISTED,塑膠工業,13.05,12.55,13.1,12.5,6115785,79.81,12.66,12.525,3.08,4.19,4.4,2.76,3.16,19.55,21.1,44.85,19.55,21.1,-32.99,-37.91,-70.79,33.25,38.15,False,False,False,True,False,False,False,False,False,2026-10-07,塑膠工業,石化原料／塑膠粒與化學材料
1305,1305.TW,CGPC,華夏,74.96,,TWSE LISTED,塑膠工業,12.9,12.45,12.9,12.35,3152825,40.67,12.47,12.3,3.45,4.88,4.03,2.79,4.45,20.1,23.95,47.95,20.1,23.95,-35.82,-46.14,-73.1,35.82,46.14,False,False,False,False,False,False,False,False,False,2026-10-07,塑膠工業,塑膠、塑膠粒與石化材料（公司級產品待核驗）
1307,1307.TW,SAN FANG,三芳,125.31,,TWSE LISTED,塑膠工業,31.5,31.5,31.5,31.2,414100,13.04,31.28,31.075,0.7,1.37,0.64,0.64,0.0,38.3,56.2,56.2,38.3,56.2,-17.75,-43.95,-43.95,17.75,43.95,False,False,True,False,False,False,False,False,False,2026-10-07,塑膠工業,塑膠、塑膠粒與石化材料（公司級產品待核驗）
1308,1308.TW,APC,亞聚,87.58,,TWSE LISTED,塑膠工業,14.75,14.35,14.8,14.3,2124272,31.33,14.41,14.325,2.36,2.97,2.79,2.08,2.08,21.15,24.75,52.6,21.15,24.75,-30.02,-40.2,-71.86,30.26,40.4,False,False,False,True,False,False,False,False,False,2026-10-07,塑膠工業,塑膠、塑膠粒與石化材料（公司級產品待核驗）
1309,1309.TW,TTC,台達化,57.25,,TWSE LISTED,塑膠工業,14.4,14.1,14.45,14.0,2170957,31.26,14.1,13.95,2.13,3.23,2.49,0.7,3.23,27.0,27.0,47.53,27.0,27.0,-46.48,-46.48,-69.6,46.67,46.67,False,False,False,False,False,False,False,False,False,2026-10-07,塑膠工業,塑膠、塑膠粒與石化材料（公司級產品待核驗）
1310,1310.TW,T.S.M.C.,台苯,51.41,,TWSE LISTED,塑膠工業,9.74,9.55,9.8,9.55,3051729,29.72,9.49,9.207,2.63,5.79,1.99,1.35,5.3,13.25,16.7,28.5,13.25,16.7,-26.04,-41.32,-65.61,26.49,41.68,False,False,False,False,False,False,False,False,False,2026-10-07,塑膠工業,塑膠、塑膠粒與石化材料（公司級產品待核驗）
1312,1312.TW,GPPC,國喬,226.75,,TWSE LISTED,塑膠工業,15.05,14.85,15.15,14.75,17553125,264.17,14.75,14.71,2.03,2.31,1.35,2.03,0.33,16.5,16.5,35.39,16.5,16.5,-8.18,-8.18,-57.2,8.79,8.79,False,False,True,False,False,False,False,True,True,2026-10-07,塑膠工業,塑膠、塑膠粒與石化材料（公司級產品待核驗）
1313,1313.TW,UPC,聯成,167.69,,TWSE LISTED,塑膠工業,12.6,12.5,12.75,12.5,3228787,40.68,12.52,12.345,0.64,2.07,1.2,-0.4,2.44,14.85,16.45,32.3,14.85,16.45,-14.14,-22.49,-60.53,15.15,23.4,False,False,False,False,False,False,False,False,False,2026-10-07,塑膠工業,塑膠、塑膠粒與石化材料（公司級產品待核驗）
1314,1314.TW,CPDC,中石化,337.23,,TWSE LISTED,塑膠工業,8.91,8.76,8.98,8.75,29474109,262.61,8.834,8.852,0.86,0.66,1.83,-0.45,-1.0,10.7,11.8,17.04,10.7,11.8,-16.07,-23.9,-47.3,16.73,24.49,False,False,False,True,False,False,False,False,False,2026-10-07,塑膠工業,塑膠、塑膠粒與石化材料（公司級產品待核驗）
1315,1315.TW,TAH HSIN,達新,71.35,,TWSE LISTED,塑膠工業,72.0,68.9,73.9,68.8,169006,12.17,69.4,68.85,3.75,4.58,4.35,4.96,4.65,69.1,73.9,127.67,73.9,73.9,6.95,0.0,-42.12,2.57,2.57,True,False,False,True,True,False,False,True,True,2026-10-07,塑膠工業,塑膠、塑膠粒與石化材料（公司級產品待核驗）
1316,1316.TW,SUN YAD,上曜,41.57,,TWSE LISTED,建材營造,10.35,10.35,10.45,10.35,690449,7.15,10.41,10.48,-0.58,-1.24,0.0,-1.9,-3.27,15.35,28.8,30.57,15.35,28.8,-31.92,-63.72,-65.81,32.57,64.06,False,False,False,False,False,False,False,False,False,2026-10-07,建材營造,建材、營造與不動產開發（公司級業務待核驗）
1319,1319.TW,TYG,東陽,473.18,,TWSE LISTED,汽車工業,80.0,78.3,80.2,78.0,1661295,132.9,78.52,78.57,1.88,1.82,2.43,2.43,2.7,116.0,141.5,141.5,116.0,141.5,-30.86,-43.32,-43.32,31.03,43.46,False,False,False,True,False,False,False,False,False,2026-10-07,汽車工業,汽車整車、汽車零組件與車用電子（公司級產品待核驗）
1321,1321.TW,OPC,大洋,73.74,,TWSE LISTED,塑膠工業,32.45,32.4,32.5,32.2,132000,4.28,32.39,32.415,0.19,0.11,0.31,0.31,0.15,35.3,44.8,44.8,35.3,44.8,-7.93,-27.46,-27.46,8.07,27.57,False,False,False,True,False,False,False,True,False,2026-10-07,塑膠工業,塑膠、塑膠粒與石化材料（公司級產品待核驗）
1323,1323.TW,YONYU,永裕,19.62,,TWSE LISTED,塑膠工業,21.5,21.5,21.7,21.45,25000,0.54,21.46,21.395,0.19,0.49,0.0,1.18,0.23,25.55,31.95,42.0,25.55,31.95,-15.07,-32.08,-48.33,15.85,32.71,False,False,False,False,False,False,False,False,False,2026-10-07,塑膠工業,塑膠、塑膠粒與石化材料（公司級產品待核驗）
1324,1324.TW,GLOBE TAPE,地球,7.45,,TWSE LISTED,塑膠工業,9.92,9.97,9.97,9.92,55000,0.55,9.948,9.968,-0.28,-0.48,-0.3,0.1,-0.7,13.25,21.45,21.45,13.25,21.45,-24.75,-53.52,-53.52,25.13,53.75,False,False,False,False,False,False,False,False,False,2026-10-07,塑膠工業,塑膠、塑膠粒與石化材料（公司級產品待核驗）
1325,1325.TW,UK,恆大,23.71,,TWSE LISTED,塑膠工業,27.8,27.0,28.5,27.0,2174740,60.46,26.33,26.04,5.58,6.76,4.91,7.13,7.34,36.3,49.35,216.0,36.3,49.35,-21.49,-42.25,-86.81,23.42,43.67,False,False,False,False,False,False,False,False,False,2026-10-07,塑膠工業,塑膠、塑膠粒與石化材料（公司級產品待核驗）
1326,1326.TW,FCFC,台化,4442.78,,TWSE LISTED,塑膠工業,75.8,72.5,77.1,72.3,60916164,4617.45,71.96,69.59,5.34,8.92,3.84,5.72,8.75,78.2,78.2,130.0,78.2,78.2,-1.41,-1.41,-40.69,3.07,3.07,False,False,False,False,False,False,False,True,True,2026-10-07,塑膠工業,塑膠、塑膠粒與石化材料（公司級產品待核驗）
1336,1336.TWO,TAIHAN,台翰,14.05,,TPEx LISTED,電子零組件業,18.1,18.25,18.4,18.05,387001,7.0,18.11,17.565,-0.06,3.05,0.0,0.28,4.32,18.6,28.75,32.3,18.6,28.75,-1.08,-36.0,-43.03,2.69,37.04,False,False,False,False,False,False,False,True,False,2026-10-07,電子零組件業,電子零組件：PCB、CCL、IC載板、連接器與被動元件（公司級品類待核驗）
1337,1337.TW,Asia Plastic,再生-KY,11.86,,TWSE LISTED,塑膠工業,4.41,4.38,4.45,4.38,127458,0.56,4.426,4.437,-0.36,-0.61,0.0,-0.45,-1.34,6.72,8.29,18.46,6.72,8.29,-33.78,-46.32,-75.9,34.38,46.8,False,False,False,False,False,False,False,False,False,2026-10-07,塑膠工業,塑膠、塑膠粒與石化材料（公司級產品待核驗）
1338,1338.TW,Hiroca,廣華-KY,12.62,,TWSE LISTED,汽車工業,15.05,14.7,15.05,14.7,27000,0.41,15.1,15.015,-0.33,0.23,0.33,-0.99,-3.53,21.5,45.3,122.5,21.5,45.3,-30.0,-66.78,-87.71,30.0,66.78,False,False,False,False,False,False,False,False,False,2026-10-07,汽車工業,汽車整車、汽車零組件與車用電子（公司級產品待核驗）
1339,1339.TW,Y.C.C.,昭輝,31.47,,TWSE LISTED,汽車工業,42.45,41.8,42.7,41.8,52000,2.21,42.47,42.525,-0.05,-0.18,1.07,-0.12,0.24,47.55,85.1,85.1,47.55,85.1,-10.2,-49.82,-49.82,10.73,50.12,False,False,False,False,False,False,False,False,False,2026-10-07,汽車工業,汽車整車、汽車零組件與車用電子（公司級產品待核驗）
1340,1340.TW,VICTORY,勝悅-KY,7.92,,TWSE LISTED,塑膠工業,5.18,5.13,5.19,5.13,136651,0.71,5.192,5.211,-0.23,-0.59,1.17,-0.58,-1.15,7.72,12.7,45.91,7.72,12.7,-32.77,-59.13,-88.69,32.9,59.21,False,False,False,False,False,False,False,False,False,2026-10-07,塑膠工業,塑膠、塑膠粒與石化材料（公司級產品待核驗）
1341,1341.TW,FULIN-KY,富林-KY,31.23,,TWSE LISTED,塑膠工業,59.1,59.1,59.1,59.1,0,0.0,59.12,59.53,-0.03,-0.72,0.0,0.17,-1.34,63.7,75.0,86.48,63.7,75.0,-7.22,-21.2,-31.66,7.22,21.2,False,False,False,False,False,False,False,True,False,2026-10-07,塑膠工業,塑膠、塑膠粒與石化材料（公司級產品待核驗）
1342,1342.TW,CCI Yilan,八貫,79.29,,TWSE LISTED,其他,101.0,99.9,101.0,99.9,94100,9.5,100.14,100.42,0.86,0.58,1.1,1.0,1.0,122.0,132.73,153.18,122.0,132.73,-17.21,-23.9,-34.07,17.21,23.9,False,False,False,True,False,False,False,False,False,2026-10-07,其他,其他（公司级产品待核验）
1402,1402.TW,FENC,遠東新,1530.92,,TWSE LISTED,紡織纖維,28.6,27.9,28.65,27.9,8362220,239.16,28.05,28.015,1.96,2.09,2.51,1.96,1.24,31.65,39.15,39.15,31.65,39.15,-9.48,-26.82,-26.82,9.64,26.95,False,False,False,True,False,False,False,True,False,2026-10-07,紡織纖維,紡織纖維（公司级产品待核验）
1409,1409.TW,SSFC,新纖,423.21,,TWSE LISTED,紡織纖維,26.15,25.75,27.15,25.7,38101052,996.34,25.23,24.79,3.65,5.49,3.16,4.81,5.02,34.1,34.1,34.1,34.1,34.1,-20.38,-20.38,-20.38,23.31,23.31,True,False,False,False,False,False,False,False,False,2026-10-07,紡織纖維,紡織纖維（公司级产品待核验）
1410,1410.TW,NYDF,南染,14.82,,TWSE LISTED,紡織纖維,23.9,23.95,24.2,23.85,29314,0.7,24.03,24.09,-0.54,-0.79,-0.83,-0.21,-0.83,34.75,41.05,48.45,34.75,41.05,-30.36,-41.05,-50.05,31.22,41.78,False,False,False,False,False,False,False,False,False,2026-10-07,紡織纖維,紡織纖維（公司级产品待核验）
1413,1413.TW,H.C.,宏洲,12.29,,TWSE LISTED,紡織纖維,9.3,9.35,9.35,9.16,16901,0.16,9.232,9.24,0.74,0.65,0.22,0.76,0.87,11.3,12.6,17.4,11.3,12.6,-17.26,-25.79,-46.26,17.7,26.19,False,False,True,True,False,False,False,False,False,2026-10-07,紡織纖維,紡織纖維（公司级产品待核验）
1414,1414.TW,TUNG HO,東和,34.95,,TWSE LISTED,紡織纖維,17.65,17.15,17.65,17.15,157191,2.77,17.37,17.395,1.61,1.47,2.02,2.32,0.0,21.9,29.06,29.06,21.9,29.06,-19.41,-39.25,-39.25,19.41,39.25,False,False,False,True,False,False,False,False,False,2026-10-07,紡織纖維,紡織纖維（公司级产品待核验）
1416,1416.TW,KFIC,廣豐,21.96,,TWSE LISTED,其他,11.85,11.8,11.85,11.75,219677,2.6,11.79,11.61,0.51,2.07,0.85,0.0,3.49,12.35,14.8,30.45,12.35,14.8,-4.05,-19.93,-61.08,4.05,19.93,False,False,False,False,False,False,False,True,False,2026-10-07,其他,其他（公司级产品待核验）
1417,1417.TW,CARNIVAL,嘉裕,15.5,,TWSE LISTED,紡織纖維,8.16,8.06,8.16,8.06,155730,1.27,8.134,8.105,0.32,0.68,0.37,0.37,0.25,9.48,12.9,18.3,9.48,12.9,-13.92,-36.74,-55.41,13.92,36.74,False,False,False,True,False,False,False,False,False,2026-10-07,紡織纖維,紡織纖維（公司级产品待核验）
1418,1418.TW,TongHwa,東華,10.57,,TWSE LISTED,紡織纖維,18.6,18.8,18.8,18.25,14000,0.26,18.6,18.355,0.0,1.33,-1.06,1.09,1.36,21.0,43.05,43.05,21.0,43.05,-10.48,-56.33,-56.33,11.43,56.79,False,False,False,True,False,False,False,False,False,2026-10-07,紡織纖維,紡織纖維（公司级产品待核验）
1419,1419.TW,SHINKO.TEXTILE,新紡,197.13,,TWSE LISTED,紡織纖維,65.7,65.9,66.0,65.6,15000,0.99,65.74,65.8,-0.06,-0.15,-0.9,0.15,-0.61,80.8,83.5,83.5,80.8,83.5,-18.32,-20.96,-20.96,18.69,21.32,False,False,False,False,False,False,False,False,False,2026-10-07,紡織纖維,紡織纖維（公司级产品待核验）
1423,1423.TW,REWARD WOOL,利華,34.43,,TWSE LISTED,紡織纖維,34.55,35.5,35.5,34.55,3001,0.1,34.86,34.92,-0.89,-1.06,-2.54,0.73,-4.03,45.6,46.85,46.85,45.6,46.85,-22.15,-24.23,-24.23,24.23,26.25,False,False,False,False,False,False,False,False,False,2026-10-07,紡織纖維,紡織纖維（公司级产品待核验）
1432,1432.TW,TAROKO,大魯閣,16.2,,TWSE LISTED,運動休閒,15.0,15.0,15.0,14.95,37365,0.56,14.99,15.0,0.07,0.0,0.0,0.33,0.0,19.55,25.0,42.48,19.55,25.0,-23.27,-40.0,-64.69,23.27,40.0,False,False,True,True,False,False,False,False,False,2026-10-07,運動休閒,運動休閒（公司级产品待核验）
1434,1434.TW,F.T.C,福懋,319.24,,TWSE LISTED,紡織纖維,18.95,18.05,19.15,18.05,9631411,182.52,18.19,18.09,4.18,4.75,5.28,4.12,4.41,21.0,25.85,40.8,21.0,25.85,-8.81,-25.92,-53.06,9.76,26.69,False,False,False,True,False,False,False,True,False,2026-10-07,紡織纖維,紡織纖維（公司级产品待核验）
1435,1435.TW,C.F.CORP.,中福,29.42,,TWSE LISTED,其他,21.05,21.35,21.35,20.6,12551,0.26,21.69,21.98,-2.95,-4.23,-5.82,-2.32,-6.03,33.05,62.5,70.8,33.05,62.5,-35.4,-65.84,-69.84,36.31,66.32,False,False,False,False,False,False,False,False,False,2026-10-07,其他,其他（公司级产品待核验）
1436,1436.TW,HUA YU LIEN,華友聯,70.38,,TWSE LISTED,建材營造,36.25,36.0,36.5,36.0,145344,5.27,35.68,35.925,1.6,0.9,1.12,2.55,1.54,65.4,145.99,145.99,65.4,145.99,-44.19,-75.0,-75.0,44.57,75.17,True,False,False,False,False,False,False,False,False,2026-10-07,建材營造,建材、營造與不動產開發（公司級業務待核驗）
1437,1437.TW,GTM,勤益控,62.98,,TWSE LISTED,其他,31.2,31.25,31.3,31.15,52000,1.62,31.42,31.895,-0.7,-2.18,-0.16,-1.11,-2.04,34.55,39.95,39.95,34.55,39.95,-9.41,-21.65,-21.65,9.7,21.9,False,False,False,False,False,False,False,True,False,2026-10-07,其他,其他（公司级产品待核验）
1438,1438.TW,SanDi,三地開發,24.19,,TWSE LISTED,建材營造,21.75,21.7,21.8,21.5,12000,0.26,21.68,21.56,0.32,0.88,-0.91,1.64,2.84,32.87,90.76,90.76,32.87,90.76,-33.68,-75.98,-75.98,33.83,76.04,False,False,False,True,False,False,False,False,False,2026-10-07,建材營造,建材、營造與不動產開發（公司級業務待核驗）
1439,1439.TW,ASCENT,雋揚,26.82,,TWSE LISTED,建材營造,29.15,29.15,29.15,29.15,0,0.0,29.11,28.715,0.14,1.51,0.0,0.52,0.87,30.7,36.3,54.5,30.7,36.3,-5.05,-19.7,-46.51,5.05,19.7,False,False,False,False,False,False,False,True,False,2026-10-07,建材營造,建材、營造與不動產開發（公司級業務待核驗）
1440,1440.TW,TAINAN SPINNING,南紡,231.13,,TWSE LISTED,紡織纖維,13.95,13.45,14.05,13.45,8428142,117.57,13.51,13.45,3.26,3.72,3.33,4.89,2.2,15.85,20.65,35.3,15.85,20.65,-11.36,-31.96,-60.2,11.99,32.45,True,False,True,True,False,False,False,False,False,2026-10-07,紡織纖維,紡織纖維（公司级产品待核验）
1441,1441.TW,TAH TONG,大東,6.0,,TWSE LISTED,紡織纖維,9.71,9.91,9.91,9.54,19238,0.19,9.832,9.971,-1.24,-2.62,-2.41,-1.12,-2.9,16.5,22.72,33.66,16.5,22.72,-39.94,-56.38,-70.56,41.15,57.26,False,False,False,False,False,False,False,False,False,2026-10-07,紡織纖維,紡織纖維（公司级产品待核验）
1442,1442.TW,ADVANCETEK,名軒,98.14,,TWSE LISTED,建材營造,26.8,26.05,27.1,26.05,352000,9.43,26.42,27.285,1.44,-1.78,3.08,0.37,-1.47,31.95,88.0,88.0,31.95,88.0,-15.18,-69.2,-69.2,16.12,69.55,False,False,False,False,False,False,False,False,False,2026-10-07,建材營造,建材、營造與不動產開發（公司級業務待核驗）
1443,1443.TW,LILYTEXTILE,立益物流,31.26,,TWSE LISTED,其他,23.1,23.1,23.1,23.1,2110,0.05,23.18,23.19,-0.35,-0.39,-1.91,1.09,-1.49,28.4,37.5,37.5,28.4,37.5,-18.66,-38.4,-38.4,18.66,38.4,False,False,False,False,False,False,False,False,False,2026-10-07,其他,其他（公司级产品待核验）
1444,1444.TW,LEALEA,力麗,69.59,,TWSE LISTED,紡織纖維,6.99,6.79,7.21,6.79,3232957,22.6,6.878,6.903,1.63,1.26,3.1,1.01,-1.83,10.25,10.8,15.53,10.25,10.8,-29.66,-33.24,-53.57,31.8,35.28,False,False,False,True,False,False,False,False,False,2026-10-07,紡織纖維,紡織纖維（公司级产品待核验）
1445,1445.TW,UNIVERSAL,大宇,13.59,,TWSE LISTED,紡織纖維,10.4,10.55,11.05,10.2,144043,1.5,10.146,10.098,2.5,2.99,0.48,4.0,2.97,16.0,27.95,27.95,16.0,27.95,-30.94,-60.47,-60.47,35.0,62.79,False,False,False,False,False,False,False,False,False,2026-10-07,紡織纖維,紡織纖維（公司级产品待核验）
1446,1446.TW,HONG HO,宏和,18.52,,TWSE LISTED,紡織纖維,13.45,13.35,13.45,13.35,66030,0.89,13.4,13.465,0.37,-0.11,0.75,0.37,0.37,18.35,62.0,62.0,18.35,62.0,-26.7,-78.31,-78.31,26.7,78.31,False,False,False,False,False,False,False,False,False,2026-10-07,紡織纖維,紡織纖維（公司级产品待核验）
1447,1447.TW,LP,力鵬,60.25,,TWSE LISTED,紡織纖維,6.62,6.38,6.8,6.38,1494626,9.89,6.494,6.495,1.94,1.92,3.6,1.22,-2.22,10.75,11.2,16.0,10.75,11.2,-36.74,-39.29,-57.5,38.42,40.89,False,False,False,True,False,False,False,False,False,2026-10-07,紡織纖維,紡織纖維（公司级产品待核验）
1449,1449.TW,CHIA HER,佳和,16.27,,TWSE LISTED,紡織纖維,12.8,12.45,13.3,12.4,1513966,19.38,12.45,12.42,2.81,3.06,2.81,3.64,2.4,17.05,27.65,56.53,17.05,27.65,-21.99,-51.89,-76.47,24.93,53.7,False,False,True,True,False,False,False,False,False,2026-10-07,紡織纖維,紡織纖維（公司级产品待核验）
1451,1451.TW,NIEN HSING,年興,33.66,,TWSE LISTED,紡織纖維,17.0,17.0,17.05,16.9,81334,1.38,17.01,17.025,-0.06,-0.15,0.0,-0.29,0.0,18.75,23.1,57.98,18.75,23.1,-9.07,-26.19,-70.59,9.33,26.41,False,False,False,False,False,False,False,True,False,2026-10-07,紡織纖維,紡織纖維（公司级产品待核验）
1452,1452.TW,HONG YI,宏益,14.19,,TWSE LISTED,紡織纖維,10.7,10.7,10.8,10.6,58001,0.62,10.7,10.735,-0.0,-0.33,0.0,0.0,-0.93,12.6,17.85,30.7,12.6,17.85,-14.29,-39.5,-64.82,15.08,40.06,False,False,False,False,False,False,False,False,False,2026-10-07,紡織纖維,紡織纖維（公司级产品待核验）
1453,1453.TW,TA JIANG,大將,12.77,,TWSE LISTED,建材營造,10.95,11.1,11.1,10.85,20382,0.22,10.94,10.905,0.09,0.41,-0.45,0.0,0.46,13.59,30.47,32.3,13.59,30.47,-18.34,-63.58,-65.64,19.44,64.07,False,False,False,True,False,False,False,False,False,2026-10-07,建材營造,建材、營造與不動產開發（公司級業務待核驗）
1454,1454.TW,TTF,台富,15.71,,TWSE LISTED,紡織纖維,12.1,12.05,12.15,12.05,28000,0.34,12.12,12.215,-0.17,-0.94,-0.82,0.0,-0.82,17.4,21.7,21.7,17.4,21.7,-30.17,-44.01,-44.01,30.46,44.24,False,False,False,False,False,False,False,False,False,2026-10-07,紡織纖維,紡織纖維（公司级产品待核验）
1455,1455.TW,ZIG SHENG,集盛,57.42,,TWSE LISTED,紡織纖維,10.8,9.99,10.9,9.92,20291459,219.15,10.086,9.917,7.08,8.9,8.87,8.0,8.65,12.1,15.8,28.7,12.1,15.8,-9.92,-31.01,-62.02,10.74,31.65,False,False,False,False,False,False,False,False,False,2026-10-07,紡織纖維,紡織纖維（公司级产品待核验）
1456,1456.TW,I-HWA,怡華,13.5,,TWSE LISTED,建材營造,14.4,14.75,14.95,14.35,74008,1.07,14.74,14.58,-2.31,-1.23,-1.03,-4.64,-1.71,16.2,26.5,31.95,16.2,26.5,-7.72,-43.58,-53.21,11.11,45.66,False,False,False,False,False,False,False,False,False,2026-10-07,建材營造,建材、營造與不動產開發（公司級業務待核驗）
1457,1457.TW,YI JINN,宜進,45.29,,TWSE LISTED,紡織纖維,14.3,14.1,14.35,14.1,129781,1.86,14.29,14.34,0.07,-0.28,1.78,-0.35,-0.69,16.4,25.14,25.14,16.4,25.14,-12.5,-42.93,-42.93,12.8,43.12,False,False,False,False,False,False,False,False,False,2026-10-07,紡織纖維,紡織纖維（公司级产品待核验）
1459,1459.TW,LAN FA,聯發,49.09,,TWSE LISTED,紡織纖維,18.25,18.5,19.35,18.0,2000415,36.51,18.67,17.36,-2.25,5.13,-3.18,-2.41,9.28,22.6,22.6,24.47,22.6,22.6,-14.38,-14.38,-20.91,19.25,19.25,False,False,False,False,False,False,False,False,False,2026-10-07,紡織纖維,紡織纖維（公司级产品待核验）
1460,1460.TW,EVEREST,宏遠,42.72,,TWSE LISTED,紡織纖維,6.15,6.14,6.18,6.11,253136,1.56,6.156,6.211,-0.1,-0.98,1.15,-0.81,-1.76,8.8,8.8,20.44,8.8,8.8,-29.77,-29.77,-69.77,30.11,30.11,False,False,False,False,False,False,False,False,False,2026-10-07,紡織纖維,紡織纖維（公司级产品待核验）
1463,1463.TW,CSG,強盛新,30.58,,TWSE LISTED,紡織纖維,17.65,17.6,17.65,17.45,68000,1.2,17.54,17.575,0.63,0.43,0.28,1.15,0.86,19.7,31.2,31.2,19.7,31.2,-10.41,-43.43,-43.43,10.41,43.43,True,False,True,True,False,False,False,False,False,2026-10-07,紡織纖維,紡織纖維（公司级产品待核验）
1464,1464.TW,DE LICACY,得力,42.3,,TWSE LISTED,紡織纖維,9.94,9.91,9.95,9.91,279278,2.78,9.954,9.966,-0.14,-0.26,0.3,-0.5,-0.4,12.1,19.01,27.48,12.1,19.01,-17.77,-47.67,-63.8,17.85,47.72,False,False,False,False,False,False,False,False,False,2026-10-07,紡織纖維,紡織纖維（公司级产品待核验）
1465,1465.TW,WISHER,偉全,12.02,,TWSE LISTED,紡織纖維,11.6,11.55,11.6,11.45,42114,0.49,11.61,11.605,-0.09,-0.04,0.87,-0.43,-0.43,14.2,16.5,19.85,14.2,16.5,-18.31,-29.7,-41.56,18.31,29.7,False,False,False,False,False,False,False,False,False,2026-10-07,紡織纖維,紡織纖維（公司级产品待核验）
1466,1466.TW,Acelon,聚隆,16.17,,TWSE LISTED,紡織纖維,14.55,14.3,14.65,14.3,242190,3.52,14.46,14.665,0.62,-0.78,2.83,0.0,-2.02,21.0,21.0,29.5,21.0,21.0,-30.24,-30.24,-50.34,30.71,30.71,False,False,False,False,False,False,False,False,False,2026-10-07,紡織纖維,紡織纖維（公司级产品待核验）
1467,1467.TW,TEX-RAY,南緯,19.18,,TWSE LISTED,紡織纖維,8.21,8.03,8.39,8.03,274200,2.25,8.198,8.132,0.15,0.96,2.63,-4.76,2.24,10.65,12.55,37.45,10.65,12.55,-21.22,-33.15,-77.6,22.91,34.58,False,False,False,True,False,False,False,False,False,2026-10-07,紡織纖維,紡織纖維（公司级产品待核验）
1468,1468.TW,CHANG HO,昶和,21.49,,TWSE LISTED,紡織纖維,13.4,13.25,13.45,13.0,78000,1.05,13.33,13.25,0.53,1.13,0.37,1.52,-0.74,14.95,15.8,19.0,14.95,15.8,-10.03,-14.87,-29.21,10.37,15.19,False,False,True,True,False,False,False,False,False,2026-10-07,紡織纖維,紡織纖維（公司级产品待核验）
1470,1470.TW,EVERTEX,大統新創,20.84,,TWSE LISTED,紡織纖維,24.3,24.55,24.55,24.15,3000,0.07,24.36,24.155,-0.25,0.6,-0.82,-0.82,0.62,24.85,27.6,31.2,24.85,27.6,-1.21,-11.05,-21.31,2.21,11.96,False,False,False,False,False,False,False,True,False,2026-10-07,紡織纖維,紡織纖維（公司级产品待核验）
1471,1471.TW,SL,首利,14.17,,TWSE LISTED,電子零組件業,9.42,9.4,9.47,9.4,273228,2.57,9.438,9.43,-0.19,-0.11,0.21,-0.11,-0.42,15.55,20.9,23.65,15.55,20.9,-39.1,-54.69,-59.96,39.42,54.93,False,False,False,False,False,False,False,False,False,2026-10-07,電子零組件業,電子零組件：PCB、CCL、IC載板、連接器與被動元件（公司級品類待核驗）
1472,1472.TW,TRIOCEAN,三洋實業,46.71,,TWSE LISTED,建材營造,89.0,89.2,90.8,89.0,54000,4.81,88.14,88.08,0.98,1.04,0.56,1.71,0.23,99.1,112.0,160.38,99.1,112.0,-8.38,-18.93,-43.38,10.19,20.54,False,False,False,False,False,False,False,False,False,2026-10-07,建材營造,建材、營造與不動產開發（公司級業務待核驗）
1473,1473.TW,TAINAN,台南,27.84,,TWSE LISTED,紡織纖維,19.05,19.0,19.1,19.0,68010,1.3,19.12,19.26,-0.37,-1.09,0.0,-0.52,-1.04,27.45,57.0,57.0,27.45,57.0,-30.42,-66.49,-66.49,30.6,66.58,False,False,False,False,False,False,False,False,False,2026-10-07,紡織纖維,紡織纖維（公司级产品待核验）
1474,1474.TW,HONMYUE,弘裕,12.99,,TWSE LISTED,紡織纖維,10.0,9.99,10.05,9.89,388111,3.88,9.998,10.007,0.02,-0.07,0.2,0.2,-0.5,11.65,15.0,22.4,11.65,15.0,-13.73,-33.0,-55.13,14.16,33.33,False,False,False,False,False,False,False,False,False,2026-10-07,紡織纖維,紡織纖維（公司级产品待核验）
1475,1475.TW,BIG SUNSHINE,業旺,16.83,,TWSE LISTED,紡織纖維,25.5,26.0,26.0,25.5,24000,0.61,25.94,26.025,-1.7,-2.02,-1.73,-2.3,-1.92,33.85,74.8,149.95,33.85,74.8,-23.19,-65.24,-82.66,24.67,65.91,False,False,False,False,False,False,False,False,False,2026-10-07,紡織纖維,紡織纖維（公司级产品待核验）
1476,1476.TW,ECLAT,儒鴻,814.87,,TWSE LISTED,紡織纖維,297.0,293.0,303.5,291.5,2883377,856.36,283.6,279.65,4.72,6.2,2.41,6.83,8.39,441.5,598.0,683.0,441.5,598.0,-31.26,-49.25,-55.56,32.73,50.33,True,True,False,False,False,False,False,False,False,2026-10-07,紡織纖維,紡織纖維（公司级产品待核验）
1477,1477.TW,Makalot,聚陽,499.55,,TWSE LISTED,紡織纖維,202.5,204.0,207.0,202.0,1974258,399.79,197.2,194.2,2.69,4.27,-0.49,5.47,5.47,344.0,458.33,458.33,344.0,458.33,-39.83,-54.84,-54.84,41.13,55.82,False,False,False,False,False,False,False,False,False,2026-10-07,紡織纖維,紡織纖維（公司级产品待核验）
1503,1503.TW,SEEC,士電,1039.34,,TWSE LISTED,電機機械,199.5,199.0,201.0,198.0,1208006,241.0,197.4,196.8,1.06,1.37,1.27,1.27,1.01,269.5,358.0,358.0,269.5,358.0,-25.42,-43.85,-43.85,25.97,44.27,False,False,False,False,False,False,False,False,False,2026-10-07,電機機械,電機機械、工業自動化與設備（公司級產品待核驗）
1504,1504.TW,TECO,東元,1741.93,,TWSE LISTED,電機機械,73.3,71.9,73.9,70.8,29152681,2136.89,70.44,69.55,4.06,5.39,3.09,5.17,6.08,95.0,127.5,127.5,95.0,127.5,-22.21,-42.04,-42.04,22.84,42.51,False,False,False,False,False,False,False,False,False,2026-10-07,電機機械,電機機械、工業自動化與設備（公司級產品待核驗）
1506,1506.TW,RIGHT WAY,正道,28.93,,TWSE LISTED,電機機械,9.63,9.61,9.71,9.6,43838,0.42,9.664,9.649,-0.35,-0.2,-0.41,-1.83,1.05,13.9,18.8,26.16,13.9,18.8,-30.14,-48.35,-62.88,30.72,48.78,False,False,False,False,False,False,False,False,False,2026-10-07,電機機械,電機機械、工業自動化與設備（公司級產品待核驗）
1512,1512.TW,JL,瑞利,6.17,,TWSE LISTED,汽車工業,6.28,6.29,6.29,6.14,71371,0.45,6.232,6.192,0.77,1.42,-0.16,1.78,2.78,9.39,14.1,45.09,9.39,14.1,-33.01,-55.39,-86.05,33.12,55.46,False,False,False,True,False,False,False,False,False,2026-10-07,汽車工業,汽車整車、汽車零組件與車用電子（公司級產品待核驗）
1513,1513.TW,CHEM,中興電,845.23,,TWSE LISTED,電機機械,168.0,168.0,169.5,167.0,2854973,479.64,167.1,166.8,0.54,0.72,0.6,0.3,0.0,201.0,239.0,239.0,201.0,239.0,-15.67,-29.08,-29.08,16.42,29.71,False,False,False,False,False,False,False,False,False,2026-10-07,電機機械,電機機械、工業自動化與設備（公司級產品待核驗）
1514,1514.TW,AEC,亞力,288.32,,TWSE LISTED,電機機械,103.5,104.5,105.5,103.5,1710397,177.03,102.7,102.7,0.78,0.78,0.0,0.98,0.98,146.57,173.43,173.43,146.57,173.43,-28.02,-39.17,-39.17,29.38,40.32,False,False,False,False,False,False,False,False,False,2026-10-07,電機機械,電機機械、工業自動化與設備（公司級產品待核驗）
1515,1515.TW,REXON,力山,51.54,,TWSE LISTED,電機機械,28.4,28.4,28.55,28.15,330000,9.37,28.77,29.21,-1.29,-2.77,0.35,-2.74,-4.7,45.1,61.2,108.0,45.1,61.2,-36.7,-53.35,-73.56,37.03,53.59,False,False,False,False,False,False,False,False,False,2026-10-07,電機機械,電機機械、工業自動化與設備（公司級產品待核驗）
1516,1516.TW,FALCON,川飛,4.08,,TWSE LISTED,其他,13.6,13.55,13.8,13.55,26092,0.35,13.52,13.395,0.59,1.53,1.12,2.26,-0.73,26.05,29.01,30.15,26.05,29.01,-47.02,-52.43,-54.22,47.79,53.12,False,False,False,False,False,False,False,False,False,2026-10-07,其他,其他（公司级产品待核验）
1517,1517.TW,Lee Chi,利奇,22.88,,TWSE LISTED,電機機械,10.4,10.3,10.4,10.25,201235,2.09,10.32,10.345,0.78,0.53,1.96,0.48,-0.95,13.5,19.3,35.5,13.5,19.3,-22.96,-46.11,-70.7,22.96,46.11,False,False,False,True,False,False,False,False,False,2026-10-07,電機機械,電機機械、工業自動化與設備（公司級產品待核驗）
1519,1519.TW,FE,華城,2439.23,,TWSE LISTED,電機機械,702.0,702.0,713.0,701.0,1775728,1246.56,693.8,696.5,1.18,0.79,0.86,1.45,1.3,1013.64,1013.64,1013.64,1013.64,1013.64,-29.66,-29.66,-29.66,30.74,30.74,False,False,False,False,False,False,False,False,False,2026-10-07,電機機械,電機機械、工業自動化與設備（公司級產品待核驗）
1521,1521.TW,TA YIH,大億,19.59,,TWSE LISTED,汽車工業,25.7,25.85,25.9,25.55,19000,0.49,25.79,25.825,-0.35,-0.48,-0.96,-0.39,0.39,31.15,50.9,87.4,31.15,50.9,-16.85,-49.12,-70.37,17.5,49.51,False,False,False,False,False,False,False,False,False,2026-10-07,汽車工業,汽車整車、汽車零組件與車用電子（公司級產品待核驗）
1522,1522.TW,TYC,堤維西,81.2,,TWSE LISTED,汽車工業,25.95,25.4,26.05,25.4,349279,9.06,25.95,26.24,0.0,-1.11,2.17,-0.95,-3.17,53.8,74.9,74.9,53.8,74.9,-51.58,-65.22,-65.22,51.77,65.35,False,False,False,False,False,False,False,False,False,2026-10-07,汽車工業,汽車整車、汽車零組件與車用電子（公司級產品待核驗）
1524,1524.TW,GORDON,耿鼎,43.15,,TWSE LISTED,汽車工業,26.1,25.7,26.15,25.7,405146,10.57,25.88,25.96,0.85,0.54,1.56,0.97,0.0,36.75,45.75,45.75,36.75,45.75,-28.84,-42.84,-42.84,28.98,42.95,False,False,False,True,False,False,False,False,False,2026-10-07,汽車工業,汽車整車、汽車零組件與車用電子（公司級產品待核驗）
1525,1525.TW,KSC,江申,46.39,,TWSE LISTED,汽車工業,63.2,64.2,64.2,63.2,16000,1.01,63.48,63.84,-0.44,-1.0,-0.47,-0.78,-0.78,72.9,86.3,130.0,72.9,86.3,-11.93,-25.61,-50.62,13.31,26.77,False,False,False,False,False,False,False,False,False,2026-10-07,汽車工業,汽車整車、汽車零組件與車用電子（公司級產品待核驗）
1526,1526.TW,SUNRACE,日馳,9.03,,TWSE LISTED,電機機械,15.05,15.1,15.1,14.8,55011,0.83,14.96,14.86,0.6,1.28,0.67,0.33,0.0,24.2,37.6,95.58,24.2,37.6,-37.6,-59.84,-84.2,37.81,59.97,False,False,False,True,False,False,False,False,False,2026-10-07,電機機械,電機機械、工業自動化與設備（公司級產品待核驗）
1527,1527.TW,BASSO,鑽全,45.04,,TWSE LISTED,電機機械,32.5,32.45,32.7,32.4,111001,3.61,32.71,32.68,-0.64,-0.55,0.15,-1.52,-0.61,38.9,49.6,102.0,38.9,49.6,-15.94,-34.07,-67.94,16.45,34.48,False,False,False,False,False,False,False,False,False,2026-10-07,電機機械,電機機械、工業自動化與設備（公司級產品待核驗）
1528,1528.TW,ANDERSON,恩德,46.02,,TWSE LISTED,電機機械,24.05,24.1,24.4,23.9,1779195,42.79,24.42,25.07,-1.52,-4.07,-0.41,-2.83,-6.96,34.0,34.0,34.0,34.0,34.0,-28.24,-28.24,-28.24,29.26,29.26,False,False,False,False,False,False,False,False,False,2026-10-07,電機機械,電機機械、工業自動化與設備（公司級產品待核驗）
1529,1529.TW,LUXE,樂事綠能,31.85,,TWSE LISTED,電機機械,15.7,15.85,15.85,15.7,254557,4.0,15.75,15.765,-0.32,-0.41,0.0,-2.18,-1.57,27.21,38.28,42.15,27.21,38.28,-41.75,-58.59,-62.39,42.3,58.98,False,False,False,False,False,False,False,False,False,2026-10-07,電機機械,電機機械、工業自動化與設備（公司級產品待核驗）
1530,1530.TW,AWEA,亞崴,27.17,,TWSE LISTED,電機機械,26.35,26.6,26.6,26.05,27144,0.72,26.63,26.655,-1.05,-1.14,-0.94,-1.13,-1.68,33.76,35.28,39.27,33.76,35.28,-21.21,-24.59,-32.26,21.95,25.3,False,False,False,False,False,False,False,False,False,2026-10-07,電機機械,電機機械、工業自動化與設備（公司級產品待核驗）
1531,1531.TW,KAULIN,高林股,20.94,,TWSE LISTED,電機機械,11.5,11.3,11.5,11.25,90000,1.03,11.43,11.565,0.61,-0.56,3.6,0.0,-1.29,13.7,19.0,29.2,13.7,19.0,-16.06,-39.47,-60.62,16.06,39.47,False,False,False,False,False,False,False,False,False,2026-10-07,電機機械,電機機械、工業自動化與設備（公司級產品待核驗）
1532,1532.TW,CMP,勤美,91.92,,TWSE LISTED,電機機械,21.75,21.7,21.85,21.55,316151,6.88,21.87,22.095,-0.55,-1.56,0.46,-1.58,-2.47,26.3,58.3,58.3,26.3,58.3,-16.92,-62.52,-62.52,17.3,62.69,False,False,False,False,False,False,False,False,False,2026-10-07,電機機械,電機機械、工業自動化與設備（公司級產品待核驗）
1533,1533.TW,MORE,車王電,30.11,,TWSE LISTED,汽車工業,30.55,30.55,30.55,30.1,144063,4.4,30.4,30.42,0.49,0.43,1.16,0.16,0.83,41.8,59.7,78.9,41.8,59.7,-26.91,-48.83,-61.28,26.91,48.83,False,False,False,True,False,False,False,False,False,2026-10-07,汽車工業,汽車整車、汽車零組件與車用電子（公司級產品待核驗）
1535,1535.TW,CEC,中宇,56.61,,TWSE LISTED,電機機械,45.75,46.1,46.35,45.3,41003,1.88,45.66,45.685,0.2,0.14,-0.76,0.99,-0.11,55.5,97.5,97.5,55.5,97.5,-16.49,-52.46,-52.46,17.57,53.08,False,False,True,True,False,False,False,False,False,2026-10-07,電機機械,電機機械、工業自動化與設備（公司級產品待核驗）
1536,1536.TW,HOTA,和大,129.86,,TWSE LISTED,汽車工業,46.55,46.75,46.85,46.45,588013,27.37,46.47,46.545,0.17,0.01,0.32,-0.21,-0.75,67.8,90.9,155.19,67.8,90.9,-30.9,-48.46,-69.81,31.34,48.79,False,False,False,True,False,False,False,False,False,2026-10-07,汽車工業,汽車整車、汽車零組件與車用電子（公司級產品待核驗）
1537,1537.TW,KUNG LONG,廣隆,92.73,,TWSE LISTED,電機機械,113.0,113.0,113.5,113.0,66015,7.46,113.9,114.5,-0.79,-1.31,-0.44,-1.31,-1.74,130.0,165.0,169.0,130.0,165.0,-12.69,-31.21,-32.84,13.08,31.52,False,False,False,False,False,False,False,False,False,2026-10-07,電機機械,電機機械、工業自動化與設備（公司級產品待核驗）
1538,1538.TW,JF,正峰,2.86,,TWSE LISTED,電機機械,8.85,8.63,8.86,8.63,8547,0.08,8.218,8.177,7.69,8.23,5.61,12.03,18.32,27.55,42.5,86.52,27.55,42.5,-67.84,-79.16,-89.76,67.88,79.18,True,True,False,False,False,False,False,False,False,2026-10-07,電機機械,電機機械、工業自動化與設備（公司級產品待核驗）
1539,1539.TW,GT,巨庭,10.2,,TWSE LISTED,電機機械,15.6,15.55,15.6,15.5,28000,0.44,15.65,15.58,-0.32,0.13,-0.64,-0.32,0.97,22.0,35.9,50.3,22.0,35.9,-29.09,-56.55,-68.99,29.09,56.55,False,False,False,False,False,False,False,False,False,2026-10-07,電機機械,電機機械、工業自動化與設備（公司級產品待核驗）
1540,1540.TW,ROUNDTOP,喬福,16.15,,TWSE LISTED,電機機械,18.9,18.9,19.0,18.9,94010,1.78,19.08,19.245,-0.94,-1.79,0.0,-1.31,-2.07,28.8,51.8,51.8,28.8,51.8,-34.03,-63.32,-63.32,34.37,63.51,False,False,False,False,False,False,False,False,False,2026-10-07,電機機械,電機機械、工業自動化與設備（公司級產品待核驗）
1541,1541.TW,Chang Type,錩泰,16.19,,TWSE LISTED,電機機械,20.55,20.4,20.65,20.4,12000,0.25,20.69,20.915,-0.68,-1.75,-0.72,-1.44,-1.67,30.85,39.1,71.0,30.85,39.1,-33.06,-47.19,-70.92,33.39,47.44,False,False,False,False,False,False,False,False,False,2026-10-07,電機機械,電機機械、工業自動化與設備（公司級產品待核驗）
1558,1558.TW,ZENG HSING,伸興,70.34,,TWSE LISTED,電機機械,109.0,110.0,110.5,109.0,32098,3.5,110.6,111.5,-1.45,-2.24,-0.91,-2.24,-3.11,114.0,119.0,184.25,114.0,119.0,-3.07,-7.14,-40.03,4.39,8.4,False,False,False,False,False,False,False,True,True,2026-10-07,電機機械,電機機械、工業自動化與設備（公司級產品待核驗）
1560,1560.TW,KINIK,中砂,1532.95,,TWSE LISTED,電機機械,1020.0,1030.0,1040.0,1015.0,924920,943.42,1021.0,990.0,-0.1,3.03,-0.97,0.49,5.92,1060.0,1060.0,1060.0,1060.0,1060.0,-1.89,-1.89,-1.89,3.77,3.77,False,False,False,False,False,False,False,True,True,2026-10-07,電機機械,半導體設備／自動化與精密機械
1563,1563.TW,SAI,巧新,136.38,,TWSE LISTED,汽車工業,80.6,79.3,81.4,78.5,404259,32.58,77.86,76.23,3.52,5.73,1.64,5.64,6.61,97.73,141.33,259.15,97.73,141.33,-16.71,-42.41,-68.59,17.53,42.97,True,True,False,False,False,False,False,False,False,2026-10-07,汽車工業,汽車整車、汽車零組件與車用電子（公司級產品待核驗）
1565,1565.TWO,St.Shine,精華,49.06,,TPEx LISTED,生技醫療業,97.3,96.4,97.5,96.4,165100,16.06,96.8,96.42,0.52,0.91,1.25,0.1,0.83,120.5,247.5,1025.0,120.5,247.5,-19.09,-60.61,-90.49,19.25,60.69,False,False,False,True,False,False,False,False,False,2026-10-07,生技醫療業,生技、製藥、醫療器材與健康服務（公司級產品待核驗）
1568,1568.TW,T.Y.,倉佑,32.32,,TWSE LISTED,汽車工業,31.35,31.4,31.6,30.7,289000,9.06,31.79,31.655,-1.38,-0.96,-0.16,-2.18,-4.42,50.0,50.0,50.4,50.0,50.0,-36.8,-36.8,-37.3,37.3,37.3,False,False,False,False,False,False,False,False,False,2026-10-07,汽車工業,汽車整車、汽車零組件與車用電子（公司級產品待核驗）
1569,1569.TWO,Bin Chuan,濱川,104.15,,TPEx LISTED,電腦及週邊設備業,72.2,70.0,72.7,68.0,6259565,451.94,68.2,66.08,5.87,9.26,3.14,8.57,15.34,72.3,86.4,86.4,72.7,86.4,0.55,-15.86,-15.86,0.69,16.44,True,True,False,False,True,False,False,True,False,2026-10-07,電腦及週邊設備業,電腦、伺服器與企業硬體
1570,1570.TWO,De Poan,力肯,16.87,,TPEx LISTED,電機機械,32.75,32.6,32.75,32.5,5000,0.16,32.62,32.695,0.4,0.17,0.15,-0.46,-1.36,56.6,56.6,56.6,56.6,56.6,-42.14,-42.14,-42.14,42.14,42.14,False,False,False,True,False,False,False,False,False,2026-10-07,電機機械,電機機械、工業自動化與設備（公司級產品待核驗）
1580,1580.TWO,SINMAG,新麥,47.46,,TPEx LISTED,電機機械,96.2,95.6,96.2,95.6,55025,5.29,96.46,96.66,-0.27,-0.48,0.52,-1.03,-0.93,134.5,165.5,175.85,134.5,165.5,-28.48,-41.87,-45.29,28.48,41.87,False,False,False,False,False,False,False,False,False,2026-10-07,電機機械,電機機械、工業自動化與設備（公司級產品待核驗）
1582,1582.TW,SYNCMOLD,信錦,103.44,,TWSE LISTED,電子零組件業,71.7,72.1,73.0,71.7,310010,22.23,71.74,71.17,-0.06,0.74,0.14,-0.28,-0.28,123.0,123.0,123.0,123.0,123.0,-40.65,-40.65,-40.65,41.71,41.71,False,False,False,False,False,False,False,False,False,2026-10-07,電子零組件業,電子零組件：PCB、CCL、IC載板、連接器與被動元件（公司級品類待核驗）
1583,1583.TW,GOODWAY,程泰,51.75,,TWSE LISTED,電機機械,47.3,46.9,47.45,45.6,39000,1.84,46.56,46.63,1.59,1.44,0.85,3.16,1.07,57.8,73.21,77.98,57.8,73.21,-17.9,-35.19,-39.15,18.16,35.39,False,False,True,True,False,False,False,False,False,2026-10-07,電機機械,電機機械、工業自動化與設備（公司級產品待核驗）
1584,1584.TWO,STC,精剛,42.08,,TPEx LISTED,其他,18.1,18.15,18.2,18.0,399224,7.23,18.31,18.265,-1.15,-0.9,-0.28,-2.69,-3.98,25.8,44.45,44.57,25.8,44.45,-29.46,-59.06,-59.16,29.84,59.28,False,False,False,False,False,False,False,False,False,2026-10-07,其他,其他（公司级产品待核验）
1586,1586.TWO,CFTC,和勤,23.05,,TPEx LISTED,電機機械,17.8,17.85,18.1,17.7,241154,4.29,17.84,17.9,-0.22,-0.56,0.0,-0.56,-0.56,31.15,37.59,53.01,31.15,37.59,-41.89,-51.84,-65.85,42.86,52.64,False,False,False,False,False,False,False,False,False,2026-10-07,電機機械,電機機械、工業自動化與設備（公司級產品待核驗）
1587,1587.TW,CM,吉茂,19.05,,TWSE LISTED,汽車工業,23.8,23.4,23.85,23.35,51500,1.23,23.65,23.725,0.63,0.32,1.93,-0.21,-2.66,55.9,77.89,77.89,55.9,77.89,-57.33,-69.38,-69.38,57.42,69.44,False,False,False,True,False,False,False,False,False,2026-10-07,汽車工業,汽車整車、汽車零組件與車用電子（公司級產品待核驗）
1589,1589.TW,YGG,永冠-KY,8.48,,TWSE LISTED,電機機械,5.54,5.54,5.54,5.54,0,0.0,5.54,5.54,0.0,0.0,0.0,0.0,0.0,19.0,65.1,171.45,19.0,65.1,-70.84,-91.49,-96.77,70.84,91.49,False,False,False,False,False,False,False,False,False,2026-10-07,電機機械,電機機械、工業自動化與設備（公司級產品待核驗）
1590,1590.TW,AIRTAC,亞德客-KY,2460.0,,TWSE LISTED,電機機械,1230.0,1215.0,1245.0,1200.0,574447,706.57,1194.0,1208.0,3.02,1.82,2.93,4.24,2.5,1615.0,1615.0,1615.0,1615.0,1615.0,-22.91,-22.91,-22.91,23.84,23.84,False,False,False,True,False,False,False,False,False,2026-10-07,電機機械,電機機械、工業自動化與設備（公司級產品待核驗）
1591,1591.TWO,INMAX,駿吉-KY,15.47,,TPEx LISTED,電機機械,40.65,41.0,41.25,40.55,175443,7.13,41.3,41.29,-1.57,-1.55,-1.69,-1.45,-4.91,69.7,84.8,84.8,69.7,84.8,-40.82,-51.36,-51.36,41.68,52.06,False,False,False,False,False,False,False,False,False,2026-10-07,電機機械,電機機械、工業自動化與設備（公司級產品待核驗）
1593,1593.TWO,CHI HUA,祺驊,12.55,,TPEx LISTED,運動休閒,31.55,31.5,31.85,31.5,9000,0.28,31.6,31.7,-0.16,-0.47,-0.32,-0.47,-0.47,35.4,63.5,143.45,35.4,63.5,-10.03,-49.84,-77.8,10.88,50.31,False,False,False,False,False,False,False,False,False,2026-10-07,運動休閒,運動休閒（公司级产品待核验）
1595,1595.TWO,CBT,川寶,41.61,,TPEx LISTED,半導體業,72.3,71.8,73.1,70.7,959521,69.37,76.04,77.36,-4.92,-6.54,0.7,-8.83,-15.24,107.0,107.0,107.0,107.0,107.0,-31.68,-31.68,-31.68,32.43,32.43,False,False,False,False,False,False,False,False,False,2026-10-07,半導體業,半導體／IC設計或製造（細分環節待核驗）
1597,1597.TW,cpc,直得,129.43,,TWSE LISTED,電機機械,145.0,144.0,147.5,142.5,914002,132.53,147.6,143.3,-1.76,1.19,0.0,-2.03,-1.02,221.0,221.0,221.0,221.0,221.0,-33.26,-33.26,-33.26,34.39,34.39,False,False,False,False,False,False,False,False,False,2026-10-07,電機機械,電機機械、工業自動化與設備（公司級產品待核驗）
1598,1598.TW,Dyaco,岱宇,36.28,,TWSE LISTED,運動休閒,20.25,20.1,20.25,20.0,261000,5.29,20.33,20.38,-0.39,-0.64,1.25,-1.22,-1.22,22.5,37.14,150.32,22.5,37.14,-10.0,-45.48,-86.53,10.0,45.48,False,False,False,False,False,False,False,True,False,2026-10-07,運動休閒,運動休閒（公司级产品待核验）
1599,1599.TWO,AEON,宏佳騰,16.65,,TPEx LISTED,電機機械,22.8,22.8,22.8,22.8,1021,0.02,23.03,23.045,-1.0,-1.06,-0.65,-1.72,-1.08,30.5,36.25,62.0,30.5,36.25,-25.25,-37.1,-63.23,25.25,37.1,False,False,False,False,False,False,False,False,False,2026-10-07,電機機械,電機機械、工業自動化與設備（公司級產品待核驗）
1603,1603.TW,CWCO,華電,58.66,,TWSE LISTED,電器電纜,30.6,30.7,30.75,30.4,147776,4.52,30.52,30.385,0.26,0.71,0.66,0.0,0.0,44.2,56.4,56.4,44.2,56.4,-30.43,-45.48,-45.48,30.77,45.74,False,False,False,False,False,False,False,False,False,2026-10-07,電器電纜,電線電纜、電力設備與能源傳輸（公司級產品待核驗）
1604,1604.TW,SAMPO,聲寶,89.52,,TWSE LISTED,電器電纜,23.3,23.25,23.3,23.25,52422,1.22,23.28,23.37,0.09,-0.3,0.22,0.22,-0.64,25.8,30.35,33.0,25.8,30.35,-9.69,-23.23,-29.39,9.69,23.23,False,False,False,False,False,False,False,True,False,2026-10-07,電器電纜,電線電纜、電力設備與能源傳輸（公司級產品待核驗）
1605,1605.TW,WALSIN,華新,1768.1,,TWSE LISTED,電器電纜,39.9,38.75,40.35,38.7,47045322,1877.11,38.87,37.94,2.65,5.17,2.97,2.97,3.91,46.5,46.5,59.4,46.5,46.5,-13.23,-13.23,-32.07,14.19,14.19,False,False,False,False,False,False,False,False,False,2026-10-07,電器電纜,電線電纜、電力設備與能源傳輸（公司級產品待核驗）
1608,1608.TW,HE,華榮,234.44,,TWSE LISTED,電器電纜,37.05,36.45,37.3,36.3,4727953,175.17,36.26,35.96,2.18,3.03,2.35,2.21,2.21,41.4,47.45,47.45,41.4,47.45,-9.9,-21.39,-21.39,10.51,21.92,False,False,False,False,False,False,False,False,False,2026-10-07,電器電纜,電線電纜、電力設備與能源傳輸（公司級產品待核驗）
1609,1609.TW,TA YA,大亞,306.25,,TWSE LISTED,電器電纜,39.0,38.55,39.15,38.5,5988652,233.56,38.56,38.385,1.14,1.6,1.69,1.17,0.65,50.0,63.8,63.8,50.0,63.8,-21.7,-38.64,-38.64,22.0,38.88,False,False,False,False,False,False,False,False,False,2026-10-07,電器電纜,電線電纜、電力設備與能源傳輸（公司級產品待核驗）
1611,1611.TW,CE,中電,36.47,,TWSE LISTED,電器電纜,11.3,11.25,11.35,11.25,328452,3.71,11.32,11.375,-0.18,-0.66,0.44,-0.44,-2.16,15.0,22.55,22.7,15.0,22.55,-24.33,-49.67,-50.0,24.67,49.89,False,False,False,False,False,False,False,False,False,2026-10-07,電器電纜,電線電纜、電力設備與能源傳輸（公司級產品待核驗）
1612,1612.TW,HONG TAI,宏泰,110.79,,TWSE LISTED,電器電纜,35.05,35.0,35.25,34.9,788117,27.62,35.05,35.135,-0.0,-0.24,0.57,-0.43,-1.82,42.5,45.4,45.4,42.5,45.4,-17.06,-22.36,-22.36,17.53,22.8,False,False,False,False,False,False,False,False,False,2026-10-07,電器電纜,電線電纜、電力設備與能源傳輸（公司級產品待核驗）
1614,1614.TW,Taiwan Sanyo,三洋電,83.43,,TWSE LISTED,電器電纜,31.0,31.05,31.15,31.0,27010,0.84,31.07,31.095,-0.23,-0.31,-0.8,0.0,-0.48,34.8,52.6,52.6,34.8,52.6,-10.49,-40.78,-40.78,10.92,41.06,False,False,False,False,False,False,False,False,False,2026-10-07,電器電纜,電線電纜、電力設備與能源傳輸（公司級產品待核驗）
1615,1615.TW,Dah San,大山,83.23,,TWSE LISTED,電器電纜,41.9,41.9,42.0,41.8,65020,2.72,42.24,42.555,-0.8,-1.54,0.12,-1.41,-2.44,50.99,62.99,62.99,50.99,62.99,-17.63,-33.32,-33.32,17.83,33.48,False,False,False,False,False,False,False,False,False,2026-10-07,電器電纜,電線電纜、電力設備與能源傳輸（公司級產品待核驗）
1616,1616.TW,EVERTOP,億泰,36.21,,TWSE LISTED,電器電纜,18.65,18.2,18.65,18.2,238090,4.44,18.43,18.43,1.19,1.19,1.91,0.54,0.0,30.9,44.85,44.85,30.9,44.85,-39.64,-58.42,-58.42,39.64,58.42,False,False,False,True,False,False,False,False,False,2026-10-07,電器電纜,電線電纜、電力設備與能源傳輸（公司級產品待核驗）
1617,1617.TW,JSW,榮星,40.6,,TWSE LISTED,電器電纜,23.95,23.05,24.5,23.05,2232051,53.46,24.0,22.565,-0.21,6.14,3.9,-0.62,-0.42,26.95,32.8,32.8,26.95,32.8,-9.09,-25.3,-25.3,11.13,26.98,False,False,False,False,False,False,False,False,False,2026-10-07,電器電纜,電線電纜、電力設備與能源傳輸（公司級產品待核驗）
1618,1618.TW,HK,合機,75.73,,TWSE LISTED,電器電纜,39.3,38.95,39.45,38.95,327648,12.88,39.02,38.91,0.72,1.0,0.9,0.38,0.9,52.6,69.8,69.8,52.6,69.8,-25.0,-43.48,-43.48,25.29,43.7,False,False,False,False,False,False,False,False,False,2026-10-07,電器電纜,電線電纜、電力設備與能源傳輸（公司級產品待核驗）
1623,1623.TW,TEWC,大東電,128.7,,TWSE LISTED,電器電纜,195.0,196.5,200.0,195.0,54000,10.53,197.6,198.5,-1.32,-1.76,-1.52,-1.76,-2.74,340.0,340.0,340.0,340.0,340.0,-41.18,-41.18,-41.18,42.65,42.65,False,False,False,False,False,False,False,False,False,2026-10-07,電器電纜,電線電纜、電力設備與能源傳輸（公司級產品待核驗）
1626,1626.TW,AIRMATE,艾美特-KY,14.67,,TWSE LISTED,電器電纜,9.79,9.77,9.79,9.62,13102,0.13,9.722,9.696,0.7,0.97,-0.1,1.45,1.98,13.0,17.95,31.79,13.0,17.95,-24.69,-45.46,-69.2,24.69,45.46,False,False,False,True,False,False,False,False,False,2026-10-07,電器電纜,電線電纜、電力設備與能源傳輸（公司級產品待核驗）
1702,1702.TW,NAMCHOW,南僑,96.33,,TWSE LISTED,食品工業,32.75,32.7,32.85,32.6,146200,4.79,32.97,33.01,-0.67,-0.79,0.15,-1.21,-0.91,39.45,66.5,70.2,39.45,66.5,-16.73,-50.6,-53.21,16.98,50.75,False,False,False,False,False,False,False,False,False,2026-10-07,食品工業,食品、飲料與食品加工（公司級產品待核驗）
1707,1707.TW,GKB,葡萄王,125.77,,TWSE LISTED,生技醫療業,84.9,84.0,85.0,84.0,147690,12.54,84.88,85.7,0.02,-0.93,0.83,-0.35,-0.93,128.5,163.5,282.0,128.5,163.5,-33.85,-48.01,-69.86,33.93,48.07,False,False,False,False,False,False,False,False,False,2026-10-07,生技醫療業,生技、製藥、醫療器材與健康服務（公司級產品待核驗）
1708,1708.TW,SESODA,東鹼,142.68,,TWSE LISTED,化學工業,57.3,57.3,58.3,56.6,4718772,270.39,56.2,53.93,1.96,6.25,0.35,1.96,6.51,64.2,64.2,73.1,64.2,64.2,-9.19,-9.19,-20.25,10.75,10.75,True,False,False,False,False,False,False,False,False,2026-10-07,化學工業,化學制品／特用化學材料
1709,1709.TW,FUCC,和益,287.16,,TWSE LISTED,化學工業,60.2,63.3,64.6,59.2,45189739,2720.42,59.9,52.965,0.5,13.66,-4.9,2.91,24.38,66.3,66.3,66.3,66.3,66.3,-2.56,-2.56,-2.56,9.2,9.2,False,False,False,False,False,False,False,True,True,2026-10-07,化學工業,化學制品／特用化學材料
1710,1710.TW,OUCC,東聯,155.88,,TWSE LISTED,化學工業,17.6,17.35,17.9,17.35,6090367,107.19,17.31,16.97,1.68,3.71,1.73,2.62,5.07,20.15,20.6,36.3,20.15,20.6,-11.17,-13.11,-50.69,12.66,14.56,False,False,False,False,False,False,False,False,False,2026-10-07,化學工業,石化與化學原料／電子化學材料
1711,1711.TW,EVERLIGHT,永光,248.95,,TWSE LISTED,化學工業,45.45,51.8,51.8,45.2,56421511,2564.36,44.36,41.945,2.46,8.36,-6.48,5.7,11.12,64.3,64.3,64.3,64.3,64.3,-19.44,-19.44,-19.44,29.32,29.32,False,False,False,False,False,False,False,False,False,2026-10-07,化學工業,化學制品／特用化學材料
1712,1712.TW,SINON,興農,167.57,,TWSE LISTED,化學工業,39.85,39.8,40.0,39.8,276720,11.03,39.73,39.775,0.3,0.19,0.38,0.13,0.13,48.2,48.55,48.55,48.2,48.55,-17.01,-17.61,-17.61,17.32,17.92,False,False,False,False,False,False,False,False,False,2026-10-07,化學工業,化學制品／特用化學材料
1713,1713.TW,CCW,國化,67.55,,TWSE LISTED,化學工業,44.75,45.45,45.5,44.65,141000,6.31,44.02,42.87,1.66,4.39,-1.43,4.8,5.42,54.5,61.9,61.9,54.5,61.9,-16.51,-26.49,-26.49,17.89,27.71,False,False,False,False,False,False,False,False,False,2026-10-07,化學工業,化學制品／特用化學材料
1714,1714.TW,HO TUNG,和桐,194.89,,TWSE LISTED,化學工業,19.65,19.3,20.35,18.5,89332269,1755.38,18.04,17.01,8.92,15.52,3.42,16.62,19.09,25.0,25.0,25.0,25.0,25.0,-18.6,-18.6,-18.6,21.4,21.4,True,False,False,False,False,False,False,False,False,2026-10-07,化學工業,化學制品／特用化學材料
1717,1717.TW,ETERNAL,長興,895.29,,TWSE LISTED,化學工業,75.6,75.6,76.0,74.7,8461529,639.69,74.56,73.28,1.39,3.17,0.93,1.89,2.16,89.9,89.9,89.9,89.9,89.9,-15.46,-15.46,-15.46,15.91,15.91,True,False,False,False,False,False,False,False,False,2026-10-07,化學工業,特用化學品／電子化學材料與樹脂
1718,1718.TW,CMFC,中纖,190.51,,TWSE LISTED,化學工業,11.3,11.35,11.7,11.1,23666532,267.43,11.04,10.84,2.36,4.24,-0.44,5.12,4.15,16.2,16.2,16.2,16.2,16.2,-27.78,-27.78,-27.78,30.25,30.25,False,False,False,False,False,False,False,False,False,2026-10-07,化學工業,化學制品／特用化學材料
1720,1720.TW,S.C.P.C,生達,110.27,,TWSE LISTED,生技醫療業,56.1,55.9,56.3,55.9,102500,5.75,55.98,56.06,0.21,0.07,0.36,0.18,-0.36,60.55,72.18,72.36,60.55,72.18,-7.01,-22.0,-22.2,7.34,22.28,False,False,False,True,False,False,False,True,False,2026-10-07,生技醫療業,生技、製藥、醫療器材與健康服務（公司級產品待核驗）
1721,1721.TW,SUNKO,國慶科技,51.31,,TWSE LISTED,化學工業,27.75,29.5,29.5,27.55,4547689,126.2,27.65,26.375,0.36,5.21,-4.31,1.46,4.91,36.0,36.0,36.0,36.0,36.0,-18.06,-18.06,-18.06,22.92,22.92,False,False,False,False,False,False,False,False,False,2026-10-07,化學工業,化學制品／特用化學材料
1722,1722.TW,TFC,台肥,404.74,,TWSE LISTED,化學工業,41.3,41.1,41.4,41.1,1578027,65.17,41.1,41.31,0.49,-0.02,0.61,0.36,-0.6,52.0,70.5,85.0,52.0,70.5,-20.38,-41.28,-51.29,20.58,41.42,False,False,False,False,False,False,False,False,False,2026-10-07,化學工業,化學肥料／農業化學品與化工原料
1723,1723.TW,CSCC,中碳,192.84,,TWSE LISTED,化學工業,81.4,80.9,81.6,80.6,265102,21.58,80.5,80.51,1.12,1.11,0.62,1.24,0.87,93.9,133.5,167.0,93.9,133.5,-13.1,-38.88,-51.14,13.31,39.03,False,False,False,False,False,False,False,False,False,2026-10-07,化學工業,化學制品／特用化學材料
1725,1725.TW,YJE,元禎,62.0,,TWSE LISTED,化學工業,34.1,34.0,34.5,33.9,48000,1.64,33.92,33.92,0.53,0.53,0.29,0.74,-0.15,45.25,57.8,57.8,45.25,57.8,-23.76,-40.31,-40.31,24.64,41.0,False,False,False,True,False,False,False,False,False,2026-10-07,化學工業,化學制品／特用化學材料
1726,1726.TW,Y.C.P.,永記,123.44,,TWSE LISTED,化學工業,76.2,76.5,76.6,76.0,29000,2.21,76.28,76.41,-0.1,-0.27,-0.26,0.0,-0.39,81.1,84.2,85.4,81.1,84.2,-5.55,-9.03,-10.3,6.04,9.5,False,False,False,False,False,False,False,True,True,2026-10-07,化學工業,化學制品／特用化學材料
1727,1727.TW,CHCIW,中華化,135.7,,TWSE LISTED,化學工業,106.0,105.5,109.5,105.0,7439686,788.61,112.9,113.0,-6.11,-6.19,0.0,-13.82,-2.75,130.0,130.0,130.0,130.0,130.0,-15.77,-15.77,-15.77,18.46,18.46,False,False,False,False,False,False,False,False,False,2026-10-07,化學工業,化學制品／特用化學材料
1730,1730.TW,FARCENT,花仙子,32.31,,TWSE LISTED,化學工業,51.1,51.1,51.1,51.0,26050,1.33,51.18,51.2,-0.16,-0.2,-0.2,-0.2,-0.2,55.0,61.5,97.3,55.0,61.5,-7.09,-16.91,-47.48,7.09,16.91,False,False,False,False,False,False,False,True,False,2026-10-07,化學工業,化學制品／特用化學材料
1731,1731.TW,Maywufa,美吾華,27.85,,TWSE LISTED,生技醫療業,20.95,21.0,21.0,20.9,121791,2.55,20.86,20.89,0.43,0.29,0.24,0.72,0.24,22.3,28.35,28.35,22.3,28.35,-5.83,-25.93,-25.93,6.05,26.1,False,False,False,False,False,False,False,True,False,2026-10-07,生技醫療業,生技、製藥、醫療器材與健康服務（公司級產品待核驗）
1732,1732.TW,Mao Bao,毛寶,11.35,,TWSE LISTED,化學工業,26.75,26.45,27.4,26.45,654101,17.5,26.2,26.16,2.1,2.26,2.29,2.49,2.29,33.4,38.75,53.8,33.4,38.75,-17.96,-29.29,-49.07,19.91,30.97,False,False,False,False,False,False,False,False,False,2026-10-07,化學工業,化學制品／特用化學材料
1733,1733.TW,ApexBio,五鼎,30.53,,TWSE LISTED,生技醫療業,30.55,30.0,30.55,29.95,159009,4.86,30.12,30.01,1.43,1.8,2.52,0.99,3.21,33.1,44.45,44.45,33.1,44.45,-7.7,-31.27,-31.27,7.7,31.27,False,False,False,True,False,False,False,True,False,2026-10-07,生技醫療業,生技、製藥、醫療器材與健康服務（公司級產品待核驗）
1734,1734.TW,SINPHAR,杏輝,64.72,,TWSE LISTED,生技醫療業,32.1,32.1,32.15,31.85,113864,3.66,32.1,32.09,0.0,0.03,0.0,0.0,0.0,32.8,32.8,53.76,32.8,32.8,-1.98,-1.98,-40.2,2.13,2.13,False,False,False,False,False,False,False,True,True,2026-10-07,生技醫療業,生技、製藥、醫療器材與健康服務（公司級產品待核驗）
1735,1735.TW,EMC,日勝化,23.01,,TWSE LISTED,化學工業,23.15,23.4,23.85,22.95,379003,8.77,22.64,21.44,2.25,7.98,-1.07,4.51,14.6,33.85,33.85,33.85,33.85,33.85,-29.54,-29.54,-29.54,31.61,31.61,False,False,False,False,False,False,False,False,False,2026-10-07,化學工業,化學制品／特用化學材料
1736,1736.TW,JHT,喬山,370.14,,TWSE LISTED,運動休閒,122.0,121.5,122.0,119.0,974060,118.84,123.5,125.2,-1.21,-2.56,1.24,-1.21,-5.06,162.5,226.5,226.5,162.5,226.5,-24.92,-46.14,-46.14,24.92,46.14,False,False,False,False,False,False,False,False,False,2026-10-07,運動休閒,運動休閒（公司级产品待核验）
1737,1737.TW,Taiyen,臺鹽,59.9,,TWSE LISTED,食品工業,29.95,29.9,30.0,29.9,99625,2.98,29.96,30.015,-0.03,-0.22,0.34,-0.17,-0.33,32.5,36.35,40.5,32.5,36.35,-7.69,-17.47,-25.93,7.85,17.61,False,False,False,False,False,False,False,True,False,2026-10-07,食品工業,食品、飲料與食品加工（公司級產品待核驗）
1742,1742.TWO,TWC,台蠟,16.4,,TPEx LISTED,化學工業,17.7,17.75,17.75,17.55,84000,1.49,17.6,17.58,0.57,0.68,0.28,1.14,0.57,18.75,20.8,23.54,18.75,20.8,-5.33,-14.66,-24.61,5.6,14.9,False,False,True,True,False,False,False,True,False,2026-10-07,化學工業,化學制品／特用化學材料
1752,1752.TW,NANG KUANG,南光,31.81,,TWSE LISTED,生技醫療業,31.5,31.5,31.65,31.4,34000,1.07,31.42,31.405,0.25,0.3,0.0,0.16,0.0,38.7,4335.0,4335.0,38.7,4335.0,-18.22,-99.27,-99.27,18.6,99.27,False,False,True,True,False,False,False,False,False,2026-10-07,生技醫療業,生技、製藥、醫療器材與健康服務（公司級產品待核驗）
1760,1760.TW,PBF,寶齡富錦,46.56,,TWSE LISTED,生技醫療業,54.3,54.2,54.5,53.8,71010,3.86,54.22,54.08,0.15,0.41,1.12,-0.55,-0.55,76.4,125.5,255.09,76.4,125.5,-28.66,-56.57,-78.63,28.93,56.73,False,False,False,True,False,False,False,False,False,2026-10-07,生技醫療業,生技、製藥、醫療器材與健康服務（公司級產品待核驗）
1762,1762.TW,CCSB,中化生,26.08,,TWSE LISTED,生技醫療業,33.9,33.7,34.0,33.7,49000,1.66,33.8,33.8,0.3,0.3,0.59,0.44,-1.31,44.75,63.1,102.5,44.75,63.1,-24.02,-46.12,-66.83,24.25,46.28,False,False,False,True,False,False,False,False,False,2026-10-07,生技醫療業,生技、製藥、醫療器材與健康服務（公司級產品待核驗）
1773,1773.TW,SHINY CHEMICAL,勝一,531.0,,TWSE LISTED,化學工業,177.0,177.5,179.5,174.5,1357639,240.3,175.5,170.4,0.85,3.87,-2.75,3.81,5.67,204.0,204.0,204.0,204.0,204.0,-12.01,-12.01,-12.01,13.24,13.24,False,False,False,False,False,False,False,False,False,2026-10-07,化學工業,化學制品／特用化學材料
1776,1776.TW,Headway,展宇,11.12,,TWSE LISTED,化學工業,18.5,18.6,18.6,18.35,40000,0.74,18.34,18.24,0.87,1.43,0.0,1.37,1.93,21.4,27.8,34.97,21.4,27.8,-13.08,-33.09,-46.81,13.55,33.45,False,False,False,False,False,False,False,False,False,2026-10-07,化學工業,化學制品／特用化學材料
1777,1777.TWO,SYN-TECH,生泰,33.67,,TPEx LISTED,生技醫療業,75.5,75.5,75.8,75.3,28000,2.11,74.82,74.47,0.91,1.38,0.0,1.48,2.17,75.9,110.0,117.91,75.9,110.0,-0.13,-31.09,-35.71,0.53,31.36,False,False,False,False,False,False,False,True,False,2026-10-07,生技醫療業,生技、製藥、醫療器材與健康服務（公司級產品待核驗）
1780,1780.TWO,ABC,立弘,26.83,,TPEx LISTED,食品工業,24.6,24.7,24.9,24.5,61000,1.5,25.03,25.04,-1.72,-1.76,-0.81,-2.96,-2.77,36.85,36.85,36.85,36.85,36.85,-32.43,-32.43,-32.43,33.24,33.24,False,False,False,False,False,False,False,False,False,2026-10-07,食品工業,食品、飲料與食品加工（公司級產品待核驗）
1781,1781.TWO,H&L,合世,4.71,,TPEx LISTED,生技醫療業,9.93,9.86,9.98,9.86,10000,0.1,9.938,9.987,-0.08,-0.57,-0.5,-0.6,-0.6,14.5,23.55,52.6,14.5,23.55,-31.17,-57.62,-81.03,31.52,57.83,False,False,False,False,False,False,False,False,False,2026-10-07,生技醫療業,生技、製藥、醫療器材與健康服務（公司級產品待核驗）
1783,1783.TW,MBI,和康生,34.58,,TWSE LISTED,生技醫療業,38.55,38.55,38.6,38.25,100105,3.86,37.69,37.205,2.28,3.62,-0.13,4.05,3.49,48.3,55.0,71.43,48.3,55.0,-20.08,-29.82,-45.96,20.19,29.91,False,False,False,False,False,False,False,False,False,2026-10-07,生技醫療業,生技、製藥、醫療器材與健康服務（公司級產品待核驗）
1784,1784.TWO,BIONET CORP.,訊聯,31.87,,TPEx LISTED,生技醫療業,60.0,60.7,60.7,59.2,30283,1.82,59.98,60.66,0.03,-1.09,0.84,-0.83,-1.96,118.0,162.01,162.01,118.0,162.01,-48.56,-62.53,-62.53,49.15,62.97,False,False,False,False,False,False,False,False,False,2026-10-07,生技醫療業,生技、製藥、醫療器材與健康服務（公司級產品待核驗）
1785,1785.TWO,Solar,光洋科,637.67,,TPEx LISTED,其他電子業,107.0,109.0,109.0,105.0,20858485,2231.86,104.7,101.03,2.2,5.91,-3.17,4.39,6.47,185.0,185.0,185.0,185.0,185.0,-41.08,-41.08,-41.08,42.16,42.16,False,False,False,False,False,False,False,False,False,2026-10-07,其他電子業,其他電子：電子模組、感測器、電源與車用電子（公司級產品待核驗）
1786,1786.TW,SVBI,科妍,31.02,,TWSE LISTED,生技醫療業,41.45,41.0,41.95,41.0,119001,4.93,41.98,42.435,-1.26,-2.32,1.1,-2.93,-4.27,87.5,144.0,144.0,87.5,144.0,-52.06,-70.87,-70.87,52.63,71.22,False,False,False,False,False,False,False,False,False,2026-10-07,生技醫療業,生技、製藥、醫療器材與健康服務（公司級產品待核驗）
1788,1788.TWO,HCI,杏昌,56.54,,TPEx LISTED,生技醫療業,127.0,127.5,127.5,127.0,35030,4.45,127.7,127.75,-0.55,-0.59,-0.78,-0.78,-0.78,138.0,147.0,189.07,138.0,147.0,-7.61,-13.27,-32.56,7.97,13.61,False,False,False,False,False,False,False,True,False,2026-10-07,生技醫療業,生技、製藥、醫療器材與健康服務（公司級產品待核驗）
1789,1789.TW,SPT,神隆,149.85,,TWSE LISTED,生技醫療業,18.95,18.65,19.0,18.65,325837,6.17,18.7,18.735,1.34,1.15,1.61,1.88,0.0,29.1,30.5,45.19,29.1,30.5,-34.71,-37.7,-57.96,34.88,37.87,False,False,False,True,False,False,False,False,False,2026-10-07,生技醫療業,生技、製藥、醫療器材與健康服務（公司級產品待核驗）
1795,1795.TW,Lotus Pharm,美時,493.03,,TWSE LISTED,生技醫療業,182.5,176.5,182.5,176.5,1362092,248.58,177.8,177.5,2.64,2.82,3.69,3.69,1.96,364.76,364.76,364.76,364.76,364.76,-49.97,-49.97,-49.97,49.97,49.97,False,False,False,True,False,False,False,False,False,2026-10-07,生技醫療業,生技、製藥、醫療器材與健康服務（公司級產品待核驗）
1796,1796.TWO,GeneFerm,金穎生技,12.44,,TPEx LISTED,食品工業,30.0,29.6,30.0,29.5,14000,0.42,29.86,29.63,0.47,1.25,1.35,0.33,2.92,47.55,87.0,158.5,47.55,87.0,-36.91,-65.52,-81.07,36.91,65.52,False,False,False,True,False,False,False,False,False,2026-10-07,食品工業,食品、飲料與食品加工（公司級產品待核驗）
1799,1799.TWO,EASYWELL,易威,69.66,,TPEx LISTED,生技醫療業,28.0,28.2,28.2,27.8,143623,4.02,28.52,28.64,-1.82,-2.23,-0.18,-3.45,-3.45,44.9,233.0,233.0,44.9,233.0,-37.19,-87.9,-87.9,37.64,87.98,False,False,False,False,False,False,False,False,False,2026-10-07,生技醫療業,生技、製藥、醫療器材與健康服務（公司級產品待核驗）
1802,1802.TW,TGI,台玻,1910.6,,TWSE LISTED,玻璃陶瓷,65.7,60.1,65.7,59.8,107330376,7051.61,60.62,59.54,8.38,10.35,9.87,10.42,9.68,81.2,81.2,81.2,81.2,81.2,-19.09,-19.09,-19.09,19.09,19.09,False,False,False,False,False,False,False,False,False,2026-10-07,玻璃陶瓷,玻璃陶瓷（公司级产品待核验）
1805,1805.TW,BLG,寶徠,13.5,,TWSE LISTED,建材營造,10.0,10.0,10.0,9.93,74000,0.74,9.998,10.059,0.02,-0.59,0.5,0.2,-0.5,13.0,25.3,25.3,13.0,25.3,-23.08,-60.47,-60.47,23.08,60.47,False,False,False,False,False,False,False,False,False,2026-10-07,建材營造,建材、營造與不動產開發（公司級業務待核驗）
1806,1806.TW,CHAMPION,冠軍,31.08,,TWSE LISTED,玻璃陶瓷,7.96,7.86,8.0,7.85,289801,2.31,7.904,7.941,0.71,0.24,1.4,0.63,-0.5,9.49,14.05,19.44,9.49,14.05,-15.7,-43.06,-58.86,16.12,43.35,False,False,False,True,False,False,False,False,False,2026-10-07,玻璃陶瓷,玻璃陶瓷（公司级产品待核验）
1808,1808.TW,RUN LONG,潤隆,231.12,,TWSE LISTED,建材營造,32.35,32.0,32.55,31.5,1972547,63.81,31.67,32.04,2.15,0.97,3.19,2.37,2.21,37.8,70.2,70.2,37.8,70.2,-13.89,-53.63,-53.63,14.42,53.92,False,False,False,True,False,False,False,False,False,2026-10-07,建材營造,建材、營造與不動產開發（公司級業務待核驗）
1809,1809.TW,China Glaze,中釉,77.67,,TWSE LISTED,玻璃陶瓷,46.5,44.8,47.5,44.8,4521280,210.24,46.22,45.115,0.61,3.07,4.03,-2.21,-2.82,61.8,61.8,61.8,61.8,61.8,-23.14,-23.14,-23.14,24.76,24.76,False,False,False,True,False,False,False,False,False,2026-10-07,玻璃陶瓷,玻璃陶瓷（公司级产品待核验）
1810,1810.TW,HCG,和成,70.74,,TWSE LISTED,玻璃陶瓷,23.4,23.7,23.9,23.3,1184890,27.73,23.71,23.835,-1.31,-1.83,-0.43,-2.3,-4.29,34.15,34.15,34.15,34.15,34.15,-30.01,-30.01,-30.01,31.48,31.48,False,False,False,False,False,False,False,False,False,2026-10-07,玻璃陶瓷,玻璃陶瓷（公司级产品待核验）
1813,1813.TWO,Polylite,寶利徠,5.2,,TPEx LISTED,生技醫療業,11.15,11.15,11.2,11.15,10000,0.11,11.23,11.29,-0.71,-1.24,-0.45,-0.89,-1.33,14.2,21.5,32.15,14.2,21.5,-21.13,-47.91,-65.16,21.48,48.14,False,False,False,False,False,False,False,False,False,2026-10-07,生技醫療業,生技、製藥、醫療器材與健康服務（公司級產品待核驗）
1815,1815.TWO,FFG,富喬,775.73,,TPEx LISTED,電子零組件業,132.5,127.5,139.0,127.0,104075430,13789.99,125.0,121.5,6.0,9.05,4.33,9.5,14.22,135.0,135.0,135.0,139.0,139.0,2.96,2.96,2.96,4.68,4.68,False,False,False,False,True,True,True,True,True,2026-10-07,電子零組件業,電子零組件：PCB、CCL、IC載板、連接器與被動元件（公司級品類待核驗）
1817,1817.TW,SANITAR,凱撒衛,28.82,,TWSE LISTED,玻璃陶瓷,39.7,39.6,39.7,39.5,51000,2.02,39.82,39.955,-0.3,-0.64,-0.25,-0.38,-0.38,42.7,52.8,52.8,42.7,52.8,-7.03,-24.81,-24.81,7.03,24.81,False,False,False,False,False,False,False,True,False,2026-10-07,玻璃陶瓷,玻璃陶瓷（公司级产品待核验）
1903,1903.TW,Shihlin Paper,士紙,122.87,,TWSE LISTED,造紙工業,47.25,47.4,47.4,47.1,14000,0.66,47.34,47.325,-0.19,-0.16,-0.32,-0.21,-1.15,60.2,76.2,94.2,60.2,76.2,-21.26,-37.8,-49.68,21.51,37.99,False,False,False,False,False,False,False,False,False,2026-10-07,造紙工業,造紙工業（公司级产品待核验）
1904,1904.TW,Cheng Loong,正隆,279.84,,TWSE LISTED,造紙工業,25.25,24.55,25.3,24.45,2100479,53.04,24.41,24.565,3.44,2.79,3.06,4.34,2.64,26.45,30.95,51.5,26.45,30.95,-4.35,-18.26,-50.87,4.54,18.42,False,False,False,True,False,False,False,True,False,2026-10-07,造紙工業,造紙工業（公司级产品待核验）
1905,1905.TW,CHP,華紙,142.27,,TWSE LISTED,造紙工業,12.9,12.7,12.95,12.65,1791255,23.11,12.78,12.915,0.94,-0.12,1.98,0.39,-1.15,18.8,25.55,33.9,18.8,25.55,-31.12,-49.32,-61.8,31.38,49.51,False,False,False,False,False,False,False,False,False,2026-10-07,造紙工業,造紙工業（公司级产品待核验）
1906,1906.TW,Baolong Intl.,寶隆,16.16,,TWSE LISTED,造紙工業,10.7,10.65,10.75,10.6,21361,0.23,10.68,10.735,0.19,-0.33,0.47,0.47,-1.83,13.9,16.9,39.85,13.9,16.9,-22.66,-36.39,-73.02,23.02,36.69,False,False,False,False,False,False,False,False,False,2026-10-07,造紙工業,造紙工業（公司级产品待核验）
1907,1907.TW,YFY,永豐餘,469.89,,TWSE LISTED,造紙工業,28.3,27.8,28.3,27.8,809396,22.91,27.91,28.155,1.4,0.52,1.98,1.43,-0.35,31.7,35.55,51.8,31.7,35.55,-10.73,-20.39,-45.37,10.73,20.39,False,False,False,True,False,False,False,False,False,2026-10-07,造紙工業,造紙工業（公司级产品待核验）
1909,1909.TW,Longchen P&P,榮成,134.76,,TWSE LISTED,造紙工業,10.15,10.1,10.25,10.1,1418750,14.4,10.11,10.125,0.4,0.25,0.5,0.5,-1.46,11.5,16.05,51.96,11.5,16.05,-10.87,-36.14,-80.27,11.74,36.76,False,False,False,True,False,False,False,False,False,2026-10-07,造紙工業,造紙工業（公司级产品待核验）
2002,2002.TW,CSC,中鋼,2981.76,,TWSE LISTED,鋼鐵工業,18.95,19.0,19.0,18.8,22310243,422.78,18.95,18.87,0.0,0.42,0.0,-0.26,-1.3,21.6,27.1,46.75,21.6,27.1,-12.04,-29.89,-59.36,12.27,30.07,False,False,False,True,False,False,False,False,False,2026-10-07,鋼鐵工業,鋼鐵、特殊鋼與金屬材料（公司級產品待核驗）
2006,2006.TW,Tung Ho Steel,東和鋼鐵,627.25,,TWSE LISTED,鋼鐵工業,85.9,86.8,87.1,85.2,1685404,144.78,85.9,86.0,0.0,-0.12,-0.81,-0.81,0.59,89.2,89.2,96.57,89.2,89.2,-2.35,-2.35,-9.8,3.7,3.7,False,False,False,False,False,False,False,True,True,2026-10-07,鋼鐵工業,鋼鐵、特殊鋼與金屬材料（公司級產品待核驗）
2007,2007.TW,YH,燁興,36.88,,TWSE LISTED,鋼鐵工業,6.95,6.98,6.98,6.86,90535,0.63,6.962,6.944,-0.17,0.09,0.0,-0.71,-0.71,9.65,13.8,34.9,9.65,13.8,-27.67,-49.42,-80.0,27.98,49.64,False,False,False,False,False,False,False,False,False,2026-10-07,鋼鐵工業,鋼鐵、特殊鋼與金屬材料（公司級產品待核驗）
2008,2008.TW,KHC,高興昌,59.07,,TWSE LISTED,鋼鐵工業,30.95,30.7,30.95,30.6,6142,0.19,30.85,30.735,0.32,0.7,-1.59,1.48,-0.48,31.9,43.0,43.0,31.9,43.0,-2.98,-28.02,-28.02,2.98,28.02,False,False,True,True,False,False,False,True,False,2026-10-07,鋼鐵工業,鋼鐵、特殊鋼與金屬材料（公司級產品待核驗）
2009,2009.TW,FCC,第一銅,143.49,,TWSE LISTED,鋼鐵工業,39.9,39.5,40.0,39.25,1114255,44.46,39.44,39.495,1.17,1.03,1.01,1.53,-0.25,57.2,64.1,76.6,57.2,64.1,-30.07,-37.6,-47.78,30.24,37.75,False,False,True,True,False,False,False,False,False,2026-10-07,鋼鐵工業,鋼鐵、特殊鋼與金屬材料（公司級產品待核驗）
2010,2010.TW,CHUN YUAN STEEL,春源,146.69,,TWSE LISTED,鋼鐵工業,22.65,22.55,22.65,22.45,436364,9.88,22.52,22.435,0.58,0.96,0.44,0.44,-1.52,26.3,26.3,37.55,26.3,26.3,-13.88,-13.88,-39.68,13.88,13.88,False,False,False,False,False,False,False,False,False,2026-10-07,鋼鐵工業,鋼鐵、特殊鋼與金屬材料（公司級產品待核驗）
2012,2012.TW,CHUN YU,春雨,42.3,,TWSE LISTED,鋼鐵工業,14.0,14.1,14.1,13.95,48300,0.68,14.18,14.195,-1.27,-1.37,-1.06,-1.41,-2.78,18.3,28.0,40.48,18.3,28.0,-22.95,-49.64,-65.16,23.5,50.0,False,False,False,False,False,False,False,False,False,2026-10-07,鋼鐵工業,鋼鐵、特殊鋼與金屬材料（公司級產品待核驗）
2013,2013.TW,CSSC,中鋼構,82.5,,TWSE LISTED,鋼鐵工業,41.25,41.15,41.3,41.1,31356,1.29,41.27,41.29,-0.05,-0.1,0.36,-0.36,-0.84,47.0,68.5,81.7,47.0,68.5,-12.13,-39.71,-49.45,12.23,39.78,False,False,False,False,False,False,False,False,False,2026-10-07,鋼鐵工業,鋼鐵、特殊鋼與金屬材料（公司級產品待核驗）
2014,2014.TW,CHUNG HUNG,中鴻,242.61,,TWSE LISTED,鋼鐵工業,16.9,16.95,17.0,16.85,721523,12.19,16.98,16.925,-0.47,-0.15,-0.29,-1.17,-2.87,20.9,29.45,64.7,20.9,29.45,-18.66,-42.28,-73.72,19.14,42.61,False,False,False,False,False,False,False,False,False,2026-10-07,鋼鐵工業,鋼鐵、特殊鋼與金屬材料（公司級產品待核驗）
2015,2015.TW,FH,豐興,375.13,,TWSE LISTED,鋼鐵工業,64.5,64.8,65.1,64.5,152300,9.82,64.22,64.13,0.44,0.58,-0.46,1.1,0.47,70.6,87.2,99.0,70.6,87.2,-7.79,-25.34,-34.24,8.64,26.03,False,False,False,False,False,False,False,True,False,2026-10-07,鋼鐵工業,鋼鐵、特殊鋼與金屬材料（公司級產品待核驗）
2017,2017.TW,Quintain Steel,官田鋼,39.73,,TWSE LISTED,鋼鐵工業,8.89,8.84,8.92,8.84,239896,2.13,8.956,8.973,-0.74,-0.92,0.57,-1.55,-2.63,10.95,16.1,32.05,10.95,16.1,-18.54,-44.6,-72.17,18.81,44.78,False,False,False,False,False,False,False,False,False,2026-10-07,鋼鐵工業,鋼鐵、特殊鋼與金屬材料（公司級產品待核驗）
2020,2020.TW,MAYER PIPE,美亞,65.16,,TWSE LISTED,鋼鐵工業,24.4,24.85,25.05,24.25,1824646,44.52,25.48,24.36,-4.24,0.16,-1.01,-9.29,-8.61,29.25,35.33,36.88,29.25,35.33,-14.36,-29.1,-32.07,16.58,30.94,False,False,False,False,False,False,False,False,False,2026-10-07,鋼鐵工業,鋼鐵、特殊鋼與金屬材料（公司級產品待核驗）
2022,2022.TW,TYCOONS,聚亨,24.14,,TWSE LISTED,鋼鐵工業,7.16,7.18,7.21,7.14,213553,1.53,7.262,7.238,-1.4,-1.08,-1.1,-2.05,-2.32,9.95,14.3,39.27,9.95,14.3,-27.54,-49.58,-81.64,28.04,49.93,False,False,False,False,False,False,False,False,False,2026-10-07,鋼鐵工業,鋼鐵、特殊鋼與金屬材料（公司級產品待核驗）
2023,2023.TW,YP,燁輝,253.15,,TWSE LISTED,鋼鐵工業,13.9,13.85,13.95,13.85,423686,5.89,13.85,13.74,0.36,1.16,0.36,0.0,1.09,16.0,19.56,38.84,16.0,19.56,-12.81,-28.68,-64.09,13.13,28.93,False,False,False,False,False,False,False,False,False,2026-10-07,鋼鐵工業,鋼鐵、特殊鋼與金屬材料（公司級產品待核驗）
2024,2024.TW,CHIH LIEN,志聯,12.43,,TWSE LISTED,鋼鐵工業,12.75,12.75,12.8,12.75,7027,0.09,13.09,12.975,-2.6,-1.73,-1.92,-3.77,-1.16,17.55,24.4,33.85,17.55,24.4,-27.07,-47.54,-62.19,27.35,47.75,False,False,False,False,False,False,False,False,False,2026-10-07,鋼鐵工業,鋼鐵、特殊鋼與金屬材料（公司級產品待核驗）
2025,2025.TW,CSSSC,千興,23.31,,TWSE LISTED,鋼鐵工業,13.5,14.05,14.05,13.5,774022,10.45,13.92,13.59,-3.02,-0.66,-2.53,-5.59,-7.85,15.85,23.86,23.86,15.85,23.86,-11.36,-41.11,-41.11,14.83,43.41,False,False,False,False,False,False,False,False,False,2026-10-07,鋼鐵工業,鋼鐵、特殊鋼與金屬材料（公司級產品待核驗）
2027,2027.TW,TC,大成鋼,1233.98,,TWSE LISTED,鋼鐵工業,47.75,47.8,48.1,47.45,8353793,398.89,47.89,47.475,-0.29,0.58,0.1,-0.62,0.63,52.3,53.0,53.0,52.3,53.0,-8.03,-9.25,-9.25,8.7,9.91,False,False,False,False,False,False,False,True,True,2026-10-07,鋼鐵工業,鋼鐵、特殊鋼與金屬材料（公司級產品待核驗）
2028,2028.TW,WEI CHIH,威致,55.05,,TWSE LISTED,鋼鐵工業,16.9,16.85,16.9,16.75,66039,1.12,16.81,16.59,0.54,1.87,0.0,0.3,-1.46,21.9,30.3,67.8,21.9,30.3,-22.83,-44.22,-75.07,22.83,44.22,False,False,True,False,False,False,False,False,False,2026-10-07,鋼鐵工業,鋼鐵、特殊鋼與金屬材料（公司級產品待核驗）
2029,2029.TW,SYSCO,盛餘,70.5,,TWSE LISTED,鋼鐵工業,21.95,21.85,22.0,21.75,120000,2.63,21.94,21.83,0.05,0.55,1.39,-1.57,-2.23,22.8,32.15,58.0,22.8,32.15,-3.51,-31.57,-62.07,3.73,31.73,False,False,False,True,False,False,False,True,False,2026-10-07,鋼鐵工業,鋼鐵、特殊鋼與金屬材料（公司級產品待核驗）
2030,2030.TW,FROCH,彰源,103.09,,TWSE LISTED,鋼鐵工業,36.75,37.4,38.5,35.9,6601335,242.6,37.39,34.235,-1.71,7.35,-1.34,-4.3,0.14,40.0,40.0,52.8,40.0,40.0,-3.75,-3.75,-27.08,8.13,8.13,False,False,False,False,False,False,False,True,True,2026-10-07,鋼鐵工業,鋼鐵、特殊鋼與金屬材料（公司級產品待核驗）
2031,2031.TW,Hkssteel,新光鋼,147.41,,TWSE LISTED,鋼鐵工業,45.9,45.95,45.95,45.6,324000,14.87,46.06,45.96,-0.35,-0.13,0.33,-1.61,-1.29,47.5,70.5,94.6,47.5,70.5,-3.26,-34.82,-51.43,3.37,34.89,False,False,False,False,False,False,False,True,False,2026-10-07,鋼鐵工業,鋼鐵、特殊鋼與金屬材料（公司級產品待核驗）
2032,2032.TW,Sinkang,新鋼,24.41,,TWSE LISTED,鋼鐵工業,18.7,19.0,19.15,18.5,1479575,27.67,19.3,19.025,-3.11,-1.71,-2.35,-6.73,-7.88,21.0,22.4,46.5,21.0,22.4,-8.81,-14.51,-58.82,10.95,16.52,False,False,False,False,False,False,False,False,False,2026-10-07,鋼鐵工業,鋼鐵、特殊鋼與金屬材料（公司級產品待核驗）
2033,2033.TW,CHIA TA,佳大,63.84,,TWSE LISTED,鋼鐵工業,53.2,55.9,55.9,52.8,981090,52.19,50.95,44.7,4.42,19.02,0.76,3.91,25.62,56.3,56.3,56.3,56.3,56.3,-0.71,-0.71,-0.71,5.51,5.51,False,False,False,False,False,False,False,True,True,2026-10-07,鋼鐵工業,鋼鐵、特殊鋼與金屬材料（公司級產品待核驗）
2034,2034.TW,YC,允強,127.75,,TWSE LISTED,鋼鐵工業,24.15,24.1,24.7,23.7,3771126,91.07,23.84,23.415,1.3,3.14,0.84,0.62,-2.62,25.0,28.95,47.3,25.0,28.95,-1.2,-14.68,-47.78,3.4,16.58,False,False,False,False,False,False,False,True,False,2026-10-07,鋼鐵工業,鋼鐵、特殊鋼與金屬材料（公司級產品待核驗）
2035,2035.TWO,TE,唐榮公司,96.6,,TPEx LISTED,鋼鐵工業,27.6,26.55,27.6,26.55,6000,0.17,26.92,26.81,2.53,2.95,3.37,3.37,4.15,30.5,35.0,51.2,30.5,35.0,-9.51,-21.14,-46.09,9.51,21.14,False,False,False,True,False,False,False,True,False,2026-10-07,鋼鐵工業,鋼鐵、特殊鋼與金屬材料（公司級產品待核驗）
2038,2038.TW,HAIKWANG,海光,24.36,,TWSE LISTED,鋼鐵工業,12.55,12.3,12.8,12.3,210154,2.64,12.68,12.6,-1.03,-0.4,1.62,-3.09,-4.92,17.9,23.48,64.71,17.9,23.48,-28.49,-45.49,-80.22,29.89,46.55,False,False,False,False,False,False,False,False,False,2026-10-07,鋼鐵工業,鋼鐵、特殊鋼與金屬材料（公司級產品待核驗）
2049,2049.TW,HIWIN,上銀,1211.74,,TWSE LISTED,電機機械,342.5,350.0,356.5,341.5,3532336,1209.83,339.0,334.55,1.03,2.38,0.88,3.01,2.24,426.0,426.0,460.08,426.0,426.0,-16.31,-16.31,-22.51,19.6,19.6,False,False,False,False,False,False,False,False,False,2026-10-07,電機機械,電機機械、工業自動化與設備（公司級產品待核驗）
2059,2059.TW,king slide,川湖,11235.52,,TWSE LISTED,電子零組件業,11790.0,11790.0,11790.0,11790.0,240893,2840.13,12445.0,12380.5,-5.26,-4.77,-10.0,-2.92,-2.2,15085.0,15085.0,15085.0,15085.0,15085.0,-21.84,-21.84,-21.84,21.84,21.84,False,False,False,False,False,False,False,False,False,2026-10-07,電子零組件業,電子零組件：PCB、CCL、IC載板、連接器與被動元件（公司級品類待核驗）
2061,2061.TWO,FENG CHING,風青,39.25,,TPEx LISTED,電器電纜,68.4,66.1,69.7,65.7,3569159,244.13,65.72,61.27,4.08,11.64,4.43,0.88,14.38,85.8,85.8,85.8,85.8,85.8,-18.76,-18.76,-18.76,20.28,20.28,False,False,False,False,False,False,False,False,False,2026-10-07,電器電纜,電線電纜、電力設備與能源傳輸（公司級產品待核驗）
2062,2062.TW,SSM,橋椿,35.7,,TWSE LISTED,居家生活,17.85,17.85,17.9,17.8,129000,2.3,17.93,17.99,-0.45,-0.78,-0.28,-0.83,-1.11,24.4,43.45,46.99,24.4,43.45,-26.64,-58.8,-61.9,26.84,58.92,False,False,False,False,False,False,False,False,False,2026-10-07,居家生活,居家用品、建材、家具與生活消費品（公司級產品待核驗）
2063,2063.TWO,SHEH KAI,世鎧精密,11.33,,TPEx LISTED,鋼鐵工業,23.55,23.35,23.7,23.35,39099,0.92,23.62,23.615,-0.3,-0.28,0.21,-0.42,0.21,29.45,60.0,60.0,29.45,60.0,-19.52,-60.5,-60.5,20.03,60.75,False,False,False,False,False,False,False,False,False,2026-10-07,鋼鐵工業,鋼鐵、特殊鋼與金屬材料（公司級產品待核驗）
2064,2064.TWO,CAMELLIA,晉椿,8.25,,TPEx LISTED,鋼鐵工業,11.9,12.0,12.0,11.85,4002,0.05,11.97,11.92,-0.58,-0.17,-0.83,-0.83,0.0,16.35,17.5,33.7,16.35,17.5,-26.61,-31.43,-64.39,27.22,32.0,False,False,False,False,False,False,False,False,False,2026-10-07,鋼鐵工業,鋼鐵、特殊鋼與金屬材料（公司級產品待核驗）
2065,2065.TWO,SF,世豐,22.68,,TPEx LISTED,鋼鐵工業,35.7,35.6,35.85,35.5,96338,3.44,35.62,35.415,0.22,0.8,0.42,0.14,0.42,38.45,67.0,67.0,38.45,67.0,-6.76,-46.49,-46.49,7.15,46.72,False,False,False,False,False,False,False,True,False,2026-10-07,鋼鐵工業,鋼鐵、特殊鋼與金屬材料（公司級產品待核驗）
2066,2066.TWO,SUMEEKO,世德,23.02,,TPEx LISTED,電機機械,51.8,51.7,51.8,51.2,15000,0.78,52.0,52.31,-0.38,-0.97,0.39,-1.33,-0.77,75.9,154.0,154.0,75.9,154.0,-31.75,-66.36,-66.36,31.75,66.36,False,False,False,False,False,False,False,False,False,2026-10-07,電機機械,電機機械、工業自動化與設備（公司級產品待核驗）
2067,2067.TWO,CYSTEEL,嘉鋼,2.17,,TPEx LISTED,電機機械,6.399,6.399,6.399,6.399,0,0.0,6.476,6.722,-1.19,-4.8,0.0,-1.84,-2.24,14.8,18.4,26.66,14.8,18.4,-56.76,-65.22,-76.0,56.76,65.22,False,False,False,False,False,False,False,False,False,2026-10-07,電機機械,電機機械、工業自動化與設備（公司級產品待核驗）
2069,2069.TW,YC,運錩,41.68,,TWSE LISTED,鋼鐵工業,25.05,24.95,25.7,24.95,793525,19.88,25.24,25.56,-0.75,-2.0,1.62,-3.47,-6.18,27.55,27.55,48.26,27.55,27.55,-6.72,-6.72,-46.75,9.07,9.07,False,False,False,False,False,False,False,True,True,2026-10-07,鋼鐵工業,鋼鐵、特殊鋼與金屬材料（公司級產品待核驗）
2070,2070.TWO,Ching Chan,精湛,26.03,,TPEx LISTED,電機機械,62.3,62.7,62.7,61.6,58118,3.62,62.64,62.27,-0.54,0.05,0.16,-1.27,-1.58,82.9,122.5,122.5,82.9,122.5,-24.37,-48.82,-48.82,24.85,49.14,False,False,False,False,False,False,False,False,False,2026-10-07,電機機械,電機機械、工業自動化與設備（公司級產品待核驗）
2072,2072.TW,CENE,世紀風電,250.56,,TWSE LISTED,綠能環保,130.5,130.5,131.5,130.0,140000,18.27,131.0,130.05,-0.38,0.35,1.56,-1.88,-0.76,321.0,505.0,505.0,321.0,505.0,-59.03,-73.96,-73.96,59.35,74.16,False,False,False,False,False,False,False,False,False,2026-10-07,綠能環保,綠能、太陽能、儲能與環境工程（公司級產品待核驗）
2073,2073.TWO,SSMC,雄順,7.04,,TPEx LISTED,鋼鐵工業,25.6,25.6,25.6,25.6,4000,0.1,25.64,25.625,-0.16,-0.1,0.0,0.0,1.59,30.05,31.9,53.0,30.05,31.9,-14.81,-19.75,-51.7,14.81,19.75,False,False,False,False,False,False,False,False,False,2026-10-07,鋼鐵工業,鋼鐵、特殊鋼與金屬材料（公司級產品待核驗）
2101,2101.TW,NK,南港,218.35,,TWSE LISTED,橡膠工業,29.75,29.2,29.9,29.2,2338196,69.56,29.3,29.605,1.54,0.49,2.23,1.54,-0.5,38.35,65.2,65.2,38.35,65.2,-22.03,-54.14,-54.14,22.43,54.37,False,False,False,True,False,False,False,False,False,2026-10-07,橡膠工業,橡膠工業（公司级产品待核验）
2102,2102.TW,FEDERAL CORP,泰豐,78.34,,TWSE LISTED,橡膠工業,16.55,16.5,16.6,16.45,141813,2.35,16.61,16.555,-0.36,-0.03,0.3,-1.19,0.0,21.4,24.9,35.35,21.4,24.9,-22.43,-33.33,-53.04,22.66,33.53,False,False,False,False,False,False,False,False,False,2026-10-07,橡膠工業,橡膠工業（公司级产品待核验）
2103,2103.TW,TSRC,台橡,239.46,,TWSE LISTED,橡膠工業,29.0,28.45,29.3,28.25,6787989,196.85,28.31,28.015,2.44,3.52,4.13,3.02,3.02,29.45,29.45,43.9,29.45,29.45,-0.51,-0.51,-33.26,1.53,1.53,False,False,False,False,False,False,False,True,True,2026-10-07,橡膠工業,橡膠工業（公司级产品待核验）
2104,2104.TW,CSRC,國際中橡,111.27,,TWSE LISTED,橡膠工業,11.3,11.3,11.4,11.1,2786023,31.48,11.16,11.105,1.25,1.76,0.44,2.73,1.35,14.8,20.1,40.75,14.8,20.1,-22.97,-43.28,-72.03,23.65,43.78,False,False,False,True,False,False,False,False,False,2026-10-07,橡膠工業,橡膠工業（公司级产品待核验）
2105,2105.TW,CST,正新,983.77,,TWSE LISTED,橡膠工業,30.35,30.15,30.4,30.1,3305562,100.32,30.31,30.25,0.13,0.33,1.0,-0.33,-0.98,35.3,62.0,67.1,35.3,62.0,-13.88,-50.97,-54.69,14.02,51.05,False,False,False,True,False,False,False,False,False,2026-10-07,橡膠工業,橡膠工業（公司级产品待核验）
2106,2106.TW,KENDA,建大,159.47,,TWSE LISTED,橡膠工業,16.7,16.5,16.7,16.45,510449,8.52,16.6,16.585,0.6,0.69,1.21,0.3,0.3,21.15,35.7,49.05,21.15,35.7,-21.04,-53.22,-65.95,21.04,53.22,False,False,False,True,False,False,False,False,False,2026-10-07,橡膠工業,橡膠工業（公司级产品待核验）
2107,2107.TW,FRG,厚生,85.46,,TWSE LISTED,橡膠工業,28.15,27.9,28.45,27.8,710344,20.0,27.38,27.155,2.81,3.66,1.44,4.45,4.26,28.0,28.85,32.83,28.45,28.85,1.61,-1.39,-13.35,1.05,2.43,True,False,False,False,True,False,False,True,True,2026-10-07,橡膠工業,橡膠工業（公司级产品待核验）
2108,2108.TW,NANTEX,南帝,146.49,,TWSE LISTED,橡膠工業,29.75,28.75,29.9,28.75,1263893,37.6,28.63,28.615,3.91,3.97,3.66,5.31,3.48,32.7,46.5,176.0,32.7,46.5,-8.56,-35.7,-83.01,9.02,36.02,False,False,False,False,False,False,False,True,False,2026-10-07,橡膠工業,橡膠工業（公司级产品待核验）
2109,2109.TW,HWA FONG,華豐,40.09,,TWSE LISTED,橡膠工業,14.35,14.3,14.35,14.25,193341,2.77,14.32,14.5,0.21,-1.03,0.7,0.0,-0.35,15.25,20.95,25.9,15.25,20.95,-5.9,-31.5,-44.59,5.9,31.5,False,False,False,False,False,False,False,True,False,2026-10-07,橡膠工業,橡膠工業（公司级产品待核验）
2114,2114.TW,HYC,鑫永銓,70.19,,TWSE LISTED,橡膠工業,90.0,90.4,90.4,89.8,17043,1.53,90.02,89.93,-0.02,0.08,-0.11,0.0,0.11,95.3,113.5,149.0,95.3,113.5,-5.14,-20.35,-39.33,5.56,20.7,False,False,False,False,False,False,False,True,False,2026-10-07,橡膠工業,橡膠工業（公司级产品待核验）
2115,2115.TW,LU HAI,六暉-KY,25.94,,TWSE LISTED,汽車工業,24.85,24.75,25.45,24.7,350000,8.7,24.07,23.915,3.24,3.91,4.19,3.97,3.97,27.25,32.9,47.88,27.25,32.9,-6.61,-22.66,-46.84,8.81,24.48,False,False,False,False,False,False,False,True,False,2026-10-07,汽車工業,汽車整車、汽車零組件與車用電子（公司級產品待核驗）
2201,2201.TW,YL,裕隆,309.23,,TWSE LISTED,汽車工業,28.9,28.4,28.95,28.3,2074502,59.95,28.66,28.95,0.84,-0.17,2.48,0.87,-1.2,33.7,91.7,93.25,33.7,91.7,-14.09,-68.43,-68.95,14.24,68.48,False,False,False,False,False,False,False,False,False,2026-10-07,汽車工業,汽車整車、汽車零組件與車用電子（公司級產品待核驗）
2204,2204.TW,CMC,中華,285.67,,TWSE LISTED,汽車工業,51.6,51.1,51.8,51.0,723140,37.31,51.54,51.97,0.12,-0.71,0.98,-0.19,-1.34,60.2,151.0,151.0,60.2,151.0,-13.95,-65.7,-65.7,14.29,65.83,False,False,False,False,False,False,False,False,False,2026-10-07,汽車工業,汽車整車、汽車零組件與車用電子（公司級產品待核驗）
2206,2206.TW,SYM,三陽工業,488.19,,TWSE LISTED,汽車工業,63.1,63.1,63.2,62.8,570228,35.98,62.84,62.92,0.41,0.29,0.0,0.48,1.61,66.7,89.6,99.3,66.7,89.6,-5.25,-29.46,-36.35,5.4,29.58,False,False,False,True,False,False,False,True,False,2026-10-07,汽車工業,汽車整車、汽車零組件與車用電子（公司級產品待核驗）
2207,2207.TW,HOTAI MOTOR,和泰車,2930.36,,TWSE LISTED,汽車工業,526.0,516.0,526.0,516.0,308144,162.08,515.8,514.5,1.98,2.24,2.14,2.53,3.34,585.0,721.0,867.65,585.0,721.0,-10.09,-27.05,-39.38,10.09,27.05,False,False,False,False,False,False,False,False,False,2026-10-07,汽車工業,汽車整車、汽車零組件與車用電子（公司級產品待核驗）
2208,2208.TW,CSBC,台船,235.79,,TWSE LISTED,航運業,18.5,18.5,18.7,18.4,1669384,30.88,18.62,18.96,-0.64,-2.43,0.27,-1.86,-3.39,24.9,30.0,51.84,24.9,30.0,-24.9,-37.67,-63.93,25.7,38.33,False,False,False,False,False,False,False,False,False,2026-10-07,航運業,海運、航空、港口與物流運輸（公司級業務待核驗）
2211,2211.TW,EGST,長榮鋼,332.84,,TWSE LISTED,鋼鐵工業,79.8,79.2,79.8,79.2,317470,25.33,79.32,79.51,0.61,0.36,0.88,0.5,0.13,105.5,158.5,158.5,105.5,158.5,-24.36,-49.65,-49.65,24.36,49.65,False,False,False,True,False,False,False,False,False,2026-10-07,鋼鐵工業,鋼鐵、特殊鋼與金屬材料（公司級產品待核驗）
2221,2221.TWO,DAJA、YHMCO,大甲,80.21,,TPEx LISTED,其他,189.5,187.5,195.0,185.0,619030,117.31,185.7,178.25,2.05,6.31,1.88,0.8,-4.05,198.0,198.0,198.0,198.0,198.0,-1.52,-1.52,-1.52,4.29,4.29,False,False,False,False,False,False,False,True,True,2026-10-07,其他,其他（公司级产品待核验）
2227,2227.TW,YNM,裕日車,133.2,,TWSE LISTED,汽車工業,44.4,44.5,44.5,44.0,39000,1.73,44.6,44.805,-0.45,-0.9,-1.33,0.0,-1.33,56.4,192.0,332.0,56.4,192.0,-21.1,-76.82,-86.6,21.28,76.87,False,False,False,False,False,False,False,False,False,2026-10-07,汽車工業,汽車整車、汽車零組件與車用電子（公司級產品待核驗）
2228,2228.TW,IRF,劍麟,58.96,,TWSE LISTED,汽車工業,73.9,74.0,74.4,73.9,36037,2.66,74.5,74.74,-0.81,-1.12,0.0,-1.34,-1.2,111.5,131.0,218.5,111.5,131.0,-33.27,-43.21,-65.95,33.72,43.59,False,False,False,False,False,False,False,False,False,2026-10-07,汽車工業,汽車整車、汽車零組件與車用電子（公司級產品待核驗）
2230,2230.TWO,C.T.I.,泰茂,14.8,,TPEx LISTED,居家生活,21.75,21.65,22.2,21.6,263070,5.72,21.78,21.75,-0.14,0.0,0.46,-2.03,-0.23,95.3,160.83,160.83,95.3,160.83,-76.71,-86.2,-86.2,77.18,86.48,False,False,False,False,False,False,False,False,False,2026-10-07,居家生活,居家用品、建材、家具與生活消費品（公司級產品待核驗）
2231,2231.TW,CUB,為升,123.7,,TWSE LISTED,汽車工業,91.0,90.3,92.0,90.3,69500,6.32,91.82,92.0,-0.89,-1.09,0.22,-1.3,-3.91,148.5,150.5,332.16,148.5,150.5,-38.05,-38.87,-72.3,38.72,39.53,False,False,False,False,False,False,False,False,False,2026-10-07,汽車工業,汽車整車、汽車零組件與車用電子（公司級產品待核驗）
2233,2233.TW,TURVO,宇隆,101.29,,TWSE LISTED,汽車工業,168.0,167.5,169.5,167.0,184123,30.93,168.6,167.05,-0.36,0.57,0.3,-1.18,0.6,394.0,394.0,394.0,394.0,394.0,-56.98,-56.98,-56.98,57.36,57.36,False,False,False,False,False,False,False,False,False,2026-10-07,汽車工業,汽車整車、汽車零組件與車用電子（公司級產品待核驗）
2235,2235.TWO,I YUAN,謚源,10.21,,TPEx LISTED,電機機械,28.45,28.0,28.45,28.0,3000,0.09,27.95,28.115,1.79,1.19,1.61,1.25,1.61,37.9,59.9,131.15,37.9,59.9,-24.93,-52.5,-78.31,24.93,52.5,False,False,False,True,False,False,False,False,False,2026-10-07,電機機械,電機機械、工業自動化與設備（公司級產品待核驗）
2236,2236.TW,Patec,百達-KY,53.54,,TWSE LISTED,汽車工業,84.3,91.3,92.5,79.5,4928220,415.45,97.3,103.4,-13.36,-18.47,-4.42,-21.58,-23.01,189.5,189.5,189.5,189.5,189.5,-51.19,-51.19,-51.19,55.51,55.51,False,False,False,False,False,False,False,False,False,2026-10-07,汽車工業,汽車整車、汽車零組件與車用電子（公司級產品待核驗）
2237,2237.TW,RAC,華德動能-創,34.35,,TWSE LISTED,汽車工業,26.65,26.8,26.8,26.4,142052,3.79,26.79,26.85,-0.52,-0.74,-0.56,-0.56,-0.37,44.4,44.4,51.5,44.4,44.4,-39.64,-39.64,-47.96,39.98,39.98,False,False,False,False,False,False,False,False,False,2026-10-07,汽車工業,汽車整車、汽車零組件與車用電子（公司級產品待核驗）
2239,2239.TW,Cayman Engley,英利-KY,21.36,,TWSE LISTED,汽車工業,18.15,18.0,18.2,18.0,25000,0.45,18.54,18.725,-2.1,-3.07,0.55,-4.22,-4.22,38.0,67.9,197.14,38.0,67.9,-52.11,-73.2,-90.77,52.24,73.27,False,False,False,False,False,False,False,False,False,2026-10-07,汽車工業,汽車整車、汽車零組件與車用電子（公司級產品待核驗）
2241,2241.TW,Amulaire,艾姆勒,54.39,,TWSE LISTED,汽車工業,52.0,47.6,52.0,47.4,10368737,539.17,46.64,45.165,11.49,15.13,9.82,18.86,12.68,55.0,55.8,93.34,55.0,55.8,-5.45,-6.81,-44.29,5.45,6.81,True,False,False,False,False,False,False,True,True,2026-10-07,汽車工業,汽車整車、汽車零組件與車用電子（公司級產品待核驗）
2243,2243.TW,HS,宏旭-KY,46.19,,TWSE LISTED,汽車工業,59.7,57.3,62.0,57.3,788112,47.05,55.3,53.37,7.96,11.86,4.19,13.07,13.5,67.8,67.8,69.92,67.8,67.8,-8.55,-8.55,-11.33,11.95,11.95,True,False,False,False,False,False,False,False,False,2026-10-07,汽車工業,汽車整車、汽車零組件與車用電子（公司級產品待核驗）
2247,2247.TW,PGUM,汎德永業,182.41,,TWSE LISTED,汽車工業,226.0,225.0,226.0,225.0,13000,2.94,226.3,227.0,-0.13,-0.44,-0.44,-0.44,0.67,293.5,354.0,427.5,293.5,354.0,-23.0,-36.16,-47.13,23.0,36.16,False,False,False,False,False,False,False,False,False,2026-10-07,汽車工業,汽車整車、汽車零組件與車用電子（公司級產品待核驗）
2248,2248.TW,eLAND,華勝-KY,29.04,,TWSE LISTED,汽車工業,61.0,60.7,61.0,60.5,14000,0.85,60.9,61.19,0.16,-0.31,0.99,0.0,-0.49,70.8,78.0,78.0,70.8,78.0,-13.84,-21.79,-21.79,13.84,21.79,False,False,False,False,False,False,False,False,False,2026-10-07,汽車工業,汽車整車、汽車零組件與車用電子（公司級產品待核驗）
2250,2250.TW,IKKA-KY,IKKA-KY,19.98,,TWSE LISTED,汽車工業,54.9,55.1,55.3,54.9,38000,2.09,55.34,56.15,-0.8,-2.23,-0.36,-1.61,-3.68,79.0,153.65,207.07,79.0,153.65,-30.0,-64.01,-73.29,30.51,64.27,False,False,False,False,False,False,False,False,False,2026-10-07,汽車工業,汽車整車、汽車零組件與車用電子（公司級產品待核驗）
2254,2254.TW,COPLUS,巨鎧精密-創,58.41,,TWSE LISTED,汽車工業,91.4,102.0,106.0,91.4,5822002,532.13,95.22,91.8,-4.01,-0.44,-9.95,-3.08,-1.3,102.0,125.0,149.58,106.0,125.0,3.92,-15.2,-29.14,13.77,26.88,False,False,False,False,True,False,False,False,False,2026-10-07,汽車工業,汽車整車、汽車零組件與車用電子（公司級產品待核驗）
2258,2258.TW,Foxtron,鴻華先進-創,541.14,,TWSE LISTED,汽車工業,30.9,31.0,31.3,30.8,329100,10.17,31.05,31.02,-0.48,-0.39,-0.16,-0.32,-3.44,43.3,52.7,52.7,43.3,52.7,-27.71,-40.61,-40.61,28.64,41.37,False,False,False,False,False,False,False,False,False,2026-10-07,汽車工業,汽車整車、汽車零組件與車用電子（公司級產品待核驗）
2301,2301.TW,LTC,光寶科,6948.32,,TWSE LISTED,電腦及週邊設備業,300.0,299.0,304.5,295.0,16008694,4802.61,292.6,287.85,2.53,4.22,0.33,6.57,7.33,328.0,328.0,328.0,328.0,328.0,-7.16,-7.16,-7.16,8.54,8.54,True,False,False,False,False,False,False,True,True,2026-10-07,電腦及週邊設備業,電子製造服務EMS／伺服器與網通設備
2302,2302.TW,RECTRON,麗正,80.32,,TWSE LISTED,半導體業,48.3,46.0,48.8,45.15,5902206,285.08,47.51,46.335,1.66,4.24,4.09,3.87,7.33,58.1,58.1,58.1,58.1,58.1,-16.01,-16.01,-16.01,16.87,16.87,False,False,False,True,False,False,False,False,False,2026-10-07,半導體業,半導體／IC設計或製造（細分環節待核驗）
2303,2303.TW,UMC,聯電,18666.59,,TWSE LISTED,半導體業,148.5,148.5,150.0,145.5,145796960,21650.85,154.3,155.35,-3.76,-4.41,0.68,-8.05,-3.88,185.5,185.5,185.5,185.5,185.5,-19.14,-19.14,-19.14,19.95,19.95,False,False,False,False,False,False,False,False,False,2026-10-07,半導體業,晶圓代工與邏輯／特殊製程晶片
2305,2305.TW,MII,全友,121.13,,TWSE LISTED,電腦及週邊設備業,58.9,58.2,60.2,57.1,12906942,760.22,59.42,62.14,-0.88,-5.21,1.03,-2.16,-14.26,72.5,72.5,72.5,72.5,72.5,-16.97,-16.97,-16.97,18.76,18.76,False,False,False,False,False,False,False,False,False,2026-10-07,電腦及週邊設備業,電腦、伺服器與企業硬體
2308,2308.TW,DELTA,台達電,51691.11,,TWSE LISTED,電子零組件業,1990.0,2025.0,2045.0,1975.0,9007514,17924.95,1967.0,1927.0,1.17,3.27,-2.93,5.57,5.29,2585.0,2585.0,2585.0,2585.0,2585.0,-20.89,-20.89,-20.89,23.02,23.02,False,False,False,False,False,False,False,False,False,2026-10-07,電子零組件業,電源管理與電源供應器／電力電子
2312,2312.TW,KINPO,金寶,467.55,,TWSE LISTED,其他電子業,31.05,30.8,31.25,30.65,6951329,215.84,30.86,30.855,0.62,0.63,1.14,0.65,-0.64,44.4,44.4,44.4,44.4,44.4,-29.62,-29.62,-29.62,30.07,30.07,False,False,False,True,False,False,False,False,False,2026-10-07,其他電子業,其他電子：電子模組、感測器、電源與車用電子（公司級產品待核驗）
2313,2313.TW,COMPEQ,華通,3035.2,,TWSE LISTED,電子零組件業,246.0,254.5,261.0,246.0,59769877,14703.39,239.4,231.8,2.76,6.13,-2.38,8.85,8.61,305.5,305.5,305.5,305.5,305.5,-14.57,-14.57,-14.57,19.48,19.48,False,False,False,False,False,False,False,False,False,2026-10-07,電子零組件業,PCB印刷電路板（多層板、HDI/高階板）
2314,2314.TW,MTI,台揚,11.78,,TWSE LISTED,通信網路業,10.85,10.9,10.95,10.85,98675,1.07,11.07,11.075,-1.99,-2.03,-0.46,-1.36,-3.12,24.1,102.12,224.98,24.1,102.12,-54.56,-89.28,-95.13,54.98,89.37,False,False,False,False,False,False,False,False,False,2026-10-07,通信網路業,通信網路／網通設備
2316,2316.TW,WUS,楠梓電,327.11,,TWSE LISTED,電子零組件業,179.0,175.0,191.0,174.0,6251399,1119.0,172.5,167.05,3.77,7.15,2.58,4.99,7.83,248.5,248.5,248.5,248.5,248.5,-23.14,-23.14,-23.14,27.97,27.97,True,True,False,False,False,False,False,False,False,2026-10-07,電子零組件業,電子零組件：PCB、CCL、IC載板、連接器與被動元件（公司級品類待核驗）
2317,2317.TW,HON HAI,鴻海,35470.88,,TWSE LISTED,其他電子業,252.0,254.0,254.5,251.5,35038733,8829.76,253.4,252.85,-0.55,-0.34,-1.56,0.4,0.2,314.0,314.0,314.0,314.0,314.0,-18.95,-18.95,-18.95,19.75,19.75,False,False,False,False,False,False,False,False,False,2026-10-07,其他電子業,電子製造服務EMS／伺服器、消費電子與網通
2321,2321.TW,TECOM,東訊,4.22,,TWSE LISTED,通信網路業,25.5,25.5,25.5,25.5,0,0.0,25.14,24.89,1.43,2.45,0.0,-1.35,4.94,34.56,38.4,164.57,34.56,38.4,-26.21,-33.59,-84.51,26.21,33.59,False,False,False,False,False,False,False,False,False,2026-10-07,通信網路業,通信網路／網通設備
2323,2323.TW,CMC,中環,119.83,,TWSE LISTED,光電業,12.222,12.222,12.222,12.222,0,0.0,12.222,12.128,0.0,0.78,0.0,0.0,-0.0,14.56,16.22,24.91,14.56,16.22,-16.03,-24.66,-50.94,16.03,24.66,False,False,False,False,False,False,False,False,False,2026-10-07,光電業,光電顯示／光學元件
2324,2324.TW,Compal,仁寶,1590.98,,TWSE LISTED,電腦及週邊設備業,36.1,36.2,36.3,35.8,21712357,783.82,36.13,36.415,-0.08,-0.87,0.56,-0.28,-2.7,47.75,47.75,47.75,47.75,47.75,-23.98,-23.98,-23.98,24.4,24.4,False,False,False,False,False,False,False,False,False,2026-10-07,電腦及週邊設備業,電腦、伺服器與企業硬體
2327,2327.TW,YAGEO,國巨*,13319.99,,TWSE LISTED,電子零組件業,647.0,630.0,686.0,627.0,89742092,58063.13,625.2,594.6,3.49,8.81,3.52,3.35,18.07,1220.0,1220.0,1220.0,1220.0,1220.0,-43.77,-43.77,-43.77,46.97,46.97,False,False,False,False,False,False,False,False,False,2026-10-07,電子零組件業,電子零組件：PCB、CCL、IC載板、連接器與被動元件（公司級品類待核驗）
2328,2328.TW,PI,廣宇,249.84,,TWSE LISTED,電子零組件業,48.2,48.35,48.5,47.8,1298126,62.57,48.06,47.595,0.29,1.27,0.21,0.52,1.37,64.5,64.5,64.5,64.5,64.5,-24.81,-24.81,-24.81,25.27,25.27,False,False,False,False,False,False,False,False,False,2026-10-07,電子零組件業,電子零組件：PCB、CCL、IC載板、連接器與被動元件（公司級品類待核驗）
2329,2329.TW,OSE,華泰,299.16,,TWSE LISTED,半導體業,45.4,45.45,45.7,45.05,2187442,99.31,45.02,44.575,0.84,1.85,0.11,0.89,1.34,71.1,88.4,88.4,71.1,88.4,-35.72,-48.3,-48.3,36.15,48.64,False,False,False,False,False,False,False,False,False,2026-10-07,半導體業,半導體／IC設計或製造（細分環節待核驗）
2330,2330.TW,TSMC,台積電,670351.77,,TWSE LISTED,半導體業,2585.0,2565.0,2585.0,2560.0,14466183,37395.08,2551.0,2514.5,1.33,2.8,0.0,3.4,4.23,2590.0,2590.0,2590.0,2590.0,2590.0,-0.19,-0.19,-0.19,0.19,0.19,False,False,False,False,False,False,False,True,True,2026-10-07,半導體業,晶圓代工（先進與成熟製程）
2331,2331.TW,ECS,精英,105.91,,TWSE LISTED,電腦及週邊設備業,19.0,19.05,19.1,18.9,691574,13.14,18.96,18.975,0.21,0.13,1.06,-0.26,-1.04,30.35,41.45,41.45,30.35,41.45,-37.07,-53.92,-53.92,37.4,54.16,False,False,False,True,False,False,False,False,False,2026-10-07,電腦及週邊設備業,電腦、伺服器與企業硬體
2332,2332.TW,D-LINK,友訊,127.06,,TWSE LISTED,通信網路業,21.1,20.5,21.3,20.25,9950461,209.95,20.45,20.365,3.18,3.61,3.43,3.18,2.43,26.45,28.6,33.48,26.45,28.6,-19.47,-25.52,-36.38,20.23,26.22,False,False,True,True,False,False,False,False,False,2026-10-07,通信網路業,通信網路／網通設備
2337,2337.TW,Macronix,旺宏,2338.59,,TWSE LISTED,半導體業,118.0,120.0,120.5,117.0,22770088,2686.87,120.4,119.7,-1.99,-1.42,-1.26,-3.28,-3.67,192.0,192.0,192.0,192.0,192.0,-37.24,-37.24,-37.24,38.54,38.54,False,False,False,False,False,False,False,False,False,2026-10-07,半導體業,半導體／IC設計或製造（細分環節待核驗）
2338,2338.TW,TMC,光罩,177.03,,TWSE LISTED,半導體業,47.8,47.65,48.35,47.3,2093665,100.08,48.1,47.58,-0.62,0.46,0.31,-3.73,1.06,61.4,85.2,117.0,61.4,85.2,-21.25,-43.25,-58.68,22.15,43.9,False,False,False,False,False,False,False,False,False,2026-10-07,半導體業,半導體／IC設計或製造（細分環節待核驗）
2340,2340.TW,TASC,台亞,211.2,,TWSE LISTED,半導體業,48.15,46.4,49.0,43.5,44787309,2156.51,47.07,41.715,2.29,15.43,1.8,5.25,18.01,50.4,51.0,80.4,50.4,51.0,-2.78,-3.92,-39.05,4.46,5.59,False,False,False,False,False,False,False,True,True,2026-10-07,半導體業,半導體／IC設計或製造（細分環節待核驗）
2342,2342.TW,MVI,茂矽,78.82,,TWSE LISTED,半導體業,50.1,49.0,50.6,48.85,5439186,272.5,49.93,48.675,0.34,2.93,1.21,-2.34,-0.4,63.9,63.9,63.9,63.9,63.9,-20.81,-20.81,-20.81,21.6,21.6,False,False,False,False,False,False,False,False,False,2026-10-07,半導體業,半導體／IC設計或製造（細分環節待核驗）
2344,2344.TW,WEC,華邦電,8077.5,,TWSE LISTED,半導體業,179.5,178.5,181.5,175.0,62558669,11229.28,179.4,176.55,0.06,1.67,1.13,0.28,0.0,233.5,233.5,233.5,233.5,233.5,-22.27,-22.27,-22.27,23.13,23.13,False,False,False,True,False,False,False,False,False,2026-10-07,半導體業,半導體／IC設計或製造（細分環節待核驗）
2345,2345.TW,ACCTON,智邦,11306.53,,TWSE LISTED,通信網路業,2015.0,2050.0,2140.0,2005.0,4894508,9862.43,2001.0,1929.0,0.7,4.46,-1.71,2.54,13.52,2825.0,2825.0,2825.0,2825.0,2825.0,-24.25,-24.25,-24.25,28.67,28.67,False,False,False,False,False,False,False,False,False,2026-10-07,通信網路業,通信網路／網通設備
2347,2347.TW,Synnex,聯強,1614.57,,TWSE LISTED,電子通路業,96.8,95.6,96.8,95.2,2333170,225.85,96.42,95.04,0.39,1.85,1.04,-0.31,2.0,100.0,100.0,100.0,100.0,100.0,-3.2,-3.2,-3.2,3.2,3.2,False,False,False,False,False,False,False,True,True,2026-10-07,電子通路業,電子通路、半導體代理與零組件分銷（公司級代理品類待核驗）
2348,2348.TW,Hiyes,海悅,112.6,,TWSE LISTED,其他,70.6,70.9,71.1,70.4,327305,23.11,70.42,71.07,0.26,-0.66,0.0,0.0,0.0,85.24,319.05,319.05,85.24,319.05,-16.59,-77.71,-77.71,17.17,77.87,False,False,True,False,False,False,False,False,False,2026-10-07,其他,其他（公司级产品待核验）
2349,2349.TW,RITEK,錸德,71.45,,TWSE LISTED,光電業,10.3,10.35,10.45,10.25,1366195,14.07,10.39,10.41,-0.87,-1.06,0.0,-1.9,-3.74,17.1,21.9,50.05,17.1,21.9,-38.89,-52.28,-79.12,39.77,52.97,False,False,False,False,False,False,False,False,False,2026-10-07,光電業,光電顯示／光學元件
2351,2351.TW,SDI,順德,422.34,,TWSE LISTED,半導體業,218.0,218.5,226.0,218.0,3419500,745.45,216.5,219.1,0.69,-0.5,-0.23,3.07,4.31,257.0,257.0,257.0,257.0,257.0,-12.06,-12.06,-12.06,15.18,15.18,False,False,False,False,False,False,False,False,False,2026-10-07,半導體業,半導體設備／晶圓製程設備
2352,2352.TW,Qisda,佳世達,456.77,,TWSE LISTED,電腦及週邊設備業,28.9,29.0,29.05,28.8,2781923,80.4,28.99,29.1,-0.31,-0.69,0.35,-1.03,-2.53,36.3,60.91,79.02,36.3,60.91,-19.97,-52.31,-63.24,20.39,52.56,False,False,False,False,False,False,False,False,False,2026-10-07,電腦及週邊設備業,電腦、伺服器與企業硬體
2353,2353.TW,ACER,宏碁,953.98,,TWSE LISTED,電腦及週邊設備業,31.3,31.3,31.45,31.05,7685353,240.55,31.4,31.475,-0.32,-0.56,0.81,-0.32,-1.11,44.2,60.5,60.5,44.2,60.5,-28.85,-48.02,-48.02,29.19,48.26,False,False,False,False,False,False,False,False,False,2026-10-07,電腦及週邊設備業,電腦、伺服器與企業硬體
2354,2354.TW,FTC,鴻準,878.4,,TWSE LISTED,其他電子業,62.1,62.8,62.9,62.0,5795797,359.92,64.22,64.93,-3.3,-4.36,-0.96,-5.48,-5.48,69.5,99.9,102.0,69.5,99.9,-9.5,-37.04,-38.33,10.65,37.84,False,False,False,False,False,False,False,False,False,2026-10-07,其他電子業,其他電子：電子模組、感測器、電源與車用電子（公司級產品待核驗）
2355,2355.TW,CHIN-POON,敬鵬,177.28,,TWSE LISTED,電子零組件業,44.6,43.8,44.9,43.6,2961366,132.08,43.53,42.585,2.46,4.73,1.83,3.0,6.7,71.0,71.0,71.0,71.0,71.0,-36.76,-36.76,-36.76,37.18,37.18,False,False,False,False,False,False,False,False,False,2026-10-07,電子零組件業,電子零組件：PCB、CCL、IC載板、連接器與被動元件（公司級品類待核驗）
2356,2356.TW,INVENTEC,英業達,2084.32,,TWSE LISTED,電腦及週邊設備業,58.1,58.8,58.9,58.1,9542123,554.4,58.74,59.45,-1.09,-2.27,-0.85,-1.53,-2.35,88.6,88.6,88.6,88.6,88.6,-33.52,-33.52,-33.52,34.42,34.42,False,False,False,False,False,False,False,False,False,2026-10-07,電腦及週邊設備業,電腦、伺服器與企業硬體
2357,2357.TW,ASUSTEK,華碩,7345.9,,TWSE LISTED,電腦及週邊設備業,989.0,1000.0,1010.0,983.0,1826163,1806.08,982.2,969.9,0.69,1.97,-1.1,2.81,2.91,1030.0,1030.0,1030.0,1030.0,1030.0,-1.94,-1.94,-1.94,3.98,3.98,False,False,False,False,False,False,False,True,True,2026-10-07,電腦及週邊設備業,電腦與伺服器ODM／筆電與企業硬體
2359,2359.TW,SOLOMON,所羅門,218.63,,TWSE LISTED,其他電子業,127.5,127.5,127.5,126.0,823006,104.93,127.4,127.95,0.08,-0.35,1.19,-0.78,-0.78,183.0,187.5,187.5,183.0,187.5,-30.33,-32.0,-32.0,30.33,32.0,False,False,False,False,False,False,False,False,False,2026-10-07,其他電子業,其他電子：電子模組、感測器、電源與車用電子（公司級產品待核驗）
2360,2360.TW,CHROMA,致茂,10205.9,,TWSE LISTED,其他電子業,2400.0,2480.0,2560.0,2385.0,4933589,11840.61,2269.0,2272.5,5.77,5.61,2.13,9.59,12.41,2795.0,2795.0,2795.0,2795.0,2795.0,-8.41,-8.41,-8.41,14.13,14.13,True,False,False,False,False,False,False,False,False,2026-10-07,其他電子業,其他電子：電子模組、感測器、電源與車用電子（公司級產品待核驗）
2362,2362.TW,CLEVO CO.,藍天,290.6,,TWSE LISTED,電腦及週邊設備業,46.7,46.65,46.8,46.45,339270,15.84,46.54,46.955,0.34,-0.54,0.43,0.11,-0.43,52.1,69.3,69.3,52.1,69.3,-10.17,-32.47,-32.47,10.36,32.61,False,False,False,False,False,False,False,False,False,2026-10-07,電腦及週邊設備業,電腦、伺服器與企業硬體
2363,2363.TW,SiS,矽統,312.6,,TWSE LISTED,半導體業,60.7,59.5,61.8,58.5,7624166,462.79,60.48,59.89,0.36,1.35,2.71,-2.72,2.71,76.1,116.92,116.92,76.1,116.92,-18.79,-47.14,-47.14,20.24,48.09,False,False,False,True,False,False,False,False,False,2026-10-07,半導體業,PCB印刷電路板與電子零組件
2364,2364.TW,Twinhead,倫飛,37.23,,TWSE LISTED,電腦及週邊設備業,64.6,64.5,65.1,64.3,63882,4.13,64.88,65.38,-0.43,-1.19,0.0,-1.37,-0.62,81.64,86.34,86.34,81.64,86.34,-20.26,-24.6,-24.6,20.87,25.18,False,False,False,False,False,False,False,False,False,2026-10-07,電腦及週邊設備業,電腦、伺服器與企業硬體
2365,2365.TW,KYE,昆盈,61.7,,TWSE LISTED,電腦及週邊設備業,27.85,27.8,28.1,27.7,497232,13.85,28.04,28.195,-0.68,-1.22,0.36,-1.94,-1.76,44.0,71.3,71.3,44.0,71.3,-36.14,-60.59,-60.59,36.7,60.94,False,False,False,False,False,False,False,False,False,2026-10-07,電腦及週邊設備業,電腦、伺服器與企業硬體
2367,2367.TW,UNITECH,燿華,333.35,,TWSE LISTED,電子零組件業,47.2,47.4,49.0,47.1,15944570,752.58,46.6,44.415,1.29,6.27,-0.94,4.54,8.38,82.5,82.5,82.5,82.5,82.5,-40.61,-40.61,-40.61,42.79,42.79,False,False,False,False,False,False,False,False,False,2026-10-07,電子零組件業,電子零組件：PCB、CCL、IC載板、連接器與被動元件（公司級品類待核驗）
2368,2368.TW,GCE,金像電,6605.91,,TWSE LISTED,電子零組件業,1245.0,1265.0,1310.0,1240.0,11085964,13802.03,1184.0,1144.5,5.15,8.78,-1.19,12.67,11.16,1580.0,1580.0,1580.0,1580.0,1580.0,-17.09,-17.09,-17.09,21.2,21.2,False,False,False,False,False,False,False,False,False,2026-10-07,電子零組件業,PCB印刷電路板（高階多層板）
2369,2369.TW,LPI,菱生,124.29,,TWSE LISTED,半導體業,32.7,31.65,33.1,31.3,12476587,407.98,31.88,31.74,2.57,3.02,4.14,2.35,1.71,45.7,45.7,45.7,45.7,45.7,-27.57,-27.57,-27.57,28.45,28.45,False,False,False,True,False,False,False,False,False,2026-10-07,半導體業,半導體／IC設計或製造（細分環節待核驗）
2371,2371.TW,TATUNG COMPANY,大同,658.16,,TWSE LISTED,電機機械,30.6,30.9,31.4,30.55,16762785,512.94,30.59,30.005,0.03,1.98,0.0,-1.61,0.49,44.5,76.32,76.32,44.5,76.32,-29.44,-58.86,-58.86,31.24,59.9,False,False,True,False,False,False,False,False,False,2026-10-07,電機機械,電機機械、工業自動化與設備（公司級產品待核驗）
2373,2373.TW,Aurora,震旦行,124.01,,TWSE LISTED,其他電子業,52.5,53.1,53.1,52.5,14106,0.74,52.72,52.8,-0.42,-0.57,-1.32,0.19,-0.76,59.0,77.0,119.0,59.0,77.0,-10.0,-31.04,-55.38,11.02,31.82,False,False,False,False,False,False,False,False,False,2026-10-07,其他電子業,其他電子：電子模組、感測器、電源與車用電子（公司級產品待核驗）
2374,2374.TW,ABILITY,佳能,225.1,,TWSE LISTED,光電業,66.6,66.2,66.8,66.2,1103953,73.52,66.62,66.54,-0.03,0.09,0.6,-0.75,-0.89,97.15,101.0,101.0,97.15,101.0,-31.24,-33.86,-33.86,31.45,34.06,False,False,False,False,False,False,False,False,False,2026-10-07,光電業,光電顯示／光學元件
2375,2375.TW,KAIMEI,凱美,140.73,,TWSE LISTED,電子零組件業,129.5,126.5,134.5,126.0,12408892,1606.95,126.3,122.1,2.53,6.06,3.19,2.78,9.75,237.0,237.0,237.0,237.0,237.0,-43.25,-43.25,-43.25,45.36,45.36,False,False,False,False,False,False,False,False,False,2026-10-07,電子零組件業,電子零組件：PCB、CCL、IC載板、連接器與被動元件（公司級品類待核驗）
2376,2376.TW,GIGABYTE,技嘉,2448.44,,TWSE LISTED,電腦及週邊設備業,365.5,375.5,375.5,361.0,13777940,5035.84,375.2,368.95,-2.59,-0.94,-3.82,-2.14,1.95,402.0,402.0,402.0,402.0,402.0,-6.59,-6.59,-6.59,9.08,9.08,False,False,False,False,False,False,False,True,True,2026-10-07,電腦及週邊設備業,電腦與伺服器ODM／筆電與消費電子
2377,2377.TW,MSI,微星,1317.98,,TWSE LISTED,電腦及週邊設備業,156.0,155.5,156.5,155.0,3919954,611.51,154.7,153.15,0.84,1.86,0.65,0.65,3.31,173.5,210.0,216.5,173.5,210.0,-9.8,-25.48,-27.71,10.09,25.71,False,False,False,False,False,False,False,False,False,2026-10-07,電腦及週邊設備業,電腦、伺服器與企業硬體
2379,2379.TW,RT,瑞昱,3819.95,,TWSE LISTED,半導體業,741.0,755.0,755.0,737.0,1322020,979.62,753.4,755.2,-1.65,-1.88,-1.85,-1.72,-2.5,970.0,970.0,970.0,970.0,970.0,-22.16,-22.16,-22.16,23.61,23.61,False,False,False,False,False,False,False,False,False,2026-10-07,半導體業,IC設計（記憶體控制與儲存控制晶片）
2380,2380.TW,AVISION,虹光,9.48,,TWSE LISTED,電腦及週邊設備業,15.8,16.45,16.65,15.75,298165,4.71,16.54,16.625,-4.47,-4.96,-3.95,-6.23,-7.06,26.5,35.43,64.95,26.5,35.43,-37.17,-53.01,-74.37,40.38,55.41,False,False,False,False,False,False,False,False,False,2026-10-07,電腦及週邊設備業,電腦、伺服器與企業硬體
2382,2382.TW,QCI,廣達,13760.55,,TWSE LISTED,電腦及週邊設備業,335.0,335.0,337.5,332.5,9442843,3163.35,333.1,335.75,0.57,-0.22,0.45,0.9,0.45,438.0,438.0,438.0,438.0,438.0,-22.95,-22.95,-22.95,23.52,23.52,False,False,True,False,False,False,False,False,False,2026-10-07,電腦及週邊設備業,電腦與伺服器ODM／AI伺服器與企業硬體
2383,2383.TW,EMC,台光電,21320.11,,TWSE LISTED,電子零組件業,5950.0,6015.0,6325.0,5950.0,2600543,15473.23,5561.0,5259.0,7.0,13.14,-0.75,14.75,20.57,6470.0,6470.0,6470.0,6470.0,6470.0,-2.24,-2.24,-2.24,8.04,8.04,False,False,False,False,False,False,False,True,True,2026-10-07,電子零組件業,CCL覆銅板／高速高頻基板材料
2385,2385.TW,CHICONY,群光,804.01,,TWSE LISTED,電子零組件業,105.0,105.0,106.0,103.5,3346379,351.37,105.1,104.7,-0.1,0.29,-0.47,0.48,0.48,149.5,267.0,267.0,149.5,267.0,-29.1,-60.3,-60.3,29.77,60.67,False,False,False,False,False,False,False,False,False,2026-10-07,電子零組件業,PCB印刷電路板與電子零組件
2387,2387.TW,SUNREX,精元,70.49,,TWSE LISTED,電腦及週邊設備業,36.1,36.2,36.35,36.05,182200,6.58,36.34,36.545,-0.66,-1.22,-0.82,-1.1,-0.96,47.0,73.4,78.0,47.0,73.4,-22.66,-50.48,-53.4,23.19,50.82,False,False,False,False,False,False,False,False,False,2026-10-07,電腦及週邊設備業,電腦、伺服器與企業硬體
2388,2388.TW,VIA,威盛,397.51,,TWSE LISTED,半導體業,71.5,71.0,72.3,70.5,1604992,114.76,72.08,71.64,-0.8,-0.2,1.27,-2.32,-2.05,91.3,182.5,182.5,91.3,182.5,-20.81,-60.38,-60.38,21.69,60.82,False,False,False,False,False,False,False,False,False,2026-10-07,半導體業,半導體／IC設計或製造（細分環節待核驗）
2390,2390.TW,EVERSPRING,云辰,19.36,,TWSE LISTED,其他電子業,10.05,10.0,10.15,10.0,275200,2.77,10.08,10.13,-0.3,-0.79,0.5,-0.99,-2.43,14.25,17.8,37.83,14.25,17.8,-28.77,-42.98,-73.17,29.47,43.54,False,False,False,False,False,False,False,False,False,2026-10-07,其他電子業,其他電子：電子模組、感測器、電源與車用電子（公司級產品待核驗）
2392,2392.TW,FOXLINK,正崴,208.77,,TWSE LISTED,電子零組件業,40.75,41.1,41.1,40.4,1333310,54.33,41.29,41.635,-1.31,-2.13,-0.97,-1.57,-2.04,48.6,95.4,95.4,48.6,95.4,-15.43,-56.92,-56.92,16.15,57.29,False,False,False,False,False,False,False,False,False,2026-10-07,電子零組件業,電子零組件：PCB、CCL、IC載板、連接器與被動元件（公司級品類待核驗）
2393,2393.TW,EVERLIGHT,億光,301.51,,TWSE LISTED,光電業,68.0,67.0,68.0,66.1,2271910,154.49,66.42,64.94,2.38,4.71,1.19,3.98,5.43,75.0,90.2,90.2,75.0,90.2,-9.33,-24.61,-24.61,9.33,24.61,True,False,False,False,False,False,False,True,False,2026-10-07,光電業,光電顯示／光學元件
2395,2395.TW,Advantech,研華,6370.11,,TWSE LISTED,電腦及週邊設備業,733.0,740.0,740.0,722.0,1628116,1193.41,730.0,723.2,0.41,1.36,-0.68,2.37,0.96,754.0,754.0,754.0,754.0,754.0,-1.86,-1.86,-1.86,2.79,2.79,False,False,False,True,False,False,False,True,True,2026-10-07,電腦及週邊設備業,網通設備／無線通訊與網路設備
2397,2397.TW,DFI Inc.,友通,72.59,,TWSE LISTED,電腦及週邊設備業,63.4,65.0,65.0,63.2,182080,11.54,63.76,63.16,-0.56,0.38,-1.4,-0.31,0.63,69.7,95.7,95.7,69.7,95.7,-6.74,-32.08,-32.08,9.04,33.75,False,False,False,False,False,False,False,True,False,2026-10-07,電腦及週邊設備業,電腦、伺服器與企業硬體
2399,2399.TW,BIOSTAR,映泰,88.96,,TWSE LISTED,電腦及週邊設備業,49.95,49.6,51.0,48.85,7840092,391.61,50.07,49.04,-0.24,1.86,1.32,-2.44,2.04,57.5,57.5,57.5,57.5,57.5,-11.3,-11.3,-11.3,13.13,13.13,False,False,False,False,False,False,False,False,False,2026-10-07,電腦及週邊設備業,電腦、伺服器與企業硬體
2401,2401.TW,SUNPLUS,凌陽,156.58,,TWSE LISTED,半導體業,26.45,26.85,26.9,26.2,1918200,50.74,26.8,26.38,-1.31,0.27,-1.12,-3.11,-1.12,35.65,39.5,47.55,35.65,39.5,-24.54,-31.9,-43.43,25.81,33.04,False,False,False,False,False,False,False,False,False,2026-10-07,半導體業,半導體／IC設計或製造（細分環節待核驗）
2402,2402.TW,ICHIA,毅嘉,190.37,,TWSE LISTED,電子零組件業,61.9,59.9,63.6,59.3,6589393,407.88,59.28,57.43,4.42,7.78,4.56,4.74,5.81,85.0,85.0,85.0,85.0,85.0,-25.18,-25.18,-25.18,27.18,27.18,False,False,False,False,False,False,False,False,False,2026-10-07,電子零組件業,電子零組件：PCB、CCL、IC載板、連接器與被動元件（公司級品類待核驗）
2404,2404.TW,UIS,漢唐,2534.8,,TWSE LISTED,其他電子業,1330.0,1335.0,1340.0,1305.0,685844,912.17,1313.0,1275.0,1.29,4.31,-0.37,3.5,3.1,1450.0,1450.0,1450.0,1450.0,1450.0,-7.59,-7.59,-7.59,8.28,8.28,False,False,False,False,False,False,False,True,True,2026-10-07,其他電子業,其他電子：電子模組、感測器、電源與車用電子（公司級產品待核驗）
2405,2405.TW,Shuttle,輔信,51.86,,TWSE LISTED,電腦及週邊設備業,15.1,15.05,15.2,15.0,575013,8.68,15.19,15.145,-0.59,-0.3,0.33,-1.63,-0.98,21.8,30.6,30.6,21.8,30.6,-30.28,-50.33,-50.33,30.73,50.65,False,False,False,False,False,False,False,False,False,2026-10-07,電腦及週邊設備業,電腦、伺服器與企業硬體
2406,2406.TW,GSC,國碩,108.43,,TWSE LISTED,光電業,30.9,31.4,31.4,30.8,3427227,105.9,31.3,30.875,-1.28,0.08,-2.06,-0.96,-1.75,45.95,45.95,45.95,45.95,45.95,-31.66,-31.66,-31.66,32.75,32.75,False,False,False,False,False,False,False,False,False,2026-10-07,光電業,光電顯示／光學元件
2408,2408.TW,NTC,南亞科,17734.06,,TWSE LISTED,半導體業,514.0,525.0,529.0,514.0,37448206,19248.38,522.8,515.4,-1.68,-0.27,-2.1,-2.28,-0.96,569.0,569.0,569.0,569.0,569.0,-7.03,-7.03,-7.03,9.67,9.67,False,False,False,False,False,False,False,True,True,2026-10-07,半導體業,記憶體半導體（DRAM設計、製造與銷售）
2409,2409.TW,AUO,友達,2864.12,,TWSE LISTED,光電業,37.95,37.5,38.15,37.0,348367899,13220.56,38.64,37.235,-1.79,1.92,1.34,-6.18,-1.56,43.55,43.55,44.44,43.55,43.55,-12.4,-12.4,-14.15,12.86,12.86,False,False,False,False,False,False,False,False,False,2026-10-07,光電業,面板顯示／TFT-LCD與顯示器
2412,2412.TW,CHT,中華電,11287.08,,TWSE LISTED,通信網路業,145.5,145.5,145.5,144.0,7032596,1023.24,145.6,145.1,-0.07,0.28,0.0,-0.34,1.39,147.0,147.0,147.0,147.0,147.0,-1.02,-1.02,-1.02,1.02,1.02,False,False,False,False,False,False,False,True,True,2026-10-07,通信網路業,電信服務／行動通信與寬頻網路
2413,2413.TW,UMEC,環科,74.0,,TWSE LISTED,電子零組件業,58.1,57.1,59.0,56.9,12229173,710.51,54.66,53.22,6.29,9.17,3.75,11.09,13.04,67.3,67.3,67.3,67.3,67.3,-12.33,-12.33,-12.33,13.67,13.67,True,True,False,False,False,False,False,False,False,2026-10-07,電子零組件業,電子零組件：PCB、CCL、IC載板、連接器與被動元件（公司級品類待核驗）
2414,2414.TW,UT,精技,87.34,,TWSE LISTED,電子通路業,54.0,53.9,54.0,53.5,156881,8.47,53.4,53.25,1.12,1.41,0.19,2.27,1.31,67.7,67.7,67.7,67.7,67.7,-20.24,-20.24,-20.24,20.24,20.24,True,False,False,False,False,False,False,False,False,2026-10-07,電子通路業,電子通路、半導體代理與零組件分銷（公司級代理品類待核驗）
2415,2415.TW,CX TECH,錩新,29.2,,TWSE LISTED,電子零組件業,29.2,29.65,30.5,28.7,1289011,37.64,28.48,27.77,2.53,5.15,-4.73,6.57,7.35,38.47,38.47,51.28,38.47,38.47,-20.73,-20.73,-40.52,24.11,24.11,False,False,False,False,False,False,False,False,False,2026-10-07,電子零組件業,電子零組件：PCB、CCL、IC載板、連接器與被動元件（公司級品類待核驗）
2417,2417.TW,AVERMEDIA,圓剛,59.59,,TWSE LISTED,電腦及週邊設備業,37.9,38.5,38.5,37.9,433249,16.42,38.51,38.76,-1.58,-2.22,-0.79,-2.82,-3.56,58.8,61.2,106.75,58.8,61.2,-34.52,-37.09,-63.93,35.54,38.07,False,False,False,False,False,False,False,False,False,2026-10-07,電腦及週邊設備業,電腦、伺服器與企業硬體
2419,2419.TW,H.T.,仲琦,87.72,,TWSE LISTED,通信網路業,27.3,27.7,27.75,27.2,804627,21.97,28.15,28.635,-3.02,-4.66,-0.73,-6.83,-8.08,39.85,41.6,56.5,39.85,41.6,-30.36,-33.29,-50.88,31.49,34.37,False,False,False,False,False,False,False,False,False,2026-10-07,通信網路業,通信網路／網通設備
2420,2420.TW,ZIPPY,新巨,86.4,,TWSE LISTED,電子零組件業,56.6,57.0,57.3,56.2,253600,14.35,57.5,55.77,-1.57,1.49,-0.7,-2.75,2.91,66.1,80.0,80.0,66.1,80.0,-13.31,-28.38,-28.38,14.37,29.25,False,False,False,False,False,False,False,False,False,2026-10-07,電子零組件業,電子零組件：PCB、CCL、IC載板、連接器與被動元件（公司級品類待核驗）
2421,2421.TW,SUNON,建準,492.11,,TWSE LISTED,電子零組件業,171.5,171.5,173.5,168.5,1872500,321.13,168.8,166.5,1.6,3.0,-0.87,3.31,6.85,184.0,195.0,195.0,184.0,195.0,-5.71,-11.03,-11.03,6.79,12.05,False,False,False,False,False,False,False,True,False,2026-10-07,電子零組件業,電子零組件：PCB、CCL、IC載板、連接器與被動元件（公司級品類待核驗）
2423,2423.TW,GW,固緯,103.71,,TWSE LISTED,其他電子業,71.5,70.6,71.8,70.5,51000,3.65,71.6,72.21,-0.14,-0.98,1.42,-0.42,-0.83,87.9,87.9,87.9,87.9,87.9,-18.32,-18.32,-18.32,18.66,18.66,False,False,False,False,False,False,False,False,False,2026-10-07,其他電子業,其他電子：電子模組、感測器、電源與車用電子（公司級產品待核驗）
2424,2424.TW,LUNG HWA,隴華,5.3,,TWSE LISTED,通信網路業,8.9,8.65,9.05,8.65,42100,0.37,8.546,8.37,4.14,6.33,2.89,5.7,7.23,43.75,111.0,111.0,43.75,111.0,-79.31,-91.85,-91.85,79.66,91.98,True,False,False,False,False,False,False,False,False,2026-10-07,通信網路業,通信網路／網通設備
2425,2425.TW,CHAINTECH,承啟,35.32,,TWSE LISTED,電腦及週邊設備業,36.6,36.6,36.95,36.5,264114,9.67,37.22,37.23,-1.67,-1.69,0.27,-3.68,-2.4,52.9,53.1,62.0,52.9,53.1,-30.15,-30.41,-40.4,30.81,31.07,False,False,False,False,False,False,False,False,False,2026-10-07,電腦及週邊設備業,電腦、伺服器與企業硬體
2426,2426.TW,TYNTEK,鼎元,312.65,,TWSE LISTED,光電業,104.0,105.5,106.5,102.0,23637741,2458.33,106.1,102.78,-1.98,1.19,-1.42,0.0,0.0,118.0,118.0,118.0,118.0,118.0,-9.75,-9.75,-9.75,11.86,11.86,False,False,False,False,False,False,False,False,False,2026-10-07,光電業,光電顯示／光學元件
2427,2427.TW,MDS,三商電,45.44,,TWSE LISTED,資訊服務業,22.95,22.95,23.1,22.85,308021,7.07,23.06,23.24,-0.48,-1.25,0.44,-1.92,-1.71,27.55,38.8,38.8,27.55,38.8,-16.15,-40.46,-40.46,16.7,40.85,False,False,False,False,False,False,False,False,False,2026-10-07,資訊服務業,資訊服務、軟體、雲端與系統整合（公司級產品待核驗）
2428,2428.TW,THINKING,興勤,342.06,,TWSE LISTED,電子零組件業,267.0,264.5,275.0,264.5,1919584,512.53,263.1,258.3,1.48,3.37,1.71,1.52,6.16,363.5,363.5,363.5,363.5,363.5,-24.35,-24.35,-24.35,26.55,26.55,False,False,False,False,False,False,False,False,False,2026-10-07,電子零組件業,電子零組件：PCB、CCL、IC載板、連接器與被動元件（公司級品類待核驗）
2429,2429.TW,PWT,銘旺科,25.92,,TWSE LISTED,光電業,30.1,30.4,30.4,30.05,150000,4.52,30.39,30.59,-0.95,-1.6,-0.99,-1.79,-2.75,80.9,157.5,157.5,80.9,157.5,-62.42,-80.7,-80.7,62.79,80.89,False,False,False,False,False,False,False,False,False,2026-10-07,光電業,光電顯示／光學元件
2430,2430.TW,TKE,燦坤,20.56,,TWSE LISTED,電子通路業,17.6,17.55,17.6,17.55,39533,0.7,17.76,17.965,-0.9,-2.03,-0.28,-1.95,-3.56,23.35,41.0,74.83,23.35,41.0,-24.63,-57.07,-76.48,24.63,57.07,False,False,False,False,False,False,False,False,False,2026-10-07,電子通路業,電子通路、半導體代理與零組件分銷（公司級代理品類待核驗）
2431,2431.TW,LIEN CHANG,聯昌,8.19,,TWSE LISTED,電子零組件業,10.15,10.1,10.15,9.98,130000,1.32,10.11,10.11,0.4,0.4,0.5,0.0,0.0,17.65,21.25,21.25,17.65,21.25,-42.49,-52.24,-52.24,42.49,52.24,False,False,False,True,False,False,False,False,False,2026-10-07,電子零組件業,電子零組件：PCB、CCL、IC載板、連接器與被動元件（公司級品類待核驗）
2432,2432.TW,AGT,倚天酷碁-創,17.51,,TWSE LISTED,電腦及週邊設備業,28.3,29.9,29.9,28.25,136000,3.85,27.78,27.6,1.87,2.54,1.98,2.72,2.35,31.95,50.1,67.1,31.95,50.1,-6.42,-40.32,-55.44,11.42,43.51,True,False,False,False,False,False,False,False,False,2026-10-07,電腦及週邊設備業,電腦、伺服器與企業硬體
2433,2433.TW,HUXEN,互盛電,57.08,,TWSE LISTED,其他電子業,39.5,39.7,39.75,39.5,70022,2.77,39.87,40.045,-0.93,-1.36,-0.38,-1.25,-2.35,47.6,54.0,57.3,47.6,54.0,-16.49,-26.39,-30.63,17.02,26.85,False,False,False,False,False,False,False,False,False,2026-10-07,其他電子業,其他電子：電子模組、感測器、電源與車用電子（公司級產品待核驗）
2434,2434.TW,MOSPEC,統懋,22.38,,TWSE LISTED,半導體業,60.5,61.2,61.2,59.7,181552,10.98,61.8,63.85,-2.1,-5.25,-1.47,-3.97,-7.49,90.8,90.8,101.33,90.8,90.8,-32.6,-32.6,-39.61,33.37,33.37,False,False,False,False,False,False,False,False,False,2026-10-07,半導體業,半導體／IC設計或製造（細分環節待核驗）
2436,2436.TW,Weltrend,偉詮電,147.82,,TWSE LISTED,半導體業,72.4,74.1,74.4,71.6,5723410,414.37,73.94,73.31,-2.08,-1.24,-2.29,-4.74,-2.82,84.4,84.4,115.5,84.4,84.4,-11.85,-11.85,-35.58,14.22,14.22,False,False,False,False,False,False,False,False,False,2026-10-07,半導體業,半導體／IC設計或製造（細分環節待核驗）
2438,2438.TW,ENLIGHT,翔耀,13.74,,TWSE LISTED,光電業,19.3,19.6,19.6,19.3,25000,0.48,19.82,19.795,-2.62,-2.5,-2.28,-3.5,-3.02,29.15,86.1,86.1,29.15,86.1,-32.76,-77.24,-77.24,33.79,77.58,False,False,False,False,False,False,False,False,False,2026-10-07,光電業,光電顯示／光學元件
2439,2439.TW,MERRY,美律,195.68,,TWSE LISTED,通信網路業,78.7,77.3,79.4,76.7,4104839,323.05,76.28,77.11,3.17,2.06,4.65,3.96,1.81,110.5,148.5,253.27,110.5,148.5,-28.14,-46.53,-68.65,28.78,47.0,False,False,False,True,False,False,False,False,False,2026-10-07,通信網路業,通信網路／網通設備
2440,2440.TW,SPACE SHUTTLE,太空梭,19.69,,TWSE LISTED,電子零組件業,14.15,14.2,14.25,14.05,135000,1.91,14.35,14.34,-1.39,-1.32,0.0,-2.75,-1.74,22.55,22.55,30.6,22.55,22.55,-36.81,-36.81,-53.43,37.25,37.25,False,False,False,False,False,False,False,False,False,2026-10-07,電子零組件業,電子零組件：PCB、CCL、IC載板、連接器與被動元件（公司級品類待核驗）
2441,2441.TW,GTK,超豐,722.43,,TWSE LISTED,半導體業,127.0,127.0,127.5,125.0,2732373,347.01,125.7,125.2,1.03,1.44,0.4,0.4,1.2,156.0,156.0,156.0,156.0,156.0,-18.27,-18.27,-18.27,18.59,18.59,False,False,True,True,False,False,False,False,False,2026-10-07,半導體業,半導體／IC設計或製造（細分環節待核驗）
2442,2442.TW,JEAN,新美齊,45.53,,TWSE LISTED,建材營造,14.0,13.9,14.15,13.9,746001,10.44,14.09,14.26,-0.64,-1.82,0.36,-1.41,-2.78,23.9,34.4,34.4,23.9,34.4,-40.8,-58.87,-58.87,41.42,59.31,False,False,False,False,False,False,False,False,False,2026-10-07,建材營造,建材、營造與不動產開發（公司級業務待核驗）
2444,2444.TW,AboCom,兆勁,16.78,,TWSE LISTED,通信網路業,15.75,15.4,16.15,15.4,1189325,18.73,15.83,15.44,-0.51,2.01,0.32,-4.55,-0.94,17.8,19.7,43.0,17.8,19.7,-9.27,-18.02,-62.44,11.52,20.05,False,False,False,False,False,False,False,False,False,2026-10-07,通信網路業,通信網路／網通設備
2449,2449.TW,KYEC,京元電子,3845.23,,TWSE LISTED,半導體業,299.5,297.5,305.0,294.0,23101918,6919.02,296.6,300.4,0.98,-0.3,0.5,1.35,1.7,350.0,350.0,350.0,350.0,350.0,-12.86,-12.86,-12.86,14.43,14.43,False,False,True,False,False,False,False,False,False,2026-10-07,半導體業,記憶體半導體（DRAM／Flash）
2450,2450.TW,SENAO,神腦,72.7,,TWSE LISTED,通信網路業,28.15,28.05,28.15,28.05,45000,1.27,28.17,28.21,-0.07,-0.21,0.36,-0.18,-0.18,32.0,40.8,59.3,32.0,40.8,-12.03,-31.0,-52.53,12.03,31.0,False,False,False,False,False,False,False,False,False,2026-10-07,通信網路業,通信網路／網通設備
2451,2451.TW,Transcend,創見,1237.96,,TWSE LISTED,半導體業,287.0,283.0,289.0,282.5,2451159,703.48,287.0,286.4,0.0,0.21,2.87,-1.03,-0.69,383.0,383.0,383.0,383.0,383.0,-24.54,-24.54,-24.54,25.07,25.07,False,False,False,False,False,False,False,False,False,2026-10-07,半導體業,半導體／IC設計或製造（細分環節待核驗）
2453,2453.TW,SYSCOM,凌群,53.3,,TWSE LISTED,資訊服務業,53.3,53.2,53.6,53.2,143008,7.62,53.3,53.47,-0.0,-0.32,0.19,-0.37,-0.56,65.6,79.0,84.0,65.6,79.0,-18.29,-32.15,-36.19,18.75,32.53,False,False,False,False,False,False,False,False,False,2026-10-07,資訊服務業,資訊服務、軟體、雲端與系統整合（公司級產品待核驗）
2454,2454.TW,MediaTek,聯發科,77599.46,,TWSE LISTED,半導體業,4835.0,4920.0,4940.0,4835.0,5659059,27361.55,4970.0,5033.0,-2.72,-3.93,-1.73,-2.32,-1.73,5480.0,5480.0,5480.0,5480.0,5480.0,-9.85,-9.85,-9.85,11.77,11.77,False,False,False,False,False,False,False,False,False,2026-10-07,半導體業,IC設計（手機與消費電子SoC／通訊晶片）
2455,2455.TW,VPEC,全新,1045.24,,TWSE LISTED,通信網路業,559.0,562.0,575.0,547.0,15007024,8388.93,571.6,560.6,-2.2,-0.29,-1.41,-3.62,1.27,613.0,613.0,613.0,613.0,613.0,-6.2,-6.2,-6.2,8.81,8.81,False,False,False,False,False,False,False,True,True,2026-10-07,通信網路業,通信網路／網通設備
2457,2457.TW,PHIHONG,飛宏,93.45,,TWSE LISTED,電子零組件業,22.0,22.0,22.25,21.9,757200,16.66,22.15,22.135,-0.68,-0.61,-0.23,-2.0,-2.44,40.6,65.9,85.12,40.6,65.9,-45.2,-66.24,-73.86,45.81,66.62,False,False,False,False,False,False,False,False,False,2026-10-07,電子零組件業,電子零組件：PCB、CCL、IC載板、連接器與被動元件（公司級品類待核驗）
2458,2458.TW,ELAN,義隆,407.2,,TWSE LISTED,半導體業,134.0,133.0,134.5,131.5,1015507,136.08,135.5,134.7,-1.11,-0.52,0.75,-2.9,-2.55,196.5,196.5,228.5,196.5,196.5,-31.55,-31.55,-41.14,31.81,31.81,False,False,False,False,False,False,False,False,False,2026-10-07,半導體業,半導體／IC設計或製造（細分環節待核驗）
2459,2459.TW,AUDIX,敦吉,68.64,,TWSE LISTED,其他電子業,65.0,65.1,65.2,64.8,81003,5.27,64.94,65.08,0.09,-0.12,-0.15,0.31,0.0,72.0,78.6,78.6,72.0,78.6,-9.44,-17.05,-17.05,9.72,17.3,False,False,True,False,False,False,False,True,False,2026-10-07,其他電子業,其他電子：電子模組、感測器、電源與車用電子（公司級產品待核驗）
2460,2460.TW,GEM,建通,51.52,,TWSE LISTED,電子零組件業,30.45,30.4,30.85,30.3,188000,5.72,30.49,30.41,-0.13,0.13,1.16,-1.14,-0.33,42.0,42.45,44.5,42.0,42.45,-26.55,-27.33,-30.67,27.5,28.27,False,False,False,False,False,False,False,False,False,2026-10-07,電子零組件業,電子零組件：PCB、CCL、IC載板、連接器與被動元件（公司級品類待核驗）
2461,2461.TW,K LASER,光群雷,32.45,,TWSE LISTED,其他電子業,17.05,17.2,17.2,16.8,734000,12.51,17.13,17.36,-0.47,-1.79,0.89,-1.73,-4.48,21.0,26.5,29.45,21.0,26.5,-18.1,-35.09,-41.6,18.81,35.66,False,False,False,False,False,False,False,False,False,2026-10-07,其他電子業,其他電子：電子模組、感測器、電源與車用電子（公司級產品待核驗）
2462,2462.TW,LINETEK,良得電,30.23,,TWSE LISTED,電子零組件業,20.05,20.15,20.35,19.95,157250,3.15,20.11,20.05,-0.3,-0.0,-0.25,1.26,0.5,29.1,42.7,44.25,29.1,42.7,-30.07,-52.34,-54.01,31.1,53.04,False,False,False,False,False,False,False,False,False,2026-10-07,電子零組件業,電子零組件：PCB、CCL、IC載板、連接器與被動元件（公司級品類待核驗）
2464,2464.TW,Mirle,盟立,418.19,,TWSE LISTED,其他電子業,193.0,184.0,195.0,181.0,12097666,2334.85,191.1,192.1,0.99,0.47,5.75,-1.28,0.26,224.0,224.0,224.0,224.0,224.0,-12.95,-12.95,-12.95,13.84,13.84,False,False,False,True,False,False,False,False,False,2026-10-07,其他電子業,其他電子：電子模組、感測器、電源與車用電子（公司級產品待核驗）
2465,2465.TW,LEADTEK,麗臺,83.61,,TWSE LISTED,電腦及週邊設備業,89.0,91.9,91.9,89.0,1089571,96.97,91.34,90.9,-2.56,-2.09,-1.87,-4.2,-2.41,107.5,173.0,173.0,107.5,173.0,-14.51,-46.88,-46.88,17.21,48.55,False,False,False,False,False,False,False,False,False,2026-10-07,電腦及週邊設備業,電腦、伺服器與企業硬體
2466,2466.TW,COSMO,冠西電,313.09,,TWSE LISTED,光電業,180.5,165.0,183.5,164.5,10149761,1832.03,155.1,136.2,16.38,32.53,5.87,28.01,44.98,170.5,170.5,170.5,183.5,183.5,7.62,7.62,7.62,1.63,1.63,True,True,False,False,True,True,True,True,True,2026-10-07,光電業,光電顯示／光學元件
2467,2467.TW,C SUN,志聖,919.01,,TWSE LISTED,電子零組件業,569.0,570.0,589.0,566.0,1619326,921.4,563.4,547.9,0.99,3.85,-1.22,3.08,5.57,692.0,692.0,692.0,692.0,692.0,-14.88,-14.88,-14.88,17.77,17.77,False,False,False,False,False,False,False,False,False,2026-10-07,電子零組件業,電子零組件：PCB、CCL、IC載板、連接器與被動元件（公司級品類待核驗）
2468,2468.TW,FIS,華經,29.28,,TWSE LISTED,資訊服務業,41.85,41.85,43.75,41.5,2733655,114.4,43.11,44.565,-2.92,-6.09,-1.06,-7.72,-8.02,49.45,86.2,86.2,49.45,86.2,-11.53,-49.25,-49.25,15.37,51.45,False,False,False,False,False,False,False,False,False,2026-10-07,資訊服務業,資訊服務、軟體、雲端與系統整合（公司級產品待核驗）
2471,2471.TW,ARES,資通,24.19,,TWSE LISTED,資訊服務業,51.2,51.2,51.3,51.0,52002,2.66,51.26,51.48,-0.12,-0.54,0.39,-0.39,-1.16,56.2,71.5,71.5,56.2,71.5,-8.72,-28.25,-28.25,8.9,28.39,False,False,False,False,False,False,False,True,False,2026-10-07,資訊服務業,資訊服務、軟體、雲端與系統整合（公司級產品待核驗）
2472,2472.TW,LELON,立隆電,401.13,,TWSE LISTED,電子零組件業,243.5,232.0,246.0,231.0,9306442,2266.12,230.7,223.25,5.55,9.07,6.8,6.33,14.05,488.0,488.0,488.0,488.0,488.0,-49.59,-49.59,-49.59,50.1,50.1,False,False,False,False,False,False,False,False,False,2026-10-07,電子零組件業,電子零組件：PCB、CCL、IC載板、連接器與被動元件（公司級品類待核驗）
2474,2474.TW,CATCHER,可成,1072.25,,TWSE LISTED,其他電子業,199.0,204.5,204.5,198.5,3355986,667.84,205.3,206.4,-3.07,-3.59,-3.4,-3.86,-3.63,266.0,266.0,399.0,266.0,266.0,-23.12,-23.12,-48.75,25.19,25.19,False,False,False,False,False,False,False,False,False,2026-10-07,其他電子業,其他電子：電子模組、感測器、電源與車用電子（公司級產品待核驗）
2476,2476.TW,GS,鉅祥,288.08,,TWSE LISTED,電子零組件業,131.5,132.0,132.5,129.5,1197279,157.44,128.1,125.65,2.65,4.66,0.0,4.37,6.48,140.0,140.0,140.0,140.0,140.0,-5.36,-5.36,-5.36,6.07,6.07,False,False,False,False,False,False,False,True,True,2026-10-07,電子零組件業,電子零組件：PCB、CCL、IC載板、連接器與被動元件（公司級品類待核驗）
2477,2477.TW,MEILOON,美隆電,35.44,,TWSE LISTED,其他電子業,22.35,22.6,22.6,22.35,108045,2.41,22.69,22.885,-1.5,-2.34,-1.11,-1.76,-3.46,27.3,40.8,56.62,27.3,40.8,-17.22,-44.61,-60.09,18.13,45.22,False,False,False,False,False,False,False,False,False,2026-10-07,其他電子業,其他電子：電子模組、感測器、電源與車用電子（公司級產品待核驗）
2478,2478.TW,TA-I,大毅,194.66,,TWSE LISTED,電子零組件業,134.5,130.0,138.5,130.0,13747716,1849.07,128.2,123.8,4.91,8.64,4.67,5.91,12.08,256.5,256.5,256.5,256.5,256.5,-46.0,-46.0,-46.0,47.56,47.56,False,False,False,False,False,False,False,False,False,2026-10-07,電子零組件業,電子零組件：PCB、CCL、IC載板、連接器與被動元件（公司級品類待核驗）
2480,2480.TW,STARK,敦陽科,178.15,,TWSE LISTED,資訊服務業,167.5,168.0,168.0,165.5,136234,22.82,164.7,162.75,1.7,2.92,-0.3,3.72,4.69,170.0,185.0,185.0,170.0,185.0,-1.18,-9.19,-9.19,1.47,9.46,False,False,False,False,False,False,False,True,True,2026-10-07,資訊服務業,資訊服務、軟體、雲端與系統整合（公司級產品待核驗）
2481,2481.TW,PANJIT,強茂,682.08,,TWSE LISTED,半導體業,178.5,175.5,180.0,172.5,18072442,3225.93,177.4,175.3,0.62,1.83,1.42,2.29,3.78,232.5,232.5,232.5,232.5,232.5,-22.58,-22.58,-22.58,23.23,23.23,False,False,False,True,False,False,False,False,False,2026-10-07,半導體業,半導體／IC設計或製造（細分環節待核驗）
2482,2482.TW,UIC,連宇,12.66,,TWSE LISTED,其他電子業,16.25,15.7,16.35,15.7,153200,2.49,16.12,16.23,0.81,0.12,4.5,0.31,-1.22,20.95,46.8,79.8,20.95,46.8,-21.96,-65.06,-79.51,22.43,65.28,False,False,False,True,False,False,False,False,False,2026-10-07,其他電子業,其他電子：電子模組、感測器、電源與車用電子（公司級產品待核驗）
2483,2483.TW,ECE,百容,41.92,,TWSE LISTED,電子零組件業,38.85,38.35,40.6,38.35,2442226,94.88,38.4,35.78,1.17,8.58,0.0,5.0,8.67,73.0,73.0,73.0,73.0,73.0,-44.38,-44.38,-44.38,46.78,46.78,False,False,False,False,False,False,False,False,False,2026-10-07,電子零組件業,電子零組件：PCB、CCL、IC載板、連接器與被動元件（公司級品類待核驗）
2484,2484.TW,SIWARD,希華,138.86,,TWSE LISTED,電子零組件業,87.1,80.7,88.2,80.0,23318668,2031.06,85.0,79.52,2.47,9.53,8.33,0.69,11.67,102.0,102.0,102.0,102.0,102.0,-13.53,-13.53,-13.53,14.61,14.61,False,False,False,False,False,False,False,False,False,2026-10-07,電子零組件業,電子零組件：PCB、CCL、IC載板、連接器與被動元件（公司級品類待核驗）
2485,2485.TW,ZINWELL,兆赫,138.83,,TWSE LISTED,通信網路業,43.7,43.4,44.8,42.5,13268403,579.83,42.6,41.265,2.58,5.9,1.86,5.81,4.8,86.9,86.9,86.9,86.9,86.9,-48.45,-48.45,-48.45,49.71,49.71,False,False,False,False,False,False,False,False,False,2026-10-07,通信網路業,通信網路／網通設備
2486,2486.TW,I-CHIUN,一詮,577.16,,TWSE LISTED,光電業,240.0,242.0,251.0,240.0,5593254,1342.38,244.3,239.8,-1.76,0.08,-0.41,-2.04,0.0,318.0,318.0,318.0,318.0,318.0,-21.07,-21.07,-21.07,24.53,24.53,False,False,False,False,False,False,False,False,False,2026-10-07,光電業,光電顯示／光學元件
2488,2488.TW,HANPIN,漢平,39.76,,TWSE LISTED,其他電子業,49.7,49.4,49.9,49.4,100024,4.97,49.15,49.035,1.12,1.36,0.81,1.74,1.74,55.4,61.6,61.6,55.4,61.6,-9.93,-18.99,-18.99,10.29,19.32,True,False,False,False,False,False,False,False,False,2026-10-07,其他電子業,其他電子：電子模組、感測器、電源與車用電子（公司級產品待核驗）
2489,2489.TW,AMTRAN,瑞軒,252.54,,TWSE LISTED,光電業,41.4,39.75,42.3,39.5,25630780,1061.11,40.6,40.97,1.97,1.05,5.08,0.61,-0.96,57.7,57.7,57.7,57.7,57.7,-26.69,-26.69,-26.69,28.25,28.25,False,False,False,True,False,False,False,False,False,2026-10-07,光電業,光電顯示／光學元件
2491,2491.TW,FOCL,吉祥全,32.56,,TWSE LISTED,光電業,39.7,39.95,40.7,39.65,462200,18.35,40.33,40.24,-1.56,-1.34,-0.63,-4.22,-2.7,56.4,56.4,56.4,56.4,56.4,-27.84,-27.84,-27.84,29.61,29.61,False,False,False,False,False,False,False,False,False,2026-10-07,光電業,光電顯示／光學元件
2492,2492.TW,WTC,華新科,2076.68,,TWSE LISTED,電子零組件業,428.0,389.0,428.0,388.0,52103612,22300.35,375.3,340.65,14.04,25.64,9.88,18.4,42.9,645.0,645.0,645.0,645.0,645.0,-33.64,-33.64,-33.64,33.64,33.64,True,True,False,False,False,False,False,False,False,2026-10-07,電子零組件業,電子零組件：PCB、CCL、IC載板、連接器與被動元件（公司級品類待核驗）
2493,2493.TW,AMPOC,揚博,271.34,,TWSE LISTED,電子零組件業,214.0,210.0,220.0,209.0,3117080,667.06,205.0,200.1,4.39,6.95,2.15,8.91,8.35,337.0,337.0,337.0,337.0,337.0,-34.72,-34.72,-34.72,36.5,36.5,True,False,False,False,False,False,False,False,False,2026-10-07,電子零組件業,電子零組件：PCB、CCL、IC載板、連接器與被動元件（公司級品類待核驗）
2495,2495.TW,Infortrend,普安,102.99,,TWSE LISTED,電腦及週邊設備業,37.65,38.45,38.9,37.55,1519910,57.22,38.3,38.585,-1.7,-2.42,-1.95,-1.95,-3.59,55.6,55.6,55.6,55.6,55.6,-30.04,-30.04,-30.04,32.28,32.28,False,False,False,False,False,False,False,False,False,2026-10-07,電腦及週邊設備業,電腦、伺服器與企業硬體
2496,2496.TW,SPC,卓越,11.01,,TWSE LISTED,其他,54.9,54.9,55.0,54.7,17000,0.93,54.96,54.97,-0.11,-0.13,0.0,-0.36,-0.18,68.0,95.14,271.46,68.0,95.14,-19.12,-42.19,-79.74,19.26,42.3,False,False,False,False,False,False,False,False,False,2026-10-07,其他,其他（公司级产品待核验）
2497,2497.TW,E-LEAD,怡利電,58.57,,TWSE LISTED,汽車工業,44.75,44.3,44.9,44.0,257160,11.51,44.13,43.93,1.4,1.87,2.17,1.59,0.9,70.8,90.7,116.94,70.8,90.7,-36.58,-50.5,-61.6,36.79,50.66,False,False,False,False,False,False,False,False,False,2026-10-07,汽車工業,汽車整車、汽車零組件與車用電子（公司級產品待核驗）
2498,2498.TW,HTC,宏達電,353.67,,TWSE LISTED,通信網路業,42.3,42.6,42.75,42.1,3857230,163.16,42.55,42.22,-0.59,0.19,1.2,-1.4,-1.4,52.4,76.9,97.3,52.4,76.9,-18.42,-44.41,-56.06,19.27,44.99,False,False,False,False,False,False,False,False,False,2026-10-07,通信網路業,通信網路／網通設備
2501,2501.TW,CATHAY RED,國建,238.87,,TWSE LISTED,建材營造,20.6,20.25,20.65,20.15,1719903,35.43,20.61,20.905,-0.05,-1.46,1.98,-1.2,-2.37,28.4,42.3,42.3,28.4,42.3,-27.29,-51.18,-51.18,27.46,51.3,False,False,False,False,False,False,False,False,False,2026-10-07,建材營造,建材、營造與不動產開發（公司級業務待核驗）
2504,2504.TW,GBM,國產,372.29,,TWSE LISTED,建材營造,31.55,30.85,31.55,30.75,1972063,62.22,30.89,30.88,2.14,2.17,2.6,2.94,2.94,40.1,58.4,58.4,40.1,58.4,-21.32,-45.98,-45.98,21.32,45.98,False,False,False,True,False,False,False,False,False,2026-10-07,建材營造,建材、營造與不動產開發（公司級業務待核驗）
2505,2505.TW,ky,國揚,64.6,,TWSE LISTED,建材營造,17.0,16.95,17.05,16.9,169973,2.89,17.02,17.05,-0.12,-0.29,-0.29,0.0,0.0,21.0,32.15,61.04,21.0,32.15,-18.81,-46.97,-72.07,19.05,47.12,False,False,False,False,False,False,False,False,False,2026-10-07,建材營造,建材、營造與不動產開發（公司級業務待核驗）
2506,2506.TW,PCC,太設,32.47,,TWSE LISTED,建材營造,8.39,8.36,8.42,8.35,35105,0.29,8.394,8.403,-0.05,-0.15,0.0,0.12,-0.47,9.34,13.95,14.5,9.34,13.95,-9.85,-39.64,-41.93,10.17,39.86,False,False,False,False,False,False,False,False,False,2026-10-07,建材營造,建材、營造與不動產開發（公司級業務待核驗）
2509,2509.TW,CHAINQUI,全坤建,30.54,,TWSE LISTED,建材營造,13.6,13.75,13.75,13.5,246229,3.35,13.93,14.135,-2.37,-3.78,-0.73,-3.55,-4.9,17.15,27.65,27.65,17.15,27.65,-19.83,-50.27,-50.27,20.7,50.81,False,False,False,False,False,False,False,False,False,2026-10-07,建材營造,建材、營造與不動產開發（公司級業務待核驗）
2511,2511.TW,PHD,太子,133.92,,TWSE LISTED,建材營造,8.25,8.25,8.27,8.23,454046,3.75,8.266,8.32,-0.19,-0.84,0.24,-0.36,-1.08,8.73,14.2,14.6,8.73,14.2,-5.27,-41.76,-43.36,5.5,41.9,False,False,False,False,False,False,False,True,False,2026-10-07,建材營造,建材、營造與不動產開發（公司級業務待核驗）
2514,2514.TW,LONG BON,龍邦,44.6,,TWSE LISTED,其他,11.3,11.25,11.3,11.2,53006,0.6,11.34,11.465,-0.35,-1.44,0.89,-0.44,-3.42,15.4,27.8,27.8,15.4,27.8,-26.62,-59.35,-59.35,26.62,59.35,False,False,False,False,False,False,False,False,False,2026-10-07,其他,其他（公司级产品待核验）
2515,2515.TW,BES,中工,205.15,,TWSE LISTED,建材營造,12.15,11.85,12.2,11.85,12284564,149.26,11.93,11.915,1.84,1.97,2.53,2.1,2.1,17.76,17.76,17.76,17.76,17.76,-31.31,-31.31,-31.31,31.59,31.59,False,False,False,True,False,False,False,False,False,2026-10-07,建材營造,建材、營造與不動產開發（公司級業務待核驗）
2516,2516.TW,New Asia,新建,34.05,,TWSE LISTED,建材營造,15.05,14.5,15.1,14.5,257002,3.87,14.92,14.995,0.87,0.37,3.79,0.0,-1.95,15.65,26.4,26.4,15.65,26.4,-3.51,-42.8,-42.8,3.83,42.99,False,False,False,True,False,False,False,True,False,2026-10-07,建材營造,建材、營造與不動產開發（公司級業務待核驗）
2520,2520.TW,KINDOM,冠德,225.51,,TWSE LISTED,建材營造,37.0,36.65,37.0,36.5,496300,18.36,36.8,36.9,0.54,0.27,0.95,0.14,1.37,39.6,62.36,62.36,39.6,62.36,-6.57,-40.67,-40.67,6.57,40.67,False,False,False,True,False,False,False,True,False,2026-10-07,建材營造,建材、營造與不動產開發（公司級業務待核驗）
2524,2524.TW,KTC,京城,123.22,,TWSE LISTED,建材營造,33.65,33.8,34.15,33.6,26893,0.9,33.97,34.405,-0.94,-2.19,0.0,-1.9,-3.03,44.0,139.5,139.5,44.0,139.5,-22.39,-75.52,-75.52,23.52,75.88,False,False,False,False,False,False,False,False,False,2026-10-07,建材營造,建材、營造與不動產開發（公司級業務待核驗）
2527,2527.TW,Hung Ching,宏璟,137.05,,TWSE LISTED,建材營造,50.7,49.8,51.1,49.45,564040,28.6,50.22,49.395,0.96,2.64,1.5,2.32,1.4,53.3,63.2,63.2,53.3,63.2,-4.13,-19.15,-19.15,4.88,19.78,False,False,False,False,False,False,False,True,False,2026-10-07,建材營造,建材、營造與不動產開發（公司級業務待核驗）
2528,2528.TW,CROWELL,皇普,81.97,,TWSE LISTED,建材營造,18.8,18.95,18.95,18.8,219170,4.12,19.07,19.39,-1.42,-3.04,-1.05,-2.34,-3.09,27.13,47.2,47.2,27.13,47.2,-30.15,-59.86,-59.86,30.71,60.17,False,False,False,False,False,False,False,False,False,2026-10-07,建材營造,建材、營造與不動產開發（公司級業務待核驗）
2530,2530.TW,DELPHA,華建,168.25,,TWSE LISTED,建材營造,20.0,19.8,20.0,19.75,313000,6.26,19.95,20.06,0.25,-0.3,1.01,-0.25,-0.25,30.2,60.7,60.7,30.2,60.7,-33.77,-67.05,-67.05,33.77,67.05,False,False,False,False,False,False,False,False,False,2026-10-07,建材營造,建材、營造與不動產開發（公司級業務待核驗）
2534,2534.TW,HSC,宏盛,78.72,,TWSE LISTED,建材營造,16.6,16.65,16.75,16.6,145001,2.41,16.66,16.78,-0.36,-1.07,0.0,-0.6,-2.06,21.0,31.3,55.01,21.0,31.3,-20.24,-46.49,-69.55,20.95,46.96,False,False,False,False,False,False,False,False,False,2026-10-07,建材營造,建材、營造與不動產開發（公司級業務待核驗）
2535,2535.TW,DA-CIN,達欣工,243.71,,TWSE LISTED,建材營造,90.0,88.4,90.0,88.2,292253,26.3,88.82,89.19,1.33,0.91,1.81,1.69,0.9,98.6,98.6,98.6,98.6,98.6,-8.72,-8.72,-8.72,8.72,8.72,False,False,False,True,False,False,False,True,True,2026-10-07,建材營造,建材、營造與不動產開發（公司級業務待核驗）
2536,2536.TW,Hong Pu,宏普,61.24,,TWSE LISTED,建材營造,18.4,18.35,18.55,18.25,272000,5.0,18.6,18.94,-1.08,-2.85,0.27,-2.13,-3.92,26.2,40.95,40.95,26.2,40.95,-29.2,-54.7,-54.7,29.77,55.07,False,False,False,False,False,False,False,False,False,2026-10-07,建材營造,建材、營造與不動產開發（公司級業務待核驗）
2537,2537.TW,WE & WIN,聯上發,33.06,,TWSE LISTED,建材營造,11.0,10.95,11.05,10.95,183481,2.02,11.0,11.165,0.0,-1.48,0.46,-0.45,-2.22,12.4,29.75,29.75,12.4,29.75,-10.89,-62.86,-62.86,11.29,63.03,False,False,False,False,False,False,False,False,False,2026-10-07,建材營造,建材、營造與不動產開發（公司級業務待核驗）
2538,2538.TW,KeeTai,基泰,39.07,,TWSE LISTED,建材營造,8.78,8.64,8.78,8.64,279000,2.45,8.756,8.74,0.27,0.46,1.74,-1.01,-1.57,11.35,22.91,22.91,11.35,22.91,-22.64,-61.67,-61.67,22.64,61.67,False,False,False,True,False,False,False,False,False,2026-10-07,建材營造,建材、營造與不動產開發（公司級業務待核驗）
2539,2539.TW,SAKURAD,櫻花建,491.99,,TWSE LISTED,建材營造,33.8,33.45,33.95,33.35,714153,24.14,33.8,34.19,-0.0,-1.14,1.05,-0.59,-1.46,41.39,51.57,51.57,41.39,51.57,-17.98,-34.17,-34.17,18.34,34.46,False,False,False,False,False,False,False,False,False,2026-10-07,建材營造,建材、營造與不動產開發（公司級業務待核驗）
2540,2540.TW,JSL,愛山林,460.63,,TWSE LISTED,建材營造,48.75,47.4,48.8,47.4,440740,21.49,48.12,48.48,1.31,0.56,2.85,1.25,0.62,61.8,108.01,108.01,61.8,108.01,-21.04,-54.82,-54.82,21.12,54.86,False,False,False,True,False,False,False,False,False,2026-10-07,建材營造,建材、營造與不動產開發（公司級業務待核驗）
2542,2542.TW,Highwealth,興富發,835.4,,TWSE LISTED,建材營造,38.8,38.2,38.9,38.05,8399616,325.91,38.44,39.395,0.94,-1.51,1.57,0.13,0.39,49.0,58.27,58.27,49.0,58.27,-20.61,-33.24,-33.24,20.82,33.41,False,False,False,False,False,False,False,False,False,2026-10-07,建材營造,建材、營造與不動產開發（公司級業務待核驗）
2543,2543.TW,HWANG CHANG,皇昌,206.92,,TWSE LISTED,建材營造,39.15,38.35,39.25,38.1,1135655,44.46,38.35,38.3,2.09,2.22,3.03,2.09,1.69,81.6,98.29,98.29,81.6,98.29,-51.9,-60.07,-60.07,52.02,60.17,False,False,False,True,False,False,False,False,False,2026-10-07,建材營造,建材、營造與不動產開發（公司級業務待核驗）
2545,2545.TW,HUANG HSIANG,皇翔,128.54,,TWSE LISTED,建材營造,33.85,33.7,33.95,33.5,140000,4.74,33.9,34.035,-0.15,-0.54,1.04,-0.29,-1.74,39.9,79.4,79.4,39.9,79.4,-14.91,-57.24,-57.24,15.16,57.37,False,False,False,False,False,False,False,False,False,2026-10-07,建材營造,建材、營造與不動產開發（公司級業務待核驗）
2546,2546.TW,KEDGE,根基,158.61,,TWSE LISTED,建材營造,108.5,105.5,108.5,105.5,155867,16.91,106.3,106.1,2.07,2.26,2.36,3.33,3.33,120.0,120.0,120.0,120.0,120.0,-9.58,-9.58,-9.58,9.58,9.58,False,False,False,True,False,False,False,True,True,2026-10-07,建材營造,建材、營造與不動產開發（公司級業務待核驗）
2547,2547.TW,RADIUM,日勝生,100.2,,TWSE LISTED,建材營造,9.68,9.69,9.72,9.67,757704,7.33,9.704,9.787,-0.25,-1.09,0.41,-0.82,-1.12,11.8,14.7,17.84,11.8,14.7,-17.63,-33.88,-45.5,17.97,34.15,False,False,False,False,False,False,False,False,False,2026-10-07,建材營造,建材、營造與不動產開發（公司級業務待核驗）
2548,2548.TW,HUAKU,華固,306.16,,TWSE LISTED,建材營造,91.2,91.2,91.5,91.0,854735,77.95,91.64,92.29,-0.48,-1.18,0.0,-1.41,-0.44,126.19,158.32,158.32,126.19,158.32,-27.49,-42.2,-42.2,27.73,42.39,False,False,False,False,False,False,False,False,False,2026-10-07,建材營造,建材、營造與不動產開發（公司級業務待核驗）
2596,2596.TWO,ReaLy,綠意,34.05,,TPEx LISTED,建材營造,34.05,34.0,34.55,34.0,24537,0.84,34.41,34.755,-1.05,-2.03,0.15,-2.16,-2.99,39.9,56.2,56.2,39.9,56.2,-13.41,-38.52,-38.52,14.66,39.41,False,False,False,False,False,False,False,False,False,2026-10-07,建材營造,建材、營造與不動產開發（公司級業務待核驗）
2597,2597.TW,REC,潤弘,514.23,,TWSE LISTED,建材營造,165.5,164.0,166.0,163.5,222960,36.9,165.3,166.6,0.12,-0.66,0.61,0.0,-1.49,205.0,205.0,205.0,205.0,205.0,-19.02,-19.02,-19.02,19.27,19.27,False,False,False,False,False,False,False,False,False,2026-10-07,建材營造,建材、營造與不動產開發（公司級業務待核驗）
2601,2601.TW,FSC,益航,41.98,,TWSE LISTED,航運業,6.08,6.11,6.17,6.05,2438318,14.82,6.554,6.807,-7.24,-10.68,-0.65,-13.89,-13.89,9.89,12.07,31.66,9.89,12.07,-37.63,-48.87,-80.51,38.54,49.61,False,False,False,False,False,False,False,False,False,2026-10-07,航運業,海運、航空、港口與物流運輸（公司級業務待核驗）
2603,2603.TW,EMC,長榮,5033.72,,TWSE LISTED,航運業,232.5,236.5,238.0,231.5,8097672,1882.71,236.3,238.75,-1.61,-2.62,-1.69,-3.12,-2.92,256.5,265.0,582.5,256.5,265.0,-7.21,-10.19,-59.14,9.36,12.26,False,False,False,False,False,False,False,True,False,2026-10-07,航運業,海運、航空、港口與物流運輸（公司級業務待核驗）
2605,2605.TW,SNC,新興,214.24,,TWSE LISTED,航運業,36.6,36.35,36.8,36.1,6351967,232.48,35.97,36.145,1.75,1.26,-0.95,2.38,2.95,46.25,46.25,58.8,46.25,46.25,-20.43,-20.43,-37.41,20.86,20.86,False,False,False,True,False,False,False,False,False,2026-10-07,航運業,海運、航空、港口與物流運輸（公司級業務待核驗）
2606,2606.TW,U-MING,裕民,629.57,,TWSE LISTED,航運業,74.5,75.1,75.4,74.0,1898100,141.41,74.7,75.06,-0.27,-0.75,-1.06,-1.84,1.22,81.7,81.7,96.4,81.7,81.7,-7.71,-7.71,-21.78,8.81,8.81,False,False,False,False,False,False,False,True,True,2026-10-07,航運業,海運、航空、港口與物流運輸（公司級業務待核驗）
2607,2607.TW,EITC,榮運,297.2,,TWSE LISTED,航運業,55.7,53.9,55.7,53.9,1179882,65.72,53.94,53.77,3.26,3.59,4.11,4.11,3.53,59.2,77.0,104.0,59.2,77.0,-5.91,-27.66,-46.44,5.91,27.66,False,False,False,False,False,False,False,True,False,2026-10-07,航運業,海運、航空、港口與物流運輸（公司級業務待核驗）
2608,2608.TW,Kerry TJ,嘉里大榮,133.33,,TWSE LISTED,航運業,28.55,28.7,28.7,28.55,219317,6.26,28.69,28.69,-0.49,-0.49,-0.17,-0.87,-0.17,33.4,48.1,80.4,33.4,48.1,-14.07,-40.33,-64.3,14.52,40.64,False,False,False,False,False,False,False,False,False,2026-10-07,航運業,海運、航空、港口與物流運輸（公司級業務待核驗）
2609,2609.TW,YMTC,陽明,2063.83,,TWSE LISTED,航運業,59.1,59.1,59.6,58.8,9462255,559.22,59.1,59.36,-0.0,-0.44,-0.17,-1.01,-0.51,69.9,87.8,234.5,69.9,87.8,-14.74,-32.12,-74.58,15.45,32.69,False,False,False,False,False,False,False,False,False,2026-10-07,航運業,海運、航空、港口與物流運輸（公司級業務待核驗）
2610,2610.TW,CAL,華航,1250.51,,TWSE LISTED,航運業,20.35,20.2,20.35,20.15,9432931,191.96,20.24,20.3,0.54,0.25,1.24,0.0,-0.49,24.75,27.2,31.95,24.75,27.2,-17.78,-25.18,-36.31,17.78,25.18,False,False,False,True,False,False,False,False,False,2026-10-07,航運業,海運、航空、港口與物流運輸（公司級業務待核驗）
2611,2611.TW,TSI,志信,28.44,,TWSE LISTED,航運業,15.05,15.35,15.35,14.95,457701,6.89,14.81,14.505,1.62,3.76,-0.66,5.24,3.79,18.45,35.85,41.82,18.45,35.85,-16.8,-57.18,-63.29,18.43,58.02,False,False,False,False,False,False,False,False,False,2026-10-07,航運業,海運、航空、港口與物流運輸（公司級業務待核驗）
2612,2612.TW,CMT,中航,121.85,,TWSE LISTED,航運業,61.7,62.6,62.9,61.6,266004,16.41,62.12,62.07,-0.68,-0.6,-2.06,-1.91,-0.16,70.7,78.6,92.7,70.7,78.6,-11.03,-19.97,-32.15,12.73,21.5,False,False,False,False,False,False,False,False,False,2026-10-07,航運業,海運、航空、港口與物流運輸（公司級業務待核驗）
2613,2613.TW,CCTC,中櫃,32.58,,TWSE LISTED,航運業,21.95,21.85,22.05,21.65,219210,4.81,22.02,22.125,-0.32,-0.79,0.0,-0.9,-2.01,30.0,49.7,52.4,30.0,49.7,-26.5,-55.63,-57.92,26.83,55.84,False,False,False,False,False,False,False,False,False,2026-10-07,航運業,海運、航空、港口與物流運輸（公司級業務待核驗）
2614,2614.TW,EMIC,東森,50.56,,TWSE LISTED,其他,15.45,15.9,15.9,15.4,3890302,60.11,16.947,17.071,-8.83,-9.49,-3.13,-13.32,-13.09,21.48,22.41,112.32,21.48,22.41,-25.98,-29.04,-85.84,28.08,31.05,False,False,False,False,False,False,False,False,False,2026-10-07,其他,其他（公司级产品待核验）
2615,2615.TW,WANHAI,萬海,3128.85,,TWSE LISTED,航運業,111.5,112.0,112.5,110.5,5679781,633.3,111.8,112.95,-0.27,-1.28,0.0,-1.33,-2.19,134.5,134.5,279.05,134.5,134.5,-16.36,-16.36,-59.68,17.1,17.1,False,False,False,False,False,False,False,False,False,2026-10-07,航運業,海運、航空、港口與物流運輸（公司級業務待核驗）
2616,2616.TW,SLC,山隆,18.05,,TWSE LISTED,油電燃氣業,13.15,13.15,13.2,13.1,124401,1.64,13.19,13.225,-0.3,-0.57,0.0,-0.38,-1.13,23.9,30.8,40.5,23.9,30.8,-44.77,-57.14,-67.41,44.98,57.31,False,False,False,False,False,False,False,False,False,2026-10-07,油電燃氣業,油電燃氣業（公司级产品待核验）
2617,2617.TW,TNC,台航,133.95,,TWSE LISTED,航運業,32.1,32.25,32.25,31.75,715389,22.96,31.83,32.06,0.85,0.12,-0.62,1.74,2.07,34.75,40.25,78.0,34.75,40.25,-7.19,-19.88,-58.65,7.63,20.25,False,False,False,True,False,False,False,True,False,2026-10-07,航運業,海運、航空、港口與物流運輸（公司級業務待核驗）
2618,2618.TW,EVAAIR,長榮航,2265.49,,TWSE LISTED,航運業,41.95,41.9,41.95,41.5,7042153,295.42,41.99,42.165,-0.1,-0.51,0.96,-0.94,-2.1,45.65,48.3,48.3,45.65,48.3,-8.11,-13.15,-13.15,8.11,13.15,False,False,False,False,False,False,False,True,False,2026-10-07,航運業,海運、航空、港口與物流運輸（公司級業務待核驗）
2630,2630.TW,AACL,亞航,95.4,,TWSE LISTED,航運業,45.55,45.75,46.15,45.45,478114,21.78,46.19,46.39,-1.39,-1.81,-0.11,-2.67,-3.19,62.3,79.9,79.9,62.3,79.9,-25.92,-42.24,-42.24,26.89,42.99,False,False,False,False,False,False,False,False,False,2026-10-07,航運業,海運、航空、港口與物流運輸（公司級業務待核驗）
2633,2633.TW,THSRC,台灣高鐵,1449.29,,TWSE LISTED,航運業,25.75,25.65,25.75,25.6,2031440,52.31,25.72,25.645,0.12,0.41,0.39,0.0,0.39,28.15,31.05,47.0,28.15,31.05,-8.53,-17.07,-45.21,8.53,17.07,False,False,False,True,False,False,False,True,False,2026-10-07,航運業,海運、航空、港口與物流運輸（公司級業務待核驗）
2634,2634.TW,AIDC,漢翔,599.03,,TWSE LISTED,航運業,63.6,64.6,64.7,63.6,4718999,300.13,64.54,63.85,-1.46,-0.39,-0.78,-3.64,-0.63,76.5,76.5,76.5,76.5,76.5,-15.42,-15.42,-15.42,16.86,16.86,False,False,False,False,False,False,False,False,False,2026-10-07,航運業,海運、航空、港口與物流運輸（公司級業務待核驗）
2636,2636.TW,T3EX,台驊控股,99.43,,TWSE LISTED,航運業,70.1,70.5,70.5,70.0,155403,10.89,70.38,70.74,-0.4,-0.9,0.0,-0.99,-2.23,78.9,124.0,316.53,78.9,124.0,-10.65,-43.15,-77.73,11.15,43.47,False,False,False,False,False,False,False,False,False,2026-10-07,航運業,海運、航空、港口與物流運輸（公司級業務待核驗）
2637,2637.TW,WISDOM,慧洋-KY,722.52,,TWSE LISTED,航運業,96.8,99.9,99.9,96.3,2651070,256.62,97.72,98.15,-0.94,-1.38,-3.2,-2.02,0.41,108.0,108.0,121.0,108.0,108.0,-7.5,-7.5,-17.44,10.37,10.37,False,False,False,False,False,False,False,False,False,2026-10-07,航運業,海運、航空、港口與物流運輸（公司級業務待核驗）
2640,2640.TWO,55688,大車隊,91.86,,TPEx LISTED,數位雲端,155.0,155.0,155.5,154.5,25033,3.88,155.5,156.7,-0.32,-1.08,0.0,-0.96,-1.27,199.0,199.0,199.0,199.0,199.0,-21.86,-21.86,-21.86,22.11,22.11,False,False,False,False,False,False,False,False,False,2026-10-07,數位雲端,數位雲端、軟體服務與電子商務（公司級產品待核驗）
2641,2641.TWO,Franbo Lines,正德,56.98,,TPEx LISTED,航運業,17.25,17.2,17.25,17.1,731075,12.61,17.3,17.39,-0.29,-0.81,0.29,-1.15,-1.43,21.95,25.1,41.99,21.95,25.1,-21.41,-31.27,-58.92,21.41,31.27,False,False,False,False,False,False,False,False,False,2026-10-07,航運業,海運、航空、港口與物流運輸（公司級業務待核驗）
2642,2642.TW,Pelican,宅配通,19.28,,TWSE LISTED,航運業,20.2,20.25,20.25,20.1,37089,0.75,20.24,20.32,-0.2,-0.59,-0.25,-0.25,-0.98,26.75,48.7,152.5,26.75,48.7,-24.3,-58.42,-86.72,24.49,58.52,False,False,False,False,False,False,False,False,False,2026-10-07,航運業,海運、航空、港口與物流運輸（公司級業務待核驗）
2643,2643.TWO,Soonest,捷迅,22.05,,TPEx LISTED,航運業,63.0,62.6,63.0,62.2,46000,2.9,62.38,62.57,0.99,0.69,1.61,1.61,0.64,74.0,93.5,129.76,74.0,93.5,-14.86,-32.62,-51.45,14.86,32.62,False,False,False,True,False,False,False,False,False,2026-10-07,航運業,海運、航空、港口與物流運輸（公司級業務待核驗）
2645,2645.TW,EGAT,長榮航太,649.88,,TWSE LISTED,航運業,173.5,172.5,175.5,172.5,629401,109.2,173.1,172.7,0.23,0.46,0.58,0.0,0.29,258.0,258.0,258.0,258.0,258.0,-31.98,-31.98,-31.98,32.75,32.75,False,False,False,True,False,False,False,False,False,2026-10-07,航運業,海運、航空、港口與物流運輸（公司級業務待核驗）
2646,2646.TW,STARLUX AIR,星宇航空,604.76,,TWSE LISTED,航運業,20.1,20.05,20.1,20.0,2577555,51.81,20.08,20.145,0.1,-0.22,0.5,0.0,-0.25,23.75,33.4,45.82,23.75,33.4,-15.37,-39.82,-56.13,15.37,39.82,False,False,False,False,False,False,False,False,False,2026-10-07,航運業,海運、航空、港口與物流運輸（公司級業務待核驗）
2701,2701.TW,WANHWA,萬企,46.35,,TWSE LISTED,觀光餐旅,10.3,10.35,10.35,10.25,32414,0.33,10.28,10.28,0.19,0.19,-0.48,0.49,0.0,11.2,13.85,15.6,11.2,13.85,-7.59,-25.27,-33.65,8.04,25.63,False,False,True,True,False,False,False,True,False,2026-10-07,觀光餐旅,觀光餐旅（公司级产品待核验）
2702,2702.TW,HG,華園,18.87,,TWSE LISTED,觀光餐旅,12.05,12.1,12.15,12.05,28567,0.34,12.17,12.43,-0.99,-3.06,-0.82,-1.23,-1.63,18.1,22.7,30.24,18.1,22.7,-32.87,-46.48,-59.82,33.43,46.92,False,False,False,False,False,False,False,False,False,2026-10-07,觀光餐旅,觀光餐旅（公司级产品待核验）
2704,2704.TW,AMBH,國賓,163.83,,TWSE LISTED,觀光餐旅,44.65,45.3,45.3,44.65,36572,1.63,44.81,44.98,-0.36,-0.73,-0.11,-0.67,-1.76,49.7,84.0,84.0,49.7,84.0,-8.85,-46.07,-46.07,10.16,46.85,False,False,False,False,False,False,False,False,False,2026-10-07,觀光餐旅,觀光餐旅（公司级产品待核验）
2705,2705.TW,LEOFOO,六福,28.89,,TWSE LISTED,觀光餐旅,15.1,15.1,15.15,15.05,58374,0.88,15.09,15.115,0.07,-0.1,0.33,0.0,0.0,18.2,22.45,28.45,18.2,22.45,-16.76,-32.52,-46.75,17.03,32.74,False,False,False,False,False,False,False,False,False,2026-10-07,觀光餐旅,觀光餐旅（公司级产品待核验）
2706,2706.TW,FIRST HOTEL,第一店,60.5,,TWSE LISTED,觀光餐旅,12.1,12.1,12.15,12.05,67270,0.81,12.11,12.12,-0.08,-0.17,0.0,0.0,-0.82,13.35,16.95,20.65,13.35,16.95,-8.99,-28.32,-41.16,9.36,28.61,False,False,False,False,False,False,False,True,False,2026-10-07,觀光餐旅,觀光餐旅（公司级产品待核验）
2707,2707.TW,GFRT,晶華,222.96,,TWSE LISTED,觀光餐旅,175.0,174.5,175.5,174.5,68040,11.91,175.0,175.75,0.0,-0.43,0.29,0.0,-0.28,202.0,258.5,338.5,202.0,258.5,-13.12,-32.11,-48.15,13.37,32.3,False,False,False,False,False,False,False,False,False,2026-10-07,觀光餐旅,觀光餐旅（公司级产品待核验）
2712,2712.TW,FGH,遠雄來,13.86,,TWSE LISTED,觀光餐旅,13.2,13.2,13.25,13.2,6000,0.08,13.33,13.39,-0.98,-1.42,-0.75,-1.49,-2.58,18.25,39.0,60.0,18.25,39.0,-27.4,-66.03,-77.92,27.67,66.15,False,False,False,False,False,False,False,False,False,2026-10-07,觀光餐旅,觀光餐旅（公司级产品待核验）
2718,2718.TWO,Allmind,全心投控,34.77,,TPEx LISTED,建材營造,39.7,39.4,39.7,39.35,19000,0.75,39.93,40.33,-0.58,-1.56,0.89,-1.49,-1.85,54.1,145.5,145.5,54.1,145.5,-26.62,-72.71,-72.71,26.62,72.71,False,False,False,False,False,False,False,False,False,2026-10-07,建材營造,建材、營造與不動產開發（公司級業務待核驗）
2719,2719.TWO,Star Travel,燦星旅,13.25,,TPEx LISTED,觀光餐旅,19.15,19.5,19.5,19.15,5476,0.1,19.44,19.49,-1.49,-1.74,-1.54,-2.79,-3.04,32.25,76.7,118.0,32.25,76.7,-39.53,-74.58,-83.47,40.62,75.03,False,False,False,False,False,False,False,False,False,2026-10-07,觀光餐旅,觀光餐旅（公司级产品待核验）
2722,2722.TW,Chateau,夏都,30.78,,TWSE LISTED,觀光餐旅,21.5,21.75,21.75,21.35,19000,0.41,21.48,21.345,0.09,0.73,-0.23,0.7,0.47,26.85,69.76,113.21,26.85,69.76,-18.99,-68.82,-80.79,19.93,69.18,False,False,False,False,False,False,False,False,False,2026-10-07,觀光餐旅,觀光餐旅（公司级产品待核验）
2723,2723.TW,Gourmet,美食-KY,144.18,,TWSE LISTED,觀光餐旅,80.1,78.0,80.4,77.7,276018,22.11,77.68,77.85,3.12,2.89,3.76,3.62,3.49,84.0,108.0,397.64,84.0,108.0,-4.29,-25.56,-79.78,4.64,25.83,False,False,False,True,False,False,False,True,False,2026-10-07,觀光餐旅,觀光餐旅（公司级产品待核验）
2724,2724.TWO,AAGD-KY,藝舍-KY,8.05,,TPEx LISTED,其他,13.5,13.65,13.65,13.5,19000,0.26,12.58,12.675,7.31,6.51,8.43,6.3,3.05,22.25,40.0,40.0,22.25,40.0,-38.65,-65.88,-65.88,39.33,66.25,False,False,False,False,False,False,False,False,False,2026-10-07,其他,其他（公司级产品待核验）
2726,2726.TWO,Yummy Town,雅茗-KY,3.02,,TPEx LISTED,觀光餐旅,8.0,8.02,8.04,7.95,27000,0.22,8.004,8.022,-0.05,-0.27,0.0,-0.25,0.0,13.3,36.55,162.2,13.3,36.55,-39.55,-78.0,-95.04,39.85,78.11,False,False,False,False,False,False,False,False,False,2026-10-07,觀光餐旅,觀光餐旅（公司级产品待核验）
2727,2727.TW,WOWPRIME,王品,193.67,,TWSE LISTED,觀光餐旅,233.5,233.0,235.0,233.0,197126,46.03,234.0,233.1,-0.21,0.17,-0.21,-0.21,-1.06,253.0,264.5,340.15,253.0,264.5,-7.11,-11.15,-30.91,7.71,11.72,False,False,False,False,False,False,False,True,False,2026-10-07,觀光餐旅,觀光餐旅（公司级产品待核验）
2729,2729.TWO,TTFB,瓦城,66.5,,TPEx LISTED,觀光餐旅,154.5,155.0,155.0,154.0,8000,1.24,155.3,156.45,-0.52,-1.25,-0.32,-0.64,-0.96,180.0,205.18,247.7,180.0,205.18,-13.89,-24.46,-37.42,14.17,24.7,False,False,False,False,False,False,False,False,False,2026-10-07,觀光餐旅,觀光餐旅（公司级产品待核验）
2731,2731.TW,Liontravel,雄獅,134.32,,TWSE LISTED,觀光餐旅,144.0,143.5,145.0,143.5,145068,20.89,143.9,143.9,0.07,0.07,0.35,0.35,-0.35,185.0,185.0,201.5,185.0,185.0,-21.62,-21.62,-28.04,22.16,22.16,False,False,False,True,False,False,False,False,False,2026-10-07,觀光餐旅,觀光餐旅（公司级产品待核验）
2732,2732.TWO,La Kaffa,六角,29.4,,TPEx LISTED,觀光餐旅,63.2,63.1,63.3,63.1,49000,3.1,63.18,63.44,0.03,-0.38,0.0,-0.32,0.16,70.5,144.5,209.0,70.5,144.5,-10.21,-56.19,-69.71,10.35,56.26,False,False,True,False,False,False,False,False,False,2026-10-07,觀光餐旅,觀光餐旅（公司级产品待核验）
2734,2734.TWO,Ezfly,易飛網,8.19,,TPEx LISTED,觀光餐旅,14.3,14.5,14.5,14.25,41219,0.59,14.35,14.41,-0.35,-0.76,-0.35,-0.69,-1.04,19.5,52.6,81.0,19.5,52.6,-25.64,-72.43,-82.1,26.67,72.81,False,False,False,False,False,False,False,False,False,2026-10-07,觀光餐旅,觀光餐旅（公司级产品待核验）
2736,2736.TWO,HOYA,富野,8.92,,TPEx LISTED,觀光餐旅,11.15,11.1,11.25,11.05,37000,0.41,11.2,11.25,-0.45,-0.89,0.0,-0.45,-1.76,15.2,33.8,55.0,15.2,33.8,-25.99,-66.72,-79.55,26.64,67.01,False,False,False,False,False,False,False,False,False,2026-10-07,觀光餐旅,觀光餐旅（公司级产品待核验）
2739,2739.TW,My Humble House,寒舍,33.13,,TWSE LISTED,觀光餐旅,36.2,36.3,36.8,36.2,23000,0.83,36.28,36.43,-0.22,-0.63,-0.28,0.14,-0.96,39.15,81.9,86.0,39.15,81.9,-6.0,-55.07,-57.21,7.54,55.8,False,False,False,False,False,False,False,True,False,2026-10-07,觀光餐旅,觀光餐旅（公司级产品待核验）
2740,2740.TWO,Hua Hsuan,華軒,5.28,,TPEx LISTED,觀光餐旅,31.5,31.4,31.5,31.4,3500,0.11,30.67,30.685,2.71,2.66,0.32,3.28,4.48,47.45,80.0,153.04,47.45,80.0,-33.61,-60.62,-79.42,33.61,60.62,True,False,False,False,False,False,False,False,False,2026-10-07,觀光餐旅,觀光餐旅（公司级产品待核验）
2743,2743.TWO,richmond,山富,24.11,,TPEx LISTED,觀光餐旅,51.5,51.0,51.8,50.8,56030,2.89,51.62,52.73,-0.23,-2.33,2.39,-2.28,-3.38,84.7,147.31,147.31,84.7,147.31,-38.84,-64.84,-64.84,39.2,65.04,False,False,False,False,False,False,False,False,False,2026-10-07,觀光餐旅,觀光餐旅（公司级产品待核验）
2745,2745.TWO,LIFE TRAVEL,五福,29.01,,TPEx LISTED,觀光餐旅,85.8,85.4,85.8,85.3,17000,1.46,85.06,84.8,0.87,1.18,0.82,1.06,1.06,116.0,154.5,154.5,116.0,154.5,-26.03,-44.47,-44.47,26.03,44.47,False,False,False,False,False,False,False,False,False,2026-10-07,觀光餐旅,觀光餐旅（公司级产品待核验）
2748,2748.TW,FDC,雲品,40.88,,TWSE LISTED,觀光餐旅,38.65,39.0,39.0,38.65,17000,0.66,38.8,38.765,-0.39,-0.3,0.0,-0.9,-0.39,45.35,92.5,130.0,45.35,92.5,-14.0,-57.84,-70.0,14.77,58.22,False,False,False,False,False,False,False,False,False,2026-10-07,觀光餐旅,觀光餐旅（公司级产品待核验）
2751,2751.TWO,Kingza,王座,10.76,,TPEx LISTED,觀光餐旅,54.3,53.8,54.8,53.8,17000,0.92,53.32,53.51,1.84,1.48,1.5,2.65,3.04,63.3,142.5,162.5,63.3,142.5,-13.43,-61.54,-66.28,14.22,61.89,True,False,False,False,False,False,False,False,False,2026-10-07,觀光餐旅,觀光餐旅（公司级产品待核验）
2752,2752.TWO,TOFU,豆府,47.65,,TPEx LISTED,觀光餐旅,178.5,178.5,178.5,178.5,1000,0.18,177.2,177.6,0.73,0.51,0.28,0.85,0.85,223.0,311.5,311.5,223.0,311.5,-19.96,-42.7,-42.7,19.96,42.7,False,False,False,False,False,False,False,False,False,2026-10-07,觀光餐旅,觀光餐旅（公司级产品待核验）
2753,2753.TW,Bafang,八方雲集,122.63,,TWSE LISTED,觀光餐旅,184.0,181.0,184.0,181.0,104022,19.14,183.4,181.7,0.33,1.27,1.66,-0.54,2.22,186.67,210.95,249.05,186.67,210.95,-1.43,-12.78,-26.12,1.43,12.78,False,False,False,True,False,False,False,True,False,2026-10-07,觀光餐旅,觀光餐旅（公司级产品待核验）
2754,2754.TWO,KURA SUSHI ASIA,亞洲藏壽司,31.57,,TPEx LISTED,觀光餐旅,67.3,67.5,67.5,67.1,7000,0.47,67.62,67.96,-0.47,-0.97,-0.3,-1.17,-1.03,87.9,133.0,325.5,87.9,133.0,-23.21,-49.25,-79.26,23.44,49.4,False,False,False,False,False,False,False,False,False,2026-10-07,觀光餐旅,觀光餐旅（公司级产品待核验）
2755,2755.TWO,YoungQin,揚秦,45.86,,TPEx LISTED,觀光餐旅,98.0,98.1,98.1,97.5,55000,5.39,98.64,98.88,-0.65,-0.89,0.0,-0.71,-0.91,122.75,122.75,122.75,122.75,122.75,-20.08,-20.08,-20.08,20.16,20.16,False,False,False,False,False,False,False,False,False,2026-10-07,觀光餐旅,觀光餐旅（公司级产品待核验）
2756,2756.TWO,LIAN FA,聯發國際,15.1,,TPEx LISTED,觀光餐旅,61.4,61.7,61.7,59.8,46342,2.85,61.9,62.32,-0.81,-1.48,0.0,-0.81,-2.23,82.6,129.0,134.17,82.6,129.0,-25.3,-52.17,-54.01,25.67,52.4,False,False,False,False,False,False,False,False,False,2026-10-07,觀光餐旅,觀光餐旅（公司级产品待核验）
2762,2762.TW,World Gym,世界健身-KY,87.41,,TWSE LISTED,運動休閒,77.7,77.4,78.0,77.4,16021,1.24,78.2,78.81,-0.64,-1.41,-0.13,-1.15,-1.89,91.2,133.0,133.0,91.2,133.0,-14.47,-41.35,-41.35,14.8,41.58,False,False,False,False,False,False,False,False,False,2026-10-07,運動休閒,運動休閒（公司级产品待核验）
2801,2801.TW,CHANG HWA BANK,彰銀,3346.7,,TWSE LISTED,金融保險,27.75,27.4,27.8,27.3,11219236,311.33,27.5,27.655,0.91,0.34,1.28,0.54,0.54,29.75,29.75,29.75,29.75,29.75,-6.55,-6.55,-6.55,6.72,6.72,False,False,False,True,False,False,False,True,True,2026-10-07,金融保險,銀行、保險、證券與金融服務（公司級業務待核驗）
2812,2812.TW,T.C.C.B.,台中銀,1211.13,,TWSE LISTED,金融保險,18.85,18.75,18.95,18.75,10147508,191.28,18.73,18.87,0.64,-0.11,0.8,0.53,0.0,19.87,21.8,21.8,19.87,21.8,-4.62,-13.07,-13.07,5.13,13.53,False,False,False,False,False,False,False,True,False,2026-10-07,金融保險,銀行、保險、證券與金融服務（公司級業務待核驗）
2816,2816.TW,UNION INS.,旺旺保,90.56,,TWSE LISTED,金融保險,40.5,39.7,40.55,39.7,386590,15.66,39.84,40.03,1.66,1.17,2.14,2.02,0.5,41.4,42.0,42.0,41.4,42.0,-2.05,-3.45,-3.45,2.17,3.57,False,False,False,True,False,False,False,True,True,2026-10-07,金融保險,銀行、保險、證券與金融服務（公司級業務待核驗）
2820,2820.TW,CBF,華票,226.29,,TWSE LISTED,金融保險,16.85,16.65,16.85,16.65,562212,9.47,16.71,16.88,0.84,-0.18,1.2,0.9,0.0,18.05,18.05,18.05,18.05,18.05,-6.65,-6.65,-6.65,6.65,6.65,False,False,False,False,False,False,False,True,True,2026-10-07,金融保險,銀行、保險、證券與金融服務（公司級業務待核驗）
2832,2832.TW,TFMI,台產,144.52,,TWSE LISTED,金融保險,57.0,56.3,57.0,56.2,100100,5.71,56.6,57.03,0.71,-0.05,1.42,0.53,0.18,61.9,61.9,61.9,61.9,61.9,-7.92,-7.92,-7.92,7.92,7.92,False,False,False,False,False,False,False,True,True,2026-10-07,金融保險,銀行、保險、證券與金融服務（公司級業務待核驗）
2834,2834.TW,TBB,臺企銀,1824.91,,TWSE LISTED,金融保險,17.55,17.35,17.6,17.35,11233964,197.16,17.43,17.65,0.69,-0.57,1.15,0.57,-1.13,18.8,18.8,18.8,18.8,18.8,-6.38,-6.38,-6.38,6.65,6.65,False,False,False,False,False,False,False,True,True,2026-10-07,金融保險,銀行、保險、證券與金融服務（公司級業務待核驗）
2836,2836.TW,B.O.K,高雄銀,224.86,,TWSE LISTED,金融保險,12.1,12.05,12.15,12.0,1057431,12.79,12.02,12.08,0.67,0.17,0.83,0.83,0.0,12.94,12.94,13.97,12.94,12.94,-6.07,-6.07,-13.0,6.46,6.46,False,False,False,True,False,False,False,True,True,2026-10-07,金融保險,銀行、保險、證券與金融服務（公司級業務待核驗）
2838,2838.TW,UBOT,聯邦銀,944.6,,TWSE LISTED,金融保險,20.5,20.4,20.6,20.25,893852,18.32,20.4,20.685,0.49,-0.89,1.23,0.49,-0.49,23.49,23.49,23.49,23.49,23.49,-12.31,-12.31,-12.31,12.73,12.73,False,False,False,False,False,False,False,False,False,2026-10-07,金融保險,銀行、保險、證券與金融服務（公司級業務待核驗）
2845,2845.TW,FEIB,遠東銀,632.49,,TWSE LISTED,金融保險,13.0,12.85,13.0,12.85,4342767,56.46,12.93,13.1,0.54,-0.76,1.17,0.78,-0.76,13.85,15.77,15.77,13.85,15.77,-6.14,-17.54,-17.54,6.14,17.54,False,False,False,False,False,False,False,True,False,2026-10-07,金融保險,銀行、保險、證券與金融服務（公司級業務待核驗）
2849,2849.TW,EnTie Bank,安泰銀,300.49,,TWSE LISTED,金融保險,15.35,15.4,15.6,15.25,68000,1.04,15.5,15.675,-0.97,-2.07,0.66,0.0,-4.36,16.3,16.3,17.35,16.3,16.3,-4.29,-4.29,-10.09,5.83,5.83,False,False,False,False,False,False,False,True,True,2026-10-07,金融保險,銀行、保險、證券與金融服務（公司級業務待核驗）
2850,2850.TW,SK Insurance,新產,516.6,,TWSE LISTED,金融保險,163.5,159.0,163.5,159.0,296447,48.47,159.6,159.7,2.44,2.38,2.51,3.15,0.31,169.0,169.0,169.0,169.0,169.0,-3.25,-3.25,-3.25,3.25,3.25,False,False,False,True,False,False,False,True,True,2026-10-07,金融保險,銀行、保險、證券與金融服務（公司級業務待核驗）
2851,2851.TW,Central Re,中再保,382.19,,TWSE LISTED,金融保險,47.75,46.3,47.8,46.15,3166605,151.21,46.32,46.87,3.09,1.88,3.35,3.92,1.17,48.5,48.5,48.5,48.5,48.5,-1.44,-1.44,-1.44,1.55,1.55,False,False,False,True,False,False,False,True,True,2026-10-07,金融保險,銀行、保險、證券與金融服務（公司級業務待核驗）
2852,2852.TW,FIRST INS,第一保,83.57,,TWSE LISTED,金融保險,27.75,27.55,27.75,27.45,303154,8.41,27.54,27.755,0.76,-0.02,1.46,0.91,-0.36,30.3,31.0,31.0,30.3,31.0,-8.42,-10.48,-10.48,8.42,10.48,False,False,False,False,False,False,False,True,False,2026-10-07,金融保險,銀行、保險、證券與金融服務（公司級業務待核驗）
2855,2855.TW,PSC,統一證,924.02,,TWSE LISTED,金融保險,57.7,58.0,59.2,57.5,3827738,220.86,57.68,57.29,0.03,0.72,-1.37,0.17,1.94,59.8,59.8,59.8,59.8,59.8,-1.0,-1.0,-1.0,3.51,3.51,False,False,False,False,False,False,False,True,True,2026-10-07,金融保險,銀行、保險、證券與金融服務（公司級業務待核驗）
2880,2880.TW,HNFHC,華南金,6592.33,,TWSE LISTED,金融保險,46.9,45.65,46.9,45.6,10432984,489.31,45.41,45.54,3.28,2.99,3.19,4.57,3.42,48.3,48.3,48.3,48.3,48.3,-2.9,-2.9,-2.9,2.9,2.9,False,False,False,False,False,False,False,True,True,2026-10-07,金融保險,銀行、保險、證券與金融服務（公司級業務待核驗）
2881,2881.TW,Fubon Financial,富邦金,21781.45,,TWSE LISTED,金融保險,155.5,154.5,155.5,154.0,12086636,1879.47,152.6,152.3,1.9,2.1,0.65,3.32,2.98,156.5,156.5,156.5,156.5,156.5,-0.64,-0.64,-0.64,0.64,0.64,True,False,False,False,False,False,False,True,True,2026-10-07,金融保險,銀行、保險、證券與金融服務（公司級業務待核驗）
2882,2882.TW,CATHAY FHC,國泰金,16576.21,,TWSE LISTED,金融保險,113.0,112.5,114.0,111.5,21782254,2461.39,111.7,111.5,1.16,1.35,0.89,1.35,1.8,117.5,117.5,117.5,117.5,117.5,-2.98,-2.98,-2.98,3.83,3.83,False,False,False,True,False,False,False,True,True,2026-10-07,金融保險,銀行、保險、證券與金融服務（公司級業務待核驗）
2883,2883.TW,KGI Financial,凱基金,6535.23,,TWSE LISTED,金融保險,38.5,37.8,38.5,37.6,37123895,1429.27,37.54,38.31,2.56,0.5,2.26,3.08,-0.9,40.8,40.8,40.8,40.8,40.8,-5.64,-5.64,-5.64,5.64,5.64,False,False,False,True,False,False,False,True,True,2026-10-07,金融保險,銀行、保險、證券與金融服務（公司級業務待核驗）
2884,2884.TW,E.S.F.H,玉山金,8108.51,,TWSE LISTED,金融保險,45.75,45.6,45.85,45.4,11631419,532.14,45.34,45.37,0.9,0.84,0.66,0.88,2.01,47.35,47.35,47.35,47.35,47.35,-3.17,-3.17,-3.17,3.38,3.38,False,False,False,False,False,False,False,True,True,2026-10-07,金融保險,銀行、保險、證券與金融服務（公司級業務待核驗）
2885,2885.TW,Yuanta Group,元大金,9705.08,,TWSE LISTED,金融保險,70.0,69.6,70.2,69.0,15415128,1079.06,68.34,68.83,2.43,1.7,1.01,4.79,2.19,71.7,71.7,71.7,71.7,71.7,-2.09,-2.09,-2.09,2.37,2.37,True,False,False,False,False,False,False,True,True,2026-10-07,金融保險,銀行、保險、證券與金融服務（公司級業務待核驗）
2886,2886.TW,MEGA FHC,兆豐金,7387.02,,TWSE LISTED,金融保險,49.8,49.35,49.8,49.2,15555170,774.65,49.07,49.37,1.49,0.87,1.01,1.94,1.32,53.7,53.7,53.7,53.7,53.7,-7.26,-7.26,-7.26,7.26,7.26,False,False,False,True,False,False,False,True,True,2026-10-07,金融保險,銀行、保險、證券與金融服務（公司級業務待核驗）
2887,2887.TW,TS Holdings,台新新光金,10586.0,,TWSE LISTED,金融保險,42.15,41.75,42.25,41.5,26976897,1137.08,41.25,41.835,2.18,0.75,1.69,3.95,0.48,44.8,44.8,44.8,44.8,44.8,-5.69,-5.69,-5.69,5.92,5.92,True,False,False,True,False,False,False,True,True,2026-10-07,金融保險,銀行、保險、證券與金融服務（公司級業務待核驗）
2889,2889.TW,IBF,國票金,597.54,,TWSE LISTED,金融保險,16.3,16.2,16.4,16.2,3058817,49.86,16.15,16.385,0.93,-0.52,0.62,1.24,-1.21,17.64,17.64,17.64,17.64,17.64,-7.05,-7.05,-7.05,7.61,7.61,False,False,False,False,False,False,False,True,True,2026-10-07,金融保險,銀行、保險、證券與金融服務（公司級業務待核驗）
2890,2890.TW,SINOPACHOLDINGS,永豐金,6600.24,,TWSE LISTED,金融保險,44.65,45.4,45.5,44.65,19197381,857.16,44.092,44.355,1.26,0.67,-0.9,2.13,1.67,46.35,46.35,46.35,46.35,46.35,-1.83,-1.83,-1.83,3.67,3.67,False,False,False,False,False,False,False,True,True,2026-10-07,金融保險,銀行、保險、證券與金融服務（公司級業務待核驗）
2891,2891.TW,CTBC HOLDING,中信金,13517.37,,TWSE LISTED,金融保險,68.7,68.8,69.5,68.3,20220377,1389.14,67.94,68.38,1.12,0.47,0.44,2.08,0.44,73.6,73.6,73.6,73.6,73.6,-5.57,-5.57,-5.57,6.66,6.66,True,False,False,True,False,False,False,True,True,2026-10-07,金融保險,銀行、保險、證券與金融服務（公司級業務待核驗）
2892,2892.TW,FFHC,第一金,5593.61,,TWSE LISTED,金融保險,38.9,38.5,38.9,38.4,13732173,534.18,38.55,38.925,0.91,-0.06,0.91,0.91,0.65,40.95,40.95,40.95,40.95,40.95,-5.01,-5.01,-5.01,5.01,5.01,False,False,True,False,False,False,False,True,True,2026-10-07,金融保險,銀行、保險、證券與金融服務（公司級業務待核驗）
2897,2897.TW,O-Bank,王道銀行,298.77,,TWSE LISTED,金融保險,10.65,10.6,10.7,10.55,1194583,12.72,10.67,10.845,-0.19,-1.8,0.47,-0.47,-2.29,11.35,11.35,11.35,11.35,11.35,-5.73,-5.73,-5.73,6.17,6.17,False,False,False,False,False,False,False,True,True,2026-10-07,金融保險,銀行、保險、證券與金融服務（公司級業務待核驗）
2901,2901.TW,SHIN SHIN,欣欣,18.19,,TWSE LISTED,貿易百貨,24.9,24.75,25.6,24.75,61000,1.52,24.9,24.315,0.0,2.41,0.61,-0.6,3.11,26.8,30.05,36.8,26.8,30.05,-4.48,-14.81,-30.43,7.09,17.14,False,False,False,False,False,False,False,True,False,2026-10-07,貿易百貨,貿易、零售、百貨與消費通路（公司級業務待核驗）
2903,2903.TW,FEDS,遠百,311.02,,TWSE LISTED,貿易百貨,21.95,21.75,21.95,21.75,655138,14.38,21.84,21.99,0.5,-0.18,0.92,0.69,-0.9,24.5,35.95,35.95,24.5,35.95,-10.41,-38.94,-38.94,10.41,38.94,False,False,False,False,False,False,False,False,False,2026-10-07,貿易百貨,貿易、零售、百貨與消費通路（公司級業務待核驗）
2904,2904.TW,POCS,匯僑,9.85,,TWSE LISTED,其他,12.65,12.5,12.65,12.5,19001,0.24,12.6,12.59,0.4,0.48,1.2,0.4,0.4,17.85,19.95,31.25,17.85,19.95,-29.13,-36.59,-59.53,29.13,36.59,False,False,False,True,False,False,False,False,False,2026-10-07,其他,其他（公司级产品待核验）
2905,2905.TW,MERCURIES,三商,196.54,,TWSE LISTED,貿易百貨,17.7,17.65,17.8,17.65,335970,5.95,17.79,18.075,-0.51,-2.07,-0.28,-0.56,-3.28,19.0,21.75,27.51,19.0,21.75,-6.32,-18.16,-35.3,6.84,18.62,False,False,False,False,False,False,False,True,False,2026-10-07,貿易百貨,貿易、零售、百貨與消費通路（公司級業務待核驗）
2906,2906.TW,Collins,高林,27.81,,TWSE LISTED,貿易百貨,13.3,13.35,13.35,13.25,37229,0.5,13.34,13.395,-0.3,-0.71,-0.37,-0.75,-0.75,16.1,24.7,29.85,16.1,24.7,-17.08,-45.95,-55.28,17.39,46.15,False,False,False,False,False,False,False,False,False,2026-10-07,貿易百貨,貿易、零售、百貨與消費通路（公司級業務待核驗）
2908,2908.TW,Test Rite,特力,112.43,,TWSE LISTED,貿易百貨,22.05,21.9,22.05,21.85,332222,7.33,22.08,22.05,-0.14,-0.0,0.46,-0.23,0.0,22.6,22.6,28.0,22.6,22.6,-2.43,-2.43,-21.25,2.43,2.43,False,False,False,False,False,False,False,True,True,2026-10-07,貿易百貨,貿易、零售、百貨與消費通路（公司級業務待核驗）
2910,2910.TW,TONLIN,統領,41.22,,TWSE LISTED,貿易百貨,23.5,23.45,23.5,23.45,3000,0.07,23.53,23.535,-0.13,-0.15,-2.08,1.29,-0.42,31.1,31.1,52.9,31.1,31.1,-24.44,-24.44,-55.58,24.44,24.44,False,False,False,False,False,False,False,False,False,2026-10-07,貿易百貨,貿易、零售、百貨與消費通路（公司級業務待核驗）
2911,2911.TW,Les enphants,麗嬰房,6.22,,TWSE LISTED,貿易百貨,5.92,5.8,5.97,5.79,232494,1.38,5.978,6.043,-0.97,-2.04,2.42,-1.5,-2.63,10.5,13.83,28.61,10.5,13.83,-43.14,-56.84,-79.13,43.62,57.2,False,False,False,False,False,False,False,False,False,2026-10-07,貿易百貨,貿易、零售、百貨與消費通路（公司級業務待核驗）
2912,2912.TW,PCSC,統一超,2219.59,,TWSE LISTED,貿易百貨,213.5,211.0,214.0,210.5,1874223,400.15,211.6,212.2,0.9,0.61,1.43,1.43,0.47,250.0,306.0,378.0,250.0,306.0,-14.4,-30.07,-43.39,14.6,30.23,False,False,False,True,False,False,False,False,False,2026-10-07,貿易百貨,貿易、零售、百貨與消費通路（公司級業務待核驗）
2913,2913.TW,TTC,農林,86.11,,TWSE LISTED,貿易百貨,10.9,10.9,11.15,10.9,2157181,23.51,10.96,11.02,-0.55,-1.09,0.0,-0.91,-2.24,13.9,24.25,33.0,13.9,24.25,-19.78,-54.02,-66.21,21.58,55.05,False,False,False,False,False,False,False,False,False,2026-10-07,貿易百貨,貿易、零售、百貨與消費通路（公司級業務待核驗）
2915,2915.TW,RUENTEX IND.LTD,潤泰全,646.03,,TWSE LISTED,貿易百貨,58.5,57.6,58.6,57.6,1326095,77.58,57.76,58.55,1.28,-0.09,1.56,1.74,-0.51,62.5,83.7,120.64,62.5,83.7,-6.24,-29.99,-51.43,6.4,30.11,False,False,False,False,False,False,False,True,False,2026-10-07,貿易百貨,貿易、零售、百貨與消費通路（公司級業務待核驗）
2916,2916.TWO,MUNSIN,滿心,26.17,,TPEx LISTED,居家生活,40.5,40.45,40.5,40.45,10000,0.41,40.51,40.49,-0.02,0.02,0.25,-0.37,-0.12,49.55,66.8,66.8,49.55,66.8,-18.26,-39.37,-39.37,18.26,39.37,False,False,False,False,False,False,False,False,False,2026-10-07,居家生活,居家用品、建材、家具與生活消費品（公司級產品待核驗）
2923,2923.TW,Sino Horizon,鼎固-KY,412.45,,TWSE LISTED,建材營造,23.7,23.8,24.0,23.55,37000,0.88,24.2,24.675,-2.07,-3.95,0.0,-1.04,-6.88,44.15,44.15,44.15,44.15,44.15,-45.64,-45.64,-45.64,46.32,46.32,False,False,False,False,False,False,False,False,False,2026-10-07,建材營造,建材、營造與不動產開發（公司級業務待核驗）
2924,2924.TWO,Grand Galactica,宏太-KY,9.5,,TPEx LISTED,居家生活,18.25,18.25,18.25,18.25,1000,0.02,18.69,18.725,-2.35,-2.54,-0.54,-2.41,-0.27,22.45,46.35,61.9,22.45,46.35,-18.71,-60.63,-70.52,18.71,60.63,False,False,False,False,False,False,False,False,False,2026-10-07,居家生活,居家用品、建材、家具與生活消費品（公司級產品待核驗）
2926,2926.TWO,Eslite Spectrum,誠品生活,14.31,,TPEx LISTED,文化創意業,30.2,30.05,30.3,30.0,10000,0.3,30.18,30.085,0.07,0.38,-0.49,0.83,0.0,40.65,69.0,184.0,40.65,69.0,-25.46,-56.09,-83.53,25.71,56.23,False,False,False,True,False,False,False,False,False,2026-10-07,文化創意業,文化創意業（公司级产品待核验）
2929,2929.TW,TOPBI,淘帝-KY,6.27,,TWSE LISTED,貿易百貨,5.73,5.64,5.79,5.64,119124,0.68,5.748,5.783,-0.31,-0.92,2.5,-1.21,-1.72,8.6,16.7,93.1,8.6,16.7,-32.67,-65.33,-93.78,33.37,65.69,False,False,False,False,False,False,False,False,False,2026-10-07,貿易百貨,貿易、零售、百貨與消費通路（公司級業務待核驗）
2937,2937.TWO,Gseven,集雅社,21.55,,TPEx LISTED,居家生活,45.0,45.0,45.0,45.0,1000,0.04,44.9,44.8,0.22,0.45,0.22,0.11,0.67,45.5,45.5,45.5,45.5,45.5,-1.1,-1.1,-1.1,1.1,1.1,False,False,False,False,False,False,False,True,True,2026-10-07,居家生活,居家用品、建材、家具與生活消費品（公司級產品待核驗）
2938,2938.TWO,BEDDING WORLD,床的世界,3.69,,TPEx LISTED,居家生活,18.3,18.15,18.3,18.1,55000,1.01,18.32,18.485,-0.11,-1.0,0.83,-1.08,-1.61,29.45,54.8,54.8,29.45,54.8,-37.86,-66.61,-66.61,37.86,66.61,False,False,False,False,False,False,False,False,False,2026-10-07,居家生活,居家用品、建材、家具與生活消費品（公司級產品待核驗）
2939,2939.TW,Vitafoss-KY,永邑-KY,11.07,,TWSE LISTED,貿易百貨,24.3,24.8,24.8,23.7,44001,1.07,23.21,21.735,4.7,11.8,2.1,7.76,10.96,28.0,38.8,310.0,28.0,38.8,-11.43,-36.08,-92.0,13.21,37.37,True,True,False,False,False,False,False,False,False,2026-10-07,貿易百貨,貿易、零售、百貨與消費通路（公司級業務待核驗）
2941,2941.TWO,MISTER,米斯特,4.82,,TPEx LISTED,居家生活,31.35,31.8,31.8,31.35,2000,0.06,30.8,31.25,1.79,0.32,1.95,3.98,1.13,45.95,136.5,136.5,45.95,136.5,-30.79,-76.7,-76.7,31.77,77.03,False,False,False,False,False,False,False,False,False,2026-10-07,居家生活,居家用品、建材、家具與生活消費品（公司級產品待核驗）
2945,2945.TW,Simple Mart,三商家購,26.86,,TWSE LISTED,貿易百貨,39.8,39.5,39.8,39.3,4050,0.16,39.93,39.98,-0.33,-0.45,-0.5,-0.5,-0.13,45.7,49.3,120.38,45.7,49.3,-12.91,-19.27,-66.94,12.91,19.27,False,False,False,False,False,False,False,False,False,2026-10-07,貿易百貨,貿易、零售、百貨與消費通路（公司級業務待核驗）
2947,2947.TWO,Zhen Yu,振宇五金,14.3,,TPEx LISTED,居家生活,60.5,60.8,60.8,60.5,8228,0.5,61.08,60.76,-0.95,-0.43,-3.35,-0.49,0.0,83.8,96.0,139.09,83.8,96.0,-27.45,-36.67,-56.29,27.8,36.98,False,False,False,False,False,False,False,False,False,2026-10-07,居家生活,居家用品、建材、家具與生活消費品（公司級產品待核驗）
2948,2948.TWO,Bausen,寶陞,11.65,,TPEx LISTED,居家生活,36.4,36.4,36.4,36.4,1032,0.04,36.78,36.84,-1.03,-1.19,-2.28,-0.27,-2.67,40.3,102.38,102.38,40.3,102.38,-9.68,-64.44,-64.44,9.68,64.44,False,False,False,False,False,False,False,True,False,2026-10-07,居家生活,居家用品、建材、家具與生活消費品（公司級產品待核驗）
2949,2949.TWO,HHG,欣新網,19.15,,TPEx LISTED,數位雲端,62.5,62.5,62.5,62.5,0,0.0,64.32,64.85,-2.83,-3.62,0.0,-4.14,-9.29,84.0,129.87,129.87,84.0,129.87,-25.6,-51.88,-51.88,25.6,51.88,False,False,False,False,False,False,False,False,False,2026-10-07,數位雲端,數位雲端、軟體服務與電子商務（公司級產品待核驗）
3002,3002.TW,AHOKU,歐格,19.28,,TWSE LISTED,電腦及週邊設備業,18.9,18.9,19.1,18.9,100001,1.89,19.23,19.165,-1.72,-1.38,0.0,-4.06,-2.07,25.5,31.9,31.9,25.5,31.9,-25.1,-40.13,-40.13,25.88,40.75,False,False,False,False,False,False,False,False,False,2026-10-07,電腦及週邊設備業,電腦、伺服器與企業硬體
3003,3003.TW,KST,健和興,91.06,,TWSE LISTED,電子零組件業,58.5,58.8,59.4,58.3,242067,14.16,59.38,59.4,-1.48,-1.52,-0.51,-2.5,-3.15,74.0,102.5,109.0,74.0,102.5,-19.73,-42.05,-45.5,20.95,42.93,False,False,False,False,False,False,False,False,False,2026-10-07,電子零組件業,電子零組件：PCB、CCL、IC載板、連接器與被動元件（公司級品類待核驗）
3004,3004.TW,NAFCO,豐達科,77.9,,TWSE LISTED,鋼鐵工業,121.0,121.5,122.5,120.0,393000,47.55,121.1,119.45,-0.08,1.3,-0.41,-0.41,1.68,163.0,164.0,164.0,163.0,164.0,-24.85,-25.3,-25.3,25.77,26.22,False,False,False,False,False,False,False,False,False,2026-10-07,鋼鐵工業,鋼鐵、特殊鋼與金屬材料（公司級產品待核驗）
3005,3005.TW,Getac,神基,736.99,,TWSE LISTED,電腦及週邊設備業,118.0,118.5,119.0,117.5,971200,114.6,117.7,117.45,0.25,0.47,-0.42,0.43,1.29,139.5,167.5,167.5,139.5,167.5,-14.7,-28.96,-28.96,15.41,29.55,False,False,True,False,False,False,False,False,False,2026-10-07,電腦及週邊設備業,電腦、伺服器與企業硬體
3006,3006.TW,ESMT,晶豪科,806.44,,TWSE LISTED,半導體業,270.5,273.5,275.0,270.0,4988001,1349.25,278.5,279.1,-2.87,-3.08,-1.1,-5.25,-5.42,319.0,319.0,319.0,319.0,319.0,-13.79,-13.79,-13.79,15.2,15.2,False,False,False,False,False,False,False,False,False,2026-10-07,半導體業,IC設計（影像／感測與類比混合訊號晶片）
3008,3008.TW,LARGAN,大立光,8953.14,,TWSE LISTED,光電業,6845.0,6830.0,6970.0,6745.0,1981431,13562.9,6585.0,6373.0,3.95,7.41,-0.15,8.82,15.14,7995.0,7995.0,7995.0,7995.0,7995.0,-12.82,-12.82,-12.82,14.38,14.38,False,False,False,False,False,False,False,False,False,2026-10-07,光電業,光學鏡頭／影像光學元件
3010,3010.TW,WAH LEE,華立,342.46,,TWSE LISTED,電子通路業,132.0,130.5,132.0,130.5,604390,79.78,129.4,127.3,2.01,3.69,0.76,3.12,5.18,151.0,157.0,157.0,151.0,157.0,-12.58,-15.92,-15.92,12.58,15.92,True,True,False,False,False,False,False,False,False,2026-10-07,電子通路業,電子通路、半導體代理與零組件分銷（公司級代理品類待核驗）
3011,3011.TW,JH,今皓,12.96,,TWSE LISTED,電子零組件業,10.0,9.53,10.1,9.53,538000,5.38,9.848,9.921,1.54,0.8,5.04,1.32,-1.48,16.05,39.9,43.1,16.05,39.9,-37.07,-74.69,-76.57,37.69,74.94,False,False,False,True,False,False,False,False,False,2026-10-07,電子零組件業,電子零組件：PCB、CCL、IC載板、連接器與被動元件（公司級品類待核驗）
3013,3013.TW,UNEEC,晟銘電,205.45,,TWSE LISTED,電腦及週邊設備業,96.3,96.3,97.9,93.7,4273924,411.58,94.2,89.37,2.23,7.75,1.37,3.88,10.94,130.77,169.23,169.23,130.77,169.23,-25.14,-42.15,-42.15,26.36,43.1,True,False,False,False,False,False,False,False,False,2026-10-07,電腦及週邊設備業,電腦、伺服器與企業硬體
3014,3014.TW,ITE,聯陽,247.27,,TWSE LISTED,半導體業,149.0,146.5,149.5,145.5,4750086,707.76,145.0,143.25,2.76,4.01,2.76,4.56,5.3,171.0,185.0,185.0,171.0,185.0,-12.57,-19.19,-19.19,12.87,19.46,False,False,False,False,False,False,False,False,False,2026-10-07,半導體業,半導體／IC設計或製造（細分環節待核驗）
3015,3015.TW,FSP,全漢,98.5,,TWSE LISTED,電子零組件業,52.6,54.1,54.1,52.4,435117,22.89,53.9,53.81,-2.41,-2.25,-2.77,-3.31,-4.71,74.8,74.8,74.8,74.8,74.8,-27.67,-27.67,-27.67,29.68,29.68,False,False,False,False,False,False,False,False,False,2026-10-07,電子零組件業,電子零組件：PCB、CCL、IC載板、連接器與被動元件（公司級品類待核驗）
3016,3016.TW,EPi,嘉晶,571.85,,TWSE LISTED,半導體業,195.0,188.5,195.5,185.0,3894876,759.5,182.6,169.25,6.79,15.21,3.72,8.03,15.38,189.5,189.5,189.5,195.5,195.5,3.17,3.17,3.17,0.26,0.26,True,False,False,False,True,True,True,True,True,2026-10-07,半導體業,半導體／IC設計或製造（細分環節待核驗）
3017,3017.TW,AVC,奇鋐,13920.16,,TWSE LISTED,電腦及週邊設備業,3545.0,3650.0,3655.0,3505.0,2868292,10168.1,3553.0,3501.5,-0.23,1.24,-3.8,3.05,3.2,3700.0,3700.0,3700.0,3700.0,3700.0,-1.22,-1.22,-1.22,4.19,4.19,False,False,False,False,False,False,False,True,True,2026-10-07,電腦及週邊設備業,電腦、伺服器與企業硬體
3018,3018.TW,LUNG MING,隆銘綠能,8.67,,TWSE LISTED,其他電子業,11.5,11.65,11.7,11.3,34276,0.39,11.88,11.925,-3.2,-3.56,-1.71,-4.17,-4.17,18.9,35.5,175.13,18.9,35.5,-38.1,-67.04,-93.32,39.15,67.61,False,False,False,False,False,False,False,False,False,2026-10-07,其他電子業,其他電子：電子模組、感測器、電源與車用電子（公司級產品待核驗）
3019,3019.TW,ASIA,亞光,385.36,,TWSE LISTED,光電業,138.0,140.0,141.0,137.5,2837660,391.6,139.3,137.35,-0.93,0.47,-2.13,-0.72,1.1,172.0,218.0,218.0,172.0,218.0,-18.02,-35.32,-35.32,19.77,36.7,False,False,False,False,False,False,False,False,False,2026-10-07,光電業,光電顯示／光學元件
3021,3021.TW,WELLTEND,鴻名,26.46,,TWSE LISTED,電子零組件業,27.95,27.75,29.9,27.75,3134000,87.6,27.85,27.405,0.36,1.99,2.76,-0.89,-1.76,40.0,40.45,40.45,40.0,40.45,-25.25,-26.08,-26.08,30.12,30.9,False,False,False,False,False,False,False,False,False,2026-10-07,電子零組件業,電子零組件：PCB、CCL、IC載板、連接器與被動元件（公司級品類待核驗）
3022,3022.TW,IEI,威強電,160.17,,TWSE LISTED,電腦及週邊設備業,90.7,90.8,91.0,89.5,631211,57.25,91.52,91.82,-0.9,-1.22,-0.11,-0.87,-1.73,116.5,122.0,122.0,116.5,122.0,-21.89,-25.41,-25.41,22.15,25.66,False,False,False,False,False,False,False,False,False,2026-10-07,電腦及週邊設備業,電腦、伺服器與企業硬體
3023,3023.TW,SINBON,信邦,775.42,,TWSE LISTED,電子零組件業,323.0,317.5,328.0,317.5,753423,243.36,316.7,314.15,1.99,2.82,1.89,3.53,5.21,353.5,353.5,387.0,353.5,353.5,-7.21,-7.21,-15.25,8.63,8.63,False,False,False,False,False,False,False,True,True,2026-10-07,電子零組件業,電子零組件：PCB、CCL、IC載板、連接器與被動元件（公司級品類待核驗）
3024,3024.TW,ACTION,憶聲,38.25,,TWSE LISTED,光電業,13.8,13.65,13.8,13.6,326635,4.51,13.86,14.11,-0.43,-2.2,1.1,-1.43,-2.82,18.4,25.15,25.15,18.4,25.15,-25.0,-45.13,-45.13,25.0,45.13,False,False,False,False,False,False,False,False,False,2026-10-07,光電業,光電顯示／光學元件
3025,3025.TW,LOOP,星通,33.19,,TWSE LISTED,通信網路業,58.5,58.2,59.9,57.5,1195050,69.91,57.46,54.87,1.81,6.62,-1.52,5.6,10.59,85.0,91.0,91.0,85.0,91.0,-29.53,-34.18,-34.18,31.18,35.71,False,False,False,False,False,False,False,False,False,2026-10-07,通信網路業,通信網路／網通設備
3026,3026.TW,HOLY STONE,禾伸堂,1391.82,,TWSE LISTED,電子零組件業,839.0,801.0,872.0,801.0,15200709,12753.39,827.8,808.4,1.35,3.79,5.4,0.48,6.07,1045.0,1045.0,1045.0,1045.0,1045.0,-16.56,-16.56,-16.56,19.71,19.71,False,False,False,True,False,False,False,False,False,2026-10-07,電子零組件業,電子零組件：PCB、CCL、IC載板、連接器與被動元件（公司級品類待核驗）
3027,3027.TW,BILLION,盛達,25.51,,TWSE LISTED,通信網路業,19.75,19.45,20.35,19.45,521010,10.29,19.06,18.865,3.62,4.69,1.54,6.18,4.5,29.1,50.8,58.4,29.1,50.8,-30.07,-59.94,-65.15,32.13,61.12,True,False,False,False,False,False,False,False,False,2026-10-07,通信網路業,通信網路／網通設備
3028,3028.TW,ZENITRON,增你強,149.7,,TWSE LISTED,電子通路業,63.1,62.7,63.4,62.6,454000,28.65,62.94,62.68,0.25,0.67,0.64,-0.47,0.32,88.3,88.3,88.3,88.3,88.3,-28.2,-28.2,-28.2,28.54,28.54,False,False,False,True,False,False,False,False,False,2026-10-07,電子通路業,電子通路、半導體代理與零組件分銷（公司級代理品類待核驗）
3029,3029.TW,ZERO ONE,零壹,192.89,,TWSE LISTED,資訊服務業,115.5,113.5,116.0,110.5,2606474,301.05,117.5,118.45,-1.7,-2.49,-1.7,-2.12,-3.75,126.0,174.0,174.0,126.0,174.0,-7.94,-33.33,-33.33,8.33,33.62,False,False,False,False,False,False,False,True,False,2026-10-07,資訊服務業,資訊服務、軟體、雲端與系統整合（公司級產品待核驗）
3030,3030.TW,TRI,德律,740.54,,TWSE LISTED,其他電子業,313.5,306.0,317.0,302.5,2858924,896.27,303.2,287.35,3.4,9.1,1.79,4.5,12.37,457.5,457.5,457.5,457.5,457.5,-30.71,-30.71,-30.71,31.48,31.48,True,True,False,False,False,False,False,False,False,2026-10-07,其他電子業,其他電子：電子模組、感測器、電源與車用電子（公司級產品待核驗）
3031,3031.TW,BRIGHT,佰鴻,58.02,,TWSE LISTED,光電業,33.5,33.5,33.7,32.8,4466533,149.63,32.78,31.34,2.2,6.89,-2.05,2.13,8.77,36.85,36.85,36.85,36.85,36.85,-8.55,-8.55,-8.55,9.09,9.09,False,False,False,False,False,False,False,True,True,2026-10-07,光電業,光電顯示／光學元件
3032,3032.TW,COMPUCASE,偉訓,87.46,,TWSE LISTED,電子零組件業,77.2,78.3,78.3,77.2,340001,26.25,78.7,78.86,-1.91,-2.11,-1.4,-2.77,-1.4,96.2,123.0,123.0,96.2,123.0,-18.61,-36.34,-36.34,19.75,37.24,False,False,False,False,False,False,False,False,False,2026-10-07,電子零組件業,電子零組件：PCB、CCL、IC載板、連接器與被動元件（公司級品類待核驗）
3033,3033.TW,Weikeng,威健,215.41,,TWSE LISTED,電子通路業,41.7,41.8,42.1,41.6,1617950,67.47,42.14,42.015,-1.04,-0.75,-0.24,-1.65,-2.11,59.4,59.4,59.4,59.4,59.4,-29.12,-29.12,-29.12,29.8,29.8,False,False,False,False,False,False,False,False,False,2026-10-07,電子通路業,電子通路、半導體代理與零組件分銷（公司級代理品類待核驗）
3034,3034.TW,NOVATEK,聯詠,3219.03,,TWSE LISTED,半導體業,529.0,538.0,539.0,527.0,1922005,1016.74,538.6,542.4,-1.78,-2.47,-1.49,-1.49,-3.11,606.0,646.0,656.0,606.0,646.0,-11.06,-16.56,-17.84,12.71,18.11,False,False,False,False,False,False,False,False,False,2026-10-07,半導體業,IC設計（顯示驅動與SoC晶片）
3035,3035.TW,Faraday,智原,544.55,,TWSE LISTED,半導體業,209.0,211.0,213.0,208.0,3034673,634.25,212.8,209.8,-1.79,-0.38,-0.71,-3.02,-0.71,245.0,459.5,459.5,245.0,459.5,-13.06,-53.65,-53.65,14.69,54.52,False,False,False,False,False,False,False,False,False,2026-10-07,半導體業,IC設計（顯示驅動／電源管理晶片）
3036,3036.TW,WT,文曄,2738.06,,TWSE LISTED,電子通路業,215.5,215.0,218.0,213.5,6542118,1409.83,214.0,210.1,0.7,2.57,0.23,0.94,4.87,308.0,308.0,308.0,308.0,308.0,-29.22,-29.22,-29.22,30.03,30.03,False,False,False,False,False,False,False,False,False,2026-10-07,電子通路業,電子通路、半導體代理與零組件分銷（公司級代理品類待核驗）
3037,3037.TW,UNIMICRON,欣興,21418.86,,TWSE LISTED,電子零組件業,1305.0,1310.0,1345.0,1300.0,8885686,11595.82,1292.0,1226.5,1.01,6.4,-0.38,0.0,11.06,1420.0,1420.0,1420.0,1420.0,1420.0,-5.28,-5.28,-5.28,8.1,8.1,False,False,False,False,False,False,False,True,True,2026-10-07,電子零組件業,PCB與IC載板（ABF／BT載板）
3038,3038.TW,EDT,全台,32.19,,TWSE LISTED,光電業,20.45,20.4,20.55,20.35,199101,4.07,20.55,20.47,-0.49,-0.1,0.49,-0.97,-1.68,25.4,37.4,44.8,25.4,37.4,-19.09,-45.05,-54.13,19.49,45.32,False,False,False,False,False,False,False,False,False,2026-10-07,光電業,光電顯示／光學元件
3040,3040.TW,G.V.,遠見,21.85,,TWSE LISTED,其他,33.0,33.1,33.7,32.7,601478,19.85,33.59,34.085,-1.76,-3.18,-2.08,-2.8,-2.51,57.4,77.0,77.0,57.4,77.0,-41.29,-56.23,-56.23,42.51,57.14,False,False,False,False,False,False,False,False,False,2026-10-07,其他,其他（公司级产品待核验）
3041,3041.TW,ALi,揚智,34.1,,TWSE LISTED,半導體業,24.0,24.25,24.45,23.9,548594,13.17,24.37,24.03,-1.52,-0.12,-1.03,-3.23,-1.44,32.5,59.08,73.83,32.5,59.08,-24.77,-58.62,-66.88,26.15,59.38,False,False,False,False,False,False,False,False,False,2026-10-07,半導體業,半導體／IC設計或製造（細分環節待核驗）
3042,3042.TW,TXC,晶技,722.0,,TWSE LISTED,電子零組件業,210.5,205.0,213.0,202.5,12524152,2636.33,217.2,208.9,-3.08,0.77,2.93,-8.68,0.24,250.0,250.0,250.0,250.0,250.0,-14.8,-14.8,-14.8,15.8,15.8,False,False,False,False,False,False,False,False,False,2026-10-07,電子零組件業,電子零組件：PCB、CCL、IC載板、連接器與被動元件（公司級品類待核驗）
3043,3043.TW,PCM,科風,8.13,,TWSE LISTED,其他電子業,20.85,20.9,20.95,20.8,60240,1.26,20.71,20.62,0.68,1.12,0.0,0.48,2.46,26.85,47.3,74.75,26.85,47.3,-21.97,-55.71,-71.97,22.35,55.92,False,False,False,False,False,False,False,False,False,2026-10-07,其他電子業,其他電子：電子模組、感測器、電源與車用電子（公司級產品待核驗）
3044,3044.TW,Tripod,健鼎,3059.03,,TWSE LISTED,電子零組件業,582.0,585.0,590.0,577.0,2454917,1428.76,557.8,545.5,4.34,6.69,0.52,7.38,10.86,598.0,598.0,598.0,598.0,598.0,-1.34,-1.34,-1.34,2.68,2.68,True,True,False,False,False,False,False,True,True,2026-10-07,電子零組件業,PCB印刷電路板（硬板、伺服器與網通板）
3045,3045.TW,TWM,台灣大,4561.2,,TWSE LISTED,通信網路業,122.5,123.0,123.0,122.0,5415021,663.34,122.4,122.1,0.08,0.33,-0.41,0.41,2.51,125.5,125.5,125.5,125.5,125.5,-1.99,-1.99,-1.99,2.39,2.39,False,False,False,True,False,False,False,True,True,2026-10-07,通信網路業,電信服務／行動通信與寬頻網路
3046,3046.TW,AOPEN,建碁,41.58,,TWSE LISTED,電腦及週邊設備業,53.0,53.4,53.7,52.8,188045,9.97,53.54,53.68,-1.01,-1.27,-0.93,-1.67,-1.12,64.0,75.0,104.32,64.0,75.0,-16.09,-28.4,-48.52,17.19,29.33,False,False,False,False,False,False,False,False,False,2026-10-07,電腦及週邊設備業,電腦、伺服器與企業硬體
3047,3047.TW,EDIMAX,訊舟,32.59,,TWSE LISTED,通信網路業,14.5,14.55,14.55,14.4,334378,4.85,14.48,14.575,0.14,-0.51,1.05,-1.02,-1.69,20.5,48.5,48.5,20.5,48.5,-29.02,-70.0,-70.0,29.27,70.1,False,False,False,False,False,False,False,False,False,2026-10-07,通信網路業,通信網路／網通設備
3048,3048.TW,EDOM,益登,144.09,,TWSE LISTED,電子通路業,53.4,52.9,54.6,52.9,1205661,64.38,53.36,52.24,0.07,2.22,0.19,-0.56,3.29,81.9,81.9,81.9,81.9,81.9,-33.33,-33.33,-33.33,34.8,34.8,False,False,False,False,False,False,False,False,False,2026-10-07,電子通路業,電子通路、半導體代理與零組件分銷（公司級代理品類待核驗）
3049,3049.TW,HannsTouch,精金,97.85,,TWSE LISTED,光電業,12.2,12.15,12.25,12.1,2229026,27.19,12.27,12.365,-0.57,-1.33,0.41,-2.01,-3.56,18.0,18.0,19.55,18.0,18.0,-31.94,-31.94,-37.34,32.22,32.22,False,False,False,False,False,False,False,False,False,2026-10-07,光電業,光電顯示／光學元件
3050,3050.TW,U-TECH,鈺德,17.98,,TWSE LISTED,光電業,11.6,11.65,11.65,11.5,353999,4.11,11.64,11.64,-0.34,-0.34,0.0,0.0,-2.93,15.3,29.75,29.75,15.3,29.75,-23.86,-60.84,-60.84,24.18,61.01,False,False,False,False,False,False,False,False,False,2026-10-07,光電業,光電顯示／光學元件
3051,3051.TW,Optimax,力特,37.49,,TWSE LISTED,光電業,22.45,22.3,22.8,22.3,378340,8.49,22.85,22.805,-1.75,-1.56,0.67,-4.87,-3.65,31.4,46.75,46.75,31.4,46.75,-27.39,-51.23,-51.23,28.5,51.98,False,False,False,False,False,False,False,False,False,2026-10-07,光電業,光電顯示／光學元件
3052,3052.TW,APEX,夆典,24.49,,TWSE LISTED,建材營造,10.5,10.45,10.55,10.45,91116,0.96,10.46,10.42,0.38,0.77,0.48,0.48,0.96,12.15,14.61,14.61,12.15,14.61,-13.17,-27.78,-27.79,13.58,28.12,False,False,False,False,False,False,False,False,False,2026-10-07,建材營造,建材、營造與不動產開發（公司級業務待核驗）
3054,3054.TW,LIWANLI,立萬利,47.5,,TWSE LISTED,電子通路業,58.9,60.4,60.4,58.2,220000,12.96,59.72,59.22,-1.37,-0.54,-2.32,-1.34,-0.84,96.0,96.0,96.0,96.0,96.0,-37.08,-37.08,-37.08,38.65,38.65,False,False,False,False,False,False,False,False,False,2026-10-07,電子通路業,電子通路、半導體代理與零組件分銷（公司級代理品類待核驗）
3055,3055.TW,Spirox Corp.,蔚華科,256.39,,TWSE LISTED,電子通路業,223.0,218.0,227.5,213.0,1188326,265.0,215.8,210.1,3.34,6.14,4.45,3.24,6.44,226.0,226.0,226.0,227.5,227.5,0.66,0.66,0.66,1.98,1.98,False,False,False,False,True,True,True,True,True,2026-10-07,電子通路業,電子通路、半導體代理與零組件分銷（公司級代理品類待核驗）
3056,3056.TW,Fu Hua,富華新,65.6,,TWSE LISTED,建材營造,13.65,13.65,13.75,13.65,368523,5.03,13.66,13.835,-0.07,-1.34,0.37,-0.36,-1.44,18.15,30.33,30.33,18.15,30.33,-24.24,-54.67,-54.67,24.79,55.0,False,False,False,False,False,False,False,False,False,2026-10-07,建材營造,建材、營造與不動產開發（公司級業務待核驗）
3057,3057.TW,Promise,喬鼎,10.18,,TWSE LISTED,電腦及週邊設備業,15.0,15.35,15.35,15.0,112372,1.69,15.5,15.84,-3.23,-5.3,-1.96,-4.46,-7.41,25.2,27.5,47.98,25.2,27.5,-39.09,-44.18,-68.01,40.48,45.45,False,False,False,False,False,False,False,False,False,2026-10-07,電腦及週邊設備業,電腦、伺服器與企業硬體
3058,3058.TW,LEI,立德,16.54,,TWSE LISTED,電子零組件業,8.2,8.19,8.28,8.19,312003,2.56,8.162,8.188,0.47,0.15,0.49,0.24,0.0,11.2,25.4,30.77,11.2,25.4,-26.07,-67.4,-73.09,26.79,67.72,False,False,False,False,False,False,False,False,False,2026-10-07,電子零組件業,電子零組件：PCB、CCL、IC載板、連接器與被動元件（公司級品類待核驗）
3059,3059.TW,Altek,華晶科,118.61,,TWSE LISTED,光電業,38.55,38.55,38.75,38.35,1103268,42.53,38.46,38.255,0.23,0.77,0.13,-0.39,-0.52,54.5,64.9,64.9,54.5,64.9,-28.9,-40.29,-40.29,29.27,40.6,False,False,False,False,False,False,False,False,False,2026-10-07,光電業,光電顯示／光學元件
3060,3060.TW,MIN AIK,銘異,40.1,,TWSE LISTED,電腦及週邊設備業,29.15,28.95,29.25,28.7,1025916,29.91,28.75,27.885,1.39,4.54,0.87,0.87,3.74,42.2,42.2,42.2,42.2,42.2,-30.69,-30.69,-30.69,30.92,30.92,False,False,False,False,False,False,False,False,False,2026-10-07,電腦及週邊設備業,電腦、伺服器與企業硬體
3062,3062.TW,CyberTAN,建漢,73.77,,TWSE LISTED,通信網路業,22.35,22.65,22.65,22.15,1312209,29.33,22.45,22.365,-0.45,-0.07,0.22,-1.32,-2.4,34.1,41.15,41.15,34.1,41.15,-33.58,-44.96,-44.96,34.46,45.69,False,False,False,False,False,False,False,False,False,2026-10-07,通信網路業,通信網路／網通設備
3064,3064.TWO,Astro Corp.,泰偉,1.9,,TPEx LISTED,文化創意業,14.6,14.6,14.6,14.6,1000,0.01,14.88,16.04,-1.88,-8.98,4.66,-7.59,-15.12,50.4,119.0,376.41,50.4,119.0,-71.03,-87.73,-96.12,71.03,87.73,False,False,False,False,False,False,False,False,False,2026-10-07,文化創意業,文化創意業（公司级产品待核验）
3066,3066.TWO,TAIWAN OASIS,李洲,22.43,,TPEx LISTED,光電業,27.0,27.5,27.65,26.95,514070,13.88,28.06,28.17,-3.78,-4.15,-1.28,-6.9,-7.53,31.45,35.65,48.2,31.45,35.65,-12.08,-22.44,-42.63,14.15,24.26,False,False,False,False,False,False,False,False,False,2026-10-07,光電業,光電顯示／光學元件
3067,3067.TWO,PNC,全域,3.38,,TPEx LISTED,居家生活,16.9,16.9,16.9,16.9,0,0.0,16.9,16.795,0.0,0.63,0.0,0.0,0.0,21.1,41.8,71.55,21.1,41.8,-19.91,-59.57,-76.38,19.91,59.57,False,False,False,False,False,False,False,False,False,2026-10-07,居家生活,居家用品、建材、家具與生活消費品（公司級產品待核驗）
3071,3071.TWO,ADDA,協禧,24.86,,TPEx LISTED,電腦及週邊設備業,22.6,22.75,23.0,22.6,189050,4.27,22.81,22.91,-0.92,-1.35,-0.66,-1.53,-1.95,36.2,43.3,52.0,36.2,43.3,-36.46,-46.88,-55.77,37.57,47.81,False,False,False,False,False,False,False,False,False,2026-10-07,電腦及週邊設備業,電腦、伺服器與企業硬體
3073,3073.TWO,Teamphon,天方能源,8.08,,TPEx LISTED,綠能環保,20.45,20.45,20.5,20.45,17221,0.35,20.52,20.47,-0.34,-0.1,-0.24,-0.73,-0.73,37.95,104.1,104.1,37.95,104.1,-45.98,-80.31,-80.31,46.11,80.36,False,False,False,False,False,False,False,False,False,2026-10-07,綠能環保,綠能、太陽能、儲能與環境工程（公司級產品待核驗）
3078,3078.TWO,CWT,僑威,104.83,,TPEx LISTED,電子零組件業,46.1,46.0,46.5,45.8,334028,15.4,45.97,45.795,0.28,0.67,0.11,0.33,-0.11,70.4,97.5,97.5,70.4,97.5,-33.95,-52.31,-52.31,34.52,52.72,True,False,False,False,False,False,False,False,False,2026-10-07,電子零組件業,電子零組件：PCB、CCL、IC載板、連接器與被動元件（公司級品類待核驗）
3081,3081.TWO,LandMark,聯亞,3198.69,,TPEx LISTED,通信網路業,3140.0,2990.0,3210.0,2990.0,5225101,16406.82,2929.0,2819.5,7.2,11.37,7.53,7.35,16.51,3600.0,3600.0,3600.0,3600.0,3600.0,-10.83,-10.83,-10.83,12.78,12.78,False,False,False,False,False,False,False,False,False,2026-10-07,通信網路業,通信網路／網通設備
3083,3083.TWO,CHINESEGAMER,網龍,19.94,,TPEx LISTED,文化創意業,23.05,23.2,23.2,23.0,21000,0.48,23.53,23.165,-2.04,-0.5,-0.43,-2.95,1.99,38.2,60.6,101.5,38.2,60.6,-39.27,-61.72,-77.14,39.66,61.96,False,False,False,False,False,False,False,False,False,2026-10-07,文化創意業,文化創意業（公司级产品待核验）
3085,3085.TWO,NEWRETAIL,新零售,8.35,,TPEx LISTED,數位雲端,15.586,15.586,15.586,15.586,0,0.0,15.586,15.264,0.0,2.11,0.0,0.0,0.0,21.77,35.68,406.18,21.77,35.68,-28.4,-56.32,-96.16,28.4,56.32,False,False,False,False,False,False,False,False,False,2026-10-07,數位雲端,數位雲端、軟體服務與電子商務（公司級產品待核驗）
3086,3086.TWO,WAYI,華義*,74.72,,TPEx LISTED,文化創意業,27.4,27.8,27.8,26.55,98260,2.69,27.59,27.86,-0.69,-1.65,0.0,-3.52,0.0,47.5,47.5,47.5,47.5,47.5,-41.47,-41.47,-41.47,42.32,42.32,False,False,False,False,False,False,False,False,False,2026-10-07,文化創意業,文化創意業（公司级产品待核验）
3088,3088.TWO,AXIOMTEK,艾訊,151.44,,TPEx LISTED,電腦及週邊設備業,134.0,136.0,137.5,132.0,947198,126.92,133.7,132.25,0.22,1.32,-1.11,1.52,0.37,159.0,159.0,159.0,159.0,159.0,-13.52,-13.52,-13.52,15.72,15.72,False,False,False,True,False,False,False,False,False,2026-10-07,電腦及週邊設備業,電腦、伺服器與企業硬體
3090,3090.TW,NDB,日電貿,500.37,,TWSE LISTED,電子零組件業,174.0,172.0,180.0,171.0,13598830,2366.2,172.5,167.9,0.87,3.63,0.58,0.29,8.07,365.0,365.0,365.0,365.0,365.0,-50.68,-50.68,-50.68,52.33,52.33,False,False,False,False,False,False,False,False,False,2026-10-07,電子零組件業,電子零組件：PCB、CCL、IC載板、連接器與被動元件（公司級品類待核驗）
3092,3092.TW,HOTRON,鴻碩,26.18,,TWSE LISTED,電子零組件業,24.55,24.2,25.0,24.0,258001,6.33,24.2,23.7,1.45,3.59,1.87,2.51,-1.8,40.5,40.5,78.99,40.5,40.5,-38.27,-38.27,-68.35,39.38,39.38,False,False,False,False,False,False,False,False,False,2026-10-07,電子零組件業,電子零組件：PCB、CCL、IC載板、連接器與被動元件（公司級品類待核驗）
3093,3093.TWO,TKK,港建*,67.5,,TPEx LISTED,其他電子業,46.5,46.5,46.65,45.8,229101,10.65,46.38,45.515,0.26,2.16,-0.32,0.65,4.03,77.7,77.7,77.7,77.7,77.7,-39.96,-39.96,-39.96,40.15,40.15,False,False,False,False,False,False,False,False,False,2026-10-07,其他電子業,其他電子：電子模組、感測器、電源與車用電子（公司級產品待核驗）
3094,3094.TW,DAVICOM,聯傑,56.1,,TWSE LISTED,半導體業,67.5,69.2,70.2,66.2,4704771,317.57,68.74,62.62,-1.8,7.79,-2.46,-3.98,9.58,73.5,73.5,73.5,73.5,73.5,-4.49,-4.49,-4.49,8.16,8.16,False,False,False,False,False,False,False,True,True,2026-10-07,半導體業,半導體／IC設計或製造（細分環節待核驗）
3095,3095.TWO,CCC,及成,4.83,,TPEx LISTED,通信網路業,32.9,33.05,33.05,32.9,7189,0.24,33.24,33.42,-1.02,-1.56,-1.79,-0.6,-1.79,49.45,85.0,85.0,49.45,85.0,-33.16,-61.12,-61.12,33.47,61.29,False,False,False,False,False,False,False,False,False,2026-10-07,通信網路業,通信網路／網通設備
3105,3105.TWO,WIN,穩懋,2492.77,,TPEx LISTED,半導體業,588.0,589.0,613.0,582.0,22207667,13058.11,584.8,545.9,0.55,7.71,-0.68,-0.51,8.49,637.0,637.0,637.0,637.0,637.0,-3.77,-3.77,-3.77,7.69,7.69,False,False,False,False,False,False,False,True,True,2026-10-07,半導體業,半導體／IC設計或製造（細分環節待核驗）
3114,3114.TWO,HT,好德,26.78,,TPEx LISTED,電子零組件業,39.55,40.85,41.45,39.1,1226588,48.51,39.94,36.66,-0.98,7.88,-3.18,-0.25,14.31,56.25,56.25,56.25,56.25,56.25,-26.31,-26.31,-26.31,29.69,29.69,False,False,False,False,False,False,False,False,False,2026-10-07,電子零組件業,電子零組件：PCB、CCL、IC載板、連接器與被動元件（公司級品類待核驗）
3115,3115.TWO,TSC,富榮綱,5.86,,TPEx LISTED,電子零組件業,8.12,8.48,8.48,8.03,7000,0.06,8.302,8.287,-2.19,-2.02,-2.17,-3.22,-4.47,11.2,15.81,48.59,11.2,15.81,-24.29,-46.37,-82.55,27.5,48.64,False,False,False,False,False,False,False,False,False,2026-10-07,電子零組件業,電子零組件：PCB、CCL、IC載板、連接器與被動元件（公司級品類待核驗）
3118,3118.TWO,LEVEL,進階,10.16,,TPEx LISTED,生技醫療業,31.3,31.15,31.4,31.05,12001,0.38,31.33,31.295,-0.1,0.02,0.64,-0.63,0.0,34.7,39.9,41.8,34.7,39.9,-9.51,-21.3,-24.88,9.8,21.55,False,False,False,False,False,False,False,True,False,2026-10-07,生技醫療業,生技、製藥、醫療器材與健康服務（公司級產品待核驗）
3122,3122.TWO,Megawin,笙泉,9.85,,TPEx LISTED,半導體業,24.15,24.3,24.45,24.05,40001,0.97,24.1,24.03,0.21,0.5,-0.62,-0.21,-0.21,42.3,64.0,72.8,42.3,64.0,-42.2,-61.8,-66.41,42.91,62.27,False,False,True,False,False,False,False,False,False,2026-10-07,半導體業,半導體／IC設計或製造（細分環節待核驗）
3128,3128.TWO,HI SHARP,昇銳,10.08,,TPEx LISTED,光電業,20.1,20.3,20.3,20.1,27262,0.55,20.14,20.245,-0.2,-0.72,-0.25,-1.23,-1.23,29.58,45.39,49.09,29.58,45.39,-31.36,-55.28,-58.64,32.04,55.72,False,False,False,False,False,False,False,False,False,2026-10-07,光電業,光電顯示／光學元件
3130,3130.TW,104,一零四,68.87,,TWSE LISTED,數位雲端,207.5,207.5,208.0,207.5,36122,7.5,208.8,208.8,-0.62,-0.62,-0.24,-0.95,-0.72,228.5,250.5,250.5,228.5,250.5,-8.97,-16.97,-16.97,9.19,17.17,False,False,False,False,False,False,False,True,False,2026-10-07,數位雲端,數位雲端、軟體服務與電子商務（公司級產品待核驗）
3131,3131.TWO,GPTC,弘塑,730.87,,TPEx LISTED,半導體業,2450.0,2560.0,2615.0,2450.0,357154,875.03,2464.0,2450.5,-0.57,-0.02,-3.16,0.82,-2.97,4045.0,4045.0,4045.0,4045.0,4045.0,-35.35,-35.35,-35.35,39.43,39.43,False,False,False,False,False,False,False,False,False,2026-10-07,半導體業,半導體／IC設計或製造（細分環節待核驗）
3135,3135.TW,Goldkey Tech.,凌航,152.54,,TWSE LISTED,半導體業,157.0,158.0,158.0,156.5,348264,54.68,157.5,157.75,-0.32,-0.48,-0.32,-1.26,-0.63,253.89,253.89,253.89,253.89,253.89,-37.77,-37.77,-37.77,38.16,38.16,False,False,False,False,False,False,False,False,False,2026-10-07,半導體業,半導體／IC設計或製造（細分環節待核驗）
3138,3138.TW,Auden,耀登,57.52,,TWSE LISTED,通信網路業,102.0,102.5,104.0,100.0,496030,50.6,101.6,100.36,0.39,1.63,-0.49,2.51,0.99,239.0,239.0,510.55,239.0,239.0,-56.49,-56.49,-79.63,57.32,57.32,False,False,False,True,False,False,False,False,False,2026-10-07,通信網路業,通信網路／網通設備
3141,3141.TWO,UltraChip,晶宏,61.5,,TPEx LISTED,半導體業,81.5,80.0,83.1,80.0,1861609,151.72,84.26,85.13,-3.28,-4.26,1.62,-6.43,-4.45,110.0,110.5,292.5,110.0,110.5,-24.45,-24.8,-71.59,25.91,26.24,False,False,False,False,False,False,False,False,False,2026-10-07,半導體業,半導體／IC設計或製造（細分環節待核驗）
3147,3147.TWO,JETWELL,大綜,128.88,,TPEx LISTED,資訊服務業,295.0,286.5,296.5,283.0,1647481,486.01,278.8,259.0,5.81,13.9,1.03,11.53,21.15,352.0,352.0,352.0,352.0,352.0,-15.77,-15.77,-15.77,16.19,16.19,True,False,False,False,False,False,False,False,False,2026-10-07,資訊服務業,資訊服務、軟體、雲端與系統整合（公司級產品待核驗）
3149,3149.TW,G-TECH,正達,220.69,,TWSE LISTED,光電業,77.1,75.3,77.6,75.0,8463499,652.54,76.8,71.59,0.39,7.7,1.72,-0.26,4.19,109.0,109.0,109.0,109.0,109.0,-28.81,-28.81,-28.81,29.27,29.27,False,False,False,False,False,False,False,False,False,2026-10-07,光電業,光電顯示／光學元件
3150,3150.TW,SYNCOMM,鈺寶-創,6.68,,TWSE LISTED,半導體業,15.05,15.3,15.3,14.95,96000,1.44,15.34,15.385,-1.89,-2.18,-0.99,-2.27,-3.83,24.3,71.9,71.9,24.3,71.9,-37.04,-78.72,-78.72,38.07,79.07,False,False,False,False,False,False,False,False,False,2026-10-07,半導體業,半導體／IC設計或製造（細分環節待核驗）
3152,3152.TWO,ACX,璟德,94.61,,TPEx LISTED,通信網路業,242.5,241.0,247.5,238.0,150369,36.46,237.7,231.85,2.02,4.59,1.89,2.97,4.98,417.46,512.1,1087.88,417.46,512.1,-40.71,-51.67,-77.25,41.91,52.65,False,False,False,False,False,False,False,False,False,2026-10-07,通信網路業,通信網路／網通設備
3158,3158.TWO,SysJust,嘉實,26.1,,TPEx LISTED,資訊服務業,85.1,85.1,85.2,85.0,7000,0.6,85.5,85.41,-0.47,-0.36,-0.93,-1.05,0.24,99.5,158.5,158.5,99.5,158.5,-14.37,-46.25,-46.25,14.47,46.31,False,False,False,False,False,False,False,False,False,2026-10-07,資訊服務業,資訊服務、軟體、雲端與系統整合（公司級產品待核驗）
3162,3162.TWO,UAT,精確,128.1,,TPEx LISTED,電機機械,83.1,84.1,84.1,82.3,1466000,121.82,86.28,82.11,-3.69,1.21,-1.42,-7.25,-2.69,97.8,97.8,97.8,97.8,97.8,-14.01,-14.01,-14.01,15.03,15.03,False,False,False,False,False,False,False,False,False,2026-10-07,電機機械,電機機械、工業自動化與設備（公司級產品待核驗）
3163,3163.TWO,Browave,波若威,664.34,,TPEx LISTED,通信網路業,702.0,700.0,724.0,700.0,3912873,2746.84,692.8,673.6,1.33,4.22,1.89,-1.54,9.18,1119.15,1119.15,1119.15,1119.15,1119.15,-35.31,-35.31,-35.31,37.27,37.27,False,False,False,False,False,False,False,False,False,2026-10-07,通信網路業,通信網路／網通設備
3164,3164.TW,GenMont,景岳,14.36,,TWSE LISTED,生技醫療業,16.7,16.55,16.7,16.55,22100,0.37,16.56,16.45,0.85,1.52,0.91,1.21,0.91,18.7,25.35,36.6,18.7,25.35,-10.7,-34.12,-54.37,10.7,34.12,False,False,False,False,False,False,False,False,False,2026-10-07,生技醫療業,生技、製藥、醫療器材與健康服務（公司級產品待核驗）
3167,3167.TW,TA LIANG,大量,917.51,,TWSE LISTED,電機機械,1025.0,1025.0,1060.0,1015.0,1461893,1498.44,999.4,949.0,2.56,8.01,0.49,4.49,15.56,1020.0,1020.0,1020.0,1060.0,1060.0,3.92,3.92,3.92,3.3,3.3,True,True,False,False,True,True,True,True,True,2026-10-07,電機機械,電機機械、工業自動化與設備（公司級產品待核驗）
3168,3168.TW,DATA IMAGE,眾福科,31.69,,TWSE LISTED,光電業,42.2,42.15,42.75,42.0,12000,0.51,42.63,42.48,-1.01,-0.66,-0.47,-2.09,-1.4,52.3,78.3,78.3,52.3,78.3,-18.26,-45.4,-45.4,19.31,46.1,False,False,False,False,False,False,False,False,False,2026-10-07,光電業,光電顯示／光學元件
3169,3169.TWO,ASIX,亞信,69.0,,TPEx LISTED,半導體業,109.0,113.0,113.5,109.0,223310,24.34,113.3,112.95,-3.8,-3.5,-2.68,-5.22,-5.22,127.5,155.0,299.5,127.5,155.0,-10.98,-26.77,-62.1,14.51,29.68,False,False,False,False,False,False,False,False,False,2026-10-07,半導體業,半導體／IC設計或製造（細分環節待核驗）
3171,3171.TWO,YCD,炎洲流通,19.11,,TPEx LISTED,居家生活,57.7,57.7,57.7,57.7,0,0.0,57.32,58.1,0.66,-0.69,0.0,1.76,-1.87,79.4,79.4,79.4,79.4,79.4,-27.33,-27.33,-27.33,27.33,27.33,False,False,False,False,False,False,False,False,False,2026-10-07,居家生活,居家用品、建材、家具與生活消費品（公司級產品待核驗）
3176,3176.TWO,MEDIGEN,基亞,53.42,,TPEx LISTED,生技醫療業,38.35,38.15,38.65,38.15,295252,11.32,37.98,37.96,0.97,1.03,0.26,2.13,1.72,43.6,62.4,108.5,43.6,62.4,-11.35,-38.06,-64.38,12.04,38.54,False,False,False,False,False,False,False,False,False,2026-10-07,生技醫療業,生技、製藥、醫療器材與健康服務（公司級產品待核驗）
3178,3178.TWO,GONGIN,公準,30.23,,TPEx LISTED,半導體業,67.1,68.6,68.6,67.1,145000,9.73,69.26,69.65,-3.12,-3.66,-2.19,-6.02,-3.31,81.6,137.5,137.5,81.6,137.5,-15.93,-50.11,-50.11,17.77,51.2,False,False,False,False,False,False,False,False,False,2026-10-07,半導體業,半導體／IC設計或製造（細分環節待核驗）
3188,3188.TWO,GLTD,鑫龍騰,42.64,,TPEx LISTED,建材營造,22.55,22.7,22.7,22.35,279159,6.3,22.78,23.115,-1.01,-2.44,0.67,-2.38,-3.22,35.75,57.8,57.8,35.75,57.8,-36.5,-60.73,-60.73,36.92,60.99,False,False,False,False,False,False,False,False,False,2026-10-07,建材營造,建材、營造與不動產開發（公司級業務待核驗）
3189,3189.TW,KINSUS,景碩,5796.01,,TWSE LISTED,半導體業,1100.0,1085.0,1145.0,1085.0,12923584,14215.94,1065.0,1002.7,3.29,9.7,2.8,4.76,13.4,1150.0,1150.0,1150.0,1150.0,1150.0,-0.43,-0.43,-0.43,4.35,4.35,False,False,False,False,False,False,False,True,True,2026-10-07,半導體業,IC載板（ABF／BT封裝基板）
3191,3191.TWO,YJN,雲嘉南,7.61,,TPEx LISTED,電子零組件業,17.45,17.55,17.6,17.15,19000,0.33,17.26,16.975,1.1,2.8,-0.57,0.0,4.18,28.0,28.0,120.4,28.0,28.0,-37.14,-37.14,-85.38,37.68,37.68,False,False,False,False,False,False,False,False,False,2026-10-07,電子零組件業,電子零組件：PCB、CCL、IC載板、連接器與被動元件（公司級品類待核驗）
3205,3205.TWO,SLS,佰研,31.44,,TPEx LISTED,生技醫療業,46.55,46.6,46.6,46.2,35049,1.63,46.87,46.805,-0.68,-0.54,-0.75,-1.38,-0.53,67.0,67.0,158.0,67.0,67.0,-30.45,-30.45,-70.51,30.52,30.52,False,False,False,False,False,False,False,False,False,2026-10-07,生技醫療業,生技、製藥、醫療器材與健康服務（公司級產品待核驗）
3206,3206.TWO,KINGSTATE,志豐,20.15,,TPEx LISTED,電子零組件業,34.2,34.4,34.45,33.8,22001,0.75,34.16,34.525,0.12,-0.94,0.59,0.59,-2.15,42.75,54.5,54.5,42.75,54.5,-19.42,-36.79,-36.79,20.0,37.25,False,False,False,False,False,False,False,False,False,2026-10-07,電子零組件業,電子零組件：PCB、CCL、IC載板、連接器與被動元件（公司級品類待核驗）
3207,3207.TWO,YAO SHENG,耀勝,25.97,,TPEx LISTED,電子零組件業,39.1,39.3,39.8,38.85,142000,5.55,39.79,39.005,-1.73,0.24,-0.76,-1.64,0.77,89.4,167.0,167.0,89.4,167.0,-55.48,-76.17,-76.17,56.26,76.59,False,False,False,False,False,False,False,False,False,2026-10-07,電子零組件業,電子零組件：PCB、CCL、IC載板、連接器與被動元件（公司級品類待核驗）
3209,3209.TW,ALLTEK,全科,114.93,,TWSE LISTED,電子通路業,46.5,47.2,47.2,46.05,1715964,79.79,46.21,45.93,0.63,1.24,-1.06,0.87,2.54,79.71,79.71,79.71,79.71,79.71,-40.79,-40.79,-40.79,41.67,41.67,False,False,False,False,False,False,False,False,False,2026-10-07,電子通路業,電子通路、半導體代理與零組件分銷（公司級代理品類待核驗）
3211,3211.TWO,Dynapack,順達,601.34,,TPEx LISTED,電腦及週邊設備業,389.5,389.0,404.0,386.0,4356459,1696.84,394.9,390.25,-1.37,-0.19,-1.39,-1.89,-2.26,495.0,495.0,495.0,495.0,495.0,-18.38,-18.38,-18.38,21.31,21.31,False,False,False,False,False,False,False,False,False,2026-10-07,電腦及週邊設備業,電腦、伺服器與企業硬體
3213,3213.TWO,Mildef,茂訊,72.48,,TPEx LISTED,電腦及週邊設備業,123.5,126.0,126.0,123.5,297151,36.7,124.3,124.5,-0.64,-0.8,-1.59,0.41,-0.8,147.0,149.0,149.0,147.0,149.0,-14.29,-15.44,-15.44,15.99,17.11,False,False,False,False,False,False,False,False,False,2026-10-07,電腦及週邊設備業,電腦、伺服器與企業硬體
3217,3217.TWO,ARGOSY,優群,115.78,,TPEx LISTED,電子零組件業,128.5,128.5,129.0,127.5,148565,19.09,128.8,129.3,-0.23,-0.62,0.39,-0.39,-1.15,212.0,212.0,212.0,212.0,212.0,-39.15,-39.15,-39.15,39.39,39.39,False,False,False,False,False,False,False,False,False,2026-10-07,電子零組件業,電子零組件：PCB、CCL、IC載板、連接器與被動元件（公司級品類待核驗）
3218,3218.TWO,UNIVERSAL,大學光,113.11,,TPEx LISTED,生技醫療業,133.5,134.5,134.5,133.0,94100,12.56,133.7,133.85,-0.15,-0.26,-0.37,0.0,-1.11,154.0,343.0,432.08,154.0,343.0,-12.66,-60.79,-68.87,13.31,61.08,False,False,False,False,False,False,False,False,False,2026-10-07,生技醫療業,生技、製藥、醫療器材與健康服務（公司級產品待核驗）
3219,3219.TWO,Aethertek,倚強科,93.32,,TPEx LISTED,其他電子業,130.0,145.5,150.0,130.0,1825994,237.38,131.7,124.3,-1.29,4.59,-7.47,1.17,-1.14,140.5,140.5,202.5,150.0,150.0,6.76,6.76,-25.93,13.33,13.33,False,False,False,False,True,True,False,False,False,2026-10-07,其他電子業,其他電子：電子模組、感測器、電源與車用電子（公司級產品待核驗）
3221,3221.TWO,TST,台嘉碩,57.11,,TPEx LISTED,通信網路業,54.4,51.9,55.0,51.9,3022028,164.4,54.44,52.14,-0.07,4.33,3.82,-2.86,6.25,69.5,69.5,69.5,69.5,69.5,-20.86,-20.86,-20.86,21.73,21.73,False,False,False,False,False,False,False,False,False,2026-10-07,通信網路業,通信網路／網通設備
3224,3224.TWO,MetaTech,三顧,25.37,,TPEx LISTED,電子通路業,32.45,32.55,32.55,32.0,24000,0.78,31.67,31.655,2.46,2.51,0.46,3.84,3.18,53.0,54.5,69.74,53.0,54.5,-38.58,-40.28,-53.33,38.77,40.46,True,False,False,False,False,False,False,False,False,2026-10-07,電子通路業,電子通路、半導體代理與零組件分銷（公司級代理品類待核驗）
3226,3226.TWO,LFA,龍鋒,37.24,,TPEx LISTED,電機機械,57.8,58.0,58.0,54.3,23334,1.35,61.6,60.32,-6.17,-4.18,-2.53,-8.4,-4.3,65.0,65.4,84.3,65.0,65.4,-10.77,-11.31,-31.2,11.08,11.62,False,False,False,False,False,False,False,False,False,2026-10-07,電機機械,電機機械、工業自動化與設備（公司級產品待核驗）
3227,3227.TWO,PXI,原相,283.32,,TPEx LISTED,半導體業,186.5,187.0,188.0,186.0,492482,91.85,187.3,186.0,-0.43,0.27,-1.06,-0.53,0.81,250.0,307.5,307.5,250.0,307.5,-24.8,-38.86,-38.86,25.4,39.35,False,False,False,False,False,False,False,False,False,2026-10-07,半導體業,半導體／IC設計或製造（細分環節待核驗）
3228,3228.TWO,RDC,金麗科,118.34,,TPEx LISTED,半導體業,164.5,168.5,171.5,164.5,465246,76.53,172.0,173.45,-4.36,-5.16,-2.37,-6.27,-9.62,262.0,577.0,577.0,262.0,577.0,-34.54,-70.28,-70.28,37.21,71.49,False,False,False,False,False,False,False,False,False,2026-10-07,半導體業,半導體／IC設計或製造（細分環節待核驗）
3229,3229.TW,CHEER TIME,晟鈦,35.79,,TWSE LISTED,電子零組件業,55.7,55.5,56.5,55.1,724222,40.34,57.28,57.32,-2.76,-2.83,-0.71,-5.27,-4.95,72.9,72.9,84.06,72.9,72.9,-22.5,-22.5,-32.78,23.59,23.59,False,False,False,False,False,False,False,False,False,2026-10-07,電子零組件業,電子零組件：PCB、CCL、IC載板、連接器與被動元件（公司級品類待核驗）
3230,3230.TWO,Jiin Ming,錦明,34.71,,TPEx LISTED,光電業,40.35,40.8,40.8,40.2,197051,7.95,41.14,41.145,-1.92,-1.93,-0.12,-3.81,-2.54,57.6,69.3,69.3,57.6,69.3,-29.17,-41.13,-41.13,29.95,41.77,False,False,False,False,False,False,False,False,False,2026-10-07,光電業,光電顯示／光學元件
3231,3231.TW,Wistron,緯創,6345.21,,TWSE LISTED,電腦及週邊設備業,185.0,188.5,189.5,185.0,26224622,4851.56,188.2,185.6,-1.7,-0.32,-2.37,-0.8,0.27,206.0,206.0,206.0,206.0,206.0,-8.01,-8.01,-8.01,10.19,10.19,False,False,False,False,False,False,False,False,False,2026-10-07,電腦及週邊設備業,工業電腦／嵌入式系統與邊緣運算
3232,3232.TWO,SIC,昱捷,9.24,,TPEx LISTED,電子通路業,19.85,20.15,20.2,19.85,25200,0.5,20.31,20.675,-2.26,-3.99,-1.73,-3.41,-5.02,25.15,37.45,42.49,25.15,37.45,-19.68,-46.06,-52.46,21.07,47.0,False,False,False,False,False,False,False,False,False,2026-10-07,電子通路業,電子通路、半導體代理與零組件分銷（公司級代理品類待核驗）
3234,3234.TWO,TrueLight,光環,243.07,,TPEx LISTED,通信網路業,191.0,178.0,193.0,177.5,6378538,1218.3,180.1,176.9,6.05,7.97,8.52,5.23,10.4,220.0,220.0,220.0,220.0,220.0,-12.27,-12.27,-12.27,13.18,13.18,False,False,False,False,False,False,False,False,False,2026-10-07,通信網路業,通信網路／網通設備
3236,3236.TWO,ABC,千如,59.01,,TPEx LISTED,電子零組件業,56.2,52.6,57.8,52.6,23129761,1299.89,52.85,48.315,6.34,16.32,6.84,5.24,27.29,75.7,75.7,75.7,75.7,75.7,-23.65,-23.65,-23.65,25.76,25.76,False,False,False,False,False,False,False,False,False,2026-10-07,電子零組件業,電子零組件：PCB、CCL、IC載板、連接器與被動元件（公司級品類待核驗）
3252,3252.TWO,Haiwan,海灣,7.68,,TPEx LISTED,觀光餐旅,15.3,15.5,15.5,15.3,7011,0.11,15.31,15.315,-0.07,-0.1,0.0,0.0,0.0,21.85,24.0,32.59,21.85,24.0,-29.06,-35.42,-52.44,29.98,36.25,False,False,False,False,False,False,False,False,False,2026-10-07,觀光餐旅,觀光餐旅（公司级产品待核验）
3257,3257.TW,CHAMPION,虹冠電,39.51,,TWSE LISTED,半導體業,49.5,49.5,49.95,49.35,96049,4.75,50.1,49.6,-1.2,-0.2,-1.59,-1.59,-0.2,78.2,82.5,91.4,78.2,82.5,-36.13,-39.45,-45.35,36.7,40.0,False,False,False,False,False,False,False,False,False,2026-10-07,半導體業,半導體／IC設計或製造（細分環節待核驗）
3259,3259.TWO,3S,鑫創,8.39,,TPEx LISTED,半導體業,11.5,12.0,12.0,11.25,14000,0.16,12.26,11.221,-6.2,2.49,-6.12,-10.51,7.98,22.95,41.1,78.11,22.95,41.1,-47.71,-70.8,-84.64,49.89,72.02,False,False,False,False,False,False,False,False,False,2026-10-07,半導體業,半導體／IC設計或製造（細分環節待核驗）
3260,3260.TWO,ADATA,威剛,1228.09,,TPEx LISTED,半導體業,365.0,362.0,368.0,362.0,7068325,2579.94,375.0,377.45,-2.67,-3.3,-1.35,-4.45,-3.31,525.0,525.0,525.0,525.0,525.0,-29.9,-29.9,-29.9,30.48,30.48,False,False,False,False,False,False,False,False,False,2026-10-07,半導體業,半導體／IC設計或製造（細分環節待核驗）
3264,3264.TWO,Ardentec,欣銓,1225.43,,TPEx LISTED,半導體業,250.0,245.5,253.0,243.5,13755036,3438.76,245.6,248.75,1.79,0.5,1.63,2.04,2.67,289.5,289.5,289.5,289.5,289.5,-12.61,-12.61,-12.61,13.64,13.64,False,False,True,True,False,False,False,False,False,2026-10-07,半導體業,半導體／IC設計或製造（細分環節待核驗）
3265,3265.TWO,WST,台星科,295.69,,TPEx LISTED,半導體業,217.0,217.0,217.0,217.0,2293182,497.62,195.1,189.45,11.23,14.54,9.87,15.43,16.67,204.5,204.5,204.5,217.0,217.0,6.11,6.11,6.11,0.0,0.0,False,False,False,False,True,True,True,True,True,2026-10-07,半導體業,半導體／IC設計或製造（細分環節待核驗）
3266,3266.TW,SUNTY,昇陽,49.32,,TWSE LISTED,建材營造,14.0,14.1,14.1,13.9,8000,0.11,13.97,13.95,0.21,0.36,-0.71,1.08,0.0,14.35,28.8,28.8,14.35,28.8,-1.74,-51.04,-51.04,2.44,51.39,False,False,True,True,False,False,False,True,False,2026-10-07,建材營造,建材、營造與不動產開發（公司級業務待核驗）
3268,3268.TWO,Higher Way,海德威,8.44,,TPEx LISTED,半導體業,24.3,24.35,24.5,23.3,456000,11.08,22.96,21.755,5.84,11.7,0.62,12.24,11.72,24.75,38.7,48.95,24.75,38.7,-1.01,-36.69,-49.95,1.82,37.21,True,False,False,False,False,False,False,True,False,2026-10-07,半導體業,半導體／IC設計或製造（細分環節待核驗）
3272,3272.TWO,GW,東碩,8.5,,TPEx LISTED,電腦及週邊設備業,13.9,13.85,13.9,13.85,5000,0.07,14.0,13.965,-0.71,-0.47,-0.36,-1.42,-0.36,22.75,39.55,76.88,22.75,39.55,-38.9,-64.85,-81.92,38.9,64.85,False,False,False,False,False,False,False,False,False,2026-10-07,電腦及週邊設備業,電腦、伺服器與企業硬體
3276,3276.TWO,tht,宇環,9.83,,TPEx LISTED,電子零組件業,14.1,14.15,14.15,13.95,49002,0.69,14.14,14.015,-0.28,0.61,0.36,-2.76,0.36,18.7,28.8,28.8,18.7,28.8,-24.33,-50.87,-50.87,24.6,51.04,False,False,False,False,False,False,False,False,False,2026-10-07,電子零組件業,電子零組件：PCB、CCL、IC載板、連接器與被動元件（公司級品類待核驗）
3284,3284.TWO,TOP,太普高,23.32,,TPEx LISTED,其他,21.5,23.0,23.1,21.5,666540,14.33,21.05,20.385,2.14,5.47,-4.02,6.97,8.04,32.9,61.69,61.69,32.9,61.69,-29.79,-62.56,-62.56,34.65,65.15,False,False,False,False,False,False,False,False,False,2026-10-07,其他,其他（公司级产品待核验）
3285,3285.TWO,MT,微端,18.38,,TPEx LISTED,其他電子業,43.0,42.35,43.0,41.95,27000,1.16,42.03,41.92,2.31,2.58,2.87,2.63,3.61,53.5,53.5,53.5,53.5,53.5,-19.63,-19.63,-19.63,19.63,19.63,False,False,False,False,False,False,False,False,False,2026-10-07,其他電子業,其他電子：電子模組、感測器、電源與車用電子（公司級產品待核驗）
3287,3287.TWO,Kworld,廣寰科,17.37,,TPEx LISTED,電腦及週邊設備業,39.5,39.95,40.5,39.4,163021,6.44,40.7,41.185,-2.95,-4.09,-0.63,-6.06,-6.29,45.0,59.0,59.0,45.0,59.0,-10.0,-31.36,-31.36,12.22,33.05,False,False,False,False,False,False,False,False,False,2026-10-07,電腦及週邊設備業,電腦、伺服器與企業硬體
3288,3288.TWO,SiTI,點晶,3.6,,TPEx LISTED,電子零組件業,21.95,22.8,22.8,21.4,55050,1.21,21.54,21.375,1.9,2.69,0.23,4.28,3.54,31.3,42.75,42.75,31.3,42.75,-27.16,-46.67,-46.67,29.87,48.65,True,False,False,False,False,False,False,False,False,2026-10-07,電子零組件業,電子零組件：PCB、CCL、IC載板、連接器與被動元件（公司級品類待核驗）
3289,3289.TWO,IST,宜特,123.61,,TPEx LISTED,其他電子業,142.5,142.0,144.5,142.0,518027,73.82,142.2,140.5,0.21,1.42,-0.35,-0.35,2.15,219.0,219.0,219.0,219.0,219.0,-34.02,-34.02,-34.02,34.93,34.93,False,False,False,False,False,False,False,False,False,2026-10-07,其他電子業,其他電子：電子模組、感測器、電源與車用電子（公司級產品待核驗）
3290,3290.TWO,DONPON,東浦,45.83,,TPEx LISTED,電子零組件業,50.8,50.7,50.8,49.8,592401,30.09,50.35,49.035,0.89,3.6,0.2,0.99,-2.68,74.8,74.8,74.8,74.8,74.8,-32.09,-32.09,-32.09,32.09,32.09,False,False,True,False,False,False,False,False,False,2026-10-07,電子零組件業,電子零組件：PCB、CCL、IC載板、連接器與被動元件（公司級品類待核驗）
3293,3293.TWO,IGS,鈊象,2198.05,,TPEx LISTED,文化創意業,780.0,779.0,783.0,771.0,545005,425.1,791.8,774.3,-1.49,0.74,0.0,-1.39,-1.02,833.0,1130.0,1130.0,833.0,1130.0,-6.0,-30.71,-30.71,6.36,30.97,False,False,False,False,False,False,False,True,False,2026-10-07,文化創意業,文化創意業（公司级产品待核验）
3294,3294.TWO,Megaforce,英濟,42.18,,TPEx LISTED,電子零組件業,31.95,31.85,32.15,31.6,280001,8.95,32.39,32.53,-1.36,-1.78,0.47,-2.59,-1.54,44.95,63.4,63.4,44.95,63.4,-28.48,-49.29,-49.29,28.92,49.61,False,False,False,False,False,False,False,False,False,2026-10-07,電子零組件業,電子零組件：PCB、CCL、IC載板、連接器與被動元件（公司級品類待核驗）
3296,3296.TW,POWERTECH,勝德,27.57,,TWSE LISTED,電子零組件業,28.5,28.05,28.75,28.05,59200,1.69,28.48,28.28,0.07,0.78,0.88,0.0,0.35,31.6,38.25,38.25,31.6,38.25,-9.02,-24.84,-24.84,9.81,25.49,False,False,False,True,False,False,False,True,False,2026-10-07,電子零組件業,電子零組件：PCB、CCL、IC載板、連接器與被動元件（公司級品類待核驗）
3297,3297.TWO,Hunt,杭特,12.18,,TPEx LISTED,光電業,33.8,35.35,36.55,33.65,1157000,39.11,33.04,33.27,2.3,1.59,-4.25,4.0,3.68,45.95,74.4,74.4,45.95,74.4,-20.46,-50.87,-50.87,26.44,54.57,False,False,False,False,False,False,False,False,False,2026-10-07,光電業,光電顯示／光學元件
3303,3303.TWO,UNIVACCO,岱稜,47.25,,TPEx LISTED,其他電子業,49.85,49.8,50.5,49.55,329050,16.4,49.11,48.735,1.51,2.29,1.12,2.15,2.47,64.7,72.0,72.0,64.7,72.0,-21.95,-29.86,-29.86,22.95,30.76,True,True,False,False,False,False,False,False,False,2026-10-07,其他電子業,其他電子：電子模組、感測器、電源與車用電子（公司級產品待核驗）
3305,3305.TW,SHENMAO,昇貿,157.71,,TWSE LISTED,其他電子業,110.0,109.0,111.0,108.0,765701,84.23,108.3,106.0,1.57,3.77,0.92,2.33,3.77,169.5,169.5,169.5,169.5,169.5,-34.51,-34.51,-34.51,35.1,35.1,False,False,False,False,False,False,False,False,False,2026-10-07,其他電子業,其他電子：電子模組、感測器、電源與車用電子（公司級產品待核驗）
3306,3306.TWO,RoyalTek,鼎天,23.94,,TPEx LISTED,通信網路業,47.3,46.7,47.3,46.7,58002,2.74,47.23,46.845,0.15,0.97,1.07,0.53,-1.56,56.1,71.5,73.1,56.1,71.5,-15.69,-33.85,-35.29,15.69,33.85,False,False,False,True,False,False,False,False,False,2026-10-07,通信網路業,通信網路／網通設備
3308,3308.TW,BESTEC,聯德,13.41,,TWSE LISTED,電子零組件業,22.35,22.45,22.45,21.7,29855,0.67,22.47,22.17,-0.53,0.81,2.05,-2.4,0.0,27.5,56.55,79.99,27.5,56.55,-18.36,-60.3,-71.93,18.73,60.48,False,False,False,False,False,False,False,False,False,2026-10-07,電子零組件業,電子零組件：PCB、CCL、IC載板、連接器與被動元件（公司級品類待核驗）
3310,3310.TWO,CHIALIN,佳穎,50.89,,TPEx LISTED,電子零組件業,67.9,67.5,68.6,67.4,31000,2.1,67.8,68.13,0.15,-0.34,0.0,0.44,-1.31,86.7,124.5,124.5,86.7,124.5,-20.88,-44.9,-44.9,21.68,45.46,False,False,False,False,False,False,False,False,False,2026-10-07,電子零組件業,電子零組件：PCB、CCL、IC載板、連接器與被動元件（公司級品類待核驗）
3311,3311.TW,Silitech,閎暉,47.35,,TWSE LISTED,通信網路業,47.35,46.8,48.0,43.8,5601906,265.25,48.06,43.1,-1.48,9.86,-2.67,-4.63,15.35,52.2,52.2,69.36,52.2,52.2,-8.05,-8.05,-30.8,9.29,9.29,False,False,False,False,False,False,False,True,True,2026-10-07,通信網路業,通信網路／網通設備
3312,3312.TW,GMI,弘憶股,94.05,,TWSE LISTED,電子通路業,51.5,51.2,51.8,50.8,416588,21.45,51.6,51.69,-0.19,-0.37,0.59,-1.15,-0.96,73.2,110.5,110.5,73.2,110.5,-29.23,-53.12,-53.12,29.64,53.39,False,False,False,False,False,False,False,False,False,2026-10-07,電子通路業,電子通路、半導體代理與零組件分銷（公司級代理品類待核驗）
3313,3313.TWO,FCD,斐成,22.78,,TPEx LISTED,建材營造,10.3,10.3,10.35,10.25,73032,0.75,10.39,10.43,-0.87,-1.25,0.0,-1.9,-1.44,15.15,28.65,52.6,15.15,28.65,-31.68,-63.87,-80.32,32.01,64.05,False,False,False,False,False,False,False,False,False,2026-10-07,建材營造,建材、營造與不動產開發（公司級業務待核驗）
3317,3317.TWO,NIKO-SEM,尼克森,61.83,,TPEx LISTED,半導體業,68.7,67.5,69.9,66.2,3451857,237.14,68.0,66.59,1.03,3.17,-0.43,5.21,5.37,108.0,108.0,108.0,108.0,108.0,-35.28,-35.28,-35.28,36.39,36.39,False,False,False,True,False,False,False,False,False,2026-10-07,半導體業,半導體／IC設計或製造（細分環節待核驗）
3321,3321.TW,UNIFLEX,同泰,15.2,,TWSE LISTED,電子零組件業,17.65,17.7,17.85,17.35,176000,3.11,18.06,18.195,-2.27,-3.0,-0.84,-3.81,-3.29,28.1,47.1,108.44,28.1,47.1,-36.48,-62.11,-83.54,37.19,62.53,False,False,False,False,False,False,False,False,False,2026-10-07,電子零組件業,電子零組件：PCB、CCL、IC載板、連接器與被動元件（公司級品類待核驗）
3322,3322.TWO,JEM,建舜電,15.27,,TPEx LISTED,電子零組件業,11.1,11.1,11.2,11.05,141119,1.57,11.27,11.21,-1.51,-0.98,0.0,-2.2,-1.77,18.5,28.1,31.8,18.5,28.1,-39.46,-60.14,-64.78,40.0,60.5,False,False,False,False,False,False,False,False,False,2026-10-07,電子零組件業,電子零組件：PCB、CCL、IC載板、連接器與被動元件（公司級品類待核驗）
3323,3323.TWO,Celxpert,加百裕,29.68,,TPEx LISTED,電腦及週邊設備業,29.8,30.15,30.5,29.55,232225,6.92,30.03,29.295,-0.77,1.72,-1.0,-1.81,0.34,44.6,57.8,64.63,44.6,57.8,-31.61,-47.23,-52.81,33.18,48.44,False,False,False,False,False,False,False,False,False,2026-10-07,電腦及週邊設備業,電腦、伺服器與企業硬體
3324,3324.TWO,AURAS,雙鴻,1419.42,,TPEx LISTED,其他電子業,1525.0,1540.0,1550.0,1485.0,2608963,3978.67,1527.0,1570.0,-0.13,-2.87,-0.33,1.33,-0.33,1750.0,1750.0,1750.0,1750.0,1750.0,-11.43,-11.43,-11.43,12.86,12.86,False,False,False,False,False,False,False,False,False,2026-10-07,其他電子業,其他電子：電子模組、感測器、電源與車用電子（公司級產品待核驗）
3325,3325.TWO,Casing,旭品,12.39,,TPEx LISTED,電腦及週邊設備業,11.25,11.4,11.45,11.2,211128,2.38,11.55,11.74,-2.6,-4.17,-1.32,-4.66,-5.46,17.1,44.6,44.7,17.1,44.6,-33.04,-74.33,-74.38,34.21,74.78,False,False,False,False,False,False,False,False,False,2026-10-07,電腦及週邊設備業,電腦、伺服器與企業硬體
3332,3332.TWO,CINCON,幸康,31.08,,TPEx LISTED,電子零組件業,64.6,64.0,64.8,63.6,11000,0.71,64.6,63.01,-0.0,2.52,0.47,0.47,1.41,72.6,81.9,81.9,72.6,81.9,-10.74,-20.88,-20.88,11.02,21.12,False,False,False,False,False,False,False,False,False,2026-10-07,電子零組件業,電子零組件：PCB、CCL、IC載板、連接器與被動元件（公司級品類待核驗）
3338,3338.TW,TAISOL,泰碩,61.98,,TWSE LISTED,電子零組件業,70.5,70.8,72.0,70.3,396058,27.92,69.64,68.55,1.23,2.84,-0.28,2.17,3.68,94.3,96.5,106.0,94.3,96.5,-23.65,-25.39,-32.08,25.24,26.94,False,False,False,False,False,False,False,False,False,2026-10-07,電子零組件業,電子零組件：PCB、CCL、IC載板、連接器與被動元件（公司級品類待核驗）
3339,3339.TWO,TEKCORE,泰谷,30.22,,TPEx LISTED,光電業,45.4,44.65,46.0,44.55,968068,43.95,45.6,46.01,-0.44,-1.33,1.68,-3.4,-0.55,72.7,72.7,72.7,72.7,72.7,-36.73,-36.73,-36.73,37.55,37.55,False,False,False,False,False,False,False,False,False,2026-10-07,光電業,光電顯示／光學元件
3346,3346.TW,Laster Tech,麗清,28.25,,TWSE LISTED,汽車工業,23.3,23.45,23.6,23.3,292425,6.81,23.74,23.795,-1.85,-2.08,-1.06,-2.92,-3.52,30.9,56.2,129.21,30.9,56.2,-23.62,-58.01,-81.74,24.6,58.54,False,False,False,False,False,False,False,False,False,2026-10-07,汽車工業,汽車整車、汽車零組件與車用電子（公司級產品待核驗）
3349,3349.TWO,DEXIN,寶德,8.8,,TPEx LISTED,電腦及週邊設備業,18.4,18.9,18.9,18.05,36000,0.66,18.86,19.3,-2.44,-4.66,-0.54,-3.16,-7.77,32.65,33.3,33.3,32.65,33.3,-42.11,-43.24,-43.24,43.64,44.74,False,False,False,False,False,False,False,False,False,2026-10-07,電腦及週邊設備業,電腦、伺服器與企業硬體
3354,3354.TWO,MICROCOSM,律勝,21.38,,TPEx LISTED,電子零組件業,30.5,31.85,32.15,30.35,1656024,50.51,30.82,30.245,-1.04,0.84,-4.98,1.33,-5.13,37.6,37.6,42.2,37.6,37.6,-14.49,-14.49,-23.82,18.88,18.88,False,False,False,False,False,False,False,False,False,2026-10-07,電子零組件業,電子零組件：PCB、CCL、IC載板、連接器與被動元件（公司級品類待核驗）
3356,3356.TW,GeoVision,奇偶,46.34,,TWSE LISTED,光電業,67.6,68.0,68.1,67.3,197080,13.32,67.0,66.41,0.9,1.79,0.15,1.2,2.42,79.42,106.93,106.93,79.42,106.93,-14.26,-36.31,-36.31,14.89,36.78,True,False,False,False,False,False,False,False,False,2026-10-07,光電業,光電顯示／光學元件
3357,3357.TWO,TAI-TECH,臺慶科,261.87,,TPEx LISTED,電子零組件業,225.0,219.0,230.0,219.0,2691183,605.52,218.4,212.2,3.02,6.03,1.81,4.41,10.02,371.5,371.5,371.5,371.5,371.5,-38.09,-38.09,-38.09,39.43,39.43,True,True,False,False,False,False,False,False,False,2026-10-07,電子零組件業,電子零組件：PCB、CCL、IC載板、連接器與被動元件（公司級品類待核驗）
3360,3360.TWO,SUNNIC,尚立,11.73,,TPEx LISTED,電子通路業,15.35,15.3,15.45,15.15,187018,2.87,15.34,15.225,0.07,0.82,0.66,-1.29,0.0,23.85,24.25,24.46,23.85,24.25,-35.22,-36.29,-36.84,35.64,36.7,False,False,False,True,False,False,False,False,False,2026-10-07,電子通路業,電子通路、半導體代理與零組件分銷（公司級代理品類待核驗）
3362,3362.TWO,ABILITY,先進光,288.99,,TPEx LISTED,光電業,196.0,190.0,196.0,187.5,5361728,1050.9,185.3,178.4,5.77,9.87,3.98,11.68,14.62,218.0,299.5,299.5,218.0,299.5,-10.09,-34.56,-34.56,10.09,34.56,False,False,False,False,False,False,False,False,False,2026-10-07,光電業,光電顯示／光學元件
3363,3363.TWO,FOCI,上詮,771.62,,TPEx LISTED,通信網路業,679.0,656.0,693.0,656.0,4573941,3105.71,661.0,656.1,2.72,3.49,4.46,1.19,4.62,1065.0,1065.0,1065.0,1065.0,1065.0,-34.93,-34.93,-34.93,36.24,36.24,False,False,False,True,False,False,False,False,False,2026-10-07,通信網路業,通信網路／網通設備
3372,3372.TWO,TICP,典範,39.06,,TPEx LISTED,半導體業,16.6,16.55,16.75,16.55,369169,6.13,16.56,16.355,0.24,1.5,0.61,-1.78,0.3,26.2,26.8,33.0,26.2,26.8,-36.07,-37.5,-49.24,36.64,38.06,False,False,False,False,False,False,False,False,False,2026-10-07,半導體業,半導體／IC設計或製造（細分環節待核驗）
3373,3373.TWO,Radiant,熱映,8.14,,TPEx LISTED,其他電子業,17.1,16.3,17.5,16.25,1081641,18.5,16.17,16.08,5.75,6.34,7.21,7.55,6.88,21.05,30.68,143.18,21.05,30.68,-16.86,-42.96,-87.78,18.76,44.27,False,False,False,False,False,False,False,False,False,2026-10-07,其他電子業,其他電子：電子模組、感測器、電源與車用電子（公司級產品待核驗）
3374,3374.TWO,Xintec,精材,1348.68,,TPEx LISTED,半導體業,497.0,483.0,499.5,475.5,8068836,4010.21,481.3,472.4,3.26,5.21,1.95,6.31,9.35,530.0,530.0,530.0,530.0,530.0,-5.75,-5.75,-5.75,6.23,6.23,False,False,False,False,False,False,False,True,True,2026-10-07,半導體業,半導體封裝測試（晶圓級尺寸封裝、晶圓級後護層封裝、晶圓測試）
3376,3376.TW,SZS,新日興,330.87,,TWSE LISTED,電子零組件業,169.0,171.5,172.5,168.5,2517289,425.42,172.0,173.7,-1.74,-2.71,-1.46,-2.87,-3.15,250.0,302.5,302.5,250.0,302.5,-31.0,-42.98,-42.98,32.4,44.13,False,False,False,False,False,False,False,False,False,2026-10-07,電子零組件業,電子零組件：PCB、CCL、IC載板、連接器與被動元件（公司級品類待核驗）
3379,3379.TWO,TBC,彬台,10.39,,TPEx LISTED,電機機械,27.3,28.3,28.3,27.2,55001,1.5,27.58,27.515,-1.02,-0.78,-0.73,-1.8,-1.44,55.1,85.4,85.4,55.1,85.4,-48.64,-66.86,-66.86,50.45,68.03,False,False,False,False,False,False,False,False,False,2026-10-07,電機機械,電機機械、工業自動化與設備（公司級產品待核驗）
3380,3380.TW,Alpha,明泰,167.39,,TWSE LISTED,通信網路業,30.9,31.3,31.4,30.65,1603800,49.56,31.3,31.58,-1.28,-2.15,-0.48,-3.29,-3.89,43.95,43.95,48.8,43.95,43.95,-28.56,-28.56,-35.66,29.69,29.69,False,False,False,False,False,False,False,False,False,2026-10-07,通信網路業,通信網路／網通設備
3388,3388.TWO,TTC,崇越電,70.18,,TPEx LISTED,電子零組件業,86.0,85.6,86.9,85.3,329004,28.29,85.02,83.69,1.15,2.76,0.47,1.78,0.82,131.5,131.5,131.5,131.5,131.5,-33.92,-33.92,-33.92,34.6,34.6,True,False,False,False,False,False,False,False,False,2026-10-07,電子零組件業,電子零組件：PCB、CCL、IC載板、連接器與被動元件（公司級品類待核驗）
3390,3390.TWO,SUNFLEX,旭軟,17.69,,TPEx LISTED,電子零組件業,22.3,22.15,22.3,22.05,78001,1.74,22.28,22.185,0.09,0.52,0.68,-0.45,-1.33,31.9,39.8,39.8,31.9,39.8,-30.09,-43.97,-43.97,30.09,43.97,False,False,False,True,False,False,False,False,False,2026-10-07,電子零組件業,電子零組件：PCB、CCL、IC載板、連接器與被動元件（公司級品類待核驗）
3402,3402.TWO,WHOLETECH,漢科,101.9,,TPEx LISTED,其他電子業,139.5,140.5,141.0,139.0,283712,39.58,139.3,134.85,0.14,3.45,-0.71,0.0,2.57,162.0,162.0,162.0,162.0,162.0,-12.96,-12.96,-12.96,13.89,13.89,False,False,False,False,False,False,False,False,False,2026-10-07,其他電子業,其他電子：電子模組、感測器、電源與車用電子（公司級產品待核驗）
3406,3406.TW,GSEO,玉晶光,1223.26,,TWSE LISTED,光電業,1085.0,1045.0,1120.0,1035.0,5870247,6369.22,1019.2,959.7,6.46,13.06,3.83,12.9,21.91,1140.0,1140.0,1140.0,1140.0,1140.0,-1.75,-1.75,-1.75,4.82,4.82,False,False,False,False,False,False,False,True,True,2026-10-07,光電業,光學元件／鏡頭與光電模組
3413,3413.TW,Fiti,京鼎,320.02,,TWSE LISTED,半導體業,288.5,295.0,295.5,288.5,751310,216.75,292.3,290.0,-1.3,-0.52,-1.54,-1.2,-0.86,383.5,403.0,403.0,383.5,403.0,-22.95,-26.67,-26.67,24.77,28.41,False,False,False,False,False,False,False,False,False,2026-10-07,半導體業,半導體／IC設計或製造（細分環節待核驗）
3416,3416.TW,Winmate,融程電,142.83,,TWSE LISTED,電腦及週邊設備業,169.0,168.0,170.0,168.0,129103,21.82,167.6,164.6,0.84,2.67,0.6,1.81,4.0,190.52,201.0,201.0,190.52,201.0,-10.77,-15.42,-15.42,11.3,15.92,False,False,False,False,False,False,False,False,False,2026-10-07,電腦及週邊設備業,電腦、伺服器與企業硬體
3419,3419.TW,WHAYU,譁裕,14.34,,TWSE LISTED,通信網路業,11.9,12.0,12.0,11.75,69075,0.82,11.97,11.64,-0.58,2.23,0.0,-2.06,-1.24,17.95,20.75,32.4,17.95,20.75,-33.15,-42.17,-62.96,33.7,42.65,False,False,False,False,False,False,False,False,False,2026-10-07,通信網路業,通信網路／網通設備
3430,3430.TWO,CHITEC,奇鈦科,38.1,,TPEx LISTED,化學工業,113.0,114.0,115.0,112.5,197340,22.3,112.5,111.2,0.44,1.62,1.35,-0.44,1.35,189.0,189.0,189.0,189.0,189.0,-39.15,-39.15,-39.15,40.21,40.21,False,False,False,False,False,False,False,False,False,2026-10-07,化學工業,化學制品／特用化學材料
3432,3432.TW,TAI TWUN,台端,6.21,,TWSE LISTED,電子零組件業,14.7,14.75,14.75,14.5,18000,0.26,14.76,14.775,-0.41,-0.51,-0.34,-1.34,-1.34,23.35,32.2,54.19,23.35,32.2,-36.83,-54.19,-72.78,37.04,54.35,False,False,False,False,False,False,False,False,False,2026-10-07,電子零組件業,電子零組件：PCB、CCL、IC載板、連接器與被動元件（公司級品類待核驗）
3434,3434.TWO,ACULA,哲固,11.19,,TPEx LISTED,光電業,31.3,30.8,31.45,30.8,52000,1.63,31.3,31.5,-0.0,-0.63,-0.95,0.32,-0.32,38.25,73.24,73.24,38.25,73.24,-17.78,-57.06,-57.06,18.17,57.26,False,False,False,False,False,False,False,False,False,2026-10-07,光電業,光電顯示／光學元件
3437,3437.TW,AOT,榮創,30.79,,TWSE LISTED,光電業,21.3,21.35,21.6,20.95,990057,21.09,21.75,21.88,-2.07,-2.65,-0.23,-3.84,-5.12,31.3,40.0,50.0,31.3,40.0,-30.99,-46.0,-56.8,31.95,46.75,False,False,False,False,False,False,False,False,False,2026-10-07,光電業,光電顯示／光學元件
3438,3438.TWO,AAT,類比科,28.68,,TPEx LISTED,半導體業,60.8,61.8,61.8,60.6,52631,3.2,61.48,61.54,-1.11,-1.2,-0.82,-1.94,-1.78,80.4,102.0,119.5,80.4,102.0,-23.13,-39.41,-48.28,24.38,40.39,False,False,False,False,False,False,False,False,False,2026-10-07,半導體業,半導體／IC設計或製造（細分環節待核驗）
3441,3441.TWO,UNIQUE,聯一光電,99.7,,TPEx LISTED,光電業,249.0,260.0,280.5,247.5,42432489,10565.69,229.9,205.85,8.31,20.96,-2.35,18.01,34.96,255.0,255.0,255.0,280.5,280.5,10.0,10.0,10.0,11.23,11.23,False,False,False,False,True,True,True,False,False,2026-10-07,光電業,光電顯示／光學元件
3443,3443.TW,GUC,創意,11337.41,,TWSE LISTED,半導體業,8460.0,8485.0,8750.0,8350.0,1501082,12699.15,8247.0,8248.5,2.58,2.56,1.01,7.09,5.22,8710.0,8710.0,8710.0,8750.0,8750.0,0.46,0.46,0.46,3.31,3.31,False,False,False,False,True,True,True,True,True,2026-10-07,半導體業,半導體／IC設計或製造（細分環節待核驗）
3444,3444.TWO,NICHING,利機,35.23,,TPEx LISTED,電子通路業,78.3,77.4,78.4,76.7,62020,4.86,78.84,79.63,-0.68,-1.67,1.16,-3.09,-3.69,124.0,134.8,134.8,124.0,134.8,-36.77,-41.84,-41.84,36.85,41.92,False,False,False,False,False,False,False,False,False,2026-10-07,電子通路業,電子通路、半導體代理與零組件分銷（公司級代理品類待核驗）
3447,3447.TW,XAVi,展達,21.3,,TWSE LISTED,通信網路業,27.5,27.4,28.1,27.4,35000,0.96,27.58,27.56,-0.29,-0.22,0.36,-0.9,-0.18,53.6,101.0,101.0,53.6,101.0,-47.57,-72.18,-72.18,48.69,72.77,False,False,False,False,False,False,False,False,False,2026-10-07,通信網路業,通信網路／網通設備
3450,3450.TW,ELASER,聯鈞,779.4,,TWSE LISTED,半導體業,535.0,538.0,559.0,533.0,11872668,6351.88,534.4,527.9,0.11,1.34,0.75,-1.47,2.29,653.0,653.0,653.0,653.0,653.0,-14.4,-14.4,-14.4,18.07,18.07,False,False,False,False,False,False,False,False,False,2026-10-07,半導體業,半導體／IC設計或製造（細分環節待核驗）
3455,3455.TWO,UTECHZONE,由田,168.18,,TPEx LISTED,光電業,281.0,277.5,282.5,277.5,623446,175.19,281.8,269.25,-0.28,4.36,1.26,0.36,5.24,322.5,322.5,322.5,322.5,322.5,-12.4,-12.4,-12.4,12.87,12.87,False,False,False,False,False,False,False,False,False,2026-10-07,光電業,光電顯示／光學元件
3465,3465.TWO,NAE,進泰電子,12.61,,TPEx LISTED,其他電子業,29.8,29.7,29.8,29.7,7000,0.21,29.92,29.73,-0.4,0.24,-0.33,-0.83,0.34,51.9,82.5,267.04,51.9,82.5,-42.58,-63.88,-88.84,42.58,63.88,False,False,False,False,False,False,False,False,False,2026-10-07,其他電子業,其他電子：電子模組、感測器、電源與車用電子（公司級產品待核驗）
3466,3466.TWO,SKARDIN,德晉,21.42,,TPEx LISTED,通信網路業,27.5,26.15,27.6,25.95,522610,14.37,25.18,24.6,9.21,11.79,5.16,13.64,15.06,45.8,103.5,103.5,45.8,103.5,-39.74,-73.33,-73.33,39.96,73.43,True,False,False,False,False,False,False,False,False,2026-10-07,通信網路業,通信網路／網通設備
3467,3467.TWO,Forcera,台灣精材,22.47,,TPEx LISTED,半導體業,71.2,71.5,74.0,70.8,616003,43.86,71.82,76.02,-0.86,-6.34,0.28,-2.73,-3.39,88.8,92.4,92.4,88.8,92.4,-16.67,-19.91,-19.91,19.82,22.94,False,False,False,False,False,False,False,False,False,2026-10-07,半導體業,半導體／IC設計或製造（細分環節待核驗）
3479,3479.TWO,Avalue,安勤,97.69,,TPEx LISTED,電腦及週邊設備業,134.5,136.0,136.5,134.0,397500,53.46,135.7,134.9,-0.88,-0.3,-0.74,-1.1,-1.1,162.0,162.0,162.0,162.0,162.0,-15.74,-15.74,-15.74,16.98,16.98,False,False,False,False,False,False,False,False,False,2026-10-07,電腦及週邊設備業,電腦、伺服器與企業硬體
3481,3481.TW,INX,群創,4194.33,,TWSE LISTED,光電業,52.5,51.2,52.7,50.7,101161235,5310.96,52.2,51.51,0.57,1.92,2.74,-0.57,-4.02,72.6,72.6,72.6,72.6,72.6,-27.41,-27.41,-27.41,27.69,27.69,False,False,False,True,False,False,False,False,False,2026-10-07,光電業,面板顯示／TFT-LCD與顯示器
3483,3483.TWO,FCN,力致,78.25,,TPEx LISTED,電腦及週邊設備業,79.0,81.4,81.4,78.8,323688,25.57,80.22,78.97,-1.52,0.04,-2.95,-2.35,-0.13,113.5,203.48,203.48,113.5,203.48,-28.28,-60.0,-60.0,30.4,61.18,False,False,False,False,False,False,False,False,False,2026-10-07,電腦及週邊設備業,電腦、伺服器與企業硬體
3484,3484.TWO,SOLTEAM,崧騰,39.26,,TPEx LISTED,電子零組件業,49.8,49.1,49.85,49.1,179061,8.92,48.85,47.525,1.94,4.79,1.43,1.84,6.98,56.1,71.9,94.58,56.1,71.9,-11.14,-30.67,-47.29,11.23,30.74,False,False,False,False,False,False,False,False,False,2026-10-07,電子零組件業,電子零組件：PCB、CCL、IC載板、連接器與被動元件（公司級品類待核驗）
3485,3485.TWO,EF,敘豐,86.05,,TPEx LISTED,電子零組件業,223.5,214.0,223.5,213.5,97022,21.68,216.9,209.15,3.04,6.86,3.71,3.47,6.94,390.0,390.0,390.0,390.0,390.0,-42.69,-42.69,-42.69,42.69,42.69,False,False,False,False,False,False,False,False,False,2026-10-07,電子零組件業,電子零組件：PCB、CCL、IC載板、連接器與被動元件（公司級品類待核驗）
3489,3489.TWO,Sun Brothers,森寶,20.35,,TPEx LISTED,建材營造,22.5,22.75,22.75,22.2,29000,0.65,22.98,22.955,-2.09,-1.98,0.22,-3.02,-3.64,26.4,42.65,42.65,26.4,42.65,-13.83,-46.66,-46.66,14.77,47.25,False,False,False,False,False,False,False,False,False,2026-10-07,建材營造,建材、營造與不動產開發（公司級業務待核驗）
3490,3490.TWO,singlewell,單井,25.11,,TPEx LISTED,光電業,45.65,45.7,46.5,45.3,1983381,90.54,47.39,46.11,-3.67,-1.0,-0.11,-9.96,2.93,57.8,57.8,57.8,57.8,57.8,-19.55,-19.55,-19.55,21.02,21.02,False,False,False,False,False,False,False,False,False,2026-10-07,光電業,光電顯示／光學元件
3491,3491.TWO,UMT,昇達科,1173.13,,TPEx LISTED,通信網路業,1705.0,1745.0,1760.0,1680.0,1683723,2870.75,1605.0,1563.5,6.23,9.05,-0.58,14.81,13.67,2200.0,2200.0,2200.0,2200.0,2200.0,-20.0,-20.0,-20.0,22.5,22.5,False,False,False,False,False,False,False,False,False,2026-10-07,通信網路業,通信網路／網通設備
3492,3492.TWO,ACT,長盛,6.89,,TPEx LISTED,電子零組件業,19.4,19.4,19.4,19.4,5000,0.1,19.42,19.285,-0.1,0.6,0.0,-0.26,1.31,27.6,35.5,47.0,27.6,35.5,-29.71,-45.35,-58.72,29.71,45.35,False,False,False,False,False,False,False,False,False,2026-10-07,電子零組件業,電子零組件：PCB、CCL、IC載板、連接器與被動元件（公司級品類待核驗）
3494,3494.TW,HiTi,誠研,6.71,,TWSE LISTED,電腦及週邊設備業,7.08,7.08,7.1,7.02,21000,0.15,7.078,7.092,0.03,-0.17,0.0,-0.14,-0.28,11.65,20.6,50.68,11.65,20.6,-39.06,-65.53,-85.99,39.23,65.63,False,False,False,False,False,False,False,False,False,2026-10-07,電腦及週邊設備業,電腦、伺服器與企業硬體
3498,3498.TWO,USUN,陽程,141.85,,TPEx LISTED,其他電子業,231.5,234.0,239.5,229.5,1853852,429.17,227.4,221.95,1.8,4.3,-1.28,7.67,1.09,257.0,257.0,257.0,257.0,257.0,-6.81,-6.81,-6.81,9.92,9.92,False,False,False,False,False,False,False,True,True,2026-10-07,其他電子業,其他電子：電子模組、感測器、電源與車用電子（公司級產品待核驗）
3499,3499.TWO,GLOBALSAT,環天科,7.39,,TPEx LISTED,通信網路業,13.45,13.5,13.5,13.05,47000,0.63,13.59,13.585,-1.03,-0.99,0.0,-2.54,-2.54,19.6,26.85,30.0,19.6,26.85,-31.12,-49.72,-55.0,31.38,49.91,False,False,False,False,False,False,False,False,False,2026-10-07,通信網路業,通信網路／網通設備
3501,3501.TW,Well Shin,維熹,44.58,,TWSE LISTED,電子零組件業,37.7,38.05,38.05,37.7,41000,1.55,37.68,37.745,0.05,-0.12,0.4,0.13,0.13,61.4,81.8,81.8,61.4,81.8,-38.03,-53.48,-53.48,38.6,53.91,False,False,False,False,False,False,False,False,False,2026-10-07,電子零組件業,電子零組件：PCB、CCL、IC載板、連接器與被動元件（公司級品類待核驗）
3504,3504.TW,Young Optics,揚明光,95.35,,TWSE LISTED,光電業,83.6,82.1,85.3,82.1,1042197,87.13,82.22,80.42,1.68,3.95,1.33,4.37,5.69,97.8,97.8,169.0,97.8,97.8,-12.78,-12.78,-49.53,14.52,14.52,False,False,False,False,False,False,False,False,False,2026-10-07,光電業,光電顯示／光學元件
3508,3508.TWO,Ways,位速,27.27,,TPEx LISTED,其他電子業,25.05,25.5,25.6,25.0,182005,4.56,25.41,25.655,-1.42,-2.36,-1.18,-2.72,-3.28,55.9,55.9,75.5,55.9,55.9,-54.2,-54.2,-66.09,55.19,55.19,False,False,False,False,False,False,False,False,False,2026-10-07,其他電子業,其他電子：電子模組、感測器、電源與車用電子（公司級產品待核驗）
3511,3511.TWO,SIMULA TECH INC,矽瑪,16.07,,TPEx LISTED,電子零組件業,20.1,19.6,20.15,19.6,75090,1.51,19.86,19.695,1.21,2.06,2.55,1.77,1.77,30.85,49.8,60.0,30.85,49.8,-34.68,-59.54,-66.42,34.85,59.64,False,False,False,True,False,False,False,False,False,2026-10-07,電子零組件業,電子零組件：PCB、CCL、IC載板、連接器與被動元件（公司級品類待核驗）
3512,3512.TWO,Huang Long,皇龍,21.48,,TPEx LISTED,建材營造,19.0,19.15,19.15,18.95,32013,0.61,19.06,19.15,-0.31,-0.78,-0.26,-0.52,-1.04,22.05,48.75,68.76,22.05,48.75,-13.15,-60.72,-72.15,13.83,61.03,False,False,False,False,False,False,False,False,False,2026-10-07,建材營造,建材、營造與不動產開發（公司級業務待核驗）
3515,3515.TW,ASROCK,華擎,270.51,,TWSE LISTED,電腦及週邊設備業,219.0,219.0,220.5,218.0,232100,50.83,217.2,214.5,0.83,2.1,0.46,1.15,3.3,273.5,360.0,360.0,273.5,360.0,-19.38,-38.75,-38.75,19.93,39.17,True,True,False,False,False,False,False,False,False,2026-10-07,電腦及週邊設備業,電腦、伺服器與企業硬體
3516,3516.TWO,ADO,亞帝歐,15.72,,TPEx LISTED,光電業,26.4,26.0,26.4,25.85,21035,0.56,25.95,25.595,1.73,3.15,0.0,4.14,3.94,30.6,33.1,33.1,30.6,33.1,-13.73,-20.25,-20.25,13.73,20.25,False,False,False,False,False,False,False,False,False,2026-10-07,光電業,光電顯示／光學元件
3518,3518.TW,PT TECH.,柏騰,51.54,,TWSE LISTED,其他電子業,50.3,51.4,52.0,47.6,5227265,262.93,46.81,41.125,7.46,22.31,0.0,13.42,22.38,52.0,52.0,52.0,52.0,52.0,0.0,0.0,0.0,3.27,3.27,False,False,False,False,False,False,False,True,True,2026-10-07,其他電子業,其他電子：電子模組、感測器、電源與車用電子（公司級產品待核驗）
3520,3520.TWO,JVE,華盈,14.92,,TPEx LISTED,電子零組件業,17.8,17.8,17.85,17.45,172297,3.07,17.57,17.4,1.31,2.3,0.0,3.49,2.59,20.2,26.8,277.82,20.2,26.8,-11.63,-33.4,-93.58,11.88,33.58,False,False,False,False,False,False,False,False,False,2026-10-07,電子零組件業,電子零組件：PCB、CCL、IC載板、連接器與被動元件（公司級品類待核驗）
3521,3521.TWO,TSG Development,台鋼建設,21.46,,TPEx LISTED,建材營造,11.55,11.55,11.6,11.55,14000,0.16,11.71,11.775,-1.37,-1.91,-0.86,-2.12,-2.53,17.45,25.0,29.6,17.45,25.0,-33.52,-53.6,-60.81,33.81,53.8,False,False,False,False,False,False,False,False,False,2026-10-07,建材營造,建材、營造與不動產開發（公司級業務待核驗）
3522,3522.TWO,TOPLUS,御嵿,12.49,,TPEx LISTED,觀光餐旅,12.0,12.1,12.1,11.95,105200,1.26,12.24,12.47,-1.96,-3.77,-0.83,-3.61,-4.0,19.4,31.0,82.85,19.4,31.0,-37.63,-60.97,-85.4,38.14,61.29,False,False,False,False,False,False,False,False,False,2026-10-07,觀光餐旅,觀光餐旅（公司级产品待核验）
3523,3523.TWO,EFUN,迎輝,8.84,,TPEx LISTED,光電業,13.75,14.1,14.1,13.75,22006,0.3,13.95,14.465,-1.43,-4.94,-2.48,-3.85,-8.33,23.25,29.5,71.0,23.25,29.5,-39.35,-52.2,-80.14,40.86,53.39,False,False,False,False,False,False,False,False,False,2026-10-07,光電業,光電顯示／光學元件
3526,3526.TWO,ALLTOP,凡甲,184.81,,TPEx LISTED,電子零組件業,276.5,278.0,278.0,272.5,235500,65.12,275.4,273.0,0.4,1.28,-0.54,0.73,1.65,403.0,403.0,403.0,403.0,403.0,-31.02,-31.02,-31.02,31.39,31.39,False,False,False,True,False,False,False,False,False,2026-10-07,電子零組件業,電子零組件：PCB、CCL、IC載板、連接器與被動元件（公司級品類待核驗）
3527,3527.TWO,MBI,聚積,22.49,,TPEx LISTED,半導體業,50.6,50.6,50.8,50.3,45770,2.32,51.04,51.32,-0.86,-1.4,-0.59,-1.56,-4.71,74.0,122.5,279.0,74.0,122.5,-31.35,-58.53,-81.79,31.62,58.69,False,False,False,False,False,False,False,False,False,2026-10-07,半導體業,半導體／IC設計或製造（細分環節待核驗）
3528,3528.TW,ANSTEK,安馳,56.91,,TWSE LISTED,電子通路業,85.4,87.2,87.4,85.3,106100,9.06,86.98,85.85,-1.82,-0.52,-1.73,-3.83,-0.23,142.5,142.5,142.5,142.5,142.5,-38.67,-38.67,-38.67,40.07,40.07,False,False,False,False,False,False,False,False,False,2026-10-07,電子通路業,電子通路、半導體代理與零組件分銷（公司級代理品類待核驗）
3529,3529.TWO,eMemory,力旺,2251.8,,TPEx LISTED,半導體業,3015.0,3130.0,3150.0,3000.0,811770,2447.49,3140.0,3195.5,-3.98,-5.65,-3.21,-4.89,-8.77,4785.0,4785.0,4785.0,4785.0,4785.0,-34.17,-34.17,-34.17,36.99,36.99,False,False,False,False,False,False,False,False,False,2026-10-07,半導體業,半導體／IC設計或製造（細分環節待核驗）
3530,3530.TW,SOI,晶相光,45.4,,TWSE LISTED,半導體業,58.6,59.7,59.9,58.6,120060,7.04,59.14,58.89,-0.91,-0.49,-1.84,-1.51,-1.01,85.5,147.5,282.99,85.5,147.5,-29.94,-59.39,-78.83,31.46,60.27,False,False,False,False,False,False,False,False,False,2026-10-07,半導體業,半導體／IC設計或製造（細分環節待核驗）
3531,3531.TWO,Shian Yih,先益,13.24,,TPEx LISTED,光電業,21.65,21.0,21.65,21.0,34670,0.75,21.27,21.185,1.79,2.19,1.88,2.36,3.59,24.85,36.8,38.75,24.85,36.8,-12.88,-41.17,-44.13,12.88,41.17,False,False,False,True,False,False,False,False,False,2026-10-07,光電業,光電顯示／光學元件
3532,3532.TW,FST,台勝科,1989.66,,TWSE LISTED,半導體業,513.0,468.0,513.0,467.0,9953069,5105.92,479.8,465.6,6.92,10.18,9.85,7.89,8.92,552.0,552.0,552.0,552.0,552.0,-7.07,-7.07,-7.07,7.07,7.07,False,False,False,False,False,False,False,True,True,2026-10-07,半導體業,半導體／IC設計或製造（細分環節待核驗）
3533,3533.TW,LOTES,嘉澤,2053.76,,TWSE LISTED,電子零組件業,1825.0,1890.0,1895.0,1825.0,889815,1623.91,1855.0,1788.0,-1.62,2.07,-2.14,-1.62,3.11,2955.0,2955.0,2955.0,2955.0,2955.0,-35.87,-35.87,-35.87,38.24,38.24,False,False,False,False,False,False,False,False,False,2026-10-07,電子零組件業,電子零組件：PCB、CCL、IC載板、連接器與被動元件（公司級品類待核驗）
3535,3535.TW,Favite,晶彩科,72.65,,TWSE LISTED,光電業,91.9,92.0,93.6,91.1,496020,45.58,92.16,90.33,-0.28,1.74,-0.11,-1.08,-0.11,151.0,151.0,151.0,151.0,151.0,-38.01,-38.01,-38.01,39.14,39.14,False,False,False,False,False,False,False,False,False,2026-10-07,光電業,光電顯示／光學元件
3537,3537.TWO,PODAK,堡達,31.66,,TPEx LISTED,電子零組件業,56.3,56.2,58.2,56.0,813022,45.77,56.58,54.78,-0.49,2.77,1.99,-0.88,5.63,92.5,92.5,92.5,92.5,92.5,-37.08,-37.08,-37.08,39.14,39.14,False,False,False,False,False,False,False,False,False,2026-10-07,電子零組件業,電子零組件：PCB、CCL、IC載板、連接器與被動元件（公司級品類待核驗）
3540,3540.TWO,Thermaltake,曜越,20.27,,TPEx LISTED,電腦及週邊設備業,24.0,24.0,24.05,23.75,222287,5.33,23.82,23.365,0.76,2.72,0.0,2.56,4.12,36.45,60.0,81.65,36.45,60.0,-34.02,-59.92,-70.55,34.16,60.0,False,False,False,False,False,False,False,False,False,2026-10-07,電腦及週邊設備業,電腦、伺服器與企業硬體
3541,3541.TWO,CYP,西柏,13.72,,TPEx LISTED,其他電子業,24.35,24.5,24.6,24.3,52000,1.27,24.48,24.495,-0.53,-0.59,-0.61,-0.81,-0.2,26.5,41.8,147.95,26.5,41.8,-7.17,-41.15,-83.37,8.11,41.75,False,False,False,False,False,False,False,True,False,2026-10-07,其他電子業,其他電子：電子模組、感測器、電源與車用電子（公司級產品待核驗）
3543,3543.TW,JOCHU,州巧,81.47,,TWSE LISTED,光電業,55.7,53.2,55.7,52.6,3439658,191.59,53.0,50.51,5.09,10.28,4.7,9.22,8.79,58.8,58.8,58.8,58.8,58.8,-5.27,-5.27,-5.27,5.27,5.27,False,False,False,False,False,False,False,True,True,2026-10-07,光電業,光電顯示／光學元件
3545,3545.TW,FocalTech,敦泰,110.09,,TWSE LISTED,半導體業,49.5,50.2,50.3,49.3,727667,36.02,50.62,51.11,-2.21,-3.15,-1.2,-3.88,-4.44,63.5,136.0,298.0,63.5,136.0,-20.79,-63.01,-83.12,22.05,63.6,False,False,False,False,False,False,False,False,False,2026-10-07,半導體業,半導體／IC設計或製造（細分環節待核驗）
3546,3546.TWO,USERJOY,宇峻,44.6,,TPEx LISTED,文化創意業,72.7,72.1,72.8,72.1,80676,5.87,72.74,72.69,-0.05,0.01,0.14,-0.41,0.14,82.76,117.75,117.75,82.76,117.75,-12.04,-38.17,-38.17,12.16,38.26,False,False,False,False,False,False,False,False,False,2026-10-07,文化創意業,文化創意業（公司级产品待核验）
3548,3548.TWO,JARLLY,兆利,50.64,,TPEx LISTED,電子零組件業,74.2,74.1,75.1,74.0,152030,11.28,75.6,76.6,-1.85,-3.13,-0.4,-3.89,-4.01,124.0,293.17,293.17,124.0,293.17,-39.44,-74.38,-74.38,40.16,74.69,False,False,False,False,False,False,False,False,False,2026-10-07,電子零組件業,電子零組件：PCB、CCL、IC載板、連接器與被動元件（公司級品類待核驗）
3550,3550.TW,COPARTNER,聯穎,26.4,,TWSE LISTED,電子零組件業,24.55,24.85,25.1,24.5,839140,20.6,25.21,24.985,-2.62,-1.74,-1.41,-4.84,-5.21,39.7,39.7,39.7,39.7,39.7,-36.78,-36.78,-36.78,38.16,38.16,False,False,False,False,False,False,False,False,False,2026-10-07,電子零組件業,電子零組件：PCB、CCL、IC載板、連接器與被動元件（公司級品類待核驗）
3551,3551.TWO,SHT,世禾,124.55,,TPEx LISTED,綠能環保,200.0,197.0,203.0,196.0,752211,150.44,197.8,191.15,1.11,4.63,1.27,0.25,6.67,234.5,234.5,234.5,234.5,234.5,-13.43,-13.43,-13.43,14.71,14.71,False,False,False,False,False,False,False,False,False,2026-10-07,綠能環保,綠能、太陽能、儲能與環境工程（公司級產品待核驗）
3552,3552.TWO,TUNG THIH,同致,43.13,,TPEx LISTED,其他電子業,44.05,44.05,44.5,43.6,209328,9.22,44.38,43.705,-0.74,0.79,1.61,-3.82,-0.11,66.0,133.74,416.52,66.0,133.74,-32.58,-66.73,-89.32,33.26,67.06,False,False,False,False,False,False,False,False,False,2026-10-07,其他電子業,其他電子：電子模組、感測器、電源與車用電子（公司級產品待核驗）
3555,3555.TWO,BaaS,博士旺,65.2,,TPEx LISTED,半導體業,163.0,164.0,167.0,163.0,38020,6.2,165.4,167.3,-1.45,-2.57,-0.31,-2.4,-3.26,281.5,281.5,281.5,281.5,281.5,-40.67,-40.67,-40.67,42.1,42.1,False,False,False,False,False,False,False,False,False,2026-10-07,半導體業,半導體／IC設計或製造（細分環節待核驗）
3556,3556.TWO,EETI,禾瑞亞,41.79,,TPEx LISTED,半導體業,65.6,64.3,67.5,63.5,2021336,132.6,61.32,59.38,6.98,10.47,2.02,11.0,12.91,81.0,81.0,112.02,81.0,81.0,-16.67,-16.67,-39.74,19.01,19.01,False,False,False,False,False,False,False,False,False,2026-10-07,半導體業,半導體／IC設計或製造（細分環節待核驗）
3557,3557.TW,JiaWei,嘉威,19.94,,TWSE LISTED,居家生活,23.65,23.7,23.7,23.4,28000,0.66,23.81,23.37,-0.67,1.2,0.0,-3.47,2.83,38.35,78.0,112.21,38.35,78.0,-38.2,-69.62,-78.88,38.33,69.68,False,False,False,False,False,False,False,False,False,2026-10-07,居家生活,居家用品、建材、家具與生活消費品（公司級產品待核驗）
3558,3558.TWO,Senao Networks,神準,79.14,,TPEx LISTED,通信網路業,134.0,135.0,139.5,132.5,488202,65.42,131.3,127.45,2.06,5.14,1.52,2.29,7.2,154.5,270.5,379.5,154.5,270.5,-9.71,-48.43,-63.24,13.27,50.46,False,False,False,False,False,False,False,False,False,2026-10-07,通信網路業,通信網路／網通設備
3563,3563.TW,MACHVISION,牧德,473.31,,TWSE LISTED,光電業,740.0,756.0,769.0,740.0,692360,512.35,755.6,761.2,-2.06,-2.79,-2.25,-2.63,-8.3,997.0,997.0,997.0,997.0,997.0,-22.87,-22.87,-22.87,25.78,25.78,False,False,False,False,False,False,False,False,False,2026-10-07,光電業,光電顯示／光學元件
3564,3564.TWO,AEWIN,其陽,36.01,,TPEx LISTED,通信網路業,60.9,62.7,62.8,58.6,2547100,155.12,58.04,53.775,4.93,13.25,0.66,8.56,20.36,62.9,138.0,138.0,62.9,138.0,-0.16,-54.49,-54.49,3.18,55.87,False,False,False,False,False,False,False,True,False,2026-10-07,通信網路業,通信網路／網通設備
3567,3567.TWO,ETREND,逸昌,8.85,,TPEx LISTED,半導體業,26.05,26.45,26.45,25.95,29000,0.76,26.09,25.92,-0.15,0.5,0.0,-0.57,-0.57,33.55,45.75,49.85,33.55,45.75,-21.16,-42.19,-46.94,22.35,43.06,False,False,False,False,False,False,False,False,False,2026-10-07,半導體業,半導體／IC設計或製造（細分環節待核驗）
3570,3570.TWO,OITC,大塚,28.98,,TPEx LISTED,資訊服務業,169.5,168.5,173.0,168.5,21000,3.56,169.6,168.55,-0.06,0.56,0.59,-0.29,1.5,193.0,280.0,280.0,193.0,280.0,-10.36,-38.21,-38.21,12.18,39.46,False,False,False,False,False,False,False,False,False,2026-10-07,資訊服務業,資訊服務、軟體、雲端與系統整合（公司級產品待核驗）
3576,3576.TW,URE,聯合再生,302.77,,TWSE LISTED,光電業,18.6,18.45,18.8,18.15,8408040,156.39,18.74,18.495,-0.75,0.57,1.09,-3.88,-5.58,28.0,28.0,32.86,28.0,28.0,-32.86,-32.86,-42.78,33.57,33.57,False,False,False,False,False,False,False,False,False,2026-10-07,光電業,光電顯示／光學元件
3577,3577.TWO,ICP DAS,泓格,70.36,,TPEx LISTED,電腦及週邊設備業,110.0,111.0,111.5,110.0,128100,14.09,112.6,114.6,-2.31,-4.01,-0.9,-3.93,-6.38,176.0,176.0,176.0,176.0,176.0,-36.65,-36.65,-36.65,37.5,37.5,False,False,False,False,False,False,False,False,False,2026-10-07,電腦及週邊設備業,電腦、伺服器與企業硬體
3580,3580.TWO,UVAT,友威科,40.85,,TPEx LISTED,其他電子業,103.5,103.5,104.5,102.0,586096,60.66,106.5,105.72,-2.82,-2.1,0.0,-4.61,-6.33,118.0,125.0,125.0,118.0,125.0,-11.44,-16.4,-16.4,12.29,17.2,False,False,False,False,False,False,False,False,False,2026-10-07,其他電子業,其他電子：電子模組、感測器、電源與車用電子（公司級產品待核驗）
3581,3581.TWO,ZVC,博磊,57.89,,TPEx LISTED,半導體業,113.5,113.5,115.5,112.0,265050,30.08,116.0,111.35,-2.16,1.93,0.0,-4.22,-2.99,299.5,299.5,299.5,299.5,299.5,-61.44,-61.44,-61.44,62.1,62.1,False,False,False,False,False,False,False,False,False,2026-10-07,半導體業,半導體／IC設計或製造（細分環節待核驗）
3583,3583.TW,Scientech,辛耘,623.07,,TWSE LISTED,半導體業,743.0,750.0,768.0,741.0,1083591,805.11,735.4,719.0,1.03,3.34,-2.49,3.05,5.09,1010.0,1010.0,1010.0,1010.0,1010.0,-23.96,-23.96,-23.96,26.44,26.44,False,False,False,False,False,False,False,False,False,2026-10-07,半導體業,半導體設備／晶圓檢測與量測設備
3587,3587.TWO,MA-tek,閎康,170.65,,TPEx LISTED,其他電子業,246.0,246.5,248.0,245.5,479327,117.91,247.9,243.1,-0.77,1.19,-1.6,0.41,3.14,399.0,399.0,399.0,399.0,399.0,-37.84,-37.84,-37.84,38.35,38.35,False,False,False,False,False,False,False,False,False,2026-10-07,其他電子業,其他電子：電子模組、感測器、電源與車用電子（公司級產品待核驗）
3588,3588.TW,LD,通嘉,34.47,,TWSE LISTED,半導體業,55.6,55.7,56.5,55.3,227102,12.63,57.14,55.09,-2.7,0.93,-0.18,-4.47,3.15,80.0,120.1,155.19,80.0,120.1,-29.37,-52.96,-63.59,30.5,53.71,False,False,False,False,False,False,False,False,False,2026-10-07,半導體業,半導體／IC設計或製造（細分環節待核驗）
3591,3591.TW,EDISON OPTO,艾笛森,34.94,,TWSE LISTED,光電業,26.8,26.95,27.3,26.65,653552,17.52,27.37,26.43,-2.08,1.4,-0.92,-5.3,-2.37,33.34,37.24,37.24,33.34,37.24,-18.12,-26.7,-26.7,19.62,28.04,False,False,False,False,False,False,False,False,False,2026-10-07,光電業,光電顯示／光學元件
3592,3592.TW,Raydium,瑞鼎,179.02,,TWSE LISTED,半導體業,236.0,239.0,239.0,235.0,290100,68.46,238.2,232.95,-0.92,1.31,-1.26,-1.26,-0.63,292.0,506.0,699.0,292.0,506.0,-18.15,-52.77,-65.81,19.18,53.36,False,False,False,False,False,False,False,False,False,2026-10-07,半導體業,半導體／IC設計或製造（細分環節待核驗）
3593,3593.TW,Logah,力銘,6.54,,TWSE LISTED,電子零組件業,10.75,10.65,10.75,10.65,5002,0.05,10.88,10.35,-1.19,3.86,0.0,0.94,-2.27,20.4,36.08,51.56,20.4,36.08,-47.3,-70.21,-79.15,47.3,70.21,False,False,False,False,False,False,False,False,False,2026-10-07,電子零組件業,電子零組件：PCB、CCL、IC載板、連接器與被動元件（公司級品類待核驗）
3594,3594.TWO,ARBOR,磐儀,44.47,,TPEx LISTED,電腦及週邊設備業,46.35,46.8,47.0,46.25,191001,8.85,46.79,46.9,-0.94,-1.17,-0.43,-1.7,-3.24,61.9,65.7,65.7,61.9,65.7,-24.07,-28.46,-28.46,25.12,29.45,False,False,False,False,False,False,False,False,False,2026-10-07,電腦及週邊設備業,電腦、伺服器與企業硬體
3596,3596.TW,Arcadyan,智易,345.96,,TWSE LISTED,通信網路業,157.0,156.5,157.5,156.0,842405,132.26,155.2,154.25,1.16,1.78,0.64,1.95,2.61,214.0,253.0,253.0,214.0,253.0,-26.4,-37.75,-37.75,26.64,37.94,False,False,False,False,False,False,False,False,False,2026-10-07,通信網路業,通信網路／網通設備
3597,3597.TWO,AVI,映興,14.42,,TPEx LISTED,電子零組件業,36.75,36.75,36.75,36.75,571043,20.99,31.29,29.55,17.45,24.37,9.87,32.67,30.78,33.45,56.3,56.3,36.75,56.3,9.87,-34.72,-34.72,0.0,34.72,True,False,False,False,True,False,False,True,False,2026-10-07,電子零組件業,電子零組件：PCB、CCL、IC載板、連接器與被動元件（公司級品類待核驗）
3605,3605.TW,ACES,宏致,292.7,,TWSE LISTED,電子零組件業,167.0,179.0,185.0,162.0,30049976,5018.35,171.1,174.35,-2.4,-4.22,-2.91,-2.05,-2.05,190.5,190.5,190.5,190.5,190.5,-2.89,-2.89,-2.89,12.34,12.34,False,False,False,False,False,False,False,False,False,2026-10-07,電子零組件業,電子零組件：PCB、CCL、IC載板、連接器與被動元件（公司級品類待核驗）
3607,3607.TW,Coxon,谷崧,17.03,,TWSE LISTED,電子零組件業,14.0,13.75,14.3,13.7,300001,4.2,13.89,13.855,0.79,1.05,1.82,0.36,0.0,19.55,23.9,36.95,19.55,23.9,-26.85,-40.17,-61.3,28.39,41.42,False,False,False,True,False,False,False,False,False,2026-10-07,電子零組件業,電子零組件：PCB、CCL、IC載板、連接器與被動元件（公司級品類待核驗）
3609,3609.TWO,HEP,三一東林,9.45,,TPEx LISTED,電子零組件業,24.6,24.5,24.85,23.45,116000,2.85,23.58,23.455,4.33,4.88,3.58,7.42,6.96,42.9,60.6,63.1,42.9,60.6,-42.07,-58.99,-60.62,42.66,59.41,True,False,False,True,False,False,False,False,False,2026-10-07,電子零組件業,電子零組件：PCB、CCL、IC載板、連接器與被動元件（公司級品類待核驗）
3611,3611.TWO,TSC AUTO ID,鼎翰,87.02,,TPEx LISTED,電腦及週邊設備業,183.0,183.5,183.5,182.5,17226,3.15,183.4,183.15,-0.22,-0.08,0.27,-0.81,0.0,205.0,248.0,266.87,205.0,248.0,-10.49,-26.01,-31.24,10.73,26.21,False,False,False,False,False,False,False,False,False,2026-10-07,電腦及週邊設備業,電腦、伺服器與企業硬體
3615,3615.TWO,AimCore,安可,30.09,,TPEx LISTED,光電業,43.95,43.5,44.5,42.95,973238,42.77,44.03,42.125,-0.18,4.33,1.03,-2.33,-4.04,66.9,66.9,66.9,66.9,66.9,-33.48,-33.48,-33.48,34.3,34.3,False,False,False,False,False,False,False,False,False,2026-10-07,光電業,光電顯示／光學元件
3617,3617.TW,CyberPower,碩天,232.64,,TWSE LISTED,其他電子業,245.5,247.0,247.0,242.5,225000,55.24,243.7,243.05,0.74,1.01,0.2,0.82,1.45,267.5,401.5,401.5,267.5,401.5,-7.66,-38.48,-38.48,8.22,38.85,False,False,True,True,False,False,False,True,False,2026-10-07,其他電子業,其他電子：電子模組、感測器、電源與車用電子（公司級產品待核驗）
3622,3622.TW,YFO,洋華,71.2,,TWSE LISTED,光電業,47.05,46.1,48.5,46.1,384000,18.07,46.36,45.635,1.49,3.1,0.86,2.28,2.06,73.8,87.3,87.3,73.8,87.3,-34.28,-44.44,-44.44,36.25,46.11,True,False,False,False,False,False,False,False,False,2026-10-07,光電業,光電顯示／光學元件
3623,3623.TWO,TTI,富晶通,8.64,,TPEx LISTED,光電業,29.6,29.8,30.0,29.3,213009,6.31,30.15,29.37,-1.82,0.78,-1.33,-3.11,-0.67,34.15,54.7,59.0,34.15,54.7,-12.15,-45.16,-49.15,13.32,45.89,False,False,False,False,False,False,False,False,False,2026-10-07,光電業,光電顯示／光學元件
3624,3624.TWO,VIKING,光頡,187.16,,TPEx LISTED,電子零組件業,159.5,153.0,159.5,153.0,29542214,4711.98,149.9,142.3,6.4,12.09,10.0,7.41,16.0,178.0,178.0,178.0,178.0,178.0,-10.39,-10.39,-10.39,10.39,10.39,False,False,False,False,False,False,False,False,False,2026-10-07,電子零組件業,電子零組件：PCB、CCL、IC載板、連接器與被動元件（公司級品類待核驗）
3625,3625.TWO,C-TECH,西勝,11.54,,TPEx LISTED,電腦及週邊設備業,19.86,19.467,20.647,18.425,251889,5.0,20.804,21.62,-4.54,-8.14,0.5,-9.42,-9.42,43.85,70.3,80.3,43.85,70.3,-52.91,-70.63,-74.29,54.71,71.75,False,False,False,False,False,False,False,False,False,2026-10-07,電腦及週邊設備業,電腦、伺服器與企業硬體
3628,3628.TWO,ABLEREX,盈正,32.58,,TPEx LISTED,其他電子業,72.4,72.5,73.0,71.8,65005,4.71,72.2,72.8,0.28,-0.55,0.84,0.84,-0.41,83.0,109.0,109.0,83.0,109.0,-12.05,-33.03,-33.03,12.77,33.58,False,False,False,False,False,False,False,False,False,2026-10-07,其他電子業,其他電子：電子模組、感測器、電源與車用電子（公司級產品待核驗）
3629,3629.TWO,Gravitytai,地心引力,4.6,,TPEx LISTED,文化創意業,13.95,12.5,13.95,12.5,6000,0.08,14.18,16.01,-1.62,-12.87,8.98,-4.45,-19.36,26.45,43.5,101.0,26.45,43.5,-47.26,-67.93,-86.19,47.26,67.93,False,False,False,False,False,False,False,False,False,2026-10-07,文化創意業,文化創意業（公司级产品待核验）
3630,3630.TWO,NEWMAX,新鉅科,57.68,,TPEx LISTED,光電業,28.25,28.95,29.5,28.1,1861469,52.59,27.75,27.24,1.8,3.71,-4.24,5.41,4.82,39.95,43.0,127.86,39.95,43.0,-26.16,-31.4,-76.93,29.29,34.3,False,False,False,False,False,False,False,False,False,2026-10-07,光電業,光電顯示／光學元件
3631,3631.TWO,CHERNAN,晟楠,35.22,,TPEx LISTED,電子零組件業,43.05,42.95,44.6,42.4,628382,27.05,41.52,40.84,3.68,5.41,2.26,4.62,6.3,44.8,51.0,69.04,44.8,51.0,-0.45,-12.55,-35.4,3.91,15.59,False,False,False,False,False,False,False,True,False,2026-10-07,電子零組件業,電子零組件：PCB、CCL、IC載板、連接器與被動元件（公司級品類待核驗）
3632,3632.TWO,PAPAGO,研勤,2.9,,TPEx LISTED,通信網路業,13.196,13.196,13.196,13.196,0,0.0,13.163,13.259,0.25,-0.48,-0.0,0.28,-0.7,19.7,30.11,47.32,19.7,30.11,-33.02,-56.17,-72.11,33.02,56.17,False,False,False,False,False,False,False,False,False,2026-10-07,通信網路業,通信網路／網通設備
3645,3645.TW,TMT,達邁,101.61,,TWSE LISTED,電子零組件業,74.3,74.3,75.5,74.1,1633119,121.34,74.7,73.67,-0.54,0.86,-0.93,0.41,-1.33,121.5,121.5,121.5,121.5,121.5,-37.86,-37.86,-37.86,38.85,38.85,False,False,False,False,False,False,False,False,False,2026-10-07,電子零組件業,電子零組件：PCB、CCL、IC載板、連接器與被動元件（公司級品類待核驗）
3646,3646.TWO,ANT,艾恩特,9.86,,TPEx LISTED,電子零組件業,25.1,25.05,25.4,24.8,15001,0.38,25.03,24.89,0.28,0.84,0.0,0.8,0.6,26.4,32.1,38.5,26.4,32.1,-3.79,-20.87,-34.03,4.92,21.81,False,False,False,True,False,False,False,True,False,2026-10-07,電子零組件業,電子零組件：PCB、CCL、IC載板、連接器與被動元件（公司級品類待核驗）
3652,3652.TW,Unitech elec.,精聯,26.4,,TWSE LISTED,電腦及週邊設備業,35.15,34.2,35.7,34.2,194000,6.82,34.87,34.53,0.8,1.8,3.08,0.72,2.78,43.4,56.0,56.0,43.4,56.0,-17.74,-36.25,-36.25,19.01,37.23,False,False,False,True,False,False,False,False,False,2026-10-07,電腦及週邊設備業,電腦、伺服器與企業硬體
3653,3653.TW,JENTECH,健策,10017.22,,TWSE LISTED,電子零組件業,6805.0,6970.0,7020.0,6760.0,939375,6392.45,6953.0,6762.0,-2.13,0.64,-3.88,0.07,0.07,7440.0,7440.0,7440.0,7440.0,7440.0,-5.65,-5.65,-5.65,8.53,8.53,False,False,False,False,False,False,False,True,True,2026-10-07,電子零組件業,電子零組件：PCB、CCL、IC載板、連接器與被動元件（公司級品類待核驗）
3661,3661.TW,Alchip,世芯-KY,3616.18,,TWSE LISTED,半導體業,4190.0,4200.0,4295.0,4135.0,3223803,13507.73,3979.0,3856.5,5.3,8.65,0.24,9.97,12.03,5640.0,5640.0,5640.0,5640.0,5640.0,-23.85,-23.85,-23.85,25.71,25.71,True,True,False,False,False,False,False,False,False,2026-10-07,半導體業,半導體／IC設計或製造（細分環節待核驗）
3663,3663.TWO,TTMC,鑫科,67.81,,TPEx LISTED,其他電子業,62.5,63.9,64.1,62.3,301153,18.82,63.74,63.17,-1.95,-1.06,-0.95,-3.55,-7.82,93.8,113.5,113.5,93.8,113.5,-31.66,-43.52,-43.52,33.37,44.93,False,False,False,False,False,False,False,False,False,2026-10-07,其他電子業,其他電子：電子模組、感測器、電源與車用電子（公司級產品待核驗）
3664,3664.TWO,Array,安瑞-KY,6.22,,TPEx LISTED,通信網路業,8.19,8.19,8.2,8.19,28000,0.23,8.31,8.528,-1.44,-3.96,-0.12,-1.44,-7.56,18.8,33.55,45.6,18.8,33.55,-56.38,-75.56,-82.02,56.44,75.59,False,False,False,False,False,False,False,False,False,2026-10-07,通信網路業,通信網路／網通設備
3665,3665.TW,BHI (BizLink),貿聯-KY,4620.24,,TWSE LISTED,其他電子業,2315.0,2325.0,2330.0,2285.0,3363537,7786.59,2444.0,2418.5,-5.28,-4.28,-0.43,-8.86,-10.79,3010.0,3010.0,3010.0,3010.0,3010.0,-22.59,-22.59,-22.59,23.09,23.09,False,False,False,False,False,False,False,False,False,2026-10-07,其他電子業,其他電子：電子模組、感測器、電源與車用電子（公司級產品待核驗）
3666,3666.TWO,OTI,光耀,35.29,,TPEx LISTED,光電業,25.4,25.25,25.4,25.2,67000,1.7,25.34,25.285,0.24,0.45,0.0,0.4,0.4,32.95,45.95,900000.0,32.95,45.95,-22.91,-44.72,-100.0,22.91,44.72,False,False,True,True,False,False,False,False,False,2026-10-07,光電業,光電顯示／光學元件
3669,3669.TW,AVer,圓展,29.92,,TWSE LISTED,通信網路業,32.2,32.6,32.95,32.2,145000,4.67,32.79,32.675,-1.8,-1.45,-0.46,-3.01,-2.42,44.4,62.0,158.0,44.4,62.0,-25.79,-46.85,-79.15,27.48,48.06,False,False,False,False,False,False,False,False,False,2026-10-07,通信網路業,通信網路／網通設備
3672,3672.TWO,CTS,康聯訊,5.24,,TPEx LISTED,通信網路業,12.85,12.45,13.0,12.3,503000,6.46,12.27,12.275,4.73,4.68,8.44,4.9,4.05,15.0,31.95,51.3,15.0,31.95,-13.33,-59.31,-74.66,14.33,59.78,False,False,False,False,False,False,False,False,False,2026-10-07,通信網路業,通信網路／網通設備
3673,3673.TW,TPK,TPK-KY,310.28,,TWSE LISTED,光電業,76.3,75.8,77.5,75.5,8405042,641.3,76.76,72.4,-0.6,5.39,-0.65,-5.33,1.06,98.9,98.9,136.5,98.9,98.9,-21.64,-21.64,-43.22,22.85,22.85,False,False,False,False,False,False,False,False,False,2026-10-07,光電業,光電顯示／光學元件
3675,3675.TWO,Eris Tech,德微,190.74,,TPEx LISTED,半導體業,359.5,339.0,363.0,338.0,2291892,823.94,352.6,339.6,1.96,5.86,7.15,-0.14,8.94,459.0,459.0,459.0,459.0,459.0,-20.92,-20.92,-20.92,21.68,21.68,False,False,False,True,False,False,False,False,False,2026-10-07,半導體業,半導體／IC設計或製造（細分環節待核驗）
3679,3679.TW,Nishoku,新至陞,68.06,,TWSE LISTED,電子零組件業,108.0,108.5,108.5,107.5,49005,5.29,108.2,108.4,-0.18,-0.37,0.0,0.0,0.0,130.0,164.0,171.5,130.0,164.0,-16.54,-33.84,-36.73,16.92,34.15,False,False,False,False,False,False,False,False,False,2026-10-07,電子零組件業,電子零組件：PCB、CCL、IC載板、連接器與被動元件（公司級品類待核驗）
3680,3680.TWO,Gudeng,家登,545.52,,TPEx LISTED,半導體業,567.0,566.0,572.0,558.0,911533,516.84,558.8,550.5,1.47,3.0,0.71,2.72,2.16,623.0,623.0,623.0,623.0,623.0,-8.19,-8.19,-8.19,8.99,8.99,True,False,False,False,False,False,False,True,True,2026-10-07,半導體業,半導體／IC設計或製造（細分環節待核驗）
3684,3684.TWO,Grand-Tek,榮昌,18.33,,TPEx LISTED,通信網路業,60.5,57.7,60.5,56.6,108609,6.57,56.26,54.88,7.54,10.24,6.14,11.42,14.37,72.7,74.3,74.3,72.7,74.3,-16.78,-18.57,-18.57,16.78,18.57,True,False,False,False,False,False,False,False,False,2026-10-07,通信網路業,通信網路／網通設備
3685,3685.TWO,TAC,元創精密,28.09,,TPEx LISTED,電機機械,35.3,35.45,36.0,35.05,642000,22.66,35.58,35.405,-0.79,-0.3,-1.53,-1.94,0.86,41.4,46.65,74.9,41.4,46.65,-13.04,-22.83,-51.94,14.73,24.33,False,False,False,False,False,False,False,False,False,2026-10-07,電機機械,電機機械、工業自動化與設備（公司級產品待核驗）
3686,3686.TW,Danen,達能,12.09,,TWSE LISTED,半導體業,15.8,15.65,15.8,15.5,72075,1.14,15.81,15.54,-0.06,1.67,0.96,-0.32,-3.07,24.0,34.0,38.76,24.0,34.0,-34.17,-53.53,-59.23,34.17,53.53,False,False,False,False,False,False,False,False,False,2026-10-07,半導體業,半導體／IC設計或製造（細分環節待核驗）
3687,3687.TWO,OMG,歐買尬,18.29,,TPEx LISTED,數位雲端,60.7,60.7,61.0,60.6,41002,2.49,60.98,60.74,-0.46,-0.07,0.0,-0.65,0.66,86.0,128.5,235.5,86.0,128.5,-29.07,-52.53,-74.1,29.42,52.76,False,False,False,False,False,False,False,False,False,2026-10-07,數位雲端,數位雲端、軟體服務與電子商務（公司級產品待核驗）
3689,3689.TWO,UDE,湧德,105.56,,TPEx LISTED,電子零組件業,118.0,118.5,119.5,117.0,1638050,193.29,114.2,111.95,3.33,5.4,1.29,4.42,6.79,146.0,146.0,146.0,146.0,146.0,-18.15,-18.15,-18.15,19.18,19.18,False,False,False,False,False,False,False,False,False,2026-10-07,電子零組件業,電子零組件：PCB、CCL、IC載板、連接器與被動元件（公司級品類待核驗）
3691,3691.TWO,GIGASOLAR,碩禾,95.56,,TPEx LISTED,光電業,104.0,104.5,105.5,103.5,341316,35.5,107.9,113.05,-3.61,-8.01,-0.48,-7.96,-12.97,178.0,182.0,404.43,178.0,182.0,-40.73,-42.03,-73.91,41.57,42.86,False,False,False,False,False,False,False,False,False,2026-10-07,光電業,光電顯示／光學元件
3693,3693.TWO,AIC,營邦,308.67,,TPEx LISTED,電腦及週邊設備業,718.0,718.0,729.0,704.0,1558659,1119.12,690.0,700.0,4.06,2.57,0.28,8.3,4.51,755.0,755.0,755.0,755.0,755.0,-3.44,-3.44,-3.44,4.9,4.9,True,False,False,False,False,False,False,True,True,2026-10-07,電腦及週邊設備業,電腦、伺服器與企業硬體
3694,3694.TW,AzureWave,海華,80.39,,TWSE LISTED,通信網路業,51.9,50.8,51.9,50.8,1031017,53.51,51.3,50.94,1.17,1.88,2.77,0.39,0.78,72.9,110.0,110.0,72.9,110.0,-28.81,-52.82,-52.82,28.81,52.82,False,False,False,True,False,False,False,False,False,2026-10-07,通信網路業,通信網路／網通設備
3701,3701.TW,FICG,大眾控,144.6,,TWSE LISTED,電腦及週邊設備業,61.1,64.0,64.9,59.1,13479593,823.6,57.42,49.885,6.41,22.48,3.04,10.29,33.12,79.8,79.8,97.16,79.8,79.8,-18.67,-18.67,-33.2,23.43,23.43,False,False,False,False,False,False,False,False,False,2026-10-07,電腦及週邊設備業,電腦、伺服器與企業硬體
3702,3702.TW,WPG,大聯大,2101.65,,TWSE LISTED,電子通路業,120.0,119.5,121.0,117.5,5121567,614.59,119.2,116.95,0.67,2.61,0.84,0.84,5.26,130.5,130.5,130.5,130.5,130.5,-7.28,-7.28,-7.28,8.05,8.05,False,False,False,False,False,False,False,True,True,2026-10-07,電子通路業,電子通路、半導體代理與零組件分銷（公司級代理品類待核驗）
3703,3703.TW,CHC,欣陸,159.29,,TWSE LISTED,建材營造,19.35,19.35,19.5,19.35,380300,7.36,19.43,19.565,-0.41,-1.1,0.26,-1.02,-1.28,24.95,42.65,42.65,24.95,42.65,-21.84,-54.28,-54.28,22.44,54.63,False,False,False,False,False,False,False,False,False,2026-10-07,建材營造,建材、營造與不動產開發（公司級業務待核驗）
3704,3704.TW,Zyxel Group,合勤控,163.89,,TWSE LISTED,通信網路業,39.45,39.95,40.1,39.4,863528,34.07,39.93,40.25,-1.2,-1.99,-0.25,-2.71,-2.59,51.4,56.7,68.0,51.4,56.7,-21.98,-29.28,-41.03,23.25,30.42,False,False,False,False,False,False,False,False,False,2026-10-07,通信網路業,通信網路／網通設備
3705,3705.TW,Y.S.H.,永信,152.93,,TWSE LISTED,生技醫療業,57.4,57.1,57.5,56.7,270500,15.53,56.82,56.56,1.02,1.49,0.53,1.95,1.23,58.5,69.9,69.9,58.5,69.9,-1.71,-17.74,-17.74,1.88,17.88,True,False,False,False,False,False,False,True,False,2026-10-07,生技醫療業,生技、製藥、醫療器材與健康服務（公司級產品待核驗）
3706,3706.TW,MHC,神達,1073.71,,TWSE LISTED,電腦及週邊設備業,80.9,80.8,80.9,80.2,3012152,243.68,81.0,79.96,-0.12,1.18,0.75,-0.49,2.02,94.09,99.09,99.09,94.09,99.09,-14.02,-18.36,-18.36,14.02,18.36,False,False,False,False,False,False,False,False,False,2026-10-07,電腦及週邊設備業,電腦、伺服器與企業硬體
3707,3707.TWO,EPISIL,漢磊,360.04,,TPEx LISTED,半導體業,89.9,85.2,91.5,84.1,34422164,3094.55,84.78,78.5,6.04,14.52,4.53,5.52,18.76,100.5,100.5,173.25,100.5,100.5,-8.96,-8.96,-47.19,10.55,10.55,True,True,False,False,False,False,False,False,False,2026-10-07,半導體業,半導體／IC設計或製造（細分環節待核驗）
3708,3708.TW,Swancor,上緯投控,86.43,,TWSE LISTED,綠能環保,96.2,96.4,97.0,95.7,120001,11.54,97.22,97.84,-1.05,-1.68,0.84,-3.12,-2.73,140.5,163.0,192.0,140.5,163.0,-30.96,-40.49,-49.48,31.53,40.98,False,False,False,False,False,False,False,False,False,2026-10-07,綠能環保,綠能、太陽能、儲能與環境工程（公司級產品待核驗）
3709,3709.TWO,Trigold,鑫聯大投控,96.08,,TPEx LISTED,電腦及週邊設備業,66.0,64.4,66.0,64.4,200827,13.25,65.24,64.53,1.16,2.28,2.48,0.76,1.23,92.9,92.9,92.9,92.9,92.9,-28.96,-28.96,-28.96,28.96,28.96,False,False,False,True,False,False,False,False,False,2026-10-07,電腦及週邊設備業,電腦、伺服器與企業硬體
3710,3710.TWO,ACON Holding,連展投控,14.61,,TPEx LISTED,電子零組件業,8.25,8.0,8.3,7.96,276255,2.28,8.128,8.077,1.5,2.14,3.12,1.6,-0.84,14.68,26.28,28.87,14.68,26.28,-43.46,-68.41,-71.25,43.8,68.6,False,False,False,True,False,False,False,False,False,2026-10-07,電子零組件業,電子零組件：PCB、CCL、IC載板、連接器與被動元件（公司級品類待核驗）
3711,3711.TW,ASEH,日月光投控,32724.59,,TWSE LISTED,半導體業,732.0,735.0,748.0,728.0,7697926,5634.88,728.2,711.6,0.52,2.87,-1.61,2.66,4.13,758.0,758.0,758.0,758.0,758.0,-1.32,-1.32,-1.32,3.43,3.43,False,False,False,False,False,False,False,True,True,2026-10-07,半導體業,半導體封裝測試與電子製造服務
3712,3712.TW,FITH,永崴投控,50.11,,TWSE LISTED,電腦及週邊設備業,20.35,20.6,20.65,20.35,211664,4.31,20.56,20.62,-1.02,-1.31,-1.21,-1.21,-1.45,30.0,76.5,76.5,30.0,76.5,-31.17,-73.01,-73.01,32.17,73.4,False,False,False,False,False,False,False,False,False,2026-10-07,電腦及週邊設備業,電腦、伺服器與企業硬體
3713,3713.TWO,HsinjingHolding,新晶投控,11.89,,TPEx LISTED,綠能環保,13.5,13.5,13.5,13.2,67000,0.9,13.66,13.825,-1.17,-2.35,-1.1,-2.17,-2.88,23.5,35.4,79.6,23.5,35.4,-42.55,-61.86,-83.04,42.55,61.86,False,False,False,False,False,False,False,False,False,2026-10-07,綠能環保,綠能、太陽能、儲能與環境工程（公司級產品待核驗）
3714,3714.TW,ENNOSTAR,富采,269.6,,TWSE LISTED,光電業,67.4,67.0,68.0,66.8,4331275,291.93,68.44,68.42,-1.52,-1.49,0.6,-4.8,-3.58,87.1,87.1,104.0,87.1,87.1,-21.93,-21.93,-34.62,22.62,22.62,False,False,False,False,False,False,False,False,False,2026-10-07,光電業,光電顯示／光學元件
3715,3715.TW,Dynamic Holding,定穎投控,394.17,,TWSE LISTED,電子零組件業,139.0,136.0,144.0,133.0,19719556,2741.02,132.7,129.15,4.75,7.63,4.51,7.34,9.88,203.5,203.5,203.5,203.5,203.5,-29.24,-29.24,-29.24,31.7,31.7,False,False,False,False,False,False,False,False,False,2026-10-07,電子零組件業,電子零組件：PCB、CCL、IC載板、連接器與被動元件（公司級品類待核驗）
3716,3716.TW,Cenra Inc.,中化控股,50.67,,TWSE LISTED,生技醫療業,33.65,33.7,33.85,33.5,140678,4.73,33.78,33.88,-0.38,-0.68,0.0,-0.74,-1.75,37.65,44.55,44.55,37.65,44.55,-10.09,-24.02,-24.02,10.62,24.47,False,False,False,False,False,False,False,False,False,2026-10-07,生技醫療業,生技、製藥、醫療器材與健康服務（公司級產品待核驗）
3717,3717.TW,EOI Holding,聯嘉投控,57.91,,TWSE LISTED,汽車工業,27.45,28.4,28.4,26.7,12837025,352.38,27.49,26.965,-0.15,1.8,-3.51,3.78,-0.9,31.5,31.5,31.5,31.5,31.5,-9.84,-9.84,-9.84,12.86,12.86,False,False,False,False,False,False,False,False,False,2026-10-07,汽車工業,汽車整車、汽車零組件與車用電子（公司級產品待核驗）
3718,3718.TWO,CiHC,中光電投控,249.84,,TPEx LISTED,光電業,63.9,64.9,65.1,63.8,1106934,70.73,64.5,64.86,-0.93,-1.48,-0.47,-1.84,-2.44,86.0,86.0,86.0,86.0,86.0,-24.3,-24.3,-24.3,25.7,25.7,False,False,False,False,False,False,False,False,False,2026-10-07,光電業,光電顯示／光學元件
4102,4102.TWO,YUNGZIP,永日,7.9,,TPEx LISTED,生技醫療業,18.65,18.4,18.8,18.25,34355,0.64,18.36,18.455,1.58,1.06,2.19,1.08,1.08,21.45,44.35,46.6,21.45,44.35,-12.35,-57.61,-59.66,13.05,57.95,False,False,False,True,False,False,False,False,False,2026-10-07,生技醫療業,生技、製藥、醫療器材與健康服務（公司級產品待核驗）
4104,4104.TW,EXCELSIOR,佳醫,135.62,,TWSE LISTED,生技醫療業,72.0,72.0,72.0,71.5,82353,5.93,72.3,72.26,-0.41,-0.36,0.0,-1.23,-0.96,80.35,89.07,92.43,80.35,89.07,-10.39,-19.16,-22.1,10.39,19.16,False,False,False,False,False,False,False,False,False,2026-10-07,生技醫療業,生技、製藥、醫療器材與健康服務（公司級產品待核驗）
4105,4105.TWO,TTY,東洋,199.67,,TPEx LISTED,生技醫療業,80.3,79.0,80.4,78.9,1412441,113.42,78.96,78.81,1.7,1.89,1.9,1.77,2.29,87.0,87.0,131.5,87.0,87.0,-7.59,-7.59,-38.86,7.7,7.7,False,False,True,False,False,False,False,True,True,2026-10-07,生技醫療業,生技、製藥、醫療器材與健康服務（公司級產品待核驗）
4106,4106.TW,WELLELL,雃博,24.47,,TWSE LISTED,生技醫療業,24.25,24.2,24.25,24.1,109005,2.64,24.17,24.235,0.33,0.06,0.21,0.41,-0.41,25.9,30.6,53.0,25.9,30.6,-6.37,-20.75,-54.25,6.37,20.75,False,False,True,True,False,False,False,True,False,2026-10-07,生技醫療業,生技、製藥、醫療器材與健康服務（公司級產品待核驗）
4107,4107.TWO,BIOTEQUE,邦特,75.88,,TPEx LISTED,生技醫療業,109.5,109.0,109.5,109.0,30096,3.3,109.9,110.2,-0.36,-0.64,0.46,-0.45,-0.9,125.0,147.5,164.0,125.0,147.5,-12.4,-25.76,-33.23,12.4,25.76,False,False,False,False,False,False,False,False,False,2026-10-07,生技醫療業,生技、製藥、醫療器材與健康服務（公司級產品待核驗）
4108,4108.TW,PhytoHealth,懷特,22.54,,TWSE LISTED,生技醫療業,11.35,11.35,11.4,11.2,244344,2.77,11.38,11.43,-0.26,-0.7,-0.44,0.0,-1.3,15.25,24.0,39.81,15.25,24.0,-25.25,-52.5,-71.37,25.57,52.71,False,False,False,False,False,False,False,False,False,2026-10-07,生技醫療業,生技、製藥、醫療器材與健康服務（公司級產品待核驗）
4109,4109.TWO,Jia Jie Bio,加捷生醫,13.06,,TPEx LISTED,生技醫療業,11.0,10.9,11.0,10.9,95075,1.05,10.94,11.0,0.55,0.0,0.92,0.0,-0.45,15.45,39.6,39.6,15.45,39.6,-28.8,-72.22,-72.22,28.8,72.22,False,False,False,True,False,False,False,False,False,2026-10-07,生技醫療業,生技、製藥、醫療器材與健康服務（公司級產品待核驗）
4111,4111.TWO,CHI SHENG,濟生,17.26,,TPEx LISTED,生技醫療業,28.85,28.75,28.9,28.75,16100,0.46,28.89,28.85,-0.14,0.0,0.35,-0.52,-0.17,30.9,33.24,35.1,30.9,33.24,-6.47,-13.05,-17.65,6.63,13.2,False,False,False,False,False,False,False,True,False,2026-10-07,生技醫療業,生技、製藥、醫療器材與健康服務（公司級產品待核驗）
4113,4113.TWO,WE&WIN,聯上,34.21,,TPEx LISTED,建材營造,14.8,15.1,15.1,14.8,152000,2.25,14.97,15.28,-1.14,-3.14,-1.0,-2.63,-4.82,24.5,68.5,68.5,24.5,68.5,-38.37,-77.96,-77.96,39.59,78.39,False,False,False,False,False,False,False,False,False,2026-10-07,建材營造,建材、營造與不動產開發（公司級業務待核驗）
4114,4114.TWO,SYNMOSA,健喬,160.73,,TPEx LISTED,生技醫療業,29.2,29.1,29.2,29.1,435210,12.71,29.23,29.36,-0.1,-0.54,0.52,-0.51,-1.18,31.49,36.86,38.53,31.49,36.86,-7.26,-20.77,-24.21,7.26,20.77,False,False,False,False,False,False,False,True,False,2026-10-07,生技醫療業,生技、製藥、醫療器材與健康服務（公司級產品待核驗）
4116,4116.TWO,BMTC,明基醫,17.71,,TPEx LISTED,生技醫療業,39.75,40.0,40.0,39.5,19000,0.76,39.89,39.675,-0.35,0.19,0.0,-1.0,-0.13,45.6,68.0,92.5,45.6,68.0,-12.28,-41.18,-56.76,12.83,41.54,False,False,False,False,False,False,False,False,False,2026-10-07,生技醫療業,生技、製藥、醫療器材與健康服務（公司級產品待核驗）
4119,4119.TW,SCI,旭富,64.06,,TWSE LISTED,生技醫療業,53.6,52.8,53.9,52.8,76000,4.07,54.48,55.42,-1.62,-3.28,0.75,-3.6,-3.42,60.7,100.5,117.7,60.7,100.5,-11.2,-46.37,-54.21,11.7,46.67,False,False,False,False,False,False,False,False,False,2026-10-07,生技醫療業,生技、製藥、醫療器材與健康服務（公司級產品待核驗）
4120,4120.TWO,OEP,友華,39.73,,TPEx LISTED,生技醫療業,45.8,45.5,46.0,45.5,14000,0.64,45.98,46.0,-0.39,-0.43,-0.43,-0.65,-0.22,49.6,60.7,91.2,49.6,60.7,-7.26,-24.22,-49.56,7.66,24.55,False,False,False,False,False,False,False,True,False,2026-10-07,生技醫療業,生技、製藥、醫療器材與健康服務（公司級產品待核驗）
4121,4121.TWO,ROSSMAX,優盛,10.64,,TPEx LISTED,生技醫療業,12.8,12.7,12.95,12.7,42242,0.54,12.77,12.74,0.23,0.47,0.79,-0.78,0.39,20.85,28.35,36.85,20.85,28.35,-37.89,-54.32,-64.86,38.61,54.85,False,False,False,True,False,False,False,False,False,2026-10-07,生技醫療業,生技、製藥、醫療器材與健康服務（公司級產品待核驗）
4123,4123.TWO,Center Lab.,晟德,251.12,,TPEx LISTED,生技醫療業,31.1,30.6,31.1,30.6,1035280,32.2,31.05,31.095,0.16,0.02,0.97,-0.32,-0.48,48.96,54.03,61.02,48.96,54.03,-36.47,-42.44,-49.04,36.47,42.44,False,False,False,True,False,False,False,False,False,2026-10-07,生技醫療業,生技、製藥、醫療器材與健康服務（公司級產品待核驗）
4126,4126.TWO,PAHSCO,太醫,56.26,,TPEx LISTED,生技醫療業,77.5,77.6,77.7,77.5,37000,2.87,77.7,77.79,-0.26,-0.37,0.13,-0.64,-0.77,84.7,100.0,100.0,84.7,100.0,-8.26,-22.3,-22.3,8.5,22.5,False,False,False,False,False,False,False,True,False,2026-10-07,生技醫療業,生技、製藥、醫療器材與健康服務（公司級產品待核驗）
4127,4127.TWO,TLB,天良,19.63,,TPEx LISTED,生技醫療業,42.9,42.1,45.3,41.65,692001,29.69,43.94,46.53,-2.37,-7.8,4.13,-5.92,-5.92,96.0,96.0,96.0,96.0,96.0,-52.81,-52.81,-52.81,55.31,55.31,False,False,False,False,False,False,False,False,False,2026-10-07,生技醫療業,生技、製藥、醫療器材與健康服務（公司級產品待核驗）
4128,4128.TWO,MICROBIO,中天,90.28,,TPEx LISTED,生技醫療業,15.35,15.55,15.85,15.3,1121798,17.22,15.34,15.14,0.07,1.39,-0.65,0.33,0.0,21.85,58.76,114.93,21.85,58.76,-27.46,-73.03,-86.21,29.75,73.88,False,False,False,False,False,False,False,False,False,2026-10-07,生技醫療業,生技、製藥、醫療器材與健康服務（公司級產品待核驗）
4129,4129.TWO,UOC,聯合,80.62,,TPEx LISTED,生技醫療業,83.6,83.0,83.8,83.0,161084,13.47,82.7,82.7,1.09,1.09,0.97,1.58,0.24,118.5,131.5,131.5,118.5,131.5,-29.28,-36.27,-36.27,29.45,36.43,False,False,False,False,False,False,False,False,False,2026-10-07,生技醫療業,生技、製藥、醫療器材與健康服務（公司級產品待核驗）
4131,4131.TWO,NeoCore,浩泰,12.24,,TPEx LISTED,生技醫療業,30.7,30.75,30.95,30.0,22499,0.69,30.76,31.19,-0.2,-1.57,0.33,-0.32,0.16,42.0,45.8,50.71,42.0,45.8,-26.31,-32.42,-38.96,26.9,32.97,False,False,False,False,False,False,False,False,False,2026-10-07,生技醫療業,生技、製藥、醫療器材與健康服務（公司級產品待核驗）
4133,4133.TW,Abnova,亞諾法,13.14,,TWSE LISTED,生技醫療業,21.7,20.6,22.2,20.6,601846,13.06,20.7,20.61,4.83,5.29,6.37,6.11,5.08,29.15,38.85,163.0,29.15,38.85,-23.84,-42.86,-86.38,25.56,44.14,False,False,False,True,False,False,False,False,False,2026-10-07,生技醫療業,生技、製藥、醫療器材與健康服務（公司級產品待核驗）
4137,4137.TW,CHLITINA-KY,麗豐-KY,63.02,,TWSE LISTED,生技醫療業,76.4,75.5,76.4,75.5,56002,4.28,75.96,76.62,0.58,-0.29,1.19,0.79,-1.16,118.0,208.0,344.5,118.0,208.0,-35.25,-63.27,-77.82,35.25,63.27,False,False,False,False,False,False,False,False,False,2026-10-07,生技醫療業,生技、製藥、醫療器材與健康服務（公司級產品待核驗）
4138,4138.TWO,DMT,曜亞,21.48,,TPEx LISTED,生技醫療業,53.8,53.6,53.9,53.6,11006,0.59,53.72,54.51,0.15,-1.3,0.56,0.56,-0.92,65.8,116.53,118.71,65.8,116.53,-18.09,-53.75,-54.59,18.24,53.83,False,False,False,False,False,False,False,False,False,2026-10-07,生技醫療業,生技、製藥、醫療器材與健康服務（公司級產品待核驗）
4139,4139.TWO,KY M.K.,馬光-KY,19.42,,TPEx LISTED,生技醫療業,43.15,43.1,43.5,43.0,20000,0.86,42.62,42.06,1.24,2.59,0.23,2.86,3.23,45.1,45.1,72.53,45.1,45.1,-3.55,-3.55,-40.02,4.32,4.32,True,False,False,False,False,False,False,True,True,2026-10-07,生技醫療業,生技、製藥、醫療器材與健康服務（公司級產品待核驗）
4142,4142.TW,ADIM,國光生,79.67,,TWSE LISTED,生技醫療業,18.55,18.1,18.6,18.1,2366074,43.89,18.14,18.065,2.26,2.68,2.2,3.06,1.64,21.5,36.6,79.8,21.5,36.6,-13.49,-49.18,-76.69,13.72,49.32,False,False,True,False,False,False,False,False,False,2026-10-07,生技醫療業,生技、製藥、醫療器材與健康服務（公司級產品待核驗）
4147,4147.TWO,TMB,中裕,169.11,,TPEx LISTED,生技醫療業,61.9,60.8,63.4,60.8,679252,42.05,61.32,62.55,0.95,-1.04,0.98,0.81,-2.83,75.4,116.5,349.5,75.4,116.5,-15.92,-45.58,-81.86,17.9,46.87,False,False,False,False,False,False,False,False,False,2026-10-07,生技醫療業,生技、製藥、醫療器材與健康服務（公司級產品待核驗）
4148,4148.TW,ACBT,全宇生技-KY,21.58,,TWSE LISTED,生技醫療業,32.1,31.7,32.1,31.7,7034,0.23,31.85,32.015,0.78,0.27,0.0,1.9,0.31,44.9,53.33,140.95,44.9,53.33,-28.51,-39.81,-77.23,28.51,39.81,False,False,True,True,False,False,False,False,False,2026-10-07,生技醫療業,生技、製藥、醫療器材與健康服務（公司級產品待核驗）
4153,4153.TWO,DIVA Labs.,鈺緯,18.57,,TPEx LISTED,生技醫療業,31.65,31.4,31.65,30.9,27005,0.85,31.41,31.585,0.76,0.21,1.44,0.32,0.64,35.75,55.8,60.9,35.75,55.8,-11.47,-43.28,-48.03,11.47,43.28,False,False,False,True,False,False,False,False,False,2026-10-07,生技醫療業,生技、製藥、醫療器材與健康服務（公司級產品待核驗）
4154,4154.TWO,Raku-KY,樂威科-KY,4.72,,TPEx LISTED,其他,12.3,12.3,12.3,12.3,1000,0.01,11.98,12.065,2.67,1.95,2.5,9.33,-1.6,16.2,24.7,92.12,16.2,24.7,-24.07,-50.19,-86.65,24.07,50.19,True,False,False,False,False,False,False,False,False,2026-10-07,其他,其他（公司级产品待核验）
4155,4155.TW,OK BIOTECH,訊映,19.83,,TWSE LISTED,生技醫療業,15.843,15.843,15.843,15.843,0,0.0,16.255,16.345,-2.54,-3.07,-0.0,-4.38,-3.07,18.41,31.46,45.11,18.41,31.46,-13.94,-49.65,-64.88,13.94,49.65,False,False,False,False,False,False,False,False,False,2026-10-07,生技醫療業,生技、製藥、醫療器材與健康服務（公司級產品待核驗）
4157,4157.TWO,TAIGEN,太景*-KY,60.86,,TPEx LISTED,生技醫療業,8.55,8.46,8.6,8.45,827000,7.07,8.584,8.709,-0.4,-1.83,0.94,-1.16,-3.82,16.4,17.25,38.7,16.4,17.25,-47.56,-50.14,-77.78,47.87,50.43,False,False,False,False,False,False,False,False,False,2026-10-07,生技醫療業,生技、製藥、醫療器材與健康服務（公司級產品待核驗）
4160,4160.TWO,GGA Corp.,訊聯基因,10.91,,TPEx LISTED,生技醫療業,38.95,39.0,39.0,38.8,15026,0.59,38.77,39.09,0.46,-0.36,0.39,0.39,-0.38,54.31,143.74,143.74,54.31,143.74,-28.19,-72.87,-72.87,28.28,72.9,False,False,False,False,False,False,False,False,False,2026-10-07,生技醫療業,生技、製藥、醫療器材與健康服務（公司級產品待核驗）
4161,4161.TWO,BIOPTIK,聿新科,12.86,,TPEx LISTED,生技醫療業,21.5,21.5,21.5,21.5,9000,0.19,21.62,21.85,-0.56,-1.6,0.0,-0.69,-1.15,28.0,35.0,49.46,28.0,35.0,-23.21,-38.57,-56.53,23.21,38.57,False,False,False,False,False,False,False,False,False,2026-10-07,生技醫療業,生技、製藥、醫療器材與健康服務（公司級產品待核驗）
4162,4162.TWO,PEI,智擎,80.17,,TPEx LISTED,生技醫療業,55.8,55.3,55.8,55.3,188022,10.49,55.3,55.55,0.9,0.45,1.45,0.72,0.36,74.0,123.0,212.51,74.0,123.0,-24.59,-54.63,-73.74,24.59,54.63,False,False,False,True,False,False,False,False,False,2026-10-07,生技醫療業,生技、製藥、醫療器材與健康服務（公司級產品待核驗）
4163,4163.TWO,INTAI,鐿鈦,67.9,,TPEx LISTED,生技醫療業,134.0,133.5,135.0,133.5,37000,4.96,135.7,134.95,-1.25,-0.7,-0.74,-2.19,-1.47,153.5,153.5,153.5,153.5,153.5,-12.05,-12.05,-12.05,12.7,12.7,False,False,False,False,False,False,False,False,False,2026-10-07,生技醫療業,生技、製藥、醫療器材與健康服務（公司級產品待核驗）
4164,4164.TW,CHC,承業醫,55.08,,TWSE LISTED,生技醫療業,28.2,29.0,29.7,28.1,1234022,34.8,27.52,27.19,2.47,3.71,-0.53,4.44,3.11,38.8,65.8,75.7,38.8,65.8,-23.45,-54.86,-60.77,27.32,57.14,False,False,False,False,False,False,False,False,False,2026-10-07,生技醫療業,生技、製藥、醫療器材與健康服務（公司級產品待核驗）
4166,4166.TWO,OP,友霖,58.09,,TPEx LISTED,生技醫療業,23.9,24.2,24.2,23.85,143000,3.42,24.29,24.185,-1.61,-1.18,-0.83,-2.05,-0.83,29.6,50.7,50.7,29.6,50.7,-18.24,-52.27,-52.27,19.26,52.86,False,False,False,False,False,False,False,False,False,2026-10-07,生技醫療業,生技、製藥、醫療器材與健康服務（公司級產品待核驗）
4167,4167.TWO,SLC,松瑞藥,67.8,,TPEx LISTED,生技醫療業,20.45,19.45,20.85,19.45,4548594,93.02,19.7,19.675,3.81,3.94,5.14,4.6,3.02,21.2,26.03,40.01,21.2,26.03,-1.65,-19.9,-47.88,3.54,21.44,False,False,False,True,False,False,False,True,False,2026-10-07,生技醫療業,生技、製藥、醫療器材與健康服務（公司級產品待核驗）
4168,4168.TWO,GlycoNex Inc.,醣聯,25.88,,TPEx LISTED,生技醫療業,23.0,22.7,23.05,22.7,128158,2.95,22.62,22.215,1.68,3.53,1.1,2.68,2.91,30.0,31.85,46.9,30.0,31.85,-23.17,-27.63,-50.85,23.33,27.79,False,False,False,False,False,False,False,False,False,2026-10-07,生技醫療業,生技、製藥、醫療器材與健康服務（公司級產品待核驗）
4169,4169.TW,TCM,泰宗,100.64,,TWSE LISTED,生技醫療業,151.5,149.0,152.0,148.5,77000,11.67,150.5,150.2,0.66,0.87,1.34,0.0,-0.33,290.0,290.0,290.0,290.0,290.0,-47.59,-47.59,-47.59,47.76,47.76,False,False,False,True,False,False,False,False,False,2026-10-07,生技醫療業,生技、製藥、醫療器材與健康服務（公司級產品待核驗）
4171,4171.TWO,GeneReach,瑞基,10.68,,TPEx LISTED,農業科技業,18.4,17.0,18.4,17.0,1023542,18.83,16.94,16.67,8.62,10.38,9.85,12.54,11.85,23.9,47.0,307.3,23.9,47.0,-23.01,-60.85,-94.01,23.01,60.85,False,False,False,False,False,False,False,False,False,2026-10-07,農業科技業,農業科技業（公司级产品待核验）
4173,4173.TWO,ARICH,久裕,12.83,,TPEx LISTED,生技醫療業,17.2,17.25,17.25,17.1,39016,0.67,17.28,17.25,-0.46,-0.29,-0.29,-1.15,-0.58,22.15,29.0,31.45,22.15,29.0,-22.12,-40.52,-45.15,22.35,40.69,False,False,False,False,False,False,False,False,False,2026-10-07,生技醫療業,生技、製藥、醫療器材與健康服務（公司級產品待核驗）
4174,4174.TWO,OBI,浩鼎,68.55,,TPEx LISTED,生技醫療業,52.1,50.8,54.3,50.8,2276944,118.63,46.84,40.375,11.23,29.04,2.56,24.05,32.91,56.0,184.7,728.62,56.0,184.7,-3.04,-70.6,-92.55,6.96,71.79,True,False,False,False,False,False,False,True,False,2026-10-07,生技醫療業,生技、製藥、醫療器材與健康服務（公司級產品待核驗）
4175,4175.TWO,MedFirst,杏一,21.46,,TPEx LISTED,生技醫療業,50.7,50.7,50.7,50.7,0,0.0,50.72,50.86,-0.04,-0.31,0.0,0.0,-0.59,62.7,92.7,144.57,62.7,92.7,-19.14,-45.31,-64.93,19.14,45.31,False,False,False,False,False,False,False,False,False,2026-10-07,生技醫療業,生技、製藥、醫療器材與健康服務（公司級產品待核驗）
4178,4178.TW,StemCyte,永笙-KY,38.96,,TWSE LISTED,生技醫療業,18.05,17.6,18.2,17.6,286100,5.16,17.93,17.26,0.67,4.58,2.56,0.28,8.08,33.95,43.0,43.0,33.95,43.0,-46.39,-57.67,-57.67,46.83,58.02,False,False,False,False,False,False,False,False,False,2026-10-07,生技醫療業,生技、製藥、醫療器材與健康服務（公司級產品待核驗）
4183,4183.TWO,EPS Bio,福永生技,3.51,,TPEx LISTED,生技醫療業,14.75,14.75,14.75,14.75,0,0.0,14.61,14.175,0.96,4.06,0.0,2.79,8.86,17.0,30.6,51.57,17.0,30.6,-13.24,-51.8,-71.4,13.24,51.8,False,False,False,False,False,False,False,False,False,2026-10-07,生技醫療業,生技、製藥、醫療器材與健康服務（公司級產品待核驗）
4188,4188.TWO,AmCad,安克,8.83,,TPEx LISTED,生技醫療業,13.95,13.9,13.95,13.6,75001,1.05,14.02,14.08,-0.5,-0.92,0.36,-1.06,-2.11,17.65,37.4,37.4,17.65,37.4,-20.96,-62.7,-62.7,20.96,62.7,False,False,False,False,False,False,False,False,False,2026-10-07,生技醫療業,生技、製藥、醫療器材與健康服務（公司級產品待核驗）
4190,4190.TW,JDS,佐登-KY,15.01,,TWSE LISTED,生技醫療業,24.5,24.75,24.75,24.5,12063,0.3,24.62,24.835,-0.49,-1.35,-2.0,0.82,-1.8,30.8,66.9,152.5,30.8,66.9,-19.64,-63.0,-83.77,20.45,63.38,False,False,False,False,False,False,False,False,False,2026-10-07,生技醫療業,生技、製藥、醫療器材與健康服務（公司級產品待核驗）
4192,4192.TWO,SynCore,杏國,6.26,,TPEx LISTED,生技醫療業,17.8,17.55,17.8,17.5,42000,0.75,18.08,18.19,-1.55,-2.14,1.71,-4.56,-4.56,25.75,57.8,571.13,25.75,57.8,-30.87,-69.2,-96.88,30.87,69.2,False,False,False,False,False,False,False,False,False,2026-10-07,生技醫療業,生技、製藥、醫療器材與健康服務（公司級產品待核驗）
4195,4195.TW,Genomics,基米-創,12.68,,TWSE LISTED,生技醫療業,15.85,16.45,16.5,15.55,167031,2.65,15.88,15.17,-0.19,4.48,-3.35,-0.31,-1.55,36.85,36.85,36.85,36.85,36.85,-55.22,-55.22,-55.22,56.99,56.99,False,False,False,False,False,False,False,False,False,2026-10-07,生技醫療業,生技、製藥、醫療器材與健康服務（公司級產品待核驗）
4198,4198.TWO,S&S,欣大健康,11.33,,TPEx LISTED,生技醫療業,47.0,47.0,47.0,47.0,1000,0.05,48.24,48.92,-2.57,-3.92,0.0,-4.08,-5.05,52.5,61.9,616.67,52.5,61.9,-10.48,-24.07,-92.38,10.48,24.07,False,False,False,False,False,False,False,False,False,2026-10-07,生技醫療業,生技、製藥、醫療器材與健康服務（公司級產品待核驗）
4205,4205.TWO,CHUNG HWA,中華食,66.11,,TPEx LISTED,食品工業,67.7,67.6,67.7,67.5,32210,2.18,68.06,68.35,-0.53,-0.95,0.15,-1.02,-1.17,81.5,91.8,137.73,81.5,91.8,-16.93,-26.25,-50.84,16.93,26.25,False,False,False,False,False,False,False,False,False,2026-10-07,食品工業,食品、飲料與食品加工（公司級產品待核驗）
4207,4207.TWO,TFC,環泰,36.4,,TPEx LISTED,食品工業,19.3,19.3,19.3,19.2,75000,1.45,19.37,19.425,-0.36,-0.64,0.0,-0.52,-0.26,21.2,21.2,21.2,21.2,21.2,-8.96,-8.96,-8.96,8.96,8.96,False,False,False,False,False,False,False,True,True,2026-10-07,食品工業,食品、飲料與食品加工（公司級產品待核驗）
4303,4303.TWO,HSINLI,信立,41.52,,TPEx LISTED,塑膠工業,31.35,31.15,31.75,31.15,411236,12.89,32.25,33.145,-2.79,-5.42,0.48,-6.0,-6.28,46.21,59.64,59.64,46.21,59.64,-31.3,-46.77,-46.77,32.16,47.44,False,False,False,False,False,False,False,False,False,2026-10-07,塑膠工業,塑膠、塑膠粒與石化材料（公司級產品待核驗）
4304,4304.TWO,SUNVIC,勝昱,10.07,,TPEx LISTED,塑膠工業,16.5,16.8,17.2,15.85,37000,0.61,16.98,17.745,-2.83,-7.02,-1.79,-4.62,-4.62,35.7,35.7,35.7,35.7,35.7,-51.82,-51.82,-51.82,53.78,53.78,False,False,False,False,False,False,False,False,False,2026-10-07,塑膠工業,塑膠、塑膠粒與石化材料（公司級產品待核驗）
4305,4305.TWO,SKP,世坤,22.67,,TPEx LISTED,塑膠工業,41.2,41.2,41.2,41.2,3000,0.12,41.41,41.68,-0.51,-1.15,0.0,-0.84,-1.32,46.1,49.5,49.5,46.1,49.5,-10.63,-16.77,-16.77,10.63,16.77,False,False,False,False,False,False,False,False,False,2026-10-07,塑膠工業,塑膠、塑膠粒與石化材料（公司級產品待核驗）
4306,4306.TW,YC,炎洲,98.13,,TWSE LISTED,塑膠工業,14.5,14.4,14.6,14.4,550980,7.99,14.42,14.515,0.55,-0.1,0.69,0.35,-1.36,16.85,22.79,22.79,16.85,22.79,-13.35,-35.95,-35.95,13.95,36.39,False,False,False,False,False,False,False,False,False,2026-10-07,塑膠工業,塑膠、塑膠粒與石化材料（公司級產品待核驗）
4401,4401.TWO,TLTM,東隆興,16.87,,TPEx LISTED,紡織纖維,13.75,13.9,13.9,13.75,11000,0.15,13.85,13.835,-0.72,-0.61,-0.72,-1.43,-1.08,17.45,29.9,95.1,17.45,29.9,-20.34,-53.51,-85.38,21.2,54.01,False,False,False,False,False,False,False,False,False,2026-10-07,紡織纖維,紡織纖維（公司级产品待核验）
4402,4402.TWO,J.D Development,郡都開發,9.25,,TPEx LISTED,紡織纖維,13.6,13.3,13.6,13.3,2101,0.03,13.75,13.845,-1.09,-1.77,2.26,-3.89,-1.45,20.65,56.3,56.3,20.65,56.3,-34.14,-75.84,-75.84,34.14,75.84,False,False,False,False,False,False,False,False,False,2026-10-07,紡織纖維,紡織纖維（公司级产品待核验）
4406,4406.TWO,HSIN-SIN,新昕纖,5.22,,TPEx LISTED,紡織纖維,10.05,10.1,10.1,9.99,686202,6.9,10.11,10.18,-0.59,-1.28,0.0,-1.95,-2.43,11.2,11.8,15.5,11.2,11.8,-9.82,-14.41,-34.84,10.27,14.83,False,False,False,False,False,False,False,False,False,2026-10-07,紡織纖維,紡織纖維（公司级产品待核验）
4413,4413.TWO,EST,飛寶企業,6.37,,TPEx LISTED,紡織纖維,20.35,20.0,20.4,19.7,28000,0.57,20.16,20.34,0.94,0.05,2.26,0.25,0.25,21.4,29.15,31.4,21.4,29.15,-4.67,-30.02,-35.03,4.91,30.19,False,False,False,True,False,False,False,True,False,2026-10-07,紡織纖維,紡織纖維（公司级产品待核验）
4414,4414.TW,ROO HSING,如興,21.29,,TWSE LISTED,紡織纖維,8.07,8.02,8.13,8.02,123400,1.0,8.078,8.144,-0.1,-0.91,0.62,-0.37,-0.86,12.5,15.94,88.09,12.5,15.94,-34.96,-49.0,-90.77,35.44,49.38,False,False,False,False,False,False,False,False,False,2026-10-07,紡織纖維,紡織纖維（公司级产品待核验）
4416,4416.TWO,Sumwon,三圓,9.27,,TPEx LISTED,建材營造,12.6,12.55,12.65,12.5,313010,3.94,12.76,13.22,-1.25,-4.69,0.4,-1.56,-5.62,31.5,97.3,104.33,31.5,97.3,-59.84,-87.0,-87.88,60.0,87.05,False,False,False,False,False,False,False,False,False,2026-10-07,建材營造,建材、營造與不動產開發（公司級業務待核驗）
4417,4417.TWO,KING CHOU,金洲,40.77,,TPEx LISTED,紡織纖維,48.55,48.65,49.1,48.2,147306,7.15,49.12,49.415,-1.16,-1.75,-0.72,-1.62,-2.02,53.7,57.9,57.9,53.7,57.9,-8.57,-15.2,-15.2,9.59,16.15,False,False,False,False,False,False,False,True,False,2026-10-07,紡織纖維,紡織纖維（公司级产品待核验）
4419,4419.TWO,KH,皇家美食,82.04,,TPEx LISTED,觀光餐旅,48.5,48.5,48.5,48.5,1000,0.05,49.52,48.63,-2.06,-0.27,-1.02,-2.9,-3.39,55.0,73.9,73.9,55.0,73.9,-11.82,-34.37,-34.37,11.82,34.37,False,False,False,False,False,False,False,False,False,2026-10-07,觀光餐旅,觀光餐旅（公司级产品待核验）
4420,4420.TWO,Kwang Ming,光明,14.32,,TPEx LISTED,紡織纖維,35.4,35.0,35.4,35.0,16509,0.58,35.35,35.625,0.14,-0.63,1.14,-0.28,-1.8,51.6,74.4,74.4,51.6,74.4,-31.4,-52.42,-52.42,31.4,52.42,False,False,False,False,False,False,False,False,False,2026-10-07,紡織纖維,紡織纖維（公司级产品待核验）
4426,4426.TW,LI CHENG,利勤,13.14,,TWSE LISTED,紡織纖維,7.61,7.53,7.62,7.53,80000,0.61,7.58,7.647,0.4,-0.48,1.06,0.53,0.0,10.3,22.7,87.73,10.3,22.7,-26.02,-66.43,-91.31,26.12,66.48,False,False,False,False,False,False,False,False,False,2026-10-07,紡織纖維,紡織纖維（公司级产品待核验）
4430,4430.TWO,YAO I,耀億,10.02,,TPEx LISTED,其他,17.8,17.8,18.1,17.7,31290,0.56,17.82,17.66,-0.11,0.79,-1.39,0.56,0.28,19.4,26.65,38.65,19.4,26.65,-6.7,-32.08,-53.17,8.25,33.21,False,False,False,False,False,False,False,True,False,2026-10-07,其他,其他（公司级产品待核验）
4432,4432.TWO,Haksport,銘旺實,7.71,,TPEx LISTED,紡織纖維,15.25,15.2,15.35,15.0,55000,0.84,15.33,15.405,-0.52,-1.01,0.33,-1.93,-0.97,18.2,26.05,59.7,18.2,26.05,-15.66,-41.07,-74.29,16.21,41.46,False,False,False,False,False,False,False,False,False,2026-10-07,紡織纖維,紡織纖維（公司级产品待核验）
4433,4433.TWO,Singtex,興采,11.03,,TPEx LISTED,紡織纖維,18.0,18.0,18.0,17.85,7004,0.13,17.95,18.095,0.28,-0.53,0.0,0.0,-0.28,24.3,34.8,52.0,24.3,34.8,-25.93,-48.28,-65.38,25.93,48.28,False,False,True,False,False,False,False,False,False,2026-10-07,紡織纖維,紡織纖維（公司级产品待核验）
4438,4438.TW,QVE,廣越,63.97,,TWSE LISTED,紡織纖維,56.4,56.2,56.4,56.0,60000,3.38,56.46,56.57,-0.11,-0.3,1.08,-0.18,-1.05,75.5,118.0,203.99,75.5,118.0,-25.3,-52.2,-72.35,25.3,52.2,False,False,False,False,False,False,False,False,False,2026-10-07,紡織纖維,紡織纖維（公司级产品待核验）
4439,4439.TW,TST Group,冠星-KY,36.69,,TWSE LISTED,紡織纖維,96.0,95.8,96.0,95.8,6000,0.58,96.2,96.83,-0.21,-0.86,0.52,0.21,-2.44,114.0,138.5,180.83,114.0,138.5,-15.79,-30.69,-46.91,15.79,30.69,False,False,False,False,False,False,False,False,False,2026-10-07,紡織纖維,紡織纖維（公司级产品待核验）
4440,4440.TW,Yi Shin,宜新實業,11.8,,TWSE LISTED,紡織纖維,17.45,17.05,17.55,17.05,55586,0.97,17.43,17.47,0.11,-0.11,2.35,0.0,-0.57,20.1,28.0,57.2,20.1,28.0,-12.69,-37.32,-69.32,13.18,37.68,False,False,False,False,False,False,False,False,False,2026-10-07,紡織纖維,紡織纖維（公司级产品待核验）
4441,4441.TW,GGF,振大環球,116.58,,TWSE LISTED,紡織纖維,171.0,170.5,172.0,170.5,47000,8.04,170.0,170.35,0.59,0.38,0.88,0.59,-0.29,280.0,315.0,315.0,280.0,315.0,-38.57,-45.4,-45.4,38.93,45.71,False,False,False,False,False,False,False,False,False,2026-10-07,紡織纖維,紡織纖維（公司级产品待核验）
4442,4442.TWO,J&B-KY,竣邦-KY,17.69,,TPEx LISTED,紡織纖維,53.4,53.2,53.5,53.2,22000,1.17,53.48,53.64,-0.15,-0.45,0.38,-0.37,-1.29,72.9,78.6,78.6,72.9,78.6,-26.61,-31.93,-31.93,26.75,32.06,False,False,False,False,False,False,False,False,False,2026-10-07,紡織纖維,紡織纖維（公司级产品待核验）
4502,4502.TWO,RT,健信,9.05,,TPEx LISTED,電機機械,15.75,15.75,15.75,15.7,9000,0.14,15.77,15.76,-0.13,-0.06,0.32,-0.63,-0.94,18.05,39.05,123.02,18.05,39.05,-12.74,-59.67,-87.2,12.74,59.67,False,False,False,False,False,False,False,False,False,2026-10-07,電機機械,電機機械、工業自動化與設備（公司級產品待核驗）
4503,4503.TWO,GOLD RAIN,金雨,18.64,,TPEx LISTED,電機機械,23.8,24.0,24.15,23.7,135392,3.22,24.01,23.965,-0.87,-0.69,-1.24,-1.24,-1.45,48.55,70.7,88.0,48.55,70.7,-50.26,-65.84,-72.56,50.98,66.34,False,False,False,False,False,False,False,False,False,2026-10-07,電機機械,電機機械、工業自動化與設備（公司級產品待核驗）
4506,4506.TWO,GFC,崇友,208.87,,TPEx LISTED,電機機械,118.0,118.5,118.5,117.5,86500,10.21,117.7,117.9,0.25,0.08,0.43,0.43,0.0,126.0,132.5,132.5,126.0,132.5,-5.95,-10.57,-10.57,6.35,10.94,False,False,False,True,False,False,False,True,False,2026-10-07,電機機械,電機機械、工業自動化與設備（公司級產品待核驗）
4510,4510.TWO,KAFO,高鋒,45.66,,TPEx LISTED,電機機械,41.9,42.45,42.5,41.85,362000,15.17,42.75,43.135,-1.99,-2.86,-0.59,-3.9,-4.77,56.5,65.8,65.8,56.5,65.8,-24.78,-35.41,-35.41,25.84,36.32,False,False,False,False,False,False,False,False,False,2026-10-07,電機機械,電機機械、工業自動化與設備（公司級產品待核驗）
4513,4513.TWO,FALCON,福裕,23.29,,TPEx LISTED,電機機械,16.2,16.15,16.3,16.15,181428,2.94,16.23,16.33,-0.18,-0.8,0.31,-0.61,0.0,23.95,87.7,87.7,23.95,87.7,-31.94,-81.41,-81.41,32.36,81.53,False,False,False,False,False,False,False,False,False,2026-10-07,電機機械,電機機械、工業自動化與設備（公司級產品待核驗）
4523,4523.TWO,Everbrite,永彰,15.59,,TPEx LISTED,電機機械,24.0,23.5,24.0,23.5,53000,1.27,23.9,23.82,0.42,0.76,0.63,0.42,0.42,37.0,68.0,72.2,37.0,68.0,-35.14,-64.71,-66.76,35.14,64.71,False,False,False,True,False,False,False,False,False,2026-10-07,電機機械,電機機械、工業自動化與設備（公司級產品待核驗）
4526,4526.TW,TONGTAI,東台,85.24,,TWSE LISTED,電機機械,33.45,34.1,34.1,33.35,1078000,36.06,33.88,33.05,-1.27,1.21,-0.89,-2.48,-1.76,46.3,46.3,46.3,46.3,46.3,-26.35,-26.35,-26.35,27.75,27.75,False,False,False,False,False,False,False,False,False,2026-10-07,電機機械,電機機械、工業自動化與設備（公司級產品待核驗）
4527,4527.TWO,KL,方方土霖,30.84,,TPEx LISTED,電機機械,45.0,44.4,45.95,44.4,20800,0.94,45.356,45.383,-0.78,-0.84,-0.98,-0.98,-0.98,51.22,76.11,76.11,51.22,76.11,-10.29,-39.63,-39.63,12.15,40.88,False,False,False,False,False,False,False,False,False,2026-10-07,電機機械,電機機械、工業自動化與設備（公司級產品待核驗）
4528,4528.TWO,CHF,江興鍛,12.41,,TPEx LISTED,電機機械,14.75,14.7,14.8,14.7,13001,0.19,14.78,14.85,-0.2,-0.67,0.34,-0.34,-1.34,22.7,32.0,79.27,22.7,32.0,-34.8,-53.75,-81.33,35.02,53.91,False,False,False,False,False,False,False,False,False,2026-10-07,電機機械,電機機械、工業自動化與設備（公司級產品待核驗）
4529,4529.TWO,EPTECH,淳紳,2.79,,TPEx LISTED,其他,3.3,3.3,3.3,3.3,4000,0.01,3.332,3.331,-0.96,-0.93,-2.65,-1.2,-0.9,6.58,19.5,50.9,6.58,19.5,-49.85,-83.08,-93.52,49.85,83.08,False,False,False,False,False,False,False,False,False,2026-10-07,其他,其他（公司级产品待核验）
4530,4530.TWO,TWES,天意能創,8.72,,TPEx LISTED,觀光餐旅,24.35,24.5,24.55,24.1,7000,0.17,24.33,24.455,0.08,-0.43,-1.02,1.46,-1.62,31.6,35.65,50.42,31.6,35.65,-22.31,-31.13,-51.31,22.94,31.69,False,False,False,False,False,False,False,False,False,2026-10-07,觀光餐旅,觀光餐旅（公司级产品待核验）
4532,4532.TW,RECHI,瑞智,121.74,,TWSE LISTED,電機機械,24.6,24.4,24.6,24.4,334278,8.22,24.61,24.82,-0.04,-0.89,1.03,-0.61,-1.01,30.4,32.0,38.0,30.4,32.0,-19.08,-23.12,-35.26,19.08,23.12,False,False,False,False,False,False,False,False,False,2026-10-07,電機機械,電機機械、工業自動化與設備（公司級產品待核驗）
4533,4533.TWO,SEYI,協易機,45.5,,TPEx LISTED,電機機械,25.5,25.6,25.6,25.25,301030,7.68,25.53,25.4,-0.12,0.39,0.2,-0.39,-0.58,41.85,55.6,55.6,41.85,55.6,-38.83,-53.96,-53.96,39.07,54.14,False,False,False,False,False,False,False,False,False,2026-10-07,電機機械,電機機械、工業自動化與設備（公司級產品待核驗）
4534,4534.TWO,trinity,慶騰,25.91,,TPEx LISTED,電機機械,29.85,30.35,30.5,29.75,493046,14.72,30.24,30.715,-1.29,-2.82,-1.65,-0.5,-3.55,44.5,44.5,44.5,44.5,44.5,-31.46,-31.46,-31.46,32.92,32.92,False,False,False,False,False,False,False,False,False,2026-10-07,電機機械,電機機械、工業自動化與設備（公司級產品待核驗）
4535,4535.TWO,FBT,至興,20.05,,TPEx LISTED,電機機械,26.5,26.5,26.5,26.5,1089,0.03,26.73,26.835,-0.86,-1.25,0.0,-0.93,-1.85,30.65,37.4,46.8,30.65,37.4,-13.54,-29.14,-43.38,13.54,29.14,False,False,False,False,False,False,False,False,False,2026-10-07,電機機械,電機機械、工業自動化與設備（公司級產品待核驗）
4536,4536.TW,TOPKEY,拓凱,143.5,,TWSE LISTED,運動休閒,158.0,159.0,159.0,157.5,128065,20.23,159.9,161.75,-1.19,-2.32,-0.32,-1.56,-1.86,177.5,234.0,251.0,177.5,234.0,-10.42,-32.05,-36.65,10.99,32.48,False,False,False,False,False,False,False,False,False,2026-10-07,運動休閒,運動休閒（公司级产品待核验）
4538,4538.TWO,WINSON,大詠城,10.35,,TPEx LISTED,電機機械,17.4,17.3,17.4,17.2,15000,0.26,17.34,17.41,0.35,-0.06,0.58,0.58,0.29,19.95,25.2,31.17,19.95,25.2,-12.78,-30.95,-44.17,12.78,30.95,False,False,False,False,False,False,False,False,False,2026-10-07,電機機械,電機機械、工業自動化與設備（公司級產品待核驗）
4540,4540.TW,TBI MOTION,全球傳動,67.84,,TWSE LISTED,電機機械,58.9,59.6,59.8,58.5,898613,52.93,60.32,60.58,-2.35,-2.77,-0.67,-3.44,-5.15,81.9,81.9,162.59,81.9,81.9,-26.98,-26.98,-63.22,28.08,28.08,False,False,False,False,False,False,False,False,False,2026-10-07,電機機械,電機機械、工業自動化與設備（公司級產品待核驗）
4541,4541.TWO,Magnate,晟田,39.98,,TPEx LISTED,其他,59.1,60.0,60.6,59.1,470137,27.79,60.22,60.07,-1.86,-1.61,-1.5,-3.27,-4.06,81.6,81.6,81.6,81.6,81.6,-25.74,-25.74,-25.74,27.57,27.57,False,False,False,False,False,False,False,False,False,2026-10-07,其他,其他（公司级产品待核验）
4542,4542.TWO,ANT,科嶠,118.81,,TPEx LISTED,電子零組件業,337.0,343.0,353.0,332.0,686469,231.34,339.5,337.25,-0.74,-0.07,-0.3,0.15,-2.03,543.0,543.0,543.0,543.0,543.0,-34.99,-34.99,-34.99,37.94,37.94,False,False,False,False,False,False,False,False,False,2026-10-07,電子零組件業,電子零組件：PCB、CCL、IC載板、連接器與被動元件（公司級品類待核驗）
4543,4543.TWO,MAN ZAI,萬在,20.55,,TPEx LISTED,電機機械,32.75,30.2,32.75,29.9,443423,14.52,30.62,29.64,6.96,10.49,9.9,8.26,11.21,45.67,69.39,69.39,45.67,69.39,-28.28,-52.8,-52.8,28.28,52.8,False,False,False,False,False,False,False,False,False,2026-10-07,電機機械,電機機械、工業自動化與設備（公司級產品待核驗）
4545,4545.TW,MAP,銘鈺,29.61,,TWSE LISTED,電子零組件業,38.45,38.6,38.6,37.7,140000,5.38,39.1,37.025,-1.66,3.85,0.26,-2.66,-1.66,46.0,78.0,78.0,46.0,78.0,-16.09,-50.51,-50.51,16.41,50.71,False,False,False,False,False,False,False,False,False,2026-10-07,電子零組件業,電子零組件：PCB、CCL、IC載板、連接器與被動元件（公司級品類待核驗）
4549,4549.TWO,FineTek,桓達,56.43,,TPEx LISTED,電機機械,99.0,99.0,99.5,98.3,31370,3.11,98.24,97.56,0.77,1.48,-0.2,1.75,1.96,137.25,224.91,224.91,137.25,224.91,-27.51,-55.76,-55.76,27.87,55.98,False,False,False,False,False,False,False,False,False,2026-10-07,電機機械,電機機械、工業自動化與設備（公司級產品待核驗）
4550,4550.TWO,CJME,長佳,9.1,,TPEx LISTED,電機機械,24.05,23.85,24.05,23.85,6200,0.15,24.13,24.135,-0.33,-0.35,1.05,-0.41,-1.64,30.25,42.5,42.5,30.25,42.5,-20.5,-43.41,-43.41,20.5,43.41,False,False,False,False,False,False,False,False,False,2026-10-07,電機機械,電機機械、工業自動化與設備（公司級產品待核驗）
4551,4551.TW,GLOBAL PMX,智伸科,215.47,,TWSE LISTED,汽車工業,187.0,182.0,193.5,179.0,4347305,812.95,182.6,175.1,2.41,6.8,3.03,0.54,7.16,291.5,291.5,291.5,291.5,291.5,-33.62,-33.62,-33.62,35.85,35.85,False,False,False,False,False,False,False,False,False,2026-10-07,汽車工業,汽車整車、汽車零組件與車用電子（公司級產品待核驗）
4552,4552.TW,Lida,力達-KY,17.86,,TWSE LISTED,電機機械,15.4,15.45,15.5,15.3,105350,1.62,15.56,15.63,-1.03,-1.47,-0.65,-1.6,-2.53,25.25,40.0,108.62,25.25,40.0,-38.61,-61.25,-85.73,39.01,61.5,False,False,False,False,False,False,False,False,False,2026-10-07,電機機械,電機機械、工業自動化與設備（公司級產品待核驗）
4554,4554.TWO,Orange,橙的,8.4,,TPEx LISTED,其他電子業,27.75,27.9,27.9,27.7,11140,0.31,27.95,28.07,-0.72,-1.14,-0.54,-1.25,-1.77,30.1,38.09,47.58,30.1,38.09,-7.31,-26.76,-41.37,7.81,27.15,False,False,False,False,False,False,False,True,False,2026-10-07,其他電子業,其他電子：電子模組、感測器、電源與車用電子（公司級產品待核驗）
4555,4555.TW,CHELIC,氣立,29.57,,TWSE LISTED,電機機械,42.25,42.75,43.2,42.25,175000,7.39,42.16,42.055,0.21,0.46,-0.94,0.12,0.24,61.5,69.0,88.0,61.5,69.0,-29.76,-37.39,-50.91,31.3,38.77,False,False,False,False,False,False,False,False,False,2026-10-07,電機機械,電機機械、工業自動化與設備（公司級產品待核驗）
4556,4556.TWO,BSI,旭然,61.34,,TPEx LISTED,其他,145.0,137.5,149.0,133.0,953506,138.26,126.8,109.87,14.35,31.97,5.45,26.64,42.86,138.0,138.0,138.0,149.0,149.0,7.97,7.97,7.97,2.68,2.68,True,True,False,False,True,True,True,True,True,2026-10-07,其他,其他（公司级产品待核验）
4557,4557.TW,Yusin,永新-KY,24.08,,TWSE LISTED,汽車工業,50.2,50.2,50.7,50.1,52000,2.61,50.28,50.105,-0.16,0.19,0.0,-0.2,-0.2,80.5,147.5,147.5,80.5,147.5,-37.02,-65.63,-65.63,37.64,65.97,False,False,False,False,False,False,False,False,False,2026-10-07,汽車工業,汽車整車、汽車零組件與車用電子（公司級產品待核驗）
4558,4558.TWO,Alformer,寶緯,8.5,,TPEx LISTED,電機機械,17.0,16.85,17.0,16.8,17000,0.29,16.85,16.95,0.89,0.29,0.89,1.19,0.29,22.8,47.2,64.7,22.8,47.2,-25.44,-63.98,-73.72,25.44,63.98,False,False,True,True,False,False,False,False,False,2026-10-07,電機機械,電機機械、工業自動化與設備（公司級產品待核驗）
4560,4560.TW,STRONG H,強信-KY,20.46,,TWSE LISTED,電機機械,30.05,30.05,30.1,29.8,194000,5.83,29.84,29.585,0.7,1.57,0.0,0.67,0.5,37.5,42.7,86.3,37.5,42.7,-19.73,-29.51,-65.12,19.87,29.63,False,False,False,False,False,False,False,False,False,2026-10-07,電機機械,電機機械、工業自動化與設備（公司級產品待核驗）
4561,4561.TWO,Kenturn,健椿,24.61,,TPEx LISTED,電機機械,42.05,42.35,42.9,41.9,163200,6.86,42.73,42.465,-1.59,-0.98,-1.52,-3.56,-2.66,59.8,88.4,88.4,59.8,88.4,-28.26,-51.47,-51.47,29.68,52.43,False,False,False,False,False,False,False,False,False,2026-10-07,電機機械,電機機械、工業自動化與設備（公司級產品待核驗）
4562,4562.TW,YHT,穎漢,26.44,,TWSE LISTED,電機機械,30.2,30.0,30.85,29.95,102000,3.08,30.28,30.34,-0.26,-0.46,0.83,-0.33,-2.42,45.55,85.6,85.6,45.55,85.6,-32.27,-63.96,-63.96,33.7,64.72,False,False,False,False,False,False,False,False,False,2026-10-07,電機機械,電機機械、工業自動化與設備（公司級產品待核驗）
4563,4563.TWO,QUASER,百德,29.12,,TPEx LISTED,電機機械,53.0,53.1,53.6,52.9,182003,9.65,53.5,52.1,-0.93,1.73,-1.49,-0.38,2.51,70.5,136.5,136.5,70.5,136.5,-23.97,-60.73,-60.73,24.82,61.17,False,False,False,False,False,False,False,False,False,2026-10-07,電機機械,電機機械、工業自動化與設備（公司級產品待核驗）
4564,4564.TW,MOSA,元翎,36.9,,TWSE LISTED,電機機械,15.85,15.8,16.05,15.7,492027,7.8,16.02,16.08,-1.06,-1.43,0.96,-2.76,-3.35,22.5,29.5,74.64,22.5,29.5,-28.67,-45.59,-78.5,29.56,46.27,False,False,False,False,False,False,False,False,False,2026-10-07,電機機械,電機機械、工業自動化與設備（公司級產品待核驗）
4566,4566.TW,GLOBAL TEK,時碩工業,85.32,,TWSE LISTED,電機機械,77.3,76.4,78.1,75.5,2457200,189.94,76.46,73.65,1.1,4.96,1.05,1.98,4.32,80.0,115.0,115.0,80.0,115.0,-2.38,-32.09,-32.09,3.37,32.78,False,False,False,False,False,False,False,True,False,2026-10-07,電機機械,電機機械、工業自動化與設備（公司級產品待核驗）
4568,4568.TWO,KOGE,科際精密,12.45,,TPEx LISTED,電機機械,38.85,38.9,39.35,38.85,8001,0.31,38.94,39.23,-0.23,-0.97,0.26,-0.38,-1.52,43.9,60.5,102.83,43.9,60.5,-10.36,-34.96,-61.73,11.5,35.79,False,False,False,False,False,False,False,False,False,2026-10-07,電機機械,電機機械、工業自動化與設備（公司級產品待核驗）
4569,4569.TW,Sixxon,六方科-KY,48.81,,TWSE LISTED,汽車工業,159.5,157.0,160.0,155.0,160000,25.52,156.6,155.85,1.85,2.34,2.57,2.24,1.27,212.5,327.0,327.0,212.5,327.0,-24.71,-51.07,-51.07,24.94,51.22,False,False,False,True,False,False,False,False,False,2026-10-07,汽車工業,汽車整車、汽車零組件與車用電子（公司級產品待核驗）
4571,4571.TW,KHGEARS,鈞興-KY,81.38,,TWSE LISTED,電機機械,153.5,153.5,154.0,153.0,50000,7.67,153.8,153.05,-0.2,0.29,0.0,-0.32,0.0,241.5,278.0,278.0,241.5,278.0,-36.23,-44.6,-44.6,36.44,44.78,False,False,False,False,False,False,False,False,False,2026-10-07,電機機械,電機機械、工業自動化與設備（公司級產品待核驗）
4572,4572.TW,DPI,駐龍,55.63,,TWSE LISTED,電機機械,139.0,139.5,139.5,138.0,19405,2.7,139.0,139.1,0.0,-0.07,-0.36,-0.36,0.36,157.0,194.02,194.02,157.0,194.02,-11.15,-28.1,-28.1,11.46,28.36,False,False,True,False,False,False,False,False,False,2026-10-07,電機機械,電機機械、工業自動化與設備（公司級產品待核驗）
4576,4576.TW,HMC,大銀微系統,277.94,,TWSE LISTED,電機機械,232.0,235.0,239.5,228.0,1694270,393.07,234.1,232.8,-0.9,-0.34,0.0,-0.85,-1.69,291.0,291.0,291.0,291.0,291.0,-17.7,-17.7,-17.7,20.27,20.27,False,False,False,False,False,False,False,False,False,2026-10-07,電機機械,電機機械、工業自動化與設備（公司級產品待核驗）
4577,4577.TWO,Ofuna Tech,達航科技,43.63,,TPEx LISTED,其他電子業,88.8,90.0,92.2,88.7,260002,23.09,90.5,88.31,-1.88,0.55,0.0,-3.48,-3.9,190.0,190.0,190.0,190.0,190.0,-51.47,-51.47,-51.47,53.26,53.26,False,False,False,False,False,False,False,False,False,2026-10-07,其他電子業,其他電子：電子模組、感測器、電源與車用電子（公司級產品待核驗）
4580,4580.TWO,Value Valves,捷流閥業,38.61,,TPEx LISTED,電機機械,82.5,82.0,82.5,82.0,30000,2.48,82.36,81.82,0.17,0.83,0.0,0.36,0.86,87.0,112.5,127.12,87.0,112.5,-5.17,-26.67,-35.1,5.17,26.67,False,False,False,False,False,False,False,True,False,2026-10-07,電機機械,電機機械、工業自動化與設備（公司級產品待核驗）
4581,4581.TW,WKG,光隆精密-KY,16.31,,TWSE LISTED,汽車工業,48.1,48.0,48.1,48.0,14000,0.67,47.99,48.04,0.23,0.12,0.21,0.21,-0.21,53.4,77.9,82.5,53.4,77.9,-9.93,-38.25,-41.7,9.93,38.25,False,False,False,True,False,False,False,True,False,2026-10-07,汽車工業,汽車整車、汽車零組件與車用電子（公司級產品待核驗）
4582,4582.TW,HENGS,聚恆-創,16.68,,TWSE LISTED,綠能環保,22.1,22.0,22.15,22.0,48000,1.06,22.16,22.3,-0.27,-0.9,0.45,-0.45,-1.78,46.3,46.3,64.18,46.3,46.3,-52.16,-52.16,-65.49,52.27,52.27,False,False,False,False,False,False,False,False,False,2026-10-07,綠能環保,綠能、太陽能、儲能與環境工程（公司級產品待核驗）
4583,4583.TW,APEXDYNA,台灣精銳,333.51,,TWSE LISTED,電機機械,416.0,416.0,420.0,410.0,71200,29.62,418.6,423.7,-0.62,-1.82,0.0,-1.54,-2.46,843.0,995.0,995.0,843.0,995.0,-50.18,-57.79,-57.79,50.65,58.19,False,False,False,False,False,False,False,False,False,2026-10-07,電機機械,電機機械、工業自動化與設備（公司級產品待核驗）
4584,4584.TWO,JUFAN,君帆,11.4,,TPEx LISTED,電機機械,38.0,38.0,38.0,38.0,3000,0.11,37.92,37.56,0.21,1.17,-0.26,0.0,2.7,47.9,73.06,86.76,47.9,73.06,-20.67,-47.98,-56.2,20.67,47.98,False,False,False,False,False,False,False,False,False,2026-10-07,電機機械,電機機械、工業自動化與設備（公司級產品待核驗）
4585,4585.TW,TRI,達明,303.89,,TWSE LISTED,其他電子業,290.5,290.0,291.5,290.0,67006,19.47,291.9,292.7,-0.48,-0.75,0.17,-1.02,-0.51,418.0,825.0,825.0,418.0,825.0,-30.26,-64.67,-64.67,30.5,64.79,False,False,False,False,False,False,False,False,False,2026-10-07,其他電子業,其他電子：電子模組、感測器、電源與車用電子（公司級產品待核驗）
4588,4588.TW,Arch Meter,玖鼎電力,24.33,,TWSE LISTED,其他電子業,56.6,55.9,57.0,55.5,100000,5.66,55.92,55.59,1.22,1.82,1.25,1.98,1.07,76.1,149.5,149.5,76.1,149.5,-25.1,-61.87,-61.87,25.62,62.14,True,False,False,True,False,False,False,False,False,2026-10-07,其他電子業,其他電子：電子模組、感測器、電源與車用電子（公司級產品待核驗）
4590,4590.TW,FUKUTA,富田-創,49.03,,TWSE LISTED,電機機械,89.4,88.2,89.8,88.2,132135,11.81,88.54,89.04,0.97,0.4,1.36,0.9,0.34,101.0,146.5,146.5,101.0,146.5,-11.09,-38.7,-38.7,11.49,38.98,False,False,False,True,False,False,False,False,False,2026-10-07,電機機械,電機機械、工業自動化與設備（公司級產品待核驗）
4609,4609.TWO,AIRLUX,唐鋒,2.1,,TPEx LISTED,居家生活,4.39,4.52,4.52,4.39,2000,0.01,4.494,4.343,-2.31,1.08,-2.88,-7.77,5.78,6.4,10.25,25.2,6.4,10.25,-29.38,-55.9,-82.06,31.41,57.17,False,False,False,False,False,False,False,False,False,2026-10-07,居家生活,居家用品、建材、家具與生活消費品（公司級產品待核驗）
4702,4702.TWO,ALLIED,中美實,6.76,,TPEx LISTED,居家生活,9.34,9.4,9.44,9.32,56100,0.52,9.306,9.313,0.37,0.29,0.21,0.54,0.32,10.55,14.7,27.68,10.55,14.7,-10.52,-35.78,-65.9,11.47,36.46,True,False,False,False,False,False,False,False,False,2026-10-07,居家生活,居家用品、建材、家具與生活消費品（公司級產品待核驗）
4706,4706.TWO,TKC,大恭,34.1,,TPEx LISTED,化學工業,43.15,41.0,43.15,38.3,510002,22.01,37.49,35.655,15.1,21.02,9.94,24.35,27.47,43.0,43.0,43.0,43.15,43.15,0.35,0.35,0.35,0.0,0.0,True,True,False,False,True,True,True,True,True,2026-10-07,化學工業,化學制品／特用化學材料
4707,4707.TWO,PACC,磐亞,134.9,,TPEx LISTED,化學工業,32.6,33.3,34.25,32.2,11961295,389.94,30.99,30.385,5.2,7.29,-1.95,8.13,7.41,43.9,43.9,43.9,43.9,43.9,-21.99,-21.99,-21.99,25.74,25.74,False,False,False,False,False,False,False,False,False,2026-10-07,化學工業,化學制品／特用化學材料
4711,4711.TWO,YONG SHUN,永純,10.68,,TPEx LISTED,化學工業,17.5,18.45,18.45,17.45,1529028,26.76,17.06,16.68,2.58,4.92,-5.15,6.71,7.03,19.45,20.9,25.3,19.45,20.9,-5.14,-11.72,-27.08,10.03,16.27,False,False,False,False,False,False,False,False,False,2026-10-07,化學工業,化學制品／特用化學材料
4714,4714.TWO,UB,永捷,26.51,,TPEx LISTED,化學工業,11.95,12.05,12.35,11.95,825172,9.86,12.0,12.0,-0.42,-0.42,0.42,-3.24,-0.83,19.0,28.5,28.5,19.0,28.5,-35.0,-56.67,-56.67,37.11,58.07,False,False,False,False,False,False,False,False,False,2026-10-07,化學工業,化學制品／特用化學材料
4716,4716.TWO,DAILY,大立,18.37,,TPEx LISTED,化學工業,19.45,22.0,22.3,19.15,11067220,215.26,19.13,18.025,1.67,7.91,-7.16,2.64,15.43,26.2,33.46,33.46,26.2,33.46,-14.89,-33.35,-33.35,25.76,41.87,False,False,False,False,False,False,False,False,False,2026-10-07,化學工業,化學制品／特用化學材料
4720,4720.TW,TEX YEAR,德淵,26.62,,TWSE LISTED,化學工業,23.25,25.3,25.3,23.15,12696480,295.19,22.31,20.735,4.21,12.13,-8.1,10.98,20.47,30.05,30.05,30.05,30.05,30.05,-15.81,-15.81,-15.81,22.63,22.63,False,False,False,False,False,False,False,False,False,2026-10-07,化學工業,化學制品／特用化學材料
4721,4721.TWO,mechema,美琪瑪,61.71,,TPEx LISTED,化學工業,82.3,82.0,84.8,82.0,739002,60.82,81.5,79.7,0.98,3.26,-0.24,1.35,-0.24,111.0,111.0,184.5,111.0,111.0,-23.6,-23.6,-54.04,25.86,25.86,False,False,False,False,False,False,False,False,False,2026-10-07,化學工業,化學制品／特用化學材料
4722,4722.TW,QPC,國精化,232.43,,TWSE LISTED,化學工業,224.0,218.5,231.5,218.5,2779377,622.58,221.5,205.05,1.13,9.24,1.82,-2.61,17.59,313.0,313.0,313.0,313.0,313.0,-26.04,-26.04,-26.04,28.43,28.43,False,False,False,False,False,False,False,False,False,2026-10-07,化學工業,化學材料／樹脂與接著劑
4726,4726.TWO,Mycenax,永昕,47.0,,TPEx LISTED,生技醫療業,22.7,22.85,22.85,22.65,62000,1.41,23.02,22.805,-1.39,-0.46,-0.66,-2.16,-1.09,37.0,65.2,71.4,37.0,65.2,-38.24,-64.95,-68.0,38.65,65.18,False,False,False,False,False,False,False,False,False,2026-10-07,生技醫療業,生技、製藥、醫療器材與健康服務（公司級產品待核驗）
4728,4728.TWO,Sunmax,雙美,214.86,,TPEx LISTED,生技醫療業,394.5,408.5,408.5,394.5,4001,1.58,395.1,396.25,-0.15,-0.44,-0.63,0.0,-1.13,416.0,501.0,501.0,416.0,501.0,-1.8,-18.46,-18.46,5.17,21.26,False,False,False,False,False,False,False,True,False,2026-10-07,生技醫療業,生技、製藥、醫療器材與健康服務（公司級產品待核驗）
4729,4729.TWO,MILDEX,熒茂,15.53,,TPEx LISTED,光電業,19.6,19.8,19.85,19.55,80562,1.58,19.86,19.515,-1.31,0.44,-1.01,-0.51,-5.08,28.0,37.35,37.87,28.0,37.35,-29.11,-46.85,-47.58,30.0,47.52,False,False,False,False,False,False,False,False,False,2026-10-07,光電業,光電顯示／光學元件
4735,4735.TWO,Avita,豪展,15.8,,TPEx LISTED,生技醫療業,38.0,38.35,38.35,37.05,117001,4.45,36.86,36.41,3.09,4.37,-0.52,5.56,5.26,40.8,50.2,162.0,40.8,50.2,-6.0,-23.61,-76.33,6.86,24.3,False,False,False,False,False,False,False,True,False,2026-10-07,生技醫療業,生技、製藥、醫療器材與健康服務（公司級產品待核驗）
4736,4736.TW,TaiDoc,泰博,125.42,,TWSE LISTED,生技醫療業,131.5,130.0,132.5,130.0,222100,29.21,129.7,130.1,1.39,1.08,1.94,1.54,1.15,134.5,157.52,281.46,134.5,157.52,-1.49,-15.89,-52.92,2.23,16.52,False,False,False,True,False,False,False,True,False,2026-10-07,生技醫療業,生技、製藥、醫療器材與健康服務（公司級產品待核驗）
4737,4737.TW,BIONIME,華廣,42.53,,TWSE LISTED,生技醫療業,55.0,55.4,55.7,55.0,45000,2.48,55.46,56.21,-0.83,-2.15,-0.54,-2.31,-0.72,72.9,81.92,88.92,72.9,81.92,-23.59,-32.01,-37.36,24.55,32.86,False,False,False,False,False,False,False,False,False,2026-10-07,生技醫療業,生技、製藥、醫療器材與健康服務（公司級產品待核驗）
4739,4739.TW,COREMAX,康普,108.95,,TWSE LISTED,化學工業,87.4,88.0,91.0,87.4,2512447,219.59,87.3,84.76,0.11,3.11,2.22,-1.47,-1.13,134.5,134.5,175.25,134.5,134.5,-32.34,-32.34,-48.07,35.02,35.02,False,False,False,False,False,False,False,False,False,2026-10-07,化學工業,化學制品／特用化學材料
4741,4741.TWO,Jetbest,泓瀚,14.13,,TPEx LISTED,化學工業,40.6,42.35,42.35,40.6,61106,2.48,40.89,39.845,-0.71,1.89,-1.93,-2.52,-0.49,86.6,86.6,93.58,86.6,86.6,-51.1,-51.1,-54.75,53.12,53.12,False,False,False,False,False,False,False,False,False,2026-10-07,化學工業,化學制品／特用化學材料
4743,4743.TWO,ONENESS BIOTECH,合一,226.33,,TPEx LISTED,生技醫療業,47.1,48.1,49.3,47.1,1782647,83.96,47.06,46.245,0.08,1.85,-2.08,-0.11,-0.11,76.7,241.44,397.22,76.7,241.44,-35.72,-79.58,-87.59,38.59,80.49,False,False,False,False,False,False,False,False,False,2026-10-07,生技醫療業,生技、製藥、醫療器材與健康服務（公司級產品待核驗）
4744,4744.TWO,CVC,皇將,16.2,,TPEx LISTED,生技醫療業,28.45,27.75,28.45,27.75,43001,1.22,28.38,28.39,0.25,0.21,1.25,0.53,-2.57,40.1,40.1,49.16,40.1,40.1,-29.05,-29.05,-42.13,29.05,29.05,False,False,False,True,False,False,False,False,False,2026-10-07,生技醫療業,生技、製藥、醫療器材與健康服務（公司級產品待核驗）
4745,4745.TWO,CMH,合富-KY,8.05,,TPEx LISTED,生技醫療業,12.15,12.15,12.15,12.05,9480,0.12,12.16,12.08,-0.08,0.58,0.0,-0.41,-0.41,25.75,27.4,44.57,25.75,27.4,-52.82,-55.66,-72.74,52.82,55.66,False,False,False,False,False,False,False,False,False,2026-10-07,生技醫療業,生技、製藥、醫療器材與健康服務（公司級產品待核驗）
4746,4746.TW,FRMSL,台耀,57.78,,TWSE LISTED,生技醫療業,48.05,48.3,48.8,47.95,464000,22.3,48.16,48.235,-0.23,-0.38,-0.52,-0.1,-1.84,62.5,121.0,121.0,62.5,121.0,-21.92,-59.67,-59.67,23.12,60.29,False,False,False,False,False,False,False,False,False,2026-10-07,生技醫療業,生技、製藥、醫療器材與健康服務（公司級產品待核驗）
4747,4747.TWO,JCP,強生*,21.05,,TPEx LISTED,生技醫療業,23.15,23.2,23.3,22.95,20214,0.47,23.05,23.365,0.43,-0.92,-0.22,0.87,-1.91,30.5,47.75,61.25,30.5,47.75,-23.61,-51.2,-61.96,24.1,51.52,False,False,True,False,False,False,False,False,False,2026-10-07,生技醫療業,生技、製藥、醫療器材與健康服務（公司級產品待核驗）
4749,4749.TWO,aemc,新應材,749.34,,TPEx LISTED,半導體業,791.0,801.0,807.0,791.0,484782,383.46,788.0,765.2,0.38,3.37,-1.25,0.76,3.26,1210.0,1210.0,1210.0,1210.0,1210.0,-33.31,-33.31,-33.31,34.63,34.63,False,False,False,False,False,False,False,False,False,2026-10-07,半導體業,半導體／IC設計或製造（細分環節待核驗）
4754,4754.TWO,INCA,國碳科,11.49,,TPEx LISTED,化學工業,37.95,38.1,38.1,37.8,26110,0.99,38.0,37.85,-0.13,0.26,-0.39,-0.52,0.13,40.0,51.9,51.9,40.0,51.9,-4.75,-26.59,-26.59,5.12,26.88,False,False,False,False,False,False,False,True,False,2026-10-07,化學工業,化學制品／特用化學材料
4755,4755.TW,SAN FU,三福化,128.4,,TWSE LISTED,化學工業,127.5,134.0,137.5,126.5,1579836,201.43,124.5,120.4,2.41,5.9,-4.14,4.51,8.05,180.0,180.0,241.5,180.0,180.0,-23.61,-23.61,-43.06,29.17,29.17,False,False,False,False,False,False,False,False,False,2026-10-07,化學工業,化學制品／特用化學材料
4760,4760.TWO,ample,勤凱科技,109.48,,TPEx LISTED,其他電子業,334.0,331.0,354.0,331.0,2043091,682.39,324.6,294.2,2.9,13.53,-0.3,5.36,27.24,500.03,500.03,500.03,500.03,500.03,-29.2,-29.2,-29.2,33.2,33.2,False,False,False,False,False,False,False,False,False,2026-10-07,其他電子業,其他電子：電子模組、感測器、電源與車用電子（公司級產品待核驗）
4763,4763.TW,ACE,材料*-KY,458.47,,TWSE LISTED,化學工業,46.35,47.0,47.1,46.0,4780615,221.58,46.7,46.98,-0.75,-1.34,-0.96,-1.7,-5.21,56.5,115.0,115.0,56.5,115.0,-16.64,-59.04,-59.04,17.96,59.7,False,False,False,False,False,False,False,False,False,2026-10-07,化學工業,特用化學材料／電子級化學品
4764,4764.TW,DBC,雙鍵,176.64,,TWSE LISTED,化學工業,206.5,197.5,218.0,197.5,3010970,621.77,198.1,193.15,4.24,6.91,3.77,1.47,9.26,369.2,369.2,369.2,369.2,369.2,-40.95,-40.95,-40.95,44.07,44.07,False,False,False,False,False,False,False,False,False,2026-10-07,化學工業,化學制品／特用化學材料
4766,4766.TW,NAN PAO,南寶,433.45,,TWSE LISTED,化學工業,359.5,353.5,359.5,352.0,245068,88.1,351.0,346.35,2.42,3.8,1.7,1.84,5.58,398.0,445.0,445.0,398.0,445.0,-9.67,-19.21,-19.21,9.67,19.21,False,False,False,False,False,False,False,True,False,2026-10-07,化學工業,化學制品／特用化學材料
4767,4767.TWO,CHETAY,誠泰科技,8.87,,TPEx LISTED,化學工業,28.25,28.0,28.95,28.0,17000,0.48,28.41,28.185,-0.56,0.23,-0.88,-1.57,0.18,30.3,44.1,45.5,30.3,44.1,-4.46,-34.35,-36.37,6.77,35.94,False,False,False,False,False,False,False,True,False,2026-10-07,化學工業,化學制品／特用化學材料
4768,4768.TWO,INGENTEC,晶呈科技,174.97,,TPEx LISTED,化學工業,363.0,372.0,377.5,362.5,810078,294.06,367.9,354.25,-1.33,2.47,-1.89,-3.07,-4.47,576.35,576.35,576.35,576.35,576.35,-34.5,-34.5,-34.5,37.02,37.02,False,False,False,False,False,False,False,False,False,2026-10-07,化學工業,化學制品／特用化學材料
4770,4770.TW,ASC,上品,213.94,,TWSE LISTED,化學工業,267.5,266.0,270.0,266.0,400445,107.12,272.2,273.6,-1.73,-2.23,0.56,-3.78,-5.14,295.0,466.0,466.0,295.0,466.0,-8.47,-42.06,-42.06,9.32,42.6,False,False,False,False,False,False,False,True,False,2026-10-07,化學工業,化學制品／特用化學材料
4771,4771.TW,VF,望隼,119.18,,TWSE LISTED,生技醫療業,203.0,204.0,207.5,203.0,142100,28.85,208.4,211.4,-2.59,-3.97,-0.49,-5.14,-5.36,221.5,384.5,384.5,221.5,384.5,-6.32,-46.03,-46.03,8.35,47.2,False,False,False,False,False,False,False,True,False,2026-10-07,生技醫療業,生技、製藥、醫療器材與健康服務（公司級產品待核驗）
4772,4772.TWO,TSC,台特化,409.08,,TPEx LISTED,化學工業,277.0,279.0,281.5,276.0,824135,228.29,275.4,265.4,0.58,4.37,0.36,-1.6,2.97,396.0,396.0,396.0,396.0,396.0,-28.91,-28.91,-28.91,30.05,30.05,False,False,False,False,False,False,False,False,False,2026-10-07,化學工業,化學制品／特用化學材料
4804,4804.TWO,Da Lue,大略-KY,2.35,,TPEx LISTED,觀光餐旅,3.27,3.27,3.27,3.27,0,0.0,3.27,3.27,0.0,0.0,0.0,0.0,0.0,8.5,10.75,116.0,8.5,10.75,-61.53,-69.58,-97.18,61.53,69.58,False,False,False,False,False,False,False,False,False,2026-10-07,觀光餐旅,觀光餐旅（公司级产品待核验）
4806,4806.TWO,KTCCE,桂田文創,7.9,,TPEx LISTED,文化創意業,11.3,11.05,11.3,10.9,16000,0.18,12.593,13.729,-10.27,-17.69,0.0,-15.67,-23.98,19.8,49.31,241.56,19.8,49.31,-42.92,-77.09,-95.32,42.92,77.09,False,False,False,False,False,False,False,False,False,2026-10-07,文化創意業,文化創意業（公司级产品待核验）
4807,4807.TW,RH,日成-KY,15.48,,TWSE LISTED,貿易百貨,31.6,30.8,32.4,30.8,172086,5.44,30.7,30.065,2.93,5.11,2.6,4.64,7.67,45.9,45.9,128.5,45.9,45.9,-29.41,-29.41,-74.79,31.15,31.15,False,False,False,False,False,False,False,False,False,2026-10-07,貿易百貨,貿易、零售、百貨與消費通路（公司級業務待核驗）
4903,4903.TWO,UFOC,聯光通,49.25,,TPEx LISTED,通信網路業,46.75,45.75,46.75,45.75,4508513,210.77,44.54,43.56,4.96,7.32,10.0,3.2,8.97,56.0,56.9,98.75,56.0,56.9,-16.52,-17.84,-52.66,16.52,17.84,False,False,False,False,False,False,False,False,False,2026-10-07,通信網路業,通信網路／網通設備
4904,4904.TW,Far EasTone,遠傳,3824.17,,TWSE LISTED,通信網路業,106.0,105.0,106.0,104.5,3750372,397.54,105.4,105.15,0.57,0.81,1.44,0.0,2.42,113.5,113.5,113.5,113.5,113.5,-6.61,-6.61,-6.61,6.61,6.61,False,False,False,True,False,False,False,True,True,2026-10-07,通信網路業,通信網路／網通設備
4905,4905.TWO,TAINET,台聯電,27.15,,TPEx LISTED,生技醫療業,92.8,91.2,98.3,91.2,110050,10.21,91.54,84.42,1.38,9.93,1.75,0.32,21.31,107.5,127.5,127.5,107.5,127.5,-8.56,-22.9,-22.9,13.67,27.22,False,False,False,False,False,False,False,False,False,2026-10-07,生技醫療業,生技、製藥、醫療器材與健康服務（公司級產品待核驗）
4906,4906.TW,GEMTEK,正文,190.62,,TWSE LISTED,通信網路業,42.2,43.1,44.0,41.85,14349795,605.56,41.94,40.665,0.62,3.77,-1.86,0.84,-0.24,55.8,55.8,55.8,55.8,55.8,-21.15,-21.15,-21.15,24.37,24.37,False,False,False,False,False,False,False,False,False,2026-10-07,通信網路業,通信網路／網通設備
4907,4907.TWO,Fu Yu Property,富宇,50.8,,TPEx LISTED,建材營造,43.0,42.85,43.45,42.85,41000,1.76,43.64,44.39,-1.47,-3.13,0.35,-3.37,-4.44,49.0,125.0,125.0,49.0,125.0,-11.33,-65.24,-65.24,12.24,65.6,False,False,False,False,False,False,False,False,False,2026-10-07,建材營造,建材、營造與不動產開發（公司級業務待核驗）
4908,4908.TWO,APAC,前鼎,198.67,,TPEx LISTED,通信網路業,254.0,239.0,254.0,238.0,13859724,3520.37,229.7,220.35,10.58,15.27,9.96,13.14,22.71,312.5,312.5,312.5,312.5,312.5,-18.72,-18.72,-18.72,18.72,18.72,False,False,False,False,False,False,False,False,False,2026-10-07,通信網路業,通信網路／網通設備
4909,4909.TWO,NEE,新復興,34.45,,TPEx LISTED,通信網路業,36.9,37.3,37.3,36.9,247005,9.11,36.9,36.02,0.0,2.44,-1.07,0.14,1.37,74.5,203.0,203.0,74.5,203.0,-49.93,-81.63,-81.63,50.47,81.82,False,False,False,False,False,False,False,False,False,2026-10-07,通信網路業,通信網路／網通設備
4911,4911.TWO,G&E,德英,19.27,,TPEx LISTED,生技醫療業,28.0,27.9,28.0,27.8,11080,0.31,28.19,28.435,-0.67,-1.53,-0.36,-1.41,-0.71,41.2,52.9,71.18,41.2,52.9,-32.04,-47.07,-60.66,32.04,47.07,False,False,False,False,False,False,False,False,False,2026-10-07,生技醫療業,生技、製藥、醫療器材與健康服務（公司級產品待核驗）
4912,4912.TW,Lemtech-KY,聯德控股-KY,73.31,,TWSE LISTED,電子零組件業,109.5,109.5,112.0,108.0,608324,66.61,108.3,103.09,1.11,6.22,0.0,3.3,9.5,117.0,162.38,182.25,117.0,162.38,-4.27,-31.03,-38.55,6.41,32.57,False,False,False,False,False,False,False,True,False,2026-10-07,電子零組件業,電子零組件：PCB、CCL、IC載板、連接器與被動元件（公司級品類待核驗）
4915,4915.TW,Primax,致伸,296.81,,TWSE LISTED,電子零組件業,62.9,63.5,63.7,62.9,2379550,149.67,63.9,63.99,-1.56,-1.7,-0.94,-2.33,-0.94,84.0,115.5,115.5,84.0,115.5,-24.17,-44.85,-44.85,25.12,45.54,False,False,False,False,False,False,False,False,False,2026-10-07,電子零組件業,電子零組件：PCB、CCL、IC載板、連接器與被動元件（公司級品類待核驗）
4916,4916.TW,PARPRO,事欣科,127.18,,TWSE LISTED,電腦及週邊設備業,102.5,110.0,113.5,102.0,12763601,1308.27,104.1,103.65,-1.54,-1.11,-2.84,-1.91,-1.44,127.5,127.5,127.5,127.5,127.5,-10.98,-10.98,-10.98,19.61,19.61,False,False,False,False,False,False,False,False,False,2026-10-07,電腦及週邊設備業,電腦、伺服器與企業硬體
4919,4919.TW,NTC,新唐,721.57,,TWSE LISTED,半導體業,159.5,151.5,164.0,150.0,25935064,4136.64,156.1,145.8,2.18,9.4,5.98,-2.15,15.16,230.0,230.0,230.0,230.0,230.0,-28.7,-28.7,-28.7,30.65,30.65,False,False,False,False,False,False,False,False,False,2026-10-07,半導體業,半導體／IC設計或製造（細分環節待核驗）
4923,4923.TWO,Force Mos,力士,23.16,,TPEx LISTED,半導體業,62.7,63.7,64.7,62.2,649112,40.7,64.4,63.67,-2.64,-1.52,-1.1,-5.86,2.12,70.5,70.5,76.67,70.5,70.5,-8.23,-8.23,-15.61,11.06,11.06,False,False,False,False,False,False,False,False,False,2026-10-07,半導體業,半導體／IC設計或製造（細分環節待核驗）
4924,4924.TWO,HTM,欣厚-KY,5.83,,TPEx LISTED,綠能環保,15.7,14.5,15.7,14.5,178000,2.79,15.36,16.005,2.21,-1.91,9.79,-1.26,-4.85,18.75,30.6,30.6,18.75,30.6,-16.27,-48.69,-48.69,16.27,48.69,False,False,False,False,False,False,False,False,False,2026-10-07,綠能環保,綠能、太陽能、儲能與環境工程（公司級產品待核驗）
4927,4927.TW,Apex,泰鼎-KY,144.39,,TWSE LISTED,電子零組件業,54.5,55.8,57.0,51.0,27571074,1502.62,50.33,47.085,8.29,15.75,4.21,13.19,22.47,65.9,65.9,138.0,65.9,65.9,-13.51,-13.51,-58.7,17.3,17.3,False,False,False,False,False,False,False,False,False,2026-10-07,電子零組件業,PCB印刷電路板（汽車與工業應用）
4930,4930.TW,Star Comgistic,燦星網,12.64,,TWSE LISTED,電器電纜,15.8,15.8,15.8,15.7,4221,0.07,15.86,15.88,-0.38,-0.5,0.0,-0.32,-0.63,23.0,38.0,61.86,23.0,38.0,-31.3,-58.42,-74.46,31.3,58.42,False,False,False,False,False,False,False,False,False,2026-10-07,電器電纜,電線電纜、電力設備與能源傳輸（公司級產品待核驗）
4931,4931.TWO,STL,新盛力,165.55,,TPEx LISTED,電腦及週邊設備業,252.5,262.0,264.0,252.0,5908720,1491.95,252.3,248.0,0.08,1.81,-2.32,0.2,0.2,288.0,288.0,288.0,288.0,288.0,-8.33,-8.33,-8.33,12.33,12.33,False,False,False,False,False,False,False,False,False,2026-10-07,電腦及週邊設備業,電腦、伺服器與企業硬體
4933,4933.TWO,UBRIGHT,友輝,43.98,,TPEx LISTED,光電業,53.2,53.4,53.4,52.7,21000,1.12,53.7,53.58,-0.93,-0.71,0.0,-1.3,-2.21,81.2,86.2,86.2,81.2,86.2,-34.24,-38.05,-38.05,34.48,38.28,False,False,False,False,False,False,False,False,False,2026-10-07,光電業,光電顯示／光學元件
4934,4934.TW,Tainergy,太極,34.99,,TWSE LISTED,光電業,15.55,15.2,15.55,14.9,1227080,19.08,14.92,14.67,4.22,6.0,3.67,5.42,4.01,22.7,30.25,42.2,22.7,30.25,-31.5,-48.6,-63.15,31.5,48.6,True,False,False,False,False,False,False,False,False,2026-10-07,光電業,光電顯示／光學元件
4935,4935.TW,GLT,茂林-KY,42.46,,TWSE LISTED,光電業,32.95,33.45,33.45,32.7,36008,1.19,33.5,33.35,-1.64,-1.2,0.15,-2.66,-3.65,43.25,79.5,152.0,43.25,79.5,-22.66,-57.92,-77.99,23.82,58.55,False,False,False,False,False,False,False,False,False,2026-10-07,光電業,光電顯示／光學元件
4938,4938.TW,Pegatron,和碩,2408.14,,TWSE LISTED,電腦及週邊設備業,90.0,90.0,90.1,89.3,3336641,300.3,89.62,90.13,0.42,-0.14,0.0,0.9,0.22,102.5,122.0,122.0,102.5,122.0,-12.1,-26.15,-26.15,12.2,26.23,False,False,True,False,False,False,False,False,False,2026-10-07,電腦及週邊設備業,電腦、伺服器與企業硬體
4939,4939.TWO,AEM,亞電,75.52,,TPEx LISTED,電子零組件業,76.9,76.5,78.2,76.3,2179127,167.57,77.98,77.31,-1.38,-0.53,0.79,-2.9,-7.13,95.2,95.2,95.2,95.2,95.2,-17.86,-17.86,-17.86,19.22,19.22,False,False,False,False,False,False,False,False,False,2026-10-07,電子零組件業,電子零組件：PCB、CCL、IC載板、連接器與被動元件（公司級品類待核驗）
4942,4942.TW,Chia Chang,嘉彰,44.92,,TWSE LISTED,光電業,31.55,31.55,31.6,31.4,65045,2.05,31.54,31.59,0.03,-0.13,0.16,0.16,-1.1,40.1,48.05,55.8,40.1,48.05,-21.2,-34.24,-43.37,21.32,34.34,False,False,False,False,False,False,False,False,False,2026-10-07,光電業,光電顯示／光學元件
4943,4943.TW,CONCRAFT,康控-KY,8.41,,TWSE LISTED,電子零組件業,6.64,6.69,6.69,6.59,13723,0.09,6.688,6.833,-0.72,-2.82,-1.19,-0.75,-3.91,13.8,30.0,849.62,13.8,30.0,-51.52,-77.7,-99.21,51.88,77.87,False,False,False,False,False,False,False,False,False,2026-10-07,電子零組件業,電子零組件：PCB、CCL、IC載板、連接器與被動元件（公司級品類待核驗）
4946,4946.TWO,Cayenne Tech,辣椒,8.77,,TPEx LISTED,文化創意業,99.1,101.5,101.5,99.1,13363,1.32,99.5,99.21,-0.4,-0.11,1.02,-1.88,-2.36,171.0,279.0,279.0,171.0,279.0,-40.64,-63.62,-63.62,42.05,64.48,False,False,False,False,False,False,False,False,False,2026-10-07,文化創意業,文化創意業（公司级产品待核验）
4949,4949.TW,WIN WIN,有成精密,56.84,,TWSE LISTED,光電業,83.9,82.3,86.5,81.9,2149150,180.31,80.46,77.84,4.28,7.79,1.94,7.98,9.96,112.5,112.5,112.5,112.5,112.5,-23.11,-23.11,-23.11,25.42,25.42,False,False,False,False,False,False,False,False,False,2026-10-07,光電業,光電顯示／光學元件
4950,4950.TWO,GWIC,金耘國際,9.06,,TPEx LISTED,鋼鐵工業,15.7,15.6,15.7,15.5,11180,0.18,15.93,15.785,-1.44,-0.54,0.96,-2.48,0.32,20.3,27.95,30.95,20.3,27.95,-22.66,-43.83,-49.27,22.66,43.83,False,False,False,False,False,False,False,False,False,2026-10-07,鋼鐵工業,鋼鐵、特殊鋼與金屬材料（公司級產品待核驗）
4951,4951.TWO,Fintek,精拓科,30.29,,TPEx LISTED,半導體業,88.7,89.5,90.6,88.4,207100,18.37,89.8,90.56,-1.22,-2.05,-0.34,-2.42,-3.06,143.5,143.5,143.5,143.5,143.5,-36.86,-36.86,-36.86,38.19,38.19,False,False,False,False,False,False,False,False,False,2026-10-07,半導體業,半導體／IC設計或製造（細分環節待核驗）
4952,4952.TW,Generalplus,凌通,53.7,,TWSE LISTED,半導體業,49.35,49.8,50.2,49.0,213600,10.54,49.98,49.535,-1.26,-0.37,-0.9,-2.85,-0.1,61.7,78.0,96.9,61.7,78.0,-18.64,-35.64,-48.19,20.02,36.73,False,False,False,False,False,False,False,False,False,2026-10-07,半導體業,半導體／IC設計或製造（細分環節待核驗）
4953,4953.TWO,WITS,緯致,87.71,,TPEx LISTED,資訊服務業,118.0,117.5,118.5,117.5,134781,15.9,117.3,117.25,0.6,0.64,0.85,0.43,0.85,145.5,159.0,175.0,145.5,159.0,-18.56,-25.47,-32.29,18.9,25.79,False,False,False,False,False,False,False,False,False,2026-10-07,資訊服務業,資訊服務、軟體、雲端與系統整合（公司級產品待核驗）
4956,4956.TW,Epileds,光鋐,42.97,,TWSE LISTED,光電業,42.8,42.5,43.3,42.45,3418812,146.33,44.87,44.71,-4.61,-4.27,1.06,-7.76,-7.96,60.1,60.1,60.1,60.1,60.1,-27.95,-27.95,-27.95,28.79,28.79,False,False,False,False,False,False,False,False,False,2026-10-07,光電業,光電顯示／光學元件
4958,4958.TW,ZDT,臻鼎-KY,6743.71,,TWSE LISTED,電子零組件業,595.0,576.0,600.0,573.0,34170442,20331.41,563.2,525.9,5.65,13.14,3.66,6.06,17.36,659.0,659.0,659.0,659.0,659.0,-8.95,-8.95,-8.95,9.71,9.71,False,False,False,False,False,False,False,True,True,2026-10-07,電子零組件業,PCB印刷電路板（高階多層板）
4960,4960.TW,CMMT,誠美材,138.07,,TWSE LISTED,光電業,24.15,24.1,24.5,24.0,1843450,44.52,24.14,23.715,0.04,1.83,0.21,-1.63,-1.02,48.0,48.0,48.0,48.0,48.0,-48.96,-48.96,-48.96,49.69,49.69,False,False,False,False,False,False,False,False,False,2026-10-07,光電業,光電顯示／光學元件
4961,4961.TW,FITIPOWER,天鈺,217.04,,TWSE LISTED,半導體業,179.0,184.5,185.5,178.0,1281423,229.37,183.6,182.3,-2.51,-1.81,-3.5,-2.45,-1.1,190.0,302.0,601.62,190.0,302.0,-2.37,-38.58,-69.17,5.79,40.73,False,False,False,False,False,False,False,True,False,2026-10-07,半導體業,IC設計（顯示驅動／電源管理晶片）
4966,4966.TWO,Parade,譜瑞-KY,448.48,,TPEx LISTED,半導體業,568.0,560.0,569.0,560.0,277321,157.52,570.2,570.9,-0.39,-0.51,0.89,-1.05,-0.53,929.0,1345.0,2240.0,929.0,1345.0,-38.75,-57.7,-74.6,38.86,57.77,False,False,False,False,False,False,False,False,False,2026-10-07,半導體業,半導體／IC設計或製造（細分環節待核驗）
4967,4967.TW,TEAM,十銓,261.2,,TWSE LISTED,半導體業,265.0,267.5,268.0,265.0,1342615,355.79,269.3,271.0,-1.6,-2.21,-0.75,-2.93,-3.64,323.0,323.0,323.0,323.0,323.0,-17.03,-17.03,-17.03,17.96,17.96,False,False,False,False,False,False,False,False,False,2026-10-07,半導體業,半導體／IC設計或製造（細分環節待核驗）
4968,4968.TW,Richwave,立積,89.63,,TWSE LISTED,半導體業,97.2,98.8,98.8,97.0,260151,25.29,99.32,96.34,-2.13,0.89,-0.61,-4.24,0.62,134.0,254.5,489.65,134.0,254.5,-26.27,-61.18,-79.82,27.46,61.81,False,False,False,False,False,False,False,False,False,2026-10-07,半導體業,半導體／IC設計或製造（細分環節待核驗）
4971,4971.TWO,IET,IET-KY,285.0,,TPEx LISTED,半導體業,604.0,600.0,640.0,600.0,3827282,2311.68,578.8,563.8,4.35,7.13,3.25,2.9,12.06,959.0,959.0,959.0,959.0,959.0,-33.26,-33.26,-33.26,37.02,37.02,False,False,False,False,False,False,False,False,False,2026-10-07,半導體業,半導體／IC設計或製造（細分環節待核驗）
4972,4972.TWO,TONS,湯石照明,9.19,,TPEx LISTED,光電業,16.15,16.15,16.3,16.1,19123,0.31,16.19,16.255,-0.25,-0.65,0.31,-0.31,-0.92,19.0,30.5,50.5,19.0,30.5,-14.21,-46.56,-67.72,15.0,47.05,False,False,False,False,False,False,False,False,False,2026-10-07,光電業,光電顯示／光學元件
4973,4973.TWO,Silicon Power,廣穎電通,88.47,,TPEx LISTED,半導體業,135.5,137.0,137.5,135.0,604040,81.85,137.1,136.45,-1.17,-0.7,-0.73,-2.17,-1.81,219.0,219.0,219.0,219.0,219.0,-37.21,-37.21,-37.21,38.13,38.13,False,False,False,False,False,False,False,False,False,2026-10-07,半導體業,半導體／IC設計或製造（細分環節待核驗）
4974,4974.TWO,ATII,亞泰,50.53,,TPEx LISTED,電子零組件業,69.7,70.0,70.0,69.6,65001,4.53,70.66,70.69,-1.36,-1.4,-0.43,-2.11,-1.83,80.0,146.5,146.5,80.0,146.5,-12.5,-52.22,-52.22,12.88,52.42,False,False,False,False,False,False,False,False,False,2026-10-07,電子零組件業,電子零組件：PCB、CCL、IC載板、連接器與被動元件（公司級品類待核驗）
4976,4976.TW,Calin,佳凌,53.1,,TWSE LISTED,光電業,37.6,37.95,37.95,37.15,798000,30.0,36.99,36.265,1.65,3.68,0.0,3.58,5.03,44.9,60.2,122.53,44.9,60.2,-15.48,-36.96,-69.03,16.26,37.54,False,False,False,False,False,False,False,False,False,2026-10-07,光電業,光電顯示／光學元件
4977,4977.TW,PCL,眾達-KY,159.23,,TWSE LISTED,通信網路業,175.0,177.0,183.0,175.0,6040157,1057.03,173.9,171.25,0.63,2.19,0.86,-0.28,3.55,273.0,273.0,273.0,273.0,273.0,-32.97,-32.97,-32.97,35.9,35.9,False,False,False,False,False,False,False,False,False,2026-10-07,通信網路業,通信網路／網通設備
4979,4979.TWO,LuxNet,華星光,826.82,,TPEx LISTED,通信網路業,579.0,585.0,605.0,574.0,11894276,6886.79,577.4,578.1,0.28,0.16,1.94,-1.03,1.76,762.0,762.0,762.0,762.0,762.0,-20.6,-20.6,-20.6,24.02,24.02,False,False,False,True,False,False,False,False,False,2026-10-07,通信網路業,通信網路／網通設備
4989,4989.TW,LCYT,榮科,127.34,,TWSE LISTED,電子零組件業,73.7,68.4,74.7,67.0,23351804,1721.03,67.4,63.75,9.35,15.61,8.22,15.34,20.82,125.0,125.0,125.0,125.0,125.0,-40.24,-40.24,-40.24,41.04,41.04,False,False,False,False,False,False,False,False,False,2026-10-07,電子零組件業,電子零組件：PCB、CCL、IC載板、連接器與被動元件（公司級品類待核驗）
4991,4991.TWO,GCS,環宇-KY,628.66,,TPEx LISTED,半導體業,518.0,525.0,552.0,516.0,8353587,4327.16,513.3,491.3,0.92,5.43,2.57,-3.0,6.15,895.0,895.0,895.0,895.0,895.0,-38.32,-38.32,-38.32,42.12,42.12,False,False,False,False,False,False,False,False,False,2026-10-07,半導體業,半導體／IC設計或製造（細分環節待核驗）
4994,4994.TW,X-LEGEND,傳奇,54.43,,TWSE LISTED,資訊服務業,82.0,81.9,82.0,81.9,6000,0.49,81.22,81.83,0.96,0.21,2.24,1.23,0.24,110.0,148.5,190.0,110.0,148.5,-25.45,-44.78,-56.84,25.45,44.78,False,False,False,False,False,False,False,False,False,2026-10-07,資訊服務業,資訊服務、軟體、雲端與系統整合（公司級產品待核驗）
4995,4995.TWO,Litemax,晶達,19.93,,TPEx LISTED,光電業,46.8,47.35,47.35,46.4,36041,1.69,48.05,49.08,-2.6,-4.65,-1.16,-4.1,-7.33,52.6,87.7,87.7,52.6,87.7,-9.98,-46.01,-46.01,11.03,46.64,False,False,False,False,False,False,False,False,False,2026-10-07,光電業,光電顯示／光學元件
4999,4999.TW,Sinher,鑫禾,13.17,,TWSE LISTED,電子零組件業,17.7,17.7,17.7,17.6,49090,0.87,17.8,17.83,-0.56,-0.73,-1.12,-0.84,-0.84,25.8,37.7,63.3,25.8,37.7,-31.4,-53.05,-72.04,31.4,53.05,False,False,False,False,False,False,False,False,False,2026-10-07,電子零組件業,電子零組件：PCB、CCL、IC載板、連接器與被動元件（公司級品類待核驗）
5007,5007.TW,SAN SHING,三星,163.99,,TWSE LISTED,鋼鐵工業,55.6,56.0,56.2,55.6,7000,0.39,56.0,55.89,-0.71,-0.52,-1.24,-0.54,-1.42,63.0,63.0,66.7,63.0,63.0,-10.79,-10.79,-15.74,11.75,11.75,False,False,False,False,False,False,False,False,False,2026-10-07,鋼鐵工業,鋼鐵、特殊鋼與金屬材料（公司級產品待核驗）
5009,5009.TWO,GMTC,榮剛,197.01,,TPEx LISTED,鋼鐵工業,32.7,32.85,32.85,32.45,951343,31.11,32.75,32.565,-0.15,0.41,0.0,-1.21,-1.21,40.95,59.0,63.2,40.95,59.0,-19.78,-44.32,-48.02,20.15,44.58,False,False,False,False,False,False,False,False,False,2026-10-07,鋼鐵工業,鋼鐵、特殊鋼與金屬材料（公司級產品待核驗）
5011,5011.TWO,OFCO,久陽,22.8,,TPEx LISTED,鋼鐵工業,22.65,21.4,23.8,21.4,4197000,95.06,21.16,19.775,7.04,14.54,4.62,10.76,20.48,27.95,28.6,46.21,27.95,28.6,-14.85,-16.78,-48.5,18.96,20.8,False,False,False,False,False,False,False,False,False,2026-10-07,鋼鐵工業,鋼鐵、特殊鋼與金屬材料（公司級產品待核驗）
5013,5013.TWO,NEW BEST,強新,70.31,,TPEx LISTED,鋼鐵工業,52.7,52.7,52.7,50.5,1583920,83.47,48.32,41.245,9.06,27.77,9.91,12.49,36.0,56.4,56.4,56.4,56.4,56.4,-6.56,-6.56,-6.56,6.56,6.56,False,False,False,False,False,False,False,True,True,2026-10-07,鋼鐵工業,鋼鐵、特殊鋼與金屬材料（公司級產品待核驗）
5014,5014.TWO,CCI,建錩,18.42,,TPEx LISTED,鋼鐵工業,10.05,10.1,10.15,9.99,140001,1.41,10.088,10.066,-0.38,-0.16,0.6,-0.5,-1.95,12.3,20.3,29.59,12.3,20.3,-17.48,-50.0,-65.7,18.29,50.49,False,False,False,False,False,False,False,False,False,2026-10-07,鋼鐵工業,鋼鐵、特殊鋼與金屬材料（公司級產品待核驗）
5015,5015.TWO,RODEX,華祺,13.89,,TPEx LISTED,鋼鐵工業,22.9,23.0,23.2,22.3,51000,1.17,23.08,22.295,-0.78,2.71,-1.72,-4.38,4.57,31.35,49.25,76.0,31.35,49.25,-26.0,-52.89,-69.47,26.95,53.5,False,False,False,False,False,False,False,False,False,2026-10-07,鋼鐵工業,鋼鐵、特殊鋼與金屬材料（公司級產品待核驗）
5016,5016.TWO,Song Ho,松和,13.5,,TPEx LISTED,鋼鐵工業,27.2,27.75,27.75,27.15,67000,1.82,27.73,26.295,-1.91,3.44,-1.98,-4.9,6.46,34.4,34.4,45.55,34.4,34.4,-19.33,-19.33,-39.08,20.93,20.93,False,False,False,False,False,False,False,False,False,2026-10-07,鋼鐵工業,鋼鐵、特殊鋼與金屬材料（公司級產品待核驗）
5201,5201.TWO,KWAY,凱衛,10.56,,TPEx LISTED,資訊服務業,27.3,27.65,27.65,26.9,61015,1.67,27.9,28.675,-2.15,-4.8,-1.27,-2.5,-8.85,46.3,63.7,63.7,46.3,63.7,-40.28,-56.59,-56.59,41.04,57.14,False,False,False,False,False,False,False,False,False,2026-10-07,資訊服務業,資訊服務、軟體、雲端與系統整合（公司級產品待核驗）
5202,5202.TWO,NewSoft,力新,12.83,,TPEx LISTED,資訊服務業,14.4,15.0,15.5,14.2,1948101,28.05,14.28,14.305,0.84,0.66,-4.32,2.13,1.77,18.05,33.8,41.55,18.05,33.8,-14.13,-54.14,-62.7,20.22,57.4,False,False,True,True,False,False,False,False,False,2026-10-07,資訊服務業,資訊服務、軟體、雲端與系統整合（公司級產品待核驗）
5203,5203.TW,CyberLink,訊連,46.33,,TWSE LISTED,資訊服務業,59.9,58.3,61.8,58.1,369000,22.1,58.9,58.65,1.7,2.13,2.74,3.45,2.57,90.0,145.0,145.0,90.0,145.0,-31.33,-57.38,-57.38,33.44,58.69,False,False,False,True,False,False,False,False,False,2026-10-07,資訊服務業,資訊服務、軟體、雲端與系統整合（公司級產品待核驗）
5205,5205.TWO,TWGET,中茂,4.3,,TPEx LISTED,綠能環保,30.3,30.3,30.3,30.3,22007,0.67,25.29,21.445,19.81,41.29,9.98,32.89,60.32,34.5,50.6,52.5,34.5,50.6,-12.17,-40.12,-42.29,12.17,40.12,True,True,False,False,False,False,False,False,False,2026-10-07,綠能環保,綠能、太陽能、儲能與環境工程（公司級產品待核驗）
5206,5206.TWO,Kunyue,坤悅,40.88,,TPEx LISTED,建材營造,22.7,22.7,22.85,22.6,116500,2.64,22.73,22.785,-0.13,-0.37,0.0,-0.66,0.0,32.67,49.96,49.96,32.67,49.96,-30.05,-54.26,-54.26,30.51,54.56,False,False,False,False,False,False,False,False,False,2026-10-07,建材營造,建材、營造與不動產開發（公司級業務待核驗）
5209,5209.TWO,CTCI ASI,新鼎,49.42,,TPEx LISTED,其他,173.0,172.5,173.0,170.0,74000,12.8,173.7,170.6,-0.4,1.41,-0.29,-1.7,3.28,184.0,220.0,220.0,184.0,220.0,-5.98,-21.36,-21.36,5.98,21.36,False,False,False,False,False,False,False,True,False,2026-10-07,其他,其他（公司级产品待核验）
5210,5210.TWO,APEX,寶碩,24.53,,TPEx LISTED,資訊服務業,29.85,30.1,30.5,29.8,112003,3.34,29.99,30.055,-0.47,-0.68,0.0,-1.49,-2.45,33.25,74.0,74.0,33.25,74.0,-8.27,-58.78,-58.78,10.23,59.66,False,False,False,False,False,False,False,False,False,2026-10-07,資訊服務業,資訊服務、軟體、雲端與系統整合（公司級產品待核驗）
5211,5211.TWO,Penpower,蒙恬,6.68,,TPEx LISTED,資訊服務業,20.85,20.8,21.6,20.8,34000,0.71,20.96,20.625,-0.52,1.09,1.21,-2.34,0.97,29.15,35.45,36.3,29.15,35.45,-25.9,-39.07,-40.5,28.47,41.18,False,False,False,False,False,False,False,False,False,2026-10-07,資訊服務業,資訊服務、軟體、雲端與系統整合（公司級產品待核驗）
5212,5212.TWO,HYWEB,凌網,17.0,,TPEx LISTED,資訊服務業,49.1,49.1,49.1,48.9,41000,2.01,49.09,48.715,0.02,0.79,-0.2,-0.41,0.41,57.7,75.9,78.0,57.7,75.9,-14.9,-35.31,-37.05,14.9,35.31,False,False,False,False,False,False,False,False,False,2026-10-07,資訊服務業,資訊服務、軟體、雲端與系統整合（公司級產品待核驗）
5213,5213.TWO,YeaShin,亞昕,144.63,,TPEx LISTED,建材營造,20.05,20.15,20.15,19.95,184726,3.7,20.31,20.565,-1.28,-2.5,-0.5,-2.43,-4.07,28.3,50.42,50.42,28.3,50.42,-28.8,-60.04,-60.04,29.15,60.23,False,False,False,False,False,False,False,False,False,2026-10-07,建材營造,建材、營造與不動產開發（公司級業務待核驗）
5215,5215.TW,KO JA,科嘉-KY,24.26,,TWSE LISTED,電腦及週邊設備業,37.7,38.2,38.2,37.7,22003,0.83,37.89,37.855,-0.5,-0.41,-1.05,-1.44,-0.53,51.2,76.8,180.43,51.2,76.8,-25.39,-50.26,-78.83,26.37,50.91,False,False,False,False,False,False,False,False,False,2026-10-07,電腦及週邊設備業,電腦、伺服器與企業硬體
5220,5220.TWO,HIGGSTEC,萬達光電,8.77,,TPEx LISTED,光電業,22.1,22.05,22.35,21.75,63000,1.39,22.57,21.865,-2.08,1.07,1.61,-4.33,-8.68,25.8,29.75,65.5,25.8,29.75,-13.37,-24.87,-65.88,14.34,25.71,False,False,False,False,False,False,False,False,False,2026-10-07,光電業,光電顯示／光學元件
5222,5222.TW,TRANSCOM,全訊,103.11,,TWSE LISTED,半導體業,103.0,102.5,103.0,101.5,286319,29.49,105.0,105.45,-1.9,-2.32,0.49,-4.19,-3.29,140.0,157.28,159.83,140.0,157.28,-26.43,-34.51,-35.56,26.43,34.51,False,False,False,False,False,False,False,False,False,2026-10-07,半導體業,半導體／IC設計或製造（細分環節待核驗）
5223,5223.TWO,Anli,安力-KY,10.07,,TPEx LISTED,電腦及週邊設備業,22.6,22.4,22.7,22.4,8000,0.18,22.91,22.88,-1.35,-1.22,0.0,-1.53,-2.16,31.5,49.45,120.5,31.5,49.45,-27.94,-54.1,-81.16,28.25,54.3,False,False,False,False,False,False,False,False,False,2026-10-07,電腦及週邊設備業,電腦、伺服器與企業硬體
5225,5225.TW,EASTECH,東科-KY,42.1,,TWSE LISTED,其他電子業,53.2,52.9,53.8,52.8,251000,13.35,54.28,55.04,-1.99,-3.34,0.76,-4.14,-3.97,115.0,160.5,160.5,115.0,160.5,-53.22,-66.48,-66.48,53.74,66.85,False,False,False,False,False,False,False,False,False,2026-10-07,其他電子業,其他電子：電子模組、感測器、電源與車用電子（公司級產品待核驗）
5227,5227.TWO,Aleees,立凱-KY,27.7,,TPEx LISTED,電子零組件業,28.85,28.95,29.2,28.8,206079,5.95,29.64,30.155,-2.67,-4.33,-0.17,-5.56,-8.41,42.95,66.4,205.71,42.95,66.4,-32.02,-56.02,-85.81,32.83,56.55,False,False,False,False,False,False,False,False,False,2026-10-07,電子零組件業,電子零組件：PCB、CCL、IC載板、連接器與被動元件（公司級品類待核驗）
5228,5228.TWO,MAX ECHO,鈺鎧,21.24,,TPEx LISTED,電子零組件業,55.8,55.8,55.8,55.8,765026,42.69,49.22,44.42,13.37,25.62,9.84,16.13,40.38,81.9,81.9,81.9,81.9,81.9,-31.87,-31.87,-31.87,31.87,31.87,False,False,False,False,False,False,False,False,False,2026-10-07,電子零組件業,電子零組件：PCB、CCL、IC載板、連接器與被動元件（公司級品類待核驗）
5230,5230.TWO,Ledlink,雷笛克光學,12.81,,TPEx LISTED,光電業,22.75,22.3,22.95,22.3,299005,6.8,22.46,22.475,1.29,1.22,2.02,2.25,-2.57,25.05,45.4,59.4,25.05,45.4,-8.38,-49.45,-61.36,9.18,49.89,False,False,False,True,False,False,False,True,False,2026-10-07,光電業,光電顯示／光學元件
5234,5234.TW,DAXIN,達興材料,345.64,,TWSE LISTED,光電業,336.5,329.0,342.5,324.0,1706446,574.22,316.9,310.0,6.18,8.55,3.06,7.85,9.08,499.5,499.5,499.5,499.5,499.5,-31.43,-31.43,-31.43,32.63,32.63,False,False,False,False,False,False,False,False,False,2026-10-07,光電業,化學制品／特用化學材料
5236,5236.TW,SunplusIT,凌陽創新,75.61,,TWSE LISTED,半導體業,126.0,128.0,128.0,126.0,138188,17.41,132.0,134.05,-4.55,-6.01,-1.18,-7.01,-8.36,194.0,210.87,239.6,194.0,210.87,-34.02,-39.3,-46.58,35.05,40.25,False,False,False,False,False,False,False,False,False,2026-10-07,半導體業,半導體／IC設計或製造（細分環節待核驗）
5243,5243.TW,ESON,乙盛-KY,163.14,,TWSE LISTED,光電業,96.8,96.2,97.8,95.6,1629100,157.7,95.48,92.27,1.38,4.91,-1.02,3.09,5.79,143.5,143.5,143.5,143.5,143.5,-31.85,-31.85,-31.85,32.54,32.54,False,False,False,False,False,False,False,False,False,2026-10-07,光電業,光電顯示／光學元件
5244,5244.TW,BRIGHTEK,弘凱,27.81,,TWSE LISTED,光電業,40.75,37.9,41.25,37.8,2231010,90.91,37.89,36.76,7.55,10.85,8.23,7.66,14.47,50.8,59.0,59.0,50.8,59.0,-18.8,-30.08,-30.08,19.78,30.93,False,False,False,False,False,False,False,False,False,2026-10-07,光電業,光電顯示／光學元件
5245,5245.TWO,WSI,智晶,9.03,,TPEx LISTED,光電業,20.0,20.3,20.3,19.75,181019,3.62,20.5,20.585,-2.44,-2.84,-1.96,-3.61,-4.08,37.0,45.65,149.79,37.0,45.65,-45.14,-55.53,-86.45,45.95,56.19,False,False,False,False,False,False,False,False,False,2026-10-07,光電業,光電顯示／光學元件
5251,5251.TWO,JSW,天鉞電,10.49,,TPEx LISTED,光電業,31.1,31.55,32.0,30.65,669013,20.81,30.49,30.4,2.0,2.3,-3.72,3.84,3.67,37.15,64.7,64.7,37.15,64.7,-13.86,-50.54,-50.54,16.29,51.93,False,False,False,False,False,False,False,False,False,2026-10-07,光電業,光電顯示／光學元件
5258,5258.TW,Castles,虹堡,46.52,,TWSE LISTED,電腦及週邊設備業,42.15,41.4,42.35,41.4,203059,8.56,41.87,41.78,0.67,0.89,1.69,0.36,-0.59,68.4,146.19,146.19,68.4,146.19,-38.08,-71.03,-71.03,38.38,71.17,False,False,False,True,False,False,False,False,False,2026-10-07,電腦及週邊設備業,電腦、伺服器與企業硬體
5263,5263.TWO,BROGENT,智崴,72.15,,TPEx LISTED,文化創意業,91.4,90.6,91.5,90.2,181065,16.55,90.66,90.29,0.82,1.23,1.44,0.99,2.58,130.0,205.5,239.0,130.0,205.5,-29.62,-55.47,-61.72,29.69,55.52,False,False,False,True,False,False,False,False,False,2026-10-07,文化創意業,文化創意業（公司级产品待核验）
5269,5269.TW,Asmedia,祥碩,1078.98,,TWSE LISTED,半導體業,1455.0,1480.0,1480.0,1455.0,145421,211.59,1467.0,1470.5,-0.82,-1.05,-1.02,-0.34,-0.34,1660.0,2570.0,2570.0,1660.0,2570.0,-10.84,-42.41,-42.41,12.35,43.39,False,False,False,False,False,False,False,False,False,2026-10-07,半導體業,半導體／IC設計或製造（細分環節待核驗）
5272,5272.TWO,AMICCOM,笙科,9.78,,TPEx LISTED,半導體業,17.7,17.75,17.75,17.5,55100,0.98,17.8,17.575,-0.56,0.71,0.85,-0.84,-1.67,28.15,44.15,53.8,28.15,44.15,-36.94,-59.8,-67.01,37.12,59.91,False,False,False,False,False,False,False,False,False,2026-10-07,半導體業,半導體／IC設計或製造（細分環節待核驗）
5274,5274.TWO,ASPEED,信驊,7380.97,,TPEx LISTED,半導體業,17750.0,18700.0,19000.0,17655.0,370066,6568.67,18827.0,19330.0,-5.72,-8.17,-6.51,-5.79,-5.33,21800.0,21800.0,21800.0,21800.0,21800.0,-12.84,-12.84,-12.84,18.58,18.58,False,False,False,False,False,False,False,False,False,2026-10-07,半導體業,半導體／IC設計或製造（細分環節待核驗）
5276,5276.TWO,Da Hui,達輝-KY,7.11,,TPEx LISTED,其他,18.0,18.05,18.05,18.0,2000,0.04,17.76,18.03,1.35,-0.17,2.86,0.84,2.27,22.2,26.4,32.25,22.2,26.4,-18.69,-31.63,-44.03,18.92,31.82,False,False,False,False,False,False,False,False,False,2026-10-07,其他,其他（公司级产品待核验）
5278,5278.TWO,Sunfun,尚凡*,69.3,,TPEx LISTED,數位雲端,23.1,23.7,23.7,23.05,187155,4.32,23.48,23.695,-1.62,-2.51,-1.7,-2.53,-3.55,34.0,50.0,50.0,34.0,50.0,-30.29,-52.6,-52.6,32.06,53.8,False,False,False,False,False,False,False,False,False,2026-10-07,數位雲端,數位雲端、軟體服務與電子商務（公司級產品待核驗）
5283,5283.TW,Heran,禾聯碩,45.2,,TWSE LISTED,電器電纜,51.6,51.4,52.2,51.4,23816,1.23,52.2,52.71,-1.15,-2.11,-0.39,-1.71,-2.27,56.3,84.05,106.32,56.3,84.05,-7.28,-37.9,-50.9,8.35,38.61,False,False,False,False,False,False,False,True,False,2026-10-07,電器電纜,電線電纜、電力設備與能源傳輸（公司級產品待核驗）
5284,5284.TW,jpp,jpp-KY,157.98,,TWSE LISTED,其他,286.5,293.0,293.5,286.5,336150,96.31,293.9,296.75,-2.52,-3.45,-1.38,-2.39,-4.34,480.0,480.0,480.0,480.0,480.0,-38.85,-38.85,-38.85,40.31,40.31,False,False,False,False,False,False,False,False,False,2026-10-07,其他,其他（公司级产品待核验）
5285,5285.TW,Jih Lin,界霖,99.8,,TWSE LISTED,半導體業,97.8,100.0,106.5,96.3,12490041,1221.53,97.64,94.44,0.16,3.56,0.62,-1.21,8.55,115.5,115.5,143.5,115.5,115.5,-7.79,-7.79,-25.78,15.32,15.32,False,False,False,False,False,False,False,False,False,2026-10-07,半導體業,半導體／IC設計或製造（細分環節待核驗）
5287,5287.TWO,ADDCN,數字,82.93,,TPEx LISTED,數位雲端,137.5,137.0,138.0,137.0,38046,5.23,137.3,137.3,0.15,0.15,0.73,0.0,0.0,158.72,179.41,196.29,158.72,179.41,-13.05,-23.08,-29.69,13.37,23.36,False,False,False,True,False,False,False,False,False,2026-10-07,數位雲端,數位雲端、軟體服務與電子商務（公司級產品待核驗）
5288,5288.TW,Eurocharm,豐祥-KY,132.08,,TWSE LISTED,電機機械,189.0,189.5,190.0,188.5,68000,12.85,188.6,187.85,0.21,0.61,0.27,0.27,3.0,202.0,241.0,241.0,202.0,241.0,-5.94,-21.16,-21.16,6.44,21.58,False,False,True,False,False,False,False,True,False,2026-10-07,電機機械,電機機械、工業自動化與設備（公司級產品待核驗）
5289,5289.TWO,Innodisk,宜鼎,1238.45,,TPEx LISTED,電腦及週邊設備業,1260.0,1280.0,1300.0,1260.0,1146535,1444.63,1281.0,1288.0,-1.64,-2.17,-0.4,-2.7,-2.33,1985.44,1985.44,1985.44,1985.44,1985.44,-34.52,-34.52,-34.52,36.54,36.54,False,False,False,False,False,False,False,False,False,2026-10-07,電腦及週邊設備業,電腦、伺服器與企業硬體
5291,5291.TWO,EISO,邑昇,26.94,,TPEx LISTED,電子零組件業,64.3,64.4,64.8,63.5,463200,29.78,63.2,60.94,1.74,5.51,0.31,3.71,4.38,84.6,84.6,84.6,84.6,84.6,-23.4,-23.4,-23.4,24.0,24.0,False,False,False,False,False,False,False,False,False,2026-10-07,電子零組件業,電子零組件：PCB、CCL、IC載板、連接器與被動元件（公司級品類待核驗）
5292,5292.TW,DTECH,華懋,112.55,,TWSE LISTED,綠能環保,243.0,248.5,250.5,237.5,583931,141.9,243.2,231.85,-0.08,4.81,-2.41,1.25,5.65,252.5,252.5,252.5,252.5,252.5,-0.79,-0.79,-0.79,3.76,3.76,False,False,False,False,False,False,False,True,True,2026-10-07,綠能環保,綠能、太陽能、儲能與環境工程（公司級產品待核驗）
5299,5299.TWO,EMC,杰力,50.63,,TPEx LISTED,半導體業,99.5,101.5,101.5,99.5,278028,27.66,102.9,101.54,-3.3,-2.01,-2.45,-4.78,-2.93,141.5,141.5,265.0,141.5,141.5,-28.27,-28.27,-61.7,29.68,29.68,False,False,False,False,False,False,False,False,False,2026-10-07,半導體業,半導體／IC設計或製造（細分環節待核驗）
5301,5301.TWO,CJW,寶得利,3.24,,TPEx LISTED,觀光餐旅,6.0,6.0,6.1,6.0,25777,0.15,6.077,6.069,-1.27,-1.13,-1.59,-1.59,-1.59,15.15,37.85,176.49,15.15,37.85,-59.74,-83.88,-96.54,60.4,84.15,False,False,False,False,False,False,False,False,False,2026-10-07,觀光餐旅,觀光餐旅（公司级产品待核验）
5302,5302.TWO,STK,太欣,15.69,,TPEx LISTED,半導體業,9.81,9.81,9.87,9.75,126000,1.24,9.882,9.822,-0.73,-0.12,0.0,-2.39,0.0,16.0,16.0,22.45,16.0,16.0,-38.31,-38.31,-56.04,38.69,38.69,False,False,False,False,False,False,False,False,False,2026-10-07,半導體業,半導體／IC設計或製造（細分環節待核驗）
5306,5306.TW,KMC,桂盟,110.75,,TWSE LISTED,運動休閒,87.9,87.9,88.2,87.1,136080,11.96,87.86,88.35,0.05,-0.51,0.57,-0.11,-1.01,100.0,162.5,255.0,100.0,162.5,-11.8,-45.72,-65.41,12.1,45.91,False,False,False,False,False,False,False,False,False,2026-10-07,運動休閒,運動休閒（公司级产品待核验）
5309,5309.TWO,SG,系統電,155.21,,TPEx LISTED,電子零組件業,67.2,67.8,68.6,66.1,6437335,432.59,66.0,60.89,1.82,10.36,0.0,2.28,7.18,84.4,84.4,84.4,84.4,84.4,-18.72,-18.72,-18.72,20.38,20.38,False,False,False,False,False,False,False,False,False,2026-10-07,電子零組件業,電子零組件：PCB、CCL、IC載板、連接器與被動元件（公司級品類待核驗）
5310,5310.TWO,CGS,天剛,8.51,,TPEx LISTED,資訊服務業,29.4,29.8,29.8,28.8,45116,1.33,29.14,28.12,0.89,4.55,-1.34,-0.68,6.52,31.6,56.7,170.08,31.6,56.7,-5.7,-47.44,-82.48,6.96,48.15,False,False,False,False,False,False,False,True,False,2026-10-07,資訊服務業,資訊服務、軟體、雲端與系統整合（公司級產品待核驗）
5312,5312.TWO,FORMOSA,寶島科,53.69,,TPEx LISTED,生技醫療業,89.4,89.2,89.4,89.2,11002,0.98,89.58,89.92,-0.2,-0.58,-0.22,-0.33,-0.56,105.0,171.0,171.0,105.0,171.0,-14.86,-47.72,-47.72,14.86,47.72,False,False,False,False,False,False,False,False,False,2026-10-07,生技醫療業,生技、製藥、醫療器材與健康服務（公司級產品待核驗）
5314,5314.TWO,Myson,世紀*,80.45,,TPEx LISTED,其他,27.55,28.3,28.75,27.5,23515906,647.86,29.07,28.02,-5.23,-1.68,-3.67,-7.86,-4.51,46.8,46.8,46.8,46.8,46.8,-38.57,-38.57,-38.57,41.13,41.13,False,False,False,False,False,False,False,False,False,2026-10-07,其他,其他（公司级产品待核验）
5315,5315.TWO,U.R.T.,光聯,20.31,,TPEx LISTED,光電業,19.1,19.05,19.2,19.0,62136,1.19,18.95,18.935,0.79,0.87,0.26,1.33,1.87,26.3,26.3,30.05,26.3,26.3,-27.0,-27.0,-36.11,27.38,27.38,False,False,False,False,False,False,False,False,False,2026-10-07,光電業,光電顯示／光學元件
5321,5321.TWO,U.R.,美而快,41.74,,TPEx LISTED,數位雲端,70.1,71.1,72.6,69.5,220000,15.42,69.22,69.03,1.27,1.55,0.14,2.19,3.55,88.1,98.14,122.79,88.1,98.14,-17.59,-26.02,-40.88,20.43,28.57,False,False,False,False,False,False,False,False,False,2026-10-07,數位雲端,數位雲端、軟體服務與電子商務（公司級產品待核驗）
5324,5324.TWO,SDC,士開,28.41,,TPEx LISTED,建材營造,12.55,12.45,12.55,12.4,183001,2.3,12.46,12.465,0.72,0.68,0.8,0.8,0.8,13.15,16.6,19.72,13.15,16.6,-4.56,-24.4,-36.37,4.56,24.4,False,False,True,True,False,False,False,True,False,2026-10-07,建材營造,建材、營造與不動產開發（公司級業務待核驗）
5328,5328.TWO,HJC,華容,100.17,,TPEx LISTED,電子零組件業,58.0,56.9,60.8,56.9,8437868,489.4,58.12,55.27,-0.21,4.94,1.75,-1.86,9.23,88.8,88.8,88.8,88.8,88.8,-31.53,-31.53,-31.53,34.68,34.68,False,False,False,False,False,False,False,False,False,2026-10-07,電子零組件業,電子零組件：PCB、CCL、IC載板、連接器與被動元件（公司級品類待核驗）
5340,5340.TWO,BAOTEK,建榮,175.4,,TPEx LISTED,電子零組件業,90.0,84.9,92.1,84.9,9926627,893.4,84.82,83.21,6.11,8.16,5.88,8.17,11.11,137.0,137.0,137.0,137.0,137.0,-32.77,-32.77,-32.77,34.31,34.31,False,False,False,False,False,False,False,False,False,2026-10-07,電子零組件業,電子零組件：PCB、CCL、IC載板、連接器與被動元件（公司級品類待核驗）
5344,5344.TWO,VATE,立衛,11.4,,TPEx LISTED,半導體業,14.35,13.65,14.5,13.6,291000,4.18,13.71,13.63,4.67,5.28,5.9,5.13,3.61,19.0,27.5,41.8,19.0,27.5,-23.68,-47.27,-65.31,24.47,47.82,False,False,False,True,False,False,False,False,False,2026-10-07,半導體業,半導體／IC設計或製造（細分環節待核驗）
5345,5345.TWO,Fullhome,馥鴻,8.22,,TPEx LISTED,其他,21.75,21.4,21.8,21.0,17192,0.37,21.54,21.6,0.97,0.69,1.64,2.84,1.16,38.05,39.4,76.56,38.05,39.4,-42.71,-44.67,-71.53,42.84,44.8,False,False,False,True,False,False,False,False,False,2026-10-07,其他,其他（公司级产品待核验）
5347,5347.TWO,VIS,世界,3569.15,,TPEx LISTED,半導體業,190.0,189.5,194.5,187.5,18391889,3494.46,187.3,181.25,1.44,4.83,-0.52,1.6,4.97,223.0,223.0,223.0,223.0,223.0,-12.78,-12.78,-12.78,14.8,14.8,False,False,False,False,False,False,False,False,False,2026-10-07,半導體業,半導體／IC設計或製造（細分環節待核驗）
5348,5348.TWO,EMT,正能量智能,2.57,,TPEx LISTED,運動休閒,17.4,17.8,17.8,17.3,23000,0.4,16.91,16.615,2.9,4.72,0.0,6.42,6.42,19.8,50.94,50.94,19.8,50.94,-10.1,-65.06,-65.06,12.12,65.84,False,False,False,False,False,False,False,False,False,2026-10-07,運動休閒,運動休閒（公司级产品待核验）
5351,5351.TWO,Etron,鈺創,376.29,,TPEx LISTED,半導體業,114.5,116.5,119.0,113.0,13521152,1548.17,113.4,111.05,0.97,3.11,1.33,-1.29,3.62,141.0,141.0,141.0,141.0,141.0,-15.6,-15.6,-15.6,18.79,18.79,False,False,False,False,False,False,False,False,False,2026-10-07,半導體業,半導體／IC設計或製造（細分環節待核驗）
5353,5353.TWO,Tailyn,台林,21.96,,TPEx LISTED,通信網路業,28.7,29.3,29.3,28.6,46035,1.32,28.88,28.555,-0.62,0.51,-1.2,0.17,0.88,35.2,44.0,54.2,35.2,44.0,-16.76,-33.41,-45.94,18.47,34.77,False,False,False,False,False,False,False,False,False,2026-10-07,通信網路業,通信網路／網通設備
5355,5355.TWO,PSC,佳總,6.01,,TPEx LISTED,電子零組件業,7.76,7.96,7.96,7.7,106217,0.82,7.568,7.244,2.54,7.12,0.65,4.86,10.07,8.14,14.75,14.75,8.14,14.75,-2.21,-46.03,-46.03,4.67,47.39,False,False,False,False,False,False,False,True,False,2026-10-07,電子零組件業,電子零組件：PCB、CCL、IC載板、連接器與被動元件（公司級品類待核驗）
5356,5356.TWO,SIRTEC,協益,26.69,,TPEx LISTED,電腦及週邊設備業,25.9,25.95,25.95,25.85,47000,1.22,25.83,25.81,0.27,0.35,0.39,0.58,0.78,30.0,41.85,71.88,30.0,41.85,-13.5,-37.99,-63.9,13.67,38.11,False,False,False,False,False,False,False,False,False,2026-10-07,電腦及週邊設備業,電腦、伺服器與企業硬體
5364,5364.TWO,LEALEA HOTELS,力麗店,5.3,,TPEx LISTED,觀光餐旅,8.3,8.3,8.3,8.21,24000,0.2,8.316,8.333,-0.19,-0.4,0.12,-0.12,-1.07,15.25,49.5,49.5,15.25,49.5,-45.57,-83.23,-83.23,45.57,83.23,False,False,False,False,False,False,False,False,False,2026-10-07,觀光餐旅,觀光餐旅（公司级产品待核验）
5381,5381.TWO,SPE,光譜,45.69,,TPEx LISTED,電機機械,22.0,22.5,22.65,22.0,956724,21.05,22.79,23.115,-3.47,-4.82,-2.0,-5.78,-6.98,42.35,48.48,48.48,42.35,48.48,-46.52,-53.28,-53.28,48.06,54.62,False,False,False,False,False,False,False,False,False,2026-10-07,電機機械,電機機械、工業自動化與設備（公司級產品待核驗）
5386,5386.TWO,ALBATRON,青雲,152.35,,TPEx LISTED,電腦及週邊設備業,281.5,288.0,288.0,280.0,551673,155.3,287.9,286.3,-2.22,-1.68,-1.75,-3.76,-2.93,418.67,418.67,418.67,418.67,418.67,-31.21,-31.21,-31.21,32.76,32.76,False,False,False,False,False,False,False,False,False,2026-10-07,電腦及週邊設備業,電腦、伺服器與企業硬體
5388,5388.TW,Sercomm,中磊,225.21,,TWSE LISTED,通信網路業,74.0,73.2,75.3,73.2,4790025,354.46,72.22,72.26,2.46,2.41,2.35,3.06,3.5,95.0,151.5,151.5,95.0,151.5,-20.74,-50.3,-50.3,22.11,51.16,False,False,False,False,False,False,False,False,False,2026-10-07,通信網路業,通信網路／網通設備
5392,5392.TWO,ABICO AVY,能率,70.15,,TPEx LISTED,光電業,38.95,38.65,39.25,38.6,657723,25.62,39.43,39.53,-1.22,-1.47,-0.26,-2.75,-2.87,52.35,58.82,58.82,52.35,58.82,-25.03,-33.27,-33.27,25.6,33.78,False,False,False,False,False,False,False,False,False,2026-10-07,光電業,光電顯示／光學元件
5398,5398.TWO,Mediera,慕康生醫,7.42,,TPEx LISTED,其他,15.0,13.95,15.0,13.95,191000,2.87,13.95,13.935,7.53,7.64,9.89,9.89,8.3,26.15,31.0,50.4,26.15,31.0,-42.64,-51.61,-70.24,42.64,51.61,False,False,False,False,False,False,False,False,False,2026-10-07,其他,其他（公司级产品待核验）
5403,5403.TWO,DDSC,中菲,71.56,,TPEx LISTED,資訊服務業,91.6,91.9,92.2,91.6,34300,3.14,92.32,92.65,-0.78,-1.13,-0.22,-1.19,-1.29,117.0,147.5,147.5,117.0,147.5,-21.2,-37.49,-37.49,21.71,37.9,False,False,False,False,False,False,False,False,False,2026-10-07,資訊服務業,資訊服務、軟體、雲端與系統整合（公司級產品待核驗）
5410,5410.TWO,LEO,國眾,31.23,,TPEx LISTED,資訊服務業,33.45,33.4,33.55,33.1,107605,3.6,33.15,33.07,0.9,1.15,0.15,1.06,1.52,49.8,49.8,49.8,49.8,49.8,-32.63,-32.63,-32.63,32.83,32.83,False,False,True,False,False,False,False,False,False,2026-10-07,資訊服務業,資訊服務、軟體、雲端與系統整合（公司級產品待核驗）
5425,5425.TWO,TSC,台半,275.34,,TPEx LISTED,半導體業,104.5,100.0,105.5,99.5,15496882,1619.42,102.0,98.55,2.45,6.04,3.98,2.45,8.85,144.0,144.0,144.0,144.0,144.0,-26.74,-26.74,-26.74,27.43,27.43,False,False,False,False,False,False,False,False,False,2026-10-07,半導體業,半導體／IC設計或製造（細分環節待核驗）
5426,5426.TWO,CF,振發,43.43,,TPEx LISTED,電腦及週邊設備業,30.2,28.9,31.45,28.9,2058986,62.18,29.28,28.725,3.14,5.13,4.86,1.85,6.15,40.25,45.9,45.9,40.25,45.9,-21.86,-31.48,-31.48,24.97,34.2,False,False,False,False,False,False,False,False,False,2026-10-07,電腦及週邊設備業,電腦、伺服器與企業硬體
5432,5432.TWO,SOLOMON DATA,新門,40.34,,TPEx LISTED,綠能環保,195.0,195.5,215.0,195.0,1302551,254.0,178.3,169.65,9.37,14.94,-0.26,18.54,21.88,195.5,322.0,322.0,215.0,322.0,9.97,-33.23,-33.23,9.3,39.44,False,False,False,False,True,False,False,True,False,2026-10-07,綠能環保,綠能、太陽能、儲能與環境工程（公司級產品待核驗）
5434,5434.TW,TOPCO,崇越,1173.75,,TWSE LISTED,電子通路業,605.0,630.0,634.0,600.0,790343,478.16,598.8,570.7,1.04,6.01,-2.26,3.77,9.01,633.0,633.0,633.0,634.0,634.0,0.16,0.16,0.16,4.57,4.57,False,False,False,False,True,True,True,True,True,2026-10-07,電子通路業,電子通路、半導體代理與零組件分銷（公司級代理品類待核驗）
5438,5438.TWO,TIS,東友,19.24,,TPEx LISTED,電腦及週邊設備業,17.1,17.35,17.35,16.95,47000,0.8,17.14,17.045,-0.23,0.32,1.18,-1.44,-1.44,24.65,46.2,46.2,24.65,46.2,-29.61,-62.45,-62.45,30.63,62.99,False,False,False,False,False,False,False,False,False,2026-10-07,電腦及週邊設備業,電腦、伺服器與企業硬體
5439,5439.TWO,FHt,高技,243.6,,TPEx LISTED,電子零組件業,262.0,265.0,268.0,261.5,1892632,495.87,258.3,255.8,1.43,2.42,-0.95,3.56,3.15,463.5,463.5,463.5,463.5,463.5,-42.18,-42.18,-42.18,43.47,43.47,False,False,False,False,False,False,False,False,False,2026-10-07,電子零組件業,電子零組件：PCB、CCL、IC載板、連接器與被動元件（公司級品類待核驗）
5443,5443.TWO,GPM,均豪,186.99,,TPEx LISTED,半導體業,113.5,114.0,114.5,112.5,963647,109.37,113.3,110.85,0.18,2.39,0.44,0.0,0.44,142.0,166.0,166.0,142.0,166.0,-19.37,-31.02,-31.02,20.07,31.63,False,False,False,False,False,False,False,False,False,2026-10-07,半導體業,半導體／IC設計或製造（細分環節待核驗）
5450,5450.TWO,NAMLIONG,南良,17.87,,TPEx LISTED,其他,14.6,14.45,14.65,14.4,366000,5.34,14.56,14.67,0.27,-0.48,0.34,0.0,-1.35,20.6,22.8,31.0,20.6,22.8,-28.88,-35.75,-52.74,29.13,35.96,False,False,False,False,False,False,False,False,False,2026-10-07,其他,其他（公司级产品待核验）
5452,5452.TWO,UNIC,佶優,46.41,,TPEx LISTED,其他電子業,31.2,32.0,32.0,31.05,3531524,110.18,29.72,28.635,4.98,8.96,-2.5,11.63,13.87,40.85,45.95,45.95,40.85,45.95,-21.66,-30.36,-30.36,23.62,32.1,False,False,False,False,False,False,False,False,False,2026-10-07,其他電子業,其他電子：電子模組、感測器、電源與車用電子（公司級產品待核驗）
5455,5455.TWO,SY,昇益,20.17,,TPEx LISTED,建材營造,30.8,30.8,30.8,30.8,3000,0.09,30.76,30.655,0.13,0.47,0.0,0.33,0.33,31.0,95.9,95.9,31.0,95.9,-0.65,-67.88,-67.88,0.65,67.88,False,False,False,False,False,False,False,True,False,2026-10-07,建材營造,建材、營造與不動產開發（公司級業務待核驗）
5457,5457.TWO,SPEED TECH,宣德,46.8,,TPEx LISTED,電子零組件業,23.85,24.35,24.5,23.3,1754000,41.83,24.09,24.035,-1.0,-0.77,-1.85,-2.25,-2.05,42.0,71.4,138.5,42.0,71.4,-41.67,-65.69,-82.31,43.21,66.6,False,False,False,False,False,False,False,False,False,2026-10-07,電子零組件業,電子零組件：PCB、CCL、IC載板、連接器與被動元件（公司級品類待核驗）
5460,5460.TWO,MUSTANG,同協,11.31,,TPEx LISTED,電子零組件業,19.25,19.2,19.25,18.15,2245497,43.23,17.79,17.38,8.21,10.76,10.0,10.63,12.24,21.2,23.25,23.25,21.2,23.25,-9.2,-17.2,-17.2,9.2,17.2,False,False,False,False,False,False,False,True,False,2026-10-07,電子零組件業,電子零組件：PCB、CCL、IC載板、連接器與被動元件（公司級品類待核驗）
5464,5464.TWO,LIN HORN,霖宏,66.38,,TPEx LISTED,電子零組件業,93.4,90.6,95.0,90.6,382008,35.68,92.28,91.12,1.21,2.5,2.75,2.98,5.9,109.0,109.0,109.0,109.0,109.0,-12.84,-12.84,-12.84,14.31,14.31,False,False,False,True,False,False,False,False,False,2026-10-07,電子零組件業,電子零組件：PCB、CCL、IC載板、連接器與被動元件（公司級品類待核驗）
5465,5465.TWO,LFE,富驊,49.55,,TPEx LISTED,電腦及週邊設備業,33.55,33.15,34.0,33.15,706001,23.69,33.23,33.195,0.96,1.07,1.82,1.36,1.51,36.95,53.7,64.3,36.95,53.7,-7.98,-36.69,-47.12,9.2,37.52,False,False,False,True,False,False,False,True,False,2026-10-07,電腦及週邊設備業,電腦、伺服器與企業硬體
5468,5468.TWO,TMTECH,凱鈺,14.35,,TPEx LISTED,半導體業,24.35,24.45,24.6,24.2,78977,1.92,24.87,24.935,-2.09,-2.35,-1.22,-3.37,-5.8,36.5,36.5,43.39,36.5,36.5,-32.6,-32.6,-43.3,33.29,33.29,False,False,False,False,False,False,False,False,False,2026-10-07,半導體業,半導體／IC設計或製造（細分環節待核驗）
5469,5469.TW,HSB,瀚宇博,391.36,,TWSE LISTED,電子零組件業,80.5,81.0,81.4,79.9,2734940,220.16,77.98,75.58,3.23,6.51,0.0,6.06,8.78,109.0,115.0,115.0,109.0,115.0,-25.32,-29.22,-29.22,26.15,30.0,False,False,False,False,False,False,False,False,False,2026-10-07,電子零組件業,PCB印刷電路板（伺服器、網通與消費電子）
5471,5471.TW,SONIX,松翰,86.79,,TWSE LISTED,半導體業,51.7,52.2,52.3,51.3,458240,23.69,52.42,52.27,-1.37,-1.09,-0.39,-3.36,-1.15,69.1,69.1,119.0,69.1,69.1,-24.31,-24.31,-56.05,25.18,25.18,False,False,False,False,False,False,False,False,False,2026-10-07,半導體業,半導體／IC設計或製造（細分環節待核驗）
5474,5474.TWO,YUAN,聰泰,64.01,,TPEx LISTED,電腦及週邊設備業,161.0,165.5,165.5,161.0,116000,18.68,162.0,162.25,-0.62,-0.77,-1.23,-0.31,-1.83,201.5,228.0,313.33,201.5,228.0,-17.87,-27.41,-47.18,20.1,29.39,False,False,False,False,False,False,False,False,False,2026-10-07,電腦及週邊設備業,電腦、伺服器與企業硬體
5475,5475.TWO,GLOTECH,德宏,245.36,,TPEx LISTED,電子零組件業,193.0,181.0,198.0,181.0,11071004,2136.7,183.3,181.55,5.29,6.31,6.63,6.93,7.52,404.5,404.5,404.5,404.5,404.5,-51.05,-51.05,-51.05,52.29,52.29,False,False,False,True,False,False,False,False,False,2026-10-07,電子零組件業,電子零組件：PCB、CCL、IC載板、連接器與被動元件（公司級品類待核驗）
5478,5478.TWO,SOFT-WORLD,智冠,151.08,,TPEx LISTED,文化創意業,96.8,97.0,97.2,96.8,45042,4.36,97.2,97.12,-0.41,-0.33,-0.21,-0.82,-0.31,116.0,206.0,206.0,116.0,206.0,-16.21,-52.82,-52.82,16.55,53.01,False,False,False,False,False,False,False,False,False,2026-10-07,文化創意業,文化創意業（公司级产品待核验）
5481,5481.TWO,SINOTACT,新華,14.57,,TPEx LISTED,其他,20.4,20.25,21.1,20.1,498001,10.16,21.29,21.63,-4.18,-5.69,0.0,-6.64,-6.42,24.3,34.65,55.34,24.3,34.65,-13.17,-39.11,-61.87,16.05,41.13,False,False,False,False,False,False,False,False,False,2026-10-07,其他,其他（公司级产品待核验）
5483,5483.TWO,SAS,中美晶,1436.34,,TPEx LISTED,半導體業,224.0,214.0,227.0,214.0,29153132,6530.3,217.3,205.1,3.08,9.22,4.19,1.13,7.95,279.5,279.5,279.5,279.5,279.5,-18.78,-18.78,-18.78,19.86,19.86,False,False,False,False,False,False,False,False,False,2026-10-07,半導體業,半導體／IC設計或製造（細分環節待核驗）
5484,5484.TW,EverFocus,慧友,26.02,,TWSE LISTED,光電業,38.95,38.55,39.25,38.55,98303,3.83,38.88,39.16,0.18,-0.54,1.17,-0.26,-1.64,58.9,118.5,118.5,58.9,118.5,-33.36,-66.88,-66.88,33.87,67.13,False,False,False,False,False,False,False,False,False,2026-10-07,光電業,光電顯示／光學元件
5487,5487.TWO,TONTEK,通泰,7.23,,TPEx LISTED,半導體業,29.85,28.8,30.0,28.75,160030,4.78,29.15,29.0,2.4,2.93,3.65,1.88,4.37,31.25,42.75,54.8,31.25,42.75,-4.0,-29.82,-45.26,4.48,30.18,False,False,False,True,False,False,False,True,False,2026-10-07,半導體業,半導體／IC設計或製造（細分環節待核驗）
5488,5488.TWO,SP,松普,10.94,,TPEx LISTED,電子零組件業,11.95,12.05,12.05,11.85,149000,1.78,12.12,12.01,-1.4,-0.5,-1.65,-2.85,-1.24,19.3,19.4,19.4,19.3,19.4,-37.56,-37.89,-37.89,38.08,38.4,False,False,False,False,False,False,False,False,False,2026-10-07,電子零組件業,電子零組件：PCB、CCL、IC載板、連接器與被動元件（公司級品類待核驗）
5489,5489.TWO,DYNACOLOR,彩富,43.09,,TPEx LISTED,其他電子業,41.95,42.1,42.6,41.95,15000,0.63,41.99,42.465,-0.1,-1.21,0.72,-0.83,-1.41,68.8,68.8,68.8,68.8,68.8,-38.08,-38.08,-38.08,39.03,39.03,False,False,False,False,False,False,False,False,False,2026-10-07,其他電子業,其他電子：電子模組、感測器、電源與車用電子（公司級產品待核驗）
5490,5490.TWO,XAC,同亨,24.57,,TPEx LISTED,電腦及週邊設備業,25.55,25.35,25.6,25.3,163671,4.18,25.53,25.52,0.08,0.12,0.79,-1.35,-0.39,36.35,39.0,75.5,36.35,39.0,-29.57,-34.36,-66.09,29.71,34.49,False,False,False,True,False,False,False,False,False,2026-10-07,電腦及週邊設備業,電腦、伺服器與企業硬體
5493,5493.TWO,Sanlien,三聯,39.41,,TPEx LISTED,其他電子業,90.2,91.0,92.9,90.2,91000,8.21,90.52,91.16,-0.35,-1.05,0.11,-1.2,-0.44,107.5,116.19,116.19,107.5,116.19,-13.58,-20.05,-20.05,16.09,22.37,False,False,False,False,False,False,False,False,False,2026-10-07,其他電子業,其他電子：電子模組、感測器、電源與車用電子（公司級產品待核驗）
5498,5498.TWO,KEY WARE,凱崴,106.06,,TPEx LISTED,電子零組件業,54.8,53.8,55.5,53.5,2550501,139.77,53.94,52.225,1.59,4.93,1.67,-1.44,7.03,87.2,87.2,87.2,87.2,87.2,-36.35,-36.35,-36.35,37.16,37.16,False,False,False,False,False,False,False,False,False,2026-10-07,電子零組件業,電子零組件：PCB、CCL、IC載板、連接器與被動元件（公司級品類待核驗）
5508,5508.TWO,YCDC,永信建,117.19,,TPEx LISTED,建材營造,53.9,53.5,54.0,53.5,233100,12.56,53.4,53.35,0.94,1.03,1.7,0.37,1.51,66.0,322.0,322.0,66.0,322.0,-18.18,-83.23,-83.23,18.33,83.26,False,False,False,False,False,False,False,False,False,2026-10-07,建材營造,建材、營造與不動產開發（公司級業務待核驗）
5511,5511.TWO,TE CHANG,德昌,93.02,,TPEx LISTED,建材營造,68.4,68.1,68.6,68.1,62008,4.24,68.74,69.23,-0.49,-1.2,-0.15,-0.87,-1.72,75.3,75.3,75.3,75.3,75.3,-8.9,-8.9,-8.9,9.16,9.16,False,False,False,False,False,False,False,True,True,2026-10-07,建材營造,建材、營造與不動產開發（公司級業務待核驗）
5512,5512.TWO,RICH,力麒,57.55,,TPEx LISTED,建材營造,7.51,7.5,7.53,7.48,561821,4.22,7.58,7.638,-0.92,-1.68,0.27,-2.34,-2.59,8.35,15.24,15.24,8.35,15.24,-9.82,-50.6,-50.6,10.06,50.73,False,False,False,False,False,False,False,False,False,2026-10-07,建材營造,建材、營造與不動產開發（公司級業務待核驗）
5514,5514.TWO,SUN FON,三豐,35.65,,TPEx LISTED,建材營造,15.1,15.0,15.1,15.0,20100,0.3,15.11,15.02,-0.07,0.53,0.33,-0.33,0.33,17.35,24.22,24.22,17.35,24.22,-12.97,-37.66,-37.66,12.97,37.66,False,False,False,False,False,False,False,False,False,2026-10-07,建材營造,建材、營造與不動產開發（公司級業務待核驗）
5515,5515.TW,CHIEN KUO,建國,104.83,,TWSE LISTED,建材營造,52.0,51.9,52.2,51.5,212400,11.04,51.54,51.64,0.89,0.7,0.19,1.76,0.19,56.4,56.4,56.4,56.4,56.4,-7.45,-7.45,-7.45,7.8,7.8,True,False,True,True,False,False,False,True,True,2026-10-07,建材營造,建材、營造與不動產開發（公司級業務待核驗）
5516,5516.TWO,SUN-SEA,雙喜,6.16,,TPEx LISTED,建材營造,11.95,11.8,11.95,11.8,21000,0.25,11.94,12.005,0.08,-0.46,-0.42,1.7,-0.42,17.0,27.23,29.79,17.0,27.23,-29.71,-56.12,-59.88,29.71,56.12,False,False,False,False,False,False,False,False,False,2026-10-07,建材營造,建材、營造與不動產開發（公司級業務待核驗）
5519,5519.TW,LD,隆大,57.08,,TWSE LISTED,建材營造,24.8,24.7,24.8,24.7,147000,3.65,24.91,25.12,-0.44,-1.27,0.2,-1.0,-1.98,33.86,58.0,58.0,33.86,58.0,-26.75,-57.24,-57.24,26.75,57.24,False,False,False,False,False,False,False,False,False,2026-10-07,建材營造,建材、營造與不動產開發（公司級業務待核驗）
5520,5520.TWO,Lihtai,力泰,50.68,,TPEx LISTED,建材營造,84.5,84.4,84.5,84.4,3000,0.25,83.94,83.44,0.67,1.27,0.36,1.2,1.56,91.9,98.3,98.3,91.9,98.3,-8.05,-14.04,-14.04,8.05,14.04,True,False,False,False,False,False,False,True,False,2026-10-07,建材營造,建材、營造與不動產開發（公司級業務待核驗）
5521,5521.TW,KSECO,工信,54.64,,TWSE LISTED,建材營造,11.1,10.95,11.15,10.9,2566227,28.49,10.83,10.695,2.49,3.79,1.37,3.74,4.72,28.0,28.0,28.0,28.0,28.0,-60.18,-60.18,-60.18,60.36,60.36,True,True,False,False,False,False,False,False,False,2026-10-07,建材營造,建材、營造與不動產開發（公司級業務待核驗）
5522,5522.TW,Farglory,遠雄,478.34,,TWSE LISTED,建材營造,61.2,60.0,61.4,60.0,502280,30.74,60.52,60.78,1.12,0.69,2.0,1.16,0.33,83.9,98.7,98.7,83.9,98.7,-26.82,-37.79,-37.79,27.06,37.99,False,False,False,True,False,False,False,False,False,2026-10-07,建材營造,建材、營造與不動產開發（公司級業務待核驗）
5523,5523.TWO,FONG CHIEN,豐謙,47.04,,TPEx LISTED,建材營造,30.35,30.15,30.35,30.15,3000,0.09,30.28,30.315,0.23,0.12,0.5,0.17,0.0,33.05,36.3,36.75,33.05,36.3,-8.17,-16.39,-17.41,8.17,16.39,False,False,False,True,False,False,False,True,False,2026-10-07,建材營造,建材、營造與不動產開發（公司級業務待核驗）
5525,5525.TW,SWEETEN,順天,69.82,,TWSE LISTED,建材營造,21.95,22.05,22.05,21.8,25005,0.55,21.87,22.005,0.37,-0.25,0.0,0.69,-0.23,28.3,41.57,41.57,28.3,41.57,-22.08,-46.96,-46.96,22.44,47.2,False,False,True,False,False,False,False,False,False,2026-10-07,建材營造,建材、營造與不動產開發（公司級業務待核驗）
5529,5529.TWO,MEGA,鉅陞,27.08,,TPEx LISTED,建材營造,25.6,27.05,27.15,25.0,1135000,29.06,25.94,26.07,-1.31,-1.8,-1.73,-1.73,-3.21,29.46,39.48,39.48,29.46,39.48,-7.85,-31.22,-31.22,13.11,35.15,False,False,False,False,False,False,False,False,False,2026-10-07,建材營造,建材、營造與不動產開發（公司級業務待核驗）
5530,5530.TWO,LUNG YEN,龍巖,202.9,,TPEx LISTED,其他,48.3,47.75,48.5,47.75,230063,11.11,48.37,48.62,-0.14,-0.66,0.94,-0.82,-1.13,58.4,90.0,90.0,58.4,90.0,-16.95,-46.11,-46.11,17.29,46.33,False,False,False,False,False,False,False,False,False,2026-10-07,其他,其他（公司级产品待核验）
5531,5531.TW,Shining,鄉林,68.53,,TWSE LISTED,建材營造,7.01,6.79,7.08,6.78,783104,5.49,6.846,6.908,2.4,1.48,3.7,2.19,1.3,9.15,14.75,20.1,9.15,14.75,-22.62,-52.0,-64.78,23.39,52.47,False,False,False,True,False,False,False,False,False,2026-10-07,建材營造,建材、營造與不動產開發（公司級業務待核驗）
5533,5533.TW,FOUNDING,皇鼎,39.65,,TWSE LISTED,建材營造,13.9,13.85,14.05,13.85,70470,0.98,13.89,13.93,0.07,-0.22,0.0,0.0,-0.36,14.85,28.95,28.95,14.85,28.95,-5.39,-51.47,-51.47,6.4,51.99,False,False,False,False,False,False,False,True,False,2026-10-07,建材營造,建材、營造與不動產開發（公司級業務待核驗）
5534,5534.TW,CHONG HONG,長虹,225.77,,TWSE LISTED,建材營造,71.6,71.0,71.7,70.6,426588,30.54,72.16,72.98,-0.78,-1.89,0.7,-1.92,-2.05,87.8,150.5,150.5,87.8,150.5,-18.34,-52.36,-52.36,18.45,52.43,False,False,False,False,False,False,False,False,False,2026-10-07,建材營造,建材、營造與不動產開發（公司級業務待核驗）
5536,5536.TWO,ACTER,聖暉*,1296.65,,TPEx LISTED,其他電子業,1045.0,1000.0,1060.0,982.0,2648000,2767.16,981.6,941.2,6.46,11.03,5.13,9.31,13.71,1490.0,1490.0,1490.0,1490.0,1490.0,-28.86,-28.86,-28.86,29.87,29.87,False,False,False,False,False,False,False,False,False,2026-10-07,其他電子業,其他電子：電子模組、感測器、電源與車用電子（公司級產品待核驗）
5538,5538.TW,TONG MING,東明-KY,73.04,,TWSE LISTED,鋼鐵工業,36.3,36.65,36.65,36.2,32000,1.16,36.3,35.92,-0.0,1.06,0.14,1.4,0.14,38.75,40.9,67.9,38.75,40.9,-5.42,-10.39,-46.02,6.32,11.25,False,False,False,False,False,False,False,True,False,2026-10-07,鋼鐵工業,鋼鐵、特殊鋼與金屬材料（公司級產品待核驗）
5543,5543.TWO,Buima,桓鼎-KY,12.38,,TPEx LISTED,建材營造,26.5,27.0,27.25,26.0,9000,0.24,27.19,27.15,-2.54,-2.39,-3.64,-3.64,-0.75,36.9,49.48,70.16,36.9,49.48,-26.15,-44.93,-61.16,28.18,46.44,False,False,False,False,False,False,False,False,False,2026-10-07,建材營造,建材、營造與不動產開發（公司級業務待核驗）
5546,5546.TW,YGI,永固-KY,11.41,,TWSE LISTED,建材營造,13.85,13.7,13.95,13.5,13000,0.18,13.9,14.095,-0.36,-1.74,-1.42,0.73,-3.48,23.85,42.55,90.0,23.85,42.55,-41.51,-67.22,-84.5,41.93,67.45,False,False,False,False,False,False,False,False,False,2026-10-07,建材營造,建材、營造與不動產開發（公司級業務待核驗）
5547,5547.TWO,Jioushun,久舜,10.3,,TPEx LISTED,建材營造,20.2,20.35,20.35,20.15,22000,0.44,20.16,20.095,0.2,0.52,0.0,0.0,0.25,25.17,25.17,25.17,25.17,25.17,-19.17,-19.17,-19.17,19.76,19.76,False,False,True,False,False,False,False,False,False,2026-10-07,建材營造,建材、營造與不動產開發（公司級業務待核驗）
5548,5548.TWO,ANCANG,安倉,12.81,,TPEx LISTED,建材營造,20.1,20.0,20.1,20.0,13412,0.27,20.04,20.145,0.3,-0.22,0.5,0.25,-0.25,24.15,36.29,36.29,24.15,36.29,-16.78,-44.61,-44.61,16.78,44.61,False,False,False,False,False,False,False,False,False,2026-10-07,建材營造,建材、營造與不動產開發（公司級業務待核驗）
5601,5601.TWO,TACT,台聯櫃,18.73,,TPEx LISTED,航運業,28.9,28.9,28.9,28.9,0,0.0,29.56,29.46,-2.23,-1.9,0.0,-5.4,0.0,38.0,39.95,45.5,38.0,39.95,-23.95,-27.66,-36.48,23.95,27.66,False,False,False,False,False,False,False,False,False,2026-10-07,航運業,海運、航空、港口與物流運輸（公司級業務待核驗）
5603,5603.TWO,SEA&LAND,陸海,14.79,,TPEx LISTED,航運業,14.1,14.15,14.3,13.9,117717,1.66,13.78,13.615,2.32,3.56,-0.7,4.06,5.62,19.95,34.35,44.62,19.95,34.35,-28.32,-58.37,-67.95,29.32,58.95,False,False,False,False,False,False,False,False,False,2026-10-07,航運業,海運、航空、港口與物流運輸（公司級業務待核驗）
5604,5604.TWO,CLTC,中連,34.48,,TPEx LISTED,其他,31.7,31.7,31.75,31.65,16000,0.51,31.55,31.31,0.48,1.25,0.63,0.96,1.6,40.2,51.5,108.0,40.2,51.5,-21.02,-38.35,-70.6,21.14,38.45,False,False,False,False,False,False,False,False,False,2026-10-07,其他,其他（公司级产品待核验）
5607,5607.TW,Farglory FTZ,遠雄港,194.54,,TWSE LISTED,航運業,52.5,52.3,52.9,52.2,259748,13.64,52.06,52.14,0.85,0.69,0.38,1.35,0.19,58.4,59.01,69.11,58.4,59.01,-9.42,-10.35,-23.46,10.1,11.02,False,False,False,False,False,False,False,False,False,2026-10-07,航運業,海運、航空、港口與物流運輸（公司級業務待核驗）
5608,5608.TW,S. W.,四維航,64.43,,TWSE LISTED,航運業,16.55,16.7,16.8,16.55,1519544,25.15,16.84,16.92,-1.72,-2.19,-0.9,-3.5,-2.36,19.75,25.15,71.47,19.75,25.15,-14.94,-33.2,-76.49,16.2,34.19,False,False,False,False,False,False,False,False,False,2026-10-07,航運業,海運、航空、港口與物流運輸（公司級業務待核驗）
5609,5609.TWO,DIMERCO,中菲行,112.45,,TPEx LISTED,航運業,78.7,78.5,78.9,78.5,192179,15.12,78.12,78.29,0.74,0.52,0.51,0.9,0.77,85.5,105.5,141.09,85.5,105.5,-7.72,-25.21,-44.08,7.95,25.4,False,False,False,False,False,False,False,True,False,2026-10-07,航運業,海運、航空、港口與物流運輸（公司級業務待核驗）
5701,5701.TWO,JFS,劍湖山,5.99,,TPEx LISTED,觀光餐旅,4.19,4.0,4.2,3.99,140653,0.59,4.076,4.094,2.8,2.34,4.75,2.95,3.2,6.5,7.51,12.39,6.5,7.51,-35.38,-44.07,-66.1,35.54,44.21,False,False,False,True,False,False,False,False,False,2026-10-07,觀光餐旅,觀光餐旅（公司级产品待核验）
5703,5703.TWO,Landis Taipei,亞都麗緻,9.69,,TPEx LISTED,觀光餐旅,13.8,13.5,13.8,13.5,2000,0.03,13.5,13.645,2.22,1.14,2.22,3.37,3.37,16.5,29.95,40.3,16.5,29.95,-16.36,-53.92,-65.76,16.36,53.92,False,False,False,True,False,False,False,False,False,2026-10-07,觀光餐旅,觀光餐旅（公司级产品待核验）
5704,5704.TWO,Chihpen Royal,老爺知,13.24,,TPEx LISTED,觀光餐旅,22.5,22.55,22.55,22.5,22000,0.49,22.51,22.555,-0.04,-0.24,0.0,0.22,-0.66,27.57,56.9,86.2,27.57,56.9,-18.2,-60.37,-73.84,18.38,60.46,False,False,False,False,False,False,False,False,False,2026-10-07,觀光餐旅,觀光餐旅（公司级产品待核验）
5706,5706.TW,PHX TOUR,鳳凰,37.28,,TWSE LISTED,觀光餐旅,44.5,44.8,44.8,44.0,55355,2.46,44.22,44.16,0.63,0.77,0.56,0.79,0.79,57.2,73.33,111.26,57.2,73.33,-21.68,-38.91,-59.73,22.2,39.32,False,False,True,True,False,False,False,False,False,2026-10-07,觀光餐旅,觀光餐旅（公司级产品待核验）
5864,5864.TWO,CIS,致和證,198.77,,TPEx LISTED,金融保險,39.4,39.1,39.9,38.85,2595072,102.25,39.06,38.21,0.87,3.11,1.42,1.03,0.51,48.29,48.29,48.29,48.29,48.29,-17.37,-17.37,-17.37,18.41,18.41,False,False,False,False,False,False,False,False,False,2026-10-07,金融保險,銀行、保險、證券與金融服務（公司級業務待核驗）
5871,5871.TW,Chailease,中租-KY,1850.39,,TWSE LISTED,其他,106.0,106.0,106.5,105.5,3879148,411.19,106.0,106.7,0.0,-0.66,0.95,0.0,-0.93,122.06,183.93,249.04,122.06,183.93,-12.75,-42.1,-57.24,13.16,42.37,False,False,False,False,False,False,False,False,False,2026-10-07,其他,其他（公司级产品待核验）
5876,5876.TW,SCSB,上海商銀,2430.56,,TWSE LISTED,金融保險,49.5,49.0,49.5,48.45,4896061,242.36,48.86,49.02,1.31,0.98,1.43,1.12,0.71,50.0,50.0,55.78,50.0,50.0,-1.0,-1.0,-11.26,1.0,1.0,False,False,True,True,False,False,False,True,True,2026-10-07,金融保險,銀行、保險、證券與金融服務（公司級業務待核驗）
5878,5878.TWO,TABC,台名,9.38,,TPEx LISTED,金融保險,37.5,37.5,37.5,37.5,4000,0.15,37.63,37.825,-0.35,-0.86,0.0,-0.79,-0.92,42.45,51.5,51.8,42.45,51.5,-11.66,-27.18,-27.61,11.66,27.18,False,False,False,False,False,False,False,False,False,2026-10-07,金融保險,銀行、保險、證券與金融服務（公司級業務待核驗）
5880,5880.TW,TCFHC,合庫金,4267.37,,TWSE LISTED,金融保險,26.55,26.0,26.55,26.0,14262520,378.67,26.11,26.295,1.69,0.97,2.31,1.53,1.72,27.6,27.6,27.6,27.6,27.6,-3.8,-3.8,-3.8,3.8,3.8,False,False,False,True,False,False,False,True,True,2026-10-07,金融保險,銀行、保險、證券與金融服務（公司級業務待核驗）
5902,5902.TWO,Tait,德記,32.18,,TPEx LISTED,居家生活,34.05,34.45,34.45,33.95,10000,0.34,34.14,34.215,-0.26,-0.48,0.0,-0.44,-1.3,44.75,49.75,49.75,44.75,49.75,-23.02,-30.75,-30.75,23.91,31.56,False,False,False,False,False,False,False,False,False,2026-10-07,居家生活,居家用品、建材、家具與生活消費品（公司級產品待核驗）
5903,5903.TWO,FamilyMart,全家,414.07,,TPEx LISTED,居家生活,185.5,185.5,186.0,185.0,13370,2.48,185.9,186.0,-0.22,-0.27,0.0,-0.27,-0.27,197.0,211.5,280.0,197.0,211.5,-5.58,-12.06,-33.57,5.84,12.29,False,False,False,False,False,False,False,True,False,2026-10-07,居家生活,居家用品、建材、家具與生活消費品（公司級產品待核驗）
5904,5904.TWO,POYA*,寶雅*,746.17,,TPEx LISTED,居家生活,70.1,69.1,70.3,68.7,3078156,215.78,69.02,69.44,1.56,0.95,2.04,2.49,0.57,92.3,92.3,92.3,92.3,92.3,-23.84,-23.84,-23.84,24.05,24.05,False,False,False,True,False,False,False,False,False,2026-10-07,居家生活,居家用品、建材、家具與生活消費品（公司級產品待核驗）
5905,5905.TWO,NRL,南仁湖,20.78,,TPEx LISTED,觀光餐旅,7.38,7.3,7.4,7.29,226820,1.67,7.338,7.319,0.57,0.83,1.23,0.68,0.82,9.8,25.4,25.4,9.8,25.4,-24.49,-70.87,-70.87,24.69,70.94,False,False,False,True,False,False,False,False,False,2026-10-07,觀光餐旅,觀光餐旅（公司级产品待核验）
5906,5906.TW,TAINAN CAYMAN,台南-KY,14.26,,TWSE LISTED,貿易百貨,38.0,38.0,38.0,38.0,2000,0.08,39.44,40.11,-3.65,-5.26,-2.44,-5.0,-7.32,50.76,75.32,79.86,50.76,75.32,-25.14,-49.55,-52.42,25.14,49.55,False,False,False,False,False,False,False,False,False,2026-10-07,貿易百貨,貿易、零售、百貨與消費通路（公司級業務待核驗）
5907,5907.TW,GORG,大洋-KY,9.15,,TWSE LISTED,貿易百貨,4.68,4.73,4.76,4.65,124000,0.58,4.726,4.773,-0.97,-1.95,0.65,-1.47,-2.7,6.64,14.3,39.65,6.64,14.3,-28.31,-66.71,-87.99,29.52,67.27,False,False,False,False,False,False,False,False,False,2026-10-07,貿易百貨,貿易、零售、百貨與消費通路（公司級業務待核驗）
6005,6005.TW,CSC,群益證,799.2,,TWSE LISTED,金融保險,32.55,32.7,33.05,32.55,5143910,167.43,32.44,32.285,0.34,0.82,-0.61,1.72,1.56,40.27,40.27,40.27,40.27,40.27,-17.94,-17.94,-17.94,19.18,19.18,False,False,False,False,False,False,False,False,False,2026-10-07,金融保險,銀行、保險、證券與金融服務（公司級業務待核驗）
6015,6015.TWO,HORIZON Sec.,宏遠證,71.84,,TPEx LISTED,金融保險,17.8,17.95,18.05,17.8,1645636,29.29,17.83,17.775,-0.17,0.14,-0.28,0.0,-0.84,24.0,24.0,27.41,24.0,24.0,-24.79,-24.79,-34.14,25.83,25.83,False,False,False,False,False,False,False,False,False,2026-10-07,金融保險,銀行、保險、證券與金融服務（公司級業務待核驗）
6016,6016.TWO,concords,康和證,185.38,,TPEx LISTED,金融保險,24.0,24.0,24.4,23.8,2415414,57.97,23.97,23.87,0.13,0.54,0.42,0.42,-1.23,32.44,32.44,32.44,32.44,32.44,-24.79,-24.79,-24.79,26.03,26.03,False,False,False,True,False,False,False,False,False,2026-10-07,金融保險,銀行、保險、證券與金融服務（公司級業務待核驗）
6020,6020.TWO,TACHAN,大展證,52.11,,TPEx LISTED,金融保險,20.65,20.5,20.65,20.5,6000,0.12,20.58,20.605,0.34,0.22,0.49,0.49,-0.48,26.15,26.15,28.5,26.15,26.15,-21.03,-21.03,-27.54,21.03,21.03,False,False,False,True,False,False,False,False,False,2026-10-07,金融保險,銀行、保險、證券與金融服務（公司級業務待核驗）
6021,6021.TWO,GOOD FINANCE,美好證,133.38,,TPEx LISTED,金融保險,42.75,42.7,43.15,42.3,122040,5.22,42.32,42.365,1.02,0.91,0.35,2.27,2.27,45.85,45.85,45.85,45.85,45.85,-5.89,-5.89,-5.89,6.76,6.76,False,False,False,True,False,False,False,True,True,2026-10-07,金融保險,銀行、保險、證券與金融服務（公司級業務待核驗）
6023,6023.TWO,Yuanta Futures,元大期貨,378.54,,TPEx LISTED,金融保險,84.5,84.9,84.9,84.0,250490,21.17,84.56,85.57,-0.07,-1.25,0.0,-0.24,-0.59,94.78,94.78,94.78,94.78,94.78,-10.43,-10.43,-10.43,10.85,10.85,False,False,False,False,False,False,False,False,False,2026-10-07,金融保險,銀行、保險、證券與金融服務（公司級業務待核驗）
6024,6024.TW,CFC,群益期,158.41,,TWSE LISTED,金融保險,59.4,59.7,59.7,59.3,101468,6.03,59.66,60.19,-0.44,-1.31,-0.17,-0.67,-1.66,63.8,63.8,63.8,63.8,63.8,-6.43,-6.43,-6.43,6.9,6.9,False,False,False,False,False,False,False,True,True,2026-10-07,金融保險,銀行、保險、證券與金融服務（公司級業務待核驗）
6026,6026.TWO,GFS,福邦證,62.79,,TPEx LISTED,金融保險,15.85,15.95,15.95,15.8,429021,6.8,15.9,15.925,-0.31,-0.47,0.0,-0.63,-1.55,19.55,19.55,19.91,19.55,19.55,-18.41,-18.41,-19.89,18.93,18.93,False,False,False,False,False,False,False,False,False,2026-10-07,金融保險,銀行、保險、證券與金融服務（公司級業務待核驗）
6028,6028.TWO,GIBC,公勝保經,28.0,,TPEx LISTED,金融保險,112.0,102.5,112.0,102.5,171010,19.15,102.46,100.49,9.31,11.45,9.8,12.22,13.13,124.5,150.45,150.45,124.5,150.45,-10.04,-25.56,-25.56,10.04,25.56,False,False,False,False,False,False,False,False,False,2026-10-07,金融保險,銀行、保險、證券與金融服務（公司級業務待核驗）
6101,6101.TWO,KIC,寬魚國際,45.18,,TPEx LISTED,文化創意業,38.75,37.9,38.8,37.65,604103,23.41,37.85,37.855,2.38,2.36,3.06,2.51,3.61,50.6,51.6,96.8,50.6,51.6,-23.32,-24.81,-59.92,23.42,24.9,False,False,True,True,False,False,False,False,False,2026-10-07,文化創意業,文化創意業（公司级产品待核验）
6103,6103.TWO,AVID,合邦,5.43,,TPEx LISTED,半導體業,39.9,37.7,39.9,37.7,64032,2.55,37.19,37.8,7.29,5.56,9.92,7.98,4.18,54.6,55.7,115.69,54.6,55.7,-26.92,-28.37,-65.51,26.92,28.37,False,False,False,True,False,False,False,False,False,2026-10-07,半導體業,半導體／IC設計或製造（細分環節待核驗）
6104,6104.TWO,GLI,創惟,79.74,,TPEx LISTED,半導體業,87.5,88.0,88.6,87.4,476201,41.67,90.0,90.32,-2.78,-3.12,-0.34,-5.2,-4.37,111.0,189.5,333.5,111.0,189.5,-20.18,-53.25,-73.43,21.17,53.83,False,False,False,False,False,False,False,False,False,2026-10-07,半導體業,半導體／IC設計或製造（細分環節待核驗）
6108,6108.TW,APCB INC.,競國,28.06,,TWSE LISTED,電子零組件業,25.95,24.5,26.15,24.5,3273353,84.94,25.54,24.915,1.61,4.15,2.17,0.97,3.59,26.6,26.6,33.8,26.6,26.6,-1.69,-1.69,-22.63,2.44,2.44,False,False,False,True,False,False,False,True,True,2026-10-07,電子零組件業,PCB印刷電路板
6109,6109.TWO,AtechOEM,亞元,9.05,,TPEx LISTED,通信網路業,10.3,10.2,10.35,10.2,99001,1.02,10.36,10.415,-0.58,-1.1,0.0,-0.48,-2.37,15.4,17.75,20.6,15.4,17.75,-32.79,-41.69,-49.76,33.12,41.97,False,False,False,False,False,False,False,False,False,2026-10-07,通信網路業,通信網路／網通設備
6111,6111.TWO,SFG,光聚晶電,38.9,,TPEx LISTED,文化創意業,35.85,36.05,36.7,35.85,79340,2.84,37.12,37.19,-3.42,-3.6,-1.1,-6.64,-7.24,51.3,86.2,127.76,51.3,86.2,-28.46,-57.42,-71.28,30.12,58.41,False,False,False,False,False,False,False,False,False,2026-10-07,文化創意業,文化創意業（公司级产品待核验）
6112,6112.TW,Metaage,邁達特,84.29,,TWSE LISTED,資訊服務業,44.75,44.8,44.9,44.45,473037,21.17,45.93,46.975,-2.57,-4.74,0.22,-6.09,-6.87,53.1,77.7,82.6,53.1,77.7,-15.44,-42.21,-45.64,15.73,42.41,False,False,False,False,False,False,False,False,False,2026-10-07,資訊服務業,資訊服務、軟體、雲端與系統整合（公司級產品待核驗）
6113,6113.TWO,ASEC,亞矽,12.43,,TPEx LISTED,電子通路業,23.65,24.0,24.0,23.6,52266,1.24,24.2,23.29,-2.27,1.55,-0.63,-3.27,4.42,31.3,45.24,45.24,31.3,45.24,-23.32,-46.95,-46.95,24.44,47.72,False,False,False,False,False,False,False,False,False,2026-10-07,電子通路業,電子通路、半導體代理與零組件分銷（公司級代理品類待核驗）
6114,6114.TWO,JUIC,久威,9.97,,TPEx LISTED,電子零組件業,22.7,22.8,22.95,22.5,52000,1.18,23.13,23.245,-1.86,-2.34,-0.44,-2.99,-3.2,34.5,55.3,78.64,34.5,55.3,-33.48,-58.5,-70.82,34.2,58.95,False,False,False,False,False,False,False,False,False,2026-10-07,電子零組件業,電子零組件：PCB、CCL、IC載板、連接器與被動元件（公司級品類待核驗）
6115,6115.TW,I-SHENG,鎰勝,82.38,,TWSE LISTED,電子零組件業,43.9,43.8,43.95,43.75,77000,3.38,43.96,44.03,-0.14,-0.3,0.34,-0.23,-0.23,50.1,59.5,59.5,50.1,59.5,-12.28,-26.13,-26.13,12.38,26.22,False,False,False,False,False,False,False,False,False,2026-10-07,電子零組件業,電子零組件：PCB、CCL、IC載板、連接器與被動元件（公司級品類待核驗）
6116,6116.TW,Hannstar,彩晶,443.09,,TWSE LISTED,光電業,15.5,15.45,15.65,15.2,27386993,424.5,15.71,15.515,-1.34,-0.1,0.32,-3.43,-5.2,22.7,22.7,30.7,22.7,22.7,-31.06,-31.06,-49.02,31.72,31.72,False,False,False,False,False,False,False,False,False,2026-10-07,光電業,光電顯示／光學元件
6117,6117.TW,IN WIN,迎廣,62.96,,TWSE LISTED,電腦及週邊設備業,68.0,69.2,72.0,67.7,2739057,186.26,64.74,63.34,5.04,7.36,-1.02,9.32,9.32,95.9,163.5,163.5,95.9,163.5,-24.92,-55.96,-55.96,29.09,58.41,False,False,False,False,False,False,False,False,False,2026-10-07,電腦及週邊設備業,電腦、伺服器與企業硬體
6118,6118.TWO,Xander,建達,14.68,,TPEx LISTED,電子通路業,16.15,16.25,16.4,16.0,206000,3.33,16.15,16.085,0.0,0.4,0.31,0.0,0.62,20.3,30.4,51.5,20.3,30.4,-19.21,-46.05,-68.16,20.44,46.88,False,False,False,False,False,False,False,False,False,2026-10-07,電子通路業,電子通路、半導體代理與零組件分銷（公司級代理品類待核驗）
6120,6120.TW,DARWIN,達運,83.86,,TWSE LISTED,光電業,14.0,14.15,14.25,13.8,4118800,57.66,14.5,13.86,-3.45,1.01,-1.06,-8.2,-2.44,16.5,21.78,51.33,16.5,21.78,-13.64,-34.57,-72.24,15.15,35.71,False,False,False,False,False,False,False,False,False,2026-10-07,光電業,光電顯示／光學元件
6121,6121.TWO,SMP,新普,684.39,,TPEx LISTED,電腦及週邊設備業,370.0,371.0,373.0,369.0,321323,118.89,377.4,377.3,-1.96,-1.93,-0.67,-3.39,-1.86,487.5,551.0,551.0,487.5,551.0,-23.49,-32.3,-32.3,24.1,32.85,False,False,False,False,False,False,False,False,False,2026-10-07,電腦及週邊設備業,電腦、伺服器與企業硬體
6122,6122.TWO,KPEC,擎邦,46.78,,TPEx LISTED,電機機械,59.9,58.1,61.0,58.1,1321556,79.16,61.0,59.15,-1.8,1.27,4.9,-6.26,-0.99,64.2,73.62,73.62,64.2,73.62,-4.98,-17.14,-17.14,6.7,18.64,False,False,False,False,False,False,False,True,False,2026-10-07,電機機械,電機機械、工業自動化與設備（公司級產品待核驗）
6123,6123.TWO,GrandTech,上奇,26.48,,TPEx LISTED,資訊服務業,42.65,42.9,42.9,42.5,17020,0.73,42.82,42.93,-0.4,-0.65,0.0,-0.93,-0.93,48.45,79.6,79.6,48.45,79.6,-11.46,-46.11,-46.11,11.97,46.42,False,False,False,False,False,False,False,False,False,2026-10-07,資訊服務業,資訊服務、軟體、雲端與系統整合（公司級產品待核驗）
6124,6124.TWO,YCTC,業強,49.63,,TPEx LISTED,電子零組件業,27.2,27.0,27.2,27.0,4120,0.11,27.14,27.15,0.22,0.18,0.74,0.37,0.0,41.6,48.0,53.9,41.6,48.0,-34.62,-43.33,-49.54,34.62,43.33,False,False,False,True,False,False,False,False,False,2026-10-07,電子零組件業,電子零組件：PCB、CCL、IC載板、連接器與被動元件（公司級品類待核驗）
6125,6125.TWO,KENMEC,廣運,129.76,,TPEx LISTED,電機機械,50.1,49.8,50.3,49.6,461400,23.12,50.19,49.62,-0.18,0.97,0.6,-1.57,0.4,78.6,140.0,140.0,78.6,140.0,-36.01,-64.07,-64.07,36.26,64.21,False,False,False,False,False,False,False,False,False,2026-10-07,電機機械,電機機械、工業自動化與設備（公司級產品待核驗）
6126,6126.TWO,SINGATRON,信音,42.14,,TPEx LISTED,電子零組件業,32.4,32.7,32.8,32.2,439200,14.23,32.1,31.43,0.93,3.09,-0.77,3.68,4.85,44.5,44.5,44.5,44.5,44.5,-26.29,-26.29,-26.29,27.19,27.19,False,False,False,False,False,False,False,False,False,2026-10-07,電子零組件業,電子零組件：PCB、CCL、IC載板、連接器與被動元件（公司級品類待核驗）
6127,6127.TWO,LEATEC,九豪,63.01,,TPEx LISTED,電子零組件業,58.3,56.4,60.7,56.4,12182546,710.24,57.62,53.47,1.18,9.03,2.64,-0.17,12.77,102.0,102.0,102.0,102.0,102.0,-40.49,-40.49,-40.49,42.84,42.84,False,False,False,False,False,False,False,False,False,2026-10-07,電子零組件業,電子零組件：PCB、CCL、IC載板、連接器與被動元件（公司級品類待核驗）
6128,6128.TW,GPI,上福,24.5,,TWSE LISTED,電腦及週邊設備業,19.2,19.15,19.2,19.15,18000,0.35,19.2,19.175,0.0,0.13,-0.78,0.0,0.0,27.15,43.65,49.0,27.15,43.65,-29.28,-56.01,-60.82,29.28,56.01,False,False,True,True,False,False,False,False,False,2026-10-07,電腦及週邊設備業,電腦、伺服器與企業硬體
6129,6129.TWO,PTC,普誠,22.96,,TPEx LISTED,半導體業,14.3,14.5,14.6,14.25,265592,3.8,14.366,14.557,-0.46,-1.76,0.89,-1.84,-2.49,23.72,37.47,64.23,23.72,37.47,-38.45,-61.03,-77.27,39.71,61.83,False,False,False,False,False,False,False,False,False,2026-10-07,半導體業,半導體／IC設計或製造（細分環節待核驗）
6130,6130.TWO,SHANGYA,上亞科技,11.27,,TPEx LISTED,生技醫療業,22.85,22.65,22.95,22.65,25000,0.57,23.06,23.37,-0.91,-2.23,0.44,-3.18,-3.79,45.75,48.3,72.82,45.75,48.3,-49.84,-52.48,-68.48,50.05,52.69,False,False,False,False,False,False,False,False,False,2026-10-07,生技醫療業,生技、製藥、醫療器材與健康服務（公司級產品待核驗）
6133,6133.TW,GBE,金橋,31.53,,TWSE LISTED,電子零組件業,26.95,28.05,28.35,26.65,4226050,113.89,28.52,27.99,-5.5,-3.72,-3.75,-7.39,-8.95,31.0,31.0,32.35,31.0,31.0,-8.55,-8.55,-12.36,13.06,13.06,False,False,False,False,False,False,False,False,False,2026-10-07,電子零組件業,電子零組件：PCB、CCL、IC載板、連接器與被動元件（公司級品類待核驗）
6134,6134.TWO,WanShih,萬旭,23.21,,TPEx LISTED,電子零組件業,28.35,28.4,29.3,28.25,300621,8.52,28.72,28.935,-1.29,-2.02,0.18,-1.9,-2.91,41.8,44.75,44.75,41.8,44.75,-29.9,-34.53,-34.53,32.18,36.65,False,False,False,False,False,False,False,False,False,2026-10-07,電子零組件業,電子零組件：PCB、CCL、IC載板、連接器與被動元件（公司級品類待核驗）
6136,6136.TW,FTC,富爾特,29.17,,TWSE LISTED,通信網路業,25.25,25.2,25.3,25.1,101404,2.56,25.21,25.06,0.16,0.76,0.8,-0.2,0.8,29.5,29.5,29.5,29.5,29.5,-14.24,-14.24,-14.24,14.41,14.41,False,False,False,False,False,False,False,False,False,2026-10-07,通信網路業,通信網路／網通設備
6138,6138.TWO,ANPEC,茂達,204.59,,TPEx LISTED,半導體業,270.5,272.0,273.0,264.0,958671,259.32,281.7,279.15,-3.98,-3.1,-4.25,-4.92,-1.99,441.0,441.0,441.0,441.0,441.0,-38.1,-38.1,-38.1,38.66,38.66,False,False,False,False,False,False,False,False,False,2026-10-07,半導體業,半導體／IC設計或製造（細分環節待核驗）
6139,6139.TW,L & K,亞翔,1853.98,,TWSE LISTED,其他電子業,787.0,788.0,795.0,780.0,2412507,1898.64,781.2,759.8,0.74,3.58,-1.01,1.55,4.1,987.0,987.0,987.0,987.0,987.0,-19.45,-19.45,-19.45,20.26,20.26,False,False,False,False,False,False,False,False,False,2026-10-07,其他電子業,其他電子：電子模組、感測器、電源與車用電子（公司級產品待核驗）
6140,6140.TWO,DIMENSION,訊達電腦,11.01,,TPEx LISTED,資訊服務業,20.05,20.25,20.6,20.0,952199,19.09,20.31,20.705,-1.28,-3.16,-7.39,-0.25,-0.74,26.9,47.18,47.18,26.9,47.18,-23.42,-56.34,-56.34,25.46,57.5,False,False,False,False,False,False,False,False,False,2026-10-07,資訊服務業,電腦、伺服器與企業硬體
6141,6141.TW,PLOTECH,柏承,60.53,,TWSE LISTED,電子零組件業,53.4,51.2,54.0,50.0,2581136,137.83,51.8,51.81,3.09,3.07,4.3,4.71,3.09,59.9,59.9,59.9,59.9,59.9,-9.85,-9.85,-9.85,10.85,10.85,False,False,False,True,False,False,False,False,False,2026-10-07,電子零組件業,電子零組件：PCB、CCL、IC載板、連接器與被動元件（公司級品類待核驗）
6142,6142.TW,CAMEO,友勁,27.68,,TWSE LISTED,通信網路業,9.1,9.02,9.17,8.95,595200,5.42,9.112,9.126,-0.13,-0.28,0.11,-0.44,-3.6,12.05,13.95,19.85,12.05,13.95,-23.9,-34.27,-53.8,24.48,34.77,False,False,False,False,False,False,False,False,False,2026-10-07,通信網路業,通信網路／網通設備
6143,6143.TWO,"NETRONIX,INC.",振曜,67.38,,TPEx LISTED,通信網路業,78.3,78.7,78.9,78.1,400403,31.35,79.8,80.57,-1.88,-2.82,-1.01,-3.21,-3.33,122.5,159.5,159.5,122.5,159.5,-35.59,-50.53,-50.53,36.08,50.91,False,False,False,False,False,False,False,False,False,2026-10-07,通信網路業,通信網路／網通設備
6144,6144.TWO,DMT,得利影,5.07,,TPEx LISTED,文化創意業,13.25,13.15,13.5,13.0,34025,0.45,13.27,12.915,-0.15,2.59,0.38,-5.69,5.58,22.3,125.0,125.0,22.3,125.0,-39.46,-89.2,-89.2,40.58,89.4,False,False,False,False,False,False,False,False,False,2026-10-07,文化創意業,文化創意業（公司级产品待核验）
6146,6146.TWO,SPORTON,耕興,184.89,,TPEx LISTED,其他電子業,181.5,181.0,182.5,180.0,156000,28.31,181.9,181.25,-0.22,0.14,-0.27,-1.09,0.0,239.5,295.0,295.0,239.5,295.0,-23.8,-38.14,-38.14,24.22,38.47,False,False,False,False,False,False,False,False,False,2026-10-07,其他電子業,其他電子：電子模組、感測器、電源與車用電子（公司級產品待核驗）
6147,6147.TWO,CHIPBOND,頎邦,1723.7,,TPEx LISTED,半導體業,231.5,216.5,238.0,215.5,78734659,18227.07,222.5,217.75,4.04,6.31,6.93,3.81,10.5,313.5,313.5,313.5,313.5,313.5,-24.08,-24.08,-24.08,26.16,26.16,False,False,False,True,False,False,False,False,False,2026-10-07,半導體業,半導體／IC設計或製造（細分環節待核驗）
6148,6148.TWO,AZION,驊宏資,17.29,,TPEx LISTED,資訊服務業,37.1,36.75,38.2,36.65,1378319,51.14,37.45,37.915,-0.93,-2.15,-1.59,-2.62,-2.62,42.1,80.0,80.0,42.1,80.0,-9.26,-52.25,-52.25,11.88,53.63,False,False,False,False,False,False,False,False,False,2026-10-07,資訊服務業,資訊服務、軟體、雲端與系統整合（公司級產品待核驗）
6150,6150.TWO,Tul,撼訊,31.42,,TPEx LISTED,電腦及週邊設備業,65.0,66.0,66.0,64.3,209447,13.61,67.04,64.41,-3.04,0.92,-0.76,-5.11,2.2,83.6,104.0,381.82,83.6,104.0,-21.05,-36.54,-82.71,22.25,37.5,False,False,False,False,False,False,False,False,False,2026-10-07,電腦及週邊設備業,電腦、伺服器與企業硬體
6151,6151.TWO,GINAR,晉倫,19.7,,TPEx LISTED,其他電子業,35.65,34.9,35.7,34.9,137000,4.88,35.09,35.015,1.6,1.81,2.3,1.28,2.59,51.0,64.9,64.9,51.0,64.9,-30.0,-44.99,-44.99,30.1,45.07,False,False,False,True,False,False,False,False,False,2026-10-07,其他電子業,其他電子：電子模組、感測器、電源與車用電子（公司級產品待核驗）
6152,6152.TW,PRIME,百一,33.21,,TWSE LISTED,通信網路業,19.8,19.7,20.1,18.9,22470990,444.93,17.43,16.295,13.6,21.51,4.49,26.11,29.41,22.2,22.2,22.2,22.2,22.2,-9.46,-9.46,-9.46,10.81,10.81,True,True,False,False,False,False,False,False,False,2026-10-07,通信網路業,通信網路／網通設備
6153,6153.TW,Career Tech.,嘉聯益,114.51,,TWSE LISTED,電子零組件業,18.0,18.15,18.2,17.7,2473198,44.52,17.92,17.68,0.45,1.81,0.0,0.28,-1.1,25.8,26.2,71.84,25.8,26.2,-29.46,-30.53,-74.67,30.23,31.3,False,False,True,False,False,False,False,False,False,2026-10-07,電子零組件業,電子零組件：PCB、CCL、IC載板、連接器與被動元件（公司級品類待核驗）
6154,6154.TWO,Sunfar,順發,11.41,,TPEx LISTED,電子通路業,14.25,14.1,14.25,14.05,8000,0.11,14.19,14.175,0.42,0.53,1.06,0.35,0.35,14.7,17.45,23.75,14.7,17.45,-3.06,-18.34,-40.0,3.06,18.34,False,False,False,True,False,False,False,True,False,2026-10-07,電子通路業,電子通路、半導體代理與零組件分銷（公司級代理品類待核驗）
6155,6155.TW,KC,鈞寶,62.94,,TWSE LISTED,電子零組件業,71.5,67.5,73.4,67.5,5795510,414.38,70.42,65.18,1.53,9.7,5.93,-1.38,12.95,103.0,103.0,103.0,103.0,103.0,-28.74,-28.74,-28.74,30.58,30.58,False,False,False,False,False,False,False,False,False,2026-10-07,電子零組件業,電子零組件：PCB、CCL、IC載板、連接器與被動元件（公司級品類待核驗）
6156,6156.TWO,SONG SHANG,松上,25.24,,TPEx LISTED,電子零組件業,23.4,24.0,24.3,23.25,2039000,47.71,22.73,21.975,2.95,6.48,-2.09,4.7,7.09,34.5,40.6,40.6,34.5,40.6,-29.57,-40.15,-40.15,32.17,42.36,False,False,False,False,False,False,False,False,False,2026-10-07,電子零組件業,電子零組件：PCB、CCL、IC載板、連接器與被動元件（公司級品類待核驗）
6158,6158.TWO,P-TWO,禾昌,9.82,,TPEx LISTED,電子零組件業,17.85,17.8,17.9,17.75,35056,0.63,17.62,17.445,1.31,2.32,0.28,2.59,3.78,22.35,41.5,101.2,22.35,41.5,-19.91,-56.87,-82.31,20.13,56.99,False,False,False,False,False,False,False,False,False,2026-10-07,電子零組件業,電子零組件：PCB、CCL、IC載板、連接器與被動元件（公司級品類待核驗）
6160,6160.TWO,Cipherlab,欣技,9.49,,TPEx LISTED,電腦及週邊設備業,13.85,14.1,14.1,13.55,58001,0.8,13.92,13.95,-0.5,-0.72,-1.07,-0.36,-0.36,19.25,34.95,41.6,19.25,34.95,-26.75,-59.66,-66.11,28.05,60.37,False,False,False,False,False,False,False,False,False,2026-10-07,電腦及週邊設備業,電腦、伺服器與企業硬體
6161,6161.TWO,JETWAY,捷波,27.56,,TPEx LISTED,電腦及週邊設備業,49.0,50.1,50.1,49.0,29500,1.45,49.42,49.515,-0.85,-1.04,0.0,-1.31,-4.85,65.0,98.13,98.13,65.0,98.13,-22.92,-48.95,-48.95,24.62,50.07,False,False,False,False,False,False,False,False,False,2026-10-07,電腦及週邊設備業,電腦、伺服器與企業硬體
6163,6163.TWO,HWACOM,華電網,63.78,,TPEx LISTED,資訊服務業,42.85,41.95,42.9,41.0,1065412,45.65,42.16,41.825,1.64,2.45,2.15,4.0,2.76,76.6,76.6,76.6,76.6,76.6,-43.99,-43.99,-43.99,44.06,44.06,False,False,False,True,False,False,False,False,False,2026-10-07,資訊服務業,資訊服務、軟體、雲端與系統整合（公司級產品待核驗）
6164,6164.TW,LEDTECH,華興,10.68,,TWSE LISTED,光電業,13.35,13.2,13.4,13.1,630058,8.41,13.13,12.735,1.68,4.83,0.38,5.95,5.95,17.4,22.94,26.12,17.4,22.94,-22.99,-41.58,-48.71,23.28,41.8,False,False,False,False,False,False,False,False,False,2026-10-07,光電業,光電顯示／光學元件
6165,6165.TW,Lang,浪凡,37.13,,TWSE LISTED,數位雲端,47.75,47.7,48.2,47.2,2658000,126.92,48.61,48.845,-1.77,-2.24,0.1,-3.34,-4.5,55.0,64.2,91.2,55.0,64.2,-12.36,-24.92,-47.15,13.18,25.62,False,False,False,False,False,False,False,False,False,2026-10-07,數位雲端,數位雲端、軟體服務與電子商務（公司級產品待核驗）
6166,6166.TW,ADLINK,凌華,285.29,,TWSE LISTED,電腦及週邊設備業,131.0,130.0,131.0,127.5,1162645,152.31,130.1,130.4,0.69,0.46,0.77,0.77,-1.5,174.0,174.0,174.0,174.0,174.0,-24.71,-24.71,-24.71,24.71,24.71,False,False,False,True,False,False,False,False,False,2026-10-07,電腦及週邊設備業,電腦、伺服器與企業硬體
6167,6167.TWO,POWERTIP,久正,15.04,,TPEx LISTED,光電業,10.51,10.51,10.51,10.51,0,0.0,10.469,10.495,0.39,0.15,-0.0,0.98,-0.0,17.86,21.42,23.07,17.86,21.42,-41.14,-50.94,-54.43,41.14,50.94,False,False,False,False,False,False,False,False,False,2026-10-07,光電業,光電顯示／光學元件
6168,6168.TW,HARVATEK CORPOR,宏齊,85.29,,TWSE LISTED,光電業,41.45,43.65,44.15,40.3,11675565,483.95,45.07,44.5,-8.03,-6.85,-5.37,-9.89,-8.4,50.6,50.6,50.6,50.6,50.6,-12.75,-12.75,-12.75,18.08,18.08,False,False,False,False,False,False,False,False,False,2026-10-07,光電業,光電顯示／光學元件
6169,6169.TWO,InterServ,昱泉,2.81,,TPEx LISTED,文化創意業,12.0,11.6,12.0,11.6,16000,0.19,11.97,12.005,0.25,-0.04,0.0,0.0,0.0,19.9,30.5,106.05,19.9,30.5,-39.7,-60.66,-88.68,39.7,60.66,False,False,False,False,False,False,False,False,False,2026-10-07,文化創意業,文化創意業（公司级产品待核验）
6170,6170.TWO,WELLDONE,統振,47.8,,TPEx LISTED,通信網路業,49.15,48.9,49.25,48.65,115178,5.66,49.01,48.685,0.29,0.96,0.61,-0.2,1.03,53.8,62.8,65.5,53.8,62.8,-8.46,-21.58,-24.81,8.64,21.74,False,False,False,True,False,False,False,True,False,2026-10-07,通信網路業,通信網路／網通設備
6171,6171.TWO,Tacheng,大城地產,24.0,,TPEx LISTED,建材營造,24.0,23.9,24.3,23.8,178000,4.27,24.79,25.655,-3.19,-6.45,-0.41,-2.04,-10.28,28.95,59.6,59.6,28.95,59.6,-16.06,-59.23,-59.23,17.1,59.73,False,False,False,False,False,False,False,False,False,2026-10-07,建材營造,建材、營造與不動產開發（公司級業務待核驗）
6173,6173.TWO,P.D.C.,信昌電,486.21,,TPEx LISTED,電子零組件業,302.128,302.128,302.128,302.128,0,0.0,311.809,315.266,-3.1,-4.17,0.0,-6.27,-1.56,385.64,385.64,385.64,385.64,385.64,-21.66,-21.66,-21.66,21.66,21.66,False,False,False,False,False,False,False,False,False,2026-10-07,電子零組件業,電子零組件：PCB、CCL、IC載板、連接器與被動元件（公司級品類待核驗）
6174,6174.TWO,AKER,安碁,29.1,,TPEx LISTED,電子零組件業,58.2,53.0,59.8,52.7,5842804,340.05,55.64,50.215,4.6,15.9,6.79,5.82,27.91,67.0,67.0,67.0,67.0,67.0,-10.75,-10.75,-10.75,13.13,13.13,False,False,False,False,False,False,False,False,False,2026-10-07,電子零組件業,電子零組件：PCB、CCL、IC載板、連接器與被動元件（公司級品類待核驗）
6175,6175.TWO,LITON,立敦,115.59,,TPEx LISTED,電子零組件業,77.0,76.5,79.7,76.4,3680317,283.38,76.24,73.0,1.0,5.48,1.32,0.39,9.37,123.0,123.0,123.0,123.0,123.0,-35.2,-35.2,-35.2,37.4,37.4,False,False,False,False,False,False,False,False,False,2026-10-07,電子零組件業,電子零組件：PCB、CCL、IC載板、連接器與被動元件（公司級品類待核驗）
6176,6176.TW,ROEC,瑞儀,317.73,,TWSE LISTED,光電業,91.1,91.5,91.5,90.7,758018,69.06,91.72,91.68,-0.68,-0.63,-0.44,-1.3,-0.11,182.67,299.33,299.33,182.67,299.33,-49.91,-69.43,-69.43,50.13,69.57,False,False,False,False,False,False,False,False,False,2026-10-07,光電業,光電顯示／光學元件
6177,6177.TW,"DA-LI CO.,LTD.",達麗,216.82,,TWSE LISTED,建材營造,45.9,45.4,45.95,45.15,555402,25.49,45.8,46.15,0.22,-0.54,1.66,-0.22,-1.18,56.6,69.82,69.82,56.6,69.82,-18.82,-34.19,-34.19,18.9,34.26,False,False,False,False,False,False,False,False,False,2026-10-07,建材營造,建材、營造與不動產開發（公司級業務待核驗）
6179,6179.TWO,ATE ENERGY,亞通,66.94,,TPEx LISTED,其他,37.75,37.25,37.85,36.65,4478245,169.05,36.7,36.48,2.86,3.48,0.53,3.42,3.99,41.9,41.9,54.86,41.9,41.9,-9.67,-9.67,-31.01,9.9,9.9,False,False,True,False,False,False,False,True,True,2026-10-07,其他,其他（公司级产品待核验）
6180,6180.TWO,GAMANIA,橘子,69.58,,TPEx LISTED,文化創意業,39.65,40.95,41.15,39.65,625020,24.78,41.01,40.945,-3.32,-3.16,-3.76,-3.76,-4.23,54.4,90.8,119.5,54.4,90.8,-24.36,-54.68,-65.56,27.11,56.33,False,False,False,False,False,False,False,False,False,2026-10-07,文化創意業,文化創意業（公司级产品待核验）
6182,6182.TWO,WAFER WORKS,合晶,844.16,,TPEx LISTED,半導體業,135.0,128.5,135.5,127.5,69991249,9448.82,131.9,126.85,2.35,6.42,5.47,0.0,1.5,194.5,194.5,194.5,194.5,194.5,-30.33,-30.33,-30.33,30.59,30.59,False,False,False,False,False,False,False,False,False,2026-10-07,半導體業,半導體／IC設計或製造（細分環節待核驗）
6183,6183.TW,TRADE-VAN,關貿,137.1,,TWSE LISTED,資訊服務業,91.4,91.4,92.0,90.7,37000,3.38,91.7,91.44,-0.33,-0.04,-0.33,-0.33,-0.44,100.0,112.0,112.0,100.0,112.0,-8.0,-17.86,-17.86,8.6,18.39,False,False,False,False,False,False,False,True,False,2026-10-07,資訊服務業,資訊服務、軟體、雲端與系統整合（公司級產品待核驗）
6184,6184.TW,Dafeng TV Ltd.,大豐電,63.29,,TWSE LISTED,其他,40.0,39.9,40.0,39.9,68000,2.72,40.11,40.205,-0.27,-0.51,0.25,-0.37,-0.74,49.35,61.7,61.7,49.35,61.7,-18.95,-35.17,-35.17,18.95,35.17,False,False,False,False,False,False,False,False,False,2026-10-07,其他,其他（公司级产品待核验）
6185,6185.TWO,PLASTRON,幃翔,18.81,,TPEx LISTED,電子零組件業,12.55,12.55,12.6,12.45,134135,1.68,12.51,12.51,0.32,0.32,0.4,0.8,0.4,15.65,19.3,28.6,15.65,19.3,-19.49,-34.72,-55.94,19.81,34.97,False,False,False,True,False,False,False,False,False,2026-10-07,電子零組件業,電子零組件：PCB、CCL、IC載板、連接器與被動元件（公司級品類待核驗）
6186,6186.TWO,Shin Ruenn,新潤,56.43,,TPEx LISTED,建材營造,28.95,28.75,29.05,28.75,238132,6.89,28.88,29.05,0.24,-0.34,0.52,0.17,-0.69,55.7,96.96,96.96,55.7,96.96,-47.85,-70.04,-70.04,48.03,70.14,False,False,False,False,False,False,False,False,False,2026-10-07,建材營造,建材、營造與不動產開發（公司級業務待核驗）
6187,6187.TWO,ALL RING,萬潤,1508.33,,TPEx LISTED,半導體業,1535.0,1545.0,1570.0,1510.0,2289037,3513.67,1438.0,1342.5,6.75,14.34,0.0,13.28,17.18,1590.0,1590.0,1590.0,1590.0,1590.0,-1.26,-1.26,-1.26,3.46,3.46,False,False,False,False,False,False,False,True,True,2026-10-07,半導體業,半導體／IC設計或製造（細分環節待核驗）
6188,6188.TWO,QSI,廣明,173.97,,TPEx LISTED,電腦及週邊設備業,62.5,62.2,62.8,62.2,525121,32.82,62.08,62.01,0.68,0.79,1.13,0.16,0.64,122.5,135.0,135.0,122.5,135.0,-48.73,-53.48,-53.48,48.98,53.7,False,False,False,False,False,False,False,False,False,2026-10-07,電腦及週邊設備業,電腦、伺服器與企業硬體
6189,6189.TW,Promate,豐藝,130.33,,TWSE LISTED,電子通路業,49.4,49.9,49.9,49.3,132272,6.53,49.71,49.545,-0.62,-0.29,-0.5,-1.0,-1.98,60.5,94.58,94.58,60.5,94.58,-17.52,-47.24,-47.24,18.35,47.77,False,False,False,False,False,False,False,False,False,2026-10-07,電子通路業,電子通路、半導體代理與零組件分銷（公司級代理品類待核驗）
6190,6190.TWO,WONDERFUL,萬泰科,142.5,,TPEx LISTED,通信網路業,76.4,75.1,78.8,75.0,3381893,258.38,74.4,71.74,2.69,6.5,0.26,7.91,8.52,99.6,99.6,99.6,99.6,99.6,-20.88,-20.88,-20.88,23.29,23.29,False,False,False,False,False,False,False,False,False,2026-10-07,通信網路業,通信網路／網通設備
6191,6191.TW,GBM,精成科,436.89,,TWSE LISTED,電子零組件業,87.5,87.1,87.7,86.1,2072684,181.36,85.84,84.57,1.93,3.46,0.81,3.31,4.17,121.5,149.5,149.5,121.5,149.5,-27.82,-41.34,-41.34,27.98,41.47,True,True,False,False,False,False,False,False,False,2026-10-07,電子零組件業,電子零組件：PCB、CCL、IC載板、連接器與被動元件（公司級品類待核驗）
6192,6192.TW,LUMAX,巨路,107.21,,TWSE LISTED,其他電子業,111.5,111.0,112.0,111.0,71000,7.92,110.4,110.3,1.0,1.09,0.9,1.83,1.83,136.0,136.0,136.0,136.0,136.0,-17.65,-17.65,-17.65,18.01,18.01,False,False,False,False,False,False,False,False,False,2026-10-07,其他電子業,其他電子：電子模組、感測器、電源與車用電子（公司級產品待核驗）
6194,6194.TWO,YUFO,育富,15.29,,TPEx LISTED,電子零組件業,31.85,31.55,31.85,31.35,74000,2.36,30.7,30.45,3.75,4.6,0.95,6.34,6.7,36.25,52.1,52.1,36.25,52.1,-12.14,-38.87,-38.87,12.14,38.87,True,False,False,False,False,False,False,False,False,2026-10-07,電子零組件業,電子零組件：PCB、CCL、IC載板、連接器與被動元件（公司級品類待核驗）
6195,6195.TWO,SCAN-D,詩肯,14.08,,TPEx LISTED,居家生活,28.05,27.85,28.1,27.8,11102,0.31,28.11,28.11,-0.21,-0.21,-0.18,-0.18,-0.71,29.25,43.2,64.1,29.25,43.2,-3.93,-34.95,-56.16,4.1,35.07,False,False,False,False,False,False,False,True,False,2026-10-07,居家生活,居家用品、建材、家具與生活消費品（公司級產品待核驗）
6196,6196.TW,MIC,帆宣,1476.21,,TWSE LISTED,其他電子業,670.0,660.0,675.0,660.0,1149171,769.94,646.4,601.0,3.65,11.48,1.06,8.41,14.53,684.0,684.0,684.0,684.0,684.0,-1.32,-1.32,-1.32,2.05,2.05,False,False,False,False,False,False,False,True,True,2026-10-07,其他電子業,其他電子：電子模組、感測器、電源與車用電子（公司級產品待核驗）
6197,6197.TW,JPC,佳必琪,457.96,,TWSE LISTED,電子零組件業,371.0,366.0,371.0,363.0,3975311,1474.84,350.1,334.95,5.97,10.76,1.64,9.28,13.8,405.0,405.0,405.0,405.0,405.0,-8.4,-8.4,-8.4,8.4,8.4,True,True,False,False,False,False,False,True,True,2026-10-07,電子零組件業,電子零組件：PCB、CCL、IC載板、連接器與被動元件（公司級品類待核驗）
6198,6198.TWO,Rich Circle,瑞築,33.77,,TPEx LISTED,建材營造,19.7,19.7,19.7,19.7,0,0.0,19.77,19.665,-0.35,0.18,0.0,-1.25,-1.75,27.9,70.9,70.9,27.9,70.9,-29.39,-72.21,-72.21,29.39,72.21,False,False,False,False,False,False,False,False,False,2026-10-07,建材營造,建材、營造與不動產開發（公司級業務待核驗）
6199,6199.TWO,TienPin,天品,86.16,,TPEx LISTED,其他,139.5,135.5,139.5,134.5,6515261,908.88,133.7,128.45,4.34,8.6,2.95,5.68,9.41,135.5,146.0,146.0,139.5,146.0,2.95,-4.45,-4.45,0.0,4.45,True,True,False,False,True,False,False,True,True,2026-10-07,其他,其他（公司级产品待核验）
6201,6201.TW,YAHORNG,亞弘電,39.47,,TWSE LISTED,其他電子業,44.25,44.05,44.4,44.0,8000,0.35,44.25,44.375,0.0,-0.28,0.57,-0.34,-0.78,56.9,69.9,69.9,56.9,69.9,-21.97,-36.48,-36.48,22.23,36.7,False,False,False,False,False,False,False,False,False,2026-10-07,其他電子業,其他電子：電子模組、感測器、電源與車用電子（公司級產品待核驗）
6202,6202.TW,HOLTEK,盛群,140.31,,TWSE LISTED,半導體業,60.9,60.4,61.6,59.9,1553170,94.59,61.12,59.76,-0.36,1.91,0.5,-3.64,3.92,81.0,81.0,151.5,81.0,81.0,-23.95,-23.95,-59.34,24.81,24.81,False,False,False,False,False,False,False,False,False,2026-10-07,半導體業,半導體／IC設計或製造（細分環節待核驗）
6203,6203.TWO,Sea Sonic,海韻電,49.28,,TPEx LISTED,電子零組件業,59.8,59.8,59.8,59.3,73000,4.37,60.04,59.91,-0.4,-0.18,0.0,-0.83,-0.33,78.1,101.5,131.5,78.1,101.5,-23.43,-41.08,-54.52,23.43,41.08,False,False,False,False,False,False,False,False,False,2026-10-07,電子零組件業,電子零組件：PCB、CCL、IC載板、連接器與被動元件（公司級品類待核驗）
6204,6204.TWO,ALPHA,艾華,25.76,,TPEx LISTED,電子零組件業,111.5,110.0,115.5,108.0,438636,48.91,109.9,106.4,1.46,4.79,0.9,1.36,8.25,130.0,171.0,171.0,130.0,171.0,-11.15,-32.46,-32.46,14.23,34.8,False,False,False,False,False,False,False,False,False,2026-10-07,電子零組件業,電子零組件：PCB、CCL、IC載板、連接器與被動元件（公司級品類待核驗）
6205,6205.TW,COXOC,詮欣,59.13,,TWSE LISTED,電子零組件業,71.9,72.8,73.4,71.8,767501,55.18,72.54,71.62,-0.88,0.39,-1.1,-2.44,0.84,104.5,104.5,104.5,104.5,104.5,-29.76,-29.76,-29.76,31.2,31.2,False,False,False,False,False,False,False,False,False,2026-10-07,電子零組件業,電子零組件：PCB、CCL、IC載板、連接器與被動元件（公司級品類待核驗）
6206,6206.TW,FLYTECH,飛捷,192.42,,TWSE LISTED,電腦及週邊設備業,134.5,135.5,136.0,134.0,614260,82.62,136.7,138.45,-1.61,-2.85,-0.74,-1.82,-3.58,159.0,183.0,183.0,159.0,183.0,-14.47,-25.68,-25.68,15.41,26.5,False,False,False,False,False,False,False,False,False,2026-10-07,電腦及週邊設備業,電腦、伺服器與企業硬體
6207,6207.TWO,LASERTEK,雷科,137.27,,TPEx LISTED,電子零組件業,147.5,142.0,150.5,142.0,11975265,1766.35,147.2,137.9,0.2,6.96,2.79,-0.34,-2.32,181.5,181.5,181.5,181.5,181.5,-17.08,-17.08,-17.08,18.73,18.73,False,False,False,False,False,False,False,False,False,2026-10-07,電子零組件業,電子零組件：PCB、CCL、IC載板、連接器與被動元件（公司級品類待核驗）
6208,6208.TWO,Htc,日揚,75.38,,TPEx LISTED,半導體業,79.8,80.0,81.3,79.5,126040,10.06,79.88,77.43,-0.1,3.06,0.0,-0.75,5.0,108.5,108.5,108.5,108.5,108.5,-25.07,-25.07,-25.07,26.45,26.45,False,False,False,False,False,False,False,False,False,2026-10-07,半導體業,半導體／IC設計或製造（細分環節待核驗）
6209,6209.TW,KINKO,今國光,165.34,,TWSE LISTED,光電業,90.9,87.8,92.0,87.4,18682613,1698.25,86.54,83.09,5.04,9.4,4.12,8.34,11.26,104.5,104.5,104.5,104.5,104.5,-11.96,-11.96,-11.96,13.01,13.01,False,False,False,False,False,False,False,False,False,2026-10-07,光電業,光電顯示／光學元件
6210,6210.TWO,KINTECH,慶生,6.27,,TPEx LISTED,電子零組件業,17.9,17.65,18.15,17.65,6000,0.11,17.84,17.75,0.34,0.85,1.7,0.56,0.0,22.65,30.9,57.8,22.65,30.9,-19.87,-41.26,-68.6,20.97,42.07,False,False,False,True,False,False,False,False,False,2026-10-07,電子零組件業,電子零組件：PCB、CCL、IC載板、連接器與被動元件（公司級品類待核驗）
6212,6212.TWO,LI MING,理銘,32.84,,TPEx LISTED,建材營造,32.2,32.2,32.2,32.2,1000,0.03,32.12,32.45,0.25,-0.77,0.47,0.31,-4.31,41.4,119.5,119.5,41.4,119.5,-22.22,-73.05,-73.05,22.22,73.05,False,False,False,False,False,False,False,False,False,2026-10-07,建材營造,建材、營造與不動產開發（公司級業務待核驗）
6213,6213.TW,ITEQ,聯茂,2894.23,,TWSE LISTED,電子零組件業,796.0,787.0,813.0,780.0,15646544,12454.65,731.8,658.1,8.77,20.95,1.14,16.54,27.77,818.0,818.0,818.0,818.0,818.0,-0.61,-0.61,-0.61,2.69,2.69,True,True,False,False,False,False,False,True,True,2026-10-07,電子零組件業,CCL覆銅板／樹脂與基板材料
6214,6214.TW,SYSTEX,精誠,515.9,,TWSE LISTED,資訊服務業,189.5,188.5,190.5,188.0,624418,118.33,188.8,189.2,0.37,0.16,0.53,0.53,0.8,195.0,195.0,195.0,195.0,195.0,-2.31,-2.31,-2.31,2.82,2.82,False,False,False,True,False,False,False,True,True,2026-10-07,資訊服務業,資訊服務、軟體、雲端與系統整合（公司級產品待核驗）
6215,6215.TW,Aurotek,和椿,81.02,,TWSE LISTED,其他電子業,97.0,98.1,99.0,96.9,408200,39.6,97.56,97.43,-0.57,-0.44,-1.12,-0.82,-0.72,138.0,164.0,164.0,138.0,164.0,-28.26,-39.63,-39.63,29.71,40.85,False,False,False,False,False,False,False,False,False,2026-10-07,其他電子業,其他電子：電子模組、感測器、電源與車用電子（公司級產品待核驗）
6216,6216.TW,DrayTek Corp.,居易,20.68,,TWSE LISTED,通信網路業,21.25,19.9,21.75,19.9,677297,14.39,20.07,19.86,5.88,7.0,7.32,8.14,6.52,29.15,53.9,53.9,29.15,53.9,-25.39,-59.65,-59.65,27.1,60.58,False,False,False,False,False,False,False,False,False,2026-10-07,通信網路業,通信網路／網通設備
6217,6217.TWO,C.C.P.,中探針,202.77,,TPEx LISTED,電子零組件業,173.0,175.0,179.5,173.0,2567357,444.15,175.4,173.45,-1.37,-0.26,-0.57,-2.54,-1.98,371.0,371.0,371.0,371.0,371.0,-51.62,-51.62,-51.62,53.37,53.37,False,False,False,False,False,False,False,False,False,2026-10-07,電子零組件業,電子零組件：PCB、CCL、IC載板、連接器與被動元件（公司級品類待核驗）
6218,6218.TWO,Hauman,豪勉,39.07,,TPEx LISTED,通信網路業,60.8,56.3,60.9,56.1,7041577,428.13,61.18,61.69,-0.62,-1.44,7.61,-5.59,-1.78,69.0,69.0,69.0,69.0,69.0,-11.74,-11.74,-11.74,11.88,11.88,False,False,False,False,False,False,False,False,False,2026-10-07,通信網路業,通信網路／網通設備
6219,6219.TWO,FULL WANG,富旺,15.0,,TPEx LISTED,建材營造,12.0,12.2,12.2,11.9,56000,0.67,12.17,12.145,-1.4,-1.19,-1.64,-1.23,-1.64,20.9,54.76,54.76,20.9,54.76,-41.63,-77.72,-77.72,42.58,78.09,False,False,False,False,False,False,False,False,False,2026-10-07,建材營造,建材、營造與不動產開發（公司級業務待核驗）
6220,6220.TWO,YFC-BONEAGLE,岳豐,37.57,,TPEx LISTED,電子零組件業,25.65,25.8,25.85,25.45,192025,4.93,25.46,25.325,0.75,1.28,0.2,0.79,1.79,46.5,46.5,74.77,46.5,46.5,-44.41,-44.41,-65.43,44.84,44.84,False,False,True,False,False,False,False,False,False,2026-10-07,電子零組件業,電子零組件：PCB、CCL、IC載板、連接器與被動元件（公司級品類待核驗）
6221,6221.TWO,Genesis,晉泰,50.66,,TPEx LISTED,資訊服務業,30.05,30.8,31.0,29.9,748032,22.48,30.43,31.035,-1.25,-3.17,-2.44,-0.66,-3.06,33.9,65.78,65.78,33.9,65.78,-8.55,-52.87,-52.87,11.36,54.32,False,False,False,False,False,False,False,False,False,2026-10-07,資訊服務業,資訊服務、軟體、雲端與系統整合（公司級產品待核驗）
6222,6222.TWO,Li Hsuan,立軒,19.14,,TPEx LISTED,光電業,20.0,20.0,20.0,20.0,1000,0.02,19.83,19.305,0.86,3.6,0.0,0.25,3.63,23.6,48.8,48.8,23.6,48.8,-15.25,-59.02,-59.02,15.25,59.02,False,False,False,False,False,False,False,False,False,2026-10-07,光電業,光電顯示／光學元件
6223,6223.TWO,MPI,旺矽,5418.37,,TPEx LISTED,半導體業,5530.0,5590.0,5725.0,5480.0,791694,4378.07,5412.0,5375.0,2.18,2.88,-2.47,4.14,7.9,7700.0,7700.0,7700.0,7700.0,7700.0,-25.65,-25.65,-25.65,28.18,28.18,False,False,False,False,False,False,False,False,False,2026-10-07,半導體業,半導體／IC設計或製造（細分環節待核驗）
6224,6224.TW,PTTC.,聚鼎,68.69,,TWSE LISTED,電子零組件業,80.2,78.6,83.3,78.6,1017000,81.56,80.16,80.7,0.05,-0.62,2.3,-0.74,1.78,97.5,97.5,188.0,97.5,97.5,-14.56,-14.56,-55.69,17.74,17.74,False,False,False,False,False,False,False,False,False,2026-10-07,電子零組件業,電子零組件：PCB、CCL、IC載板、連接器與被動元件（公司級品類待核驗）
6225,6225.TW,aiPlex,天瀚,41.22,,TWSE LISTED,光電業,68.7,65.7,70.4,65.7,198354,13.63,68.68,60.76,0.03,13.07,-2.28,0.59,12.81,80.0,80.0,80.0,80.0,80.0,-12.0,-12.0,-12.0,14.13,14.13,False,False,False,False,False,False,False,False,False,2026-10-07,光電業,光電顯示／光學元件
6226,6226.TW,Para Light,光鼎,50.2,,TWSE LISTED,光電業,43.45,42.45,45.0,42.45,17034752,740.16,44.61,44.46,-2.6,-2.27,2.96,-6.36,-3.66,51.7,51.7,51.7,51.7,51.7,-12.96,-12.96,-12.96,15.96,15.96,False,False,False,False,False,False,False,False,False,2026-10-07,光電業,光電顯示／光學元件
6227,6227.TWO,Macnica Galaxy,茂綸,106.94,,TPEx LISTED,電子通路業,140.5,142.0,143.0,138.5,671030,94.28,140.4,137.5,0.07,2.18,-0.71,0.0,6.44,151.5,151.5,151.5,151.5,151.5,-5.61,-5.61,-5.61,7.26,7.26,False,False,False,False,False,False,False,True,True,2026-10-07,電子通路業,電子通路、半導體代理與零組件分銷（公司級代理品類待核驗）
6228,6228.TWO,PIE,全譜,5.26,,TPEx LISTED,電腦及週邊設備業,18.15,17.7,18.15,17.3,8713,0.16,18.05,18.095,0.55,0.3,2.54,-0.55,-3.46,28.05,78.6,78.6,28.05,78.6,-35.29,-76.91,-76.91,35.29,76.91,False,False,False,True,False,False,False,False,False,2026-10-07,電腦及週邊設備業,電腦、伺服器與企業硬體
6229,6229.TWO,V-TAC,研通,9.65,,TPEx LISTED,半導體業,23.9,24.1,24.3,23.9,70002,1.67,24.06,23.95,-0.67,-0.21,0.0,-1.24,-1.24,31.25,46.55,56.0,31.25,46.55,-22.24,-47.8,-56.61,23.52,48.66,False,False,False,False,False,False,False,False,False,2026-10-07,半導體業,半導體／IC設計或製造（細分環節待核驗）
6230,6230.TW,NCCI,尼得科超眾,99.73,,TWSE LISTED,電腦及週邊設備業,115.5,115.0,118.5,114.5,91009,10.51,113.0,112.5,2.21,2.67,1.32,3.59,2.21,190.5,403.5,403.5,190.5,403.5,-37.8,-70.63,-70.63,39.37,71.38,True,False,False,False,False,False,False,False,False,2026-10-07,電腦及週邊設備業,電腦、伺服器與企業硬體
6231,6231.TWO,Insyde,系微,107.05,,TPEx LISTED,資訊服務業,234.5,234.0,237.0,234.0,91007,21.34,236.9,234.5,-1.01,0.0,0.21,-3.5,-0.21,373.0,614.0,614.0,373.0,614.0,-36.46,-61.4,-61.4,37.13,61.81,False,False,False,False,False,False,False,False,False,2026-10-07,資訊服務業,資訊服務、軟體、雲端與系統整合（公司級產品待核驗）
6233,6233.TWO,PROLIFIC,旺玖,20.2,,TPEx LISTED,半導體業,24.95,24.5,25.25,24.4,634014,15.82,24.01,22.855,3.92,9.17,2.25,5.94,9.43,31.0,49.8,55.4,31.0,49.8,-18.55,-49.3,-54.42,19.52,49.9,True,False,False,False,False,False,False,False,False,2026-10-07,半導體業,半導體／IC設計或製造（細分環節待核驗）
6234,6234.TWO,TERA AUTO,高僑,41.96,,TPEx LISTED,光電業,41.8,41.35,41.8,41.3,1567078,65.5,39.63,39.15,5.48,6.77,10.0,4.63,5.16,63.3,63.3,63.3,63.3,63.3,-33.97,-33.97,-33.97,33.97,33.97,False,False,False,False,False,False,False,False,False,2026-10-07,光電業,光電顯示／光學元件
6235,6235.TW,Waffer,華孚,73.37,,TWSE LISTED,電腦及週邊設備業,36.7,37.4,37.4,36.55,602095,22.1,38.21,38.645,-3.95,-5.03,-2.13,-6.73,-6.14,64.8,147.5,183.0,64.8,147.5,-42.28,-74.64,-79.56,43.36,75.12,False,False,False,False,False,False,False,False,False,2026-10-07,電腦及週邊設備業,電腦、伺服器與企業硬體
6236,6236.TWO,Neith Corp.,中湛,7.04,,TPEx LISTED,數位雲端,16.9,16.9,16.9,16.9,0,0.0,17.26,17.515,-2.09,-3.51,0.0,0.0,-8.65,28.55,37.8,46.85,28.55,37.8,-40.81,-55.29,-63.93,40.81,55.29,False,False,False,False,False,False,False,False,False,2026-10-07,數位雲端,數位雲端、軟體服務與電子商務（公司級產品待核驗）
6237,6237.TWO,CMEI,驊訊,28.39,,TPEx LISTED,半導體業,35.65,35.3,36.45,35.3,219301,7.82,35.9,36.06,-0.7,-1.14,1.28,-1.79,-2.33,58.5,74.9,177.0,58.5,74.9,-37.69,-51.34,-79.41,39.06,52.4,False,False,False,False,False,False,False,False,False,2026-10-07,半導體業,半導體／IC設計或製造（細分環節待核驗）
6239,6239.TW,PTI,力成,2334.38,,TWSE LISTED,半導體業,307.5,310.5,313.0,304.0,14329259,4406.25,303.2,295.2,1.42,4.17,-0.97,-0.16,6.22,387.0,387.0,387.0,387.0,387.0,-19.12,-19.12,-19.12,20.54,20.54,False,False,False,False,False,False,False,False,False,2026-10-07,半導體業,半導體封裝測試（晶圓測試與封裝）
6240,6240.TWO,Sung Gang,松崗,6.0,,TPEx LISTED,資訊服務業,26.25,26.1,26.85,26.0,24000,0.63,26.01,25.605,0.92,2.52,0.57,-0.57,2.74,28.25,31.8,94.4,28.25,31.8,-4.96,-15.57,-71.56,7.08,17.45,False,False,False,False,False,False,False,True,False,2026-10-07,資訊服務業,資訊服務、軟體、雲端與系統整合（公司級產品待核驗）
6241,6241.TWO,AMIGO,鑫永洋,7.44,,TPEx LISTED,通信網路業,16.35,16.45,16.45,16.05,87459,1.43,16.28,15.94,0.43,2.57,-0.3,0.62,0.31,26.18,33.17,60.3,26.18,33.17,-37.16,-50.4,-72.72,37.54,50.7,False,False,False,False,False,False,False,False,False,2026-10-07,通信網路業,通信網路／網通設備
6242,6242.TWO,LI KANG,立康,10.77,,TPEx LISTED,生技醫療業,33.85,33.85,33.85,33.85,0,0.0,33.89,33.96,-0.12,-0.32,0.0,0.0,-0.59,39.4,59.56,68.94,39.4,59.56,-14.09,-43.17,-50.9,14.09,43.17,False,False,False,False,False,False,False,False,False,2026-10-07,生技醫療業,生技、製藥、醫療器材與健康服務（公司級產品待核驗）
6243,6243.TW,ENE,迅杰,17.79,,TWSE LISTED,半導體業,39.3,39.0,39.55,38.6,233072,9.16,40.03,39.69,-1.82,-0.98,0.77,-4.38,-0.51,55.5,90.4,90.4,55.5,90.4,-28.74,-56.25,-56.25,29.19,56.53,False,False,False,False,False,False,False,False,False,2026-10-07,半導體業,半導體／IC設計或製造（細分環節待核驗）
6244,6244.TWO,MOTECH,茂迪,88.25,,TPEx LISTED,光電業,22.8,22.95,23.0,22.6,2299155,52.42,23.39,23.635,-2.52,-3.53,-0.65,-5.39,-8.98,39.1,39.1,50.96,39.1,39.1,-41.18,-41.18,-54.86,41.69,41.69,False,False,False,False,False,False,False,False,False,2026-10-07,光電業,光電顯示／光學元件
6245,6245.TWO,Lanner,立端,127.99,,TPEx LISTED,通信網路業,87.3,87.6,88.4,87.2,417250,36.43,88.14,87.32,-0.95,-0.02,-0.57,-1.02,-0.57,94.3,124.0,133.02,94.3,124.0,-6.26,-28.71,-33.54,7.42,29.6,False,False,False,False,False,False,False,True,False,2026-10-07,通信網路業,通信網路／網通設備
6246,6246.TWO,TTFIC,臺龍,4.79,,TPEx LISTED,光電業,12.65,12.8,12.8,12.65,10005,0.13,12.67,12.77,-0.16,-0.94,0.0,0.0,-1.56,18.9,32.75,32.75,18.9,32.75,-32.28,-60.92,-60.92,33.07,61.37,False,False,False,False,False,False,False,False,False,2026-10-07,光電業,光電顯示／光學元件
6248,6248.TWO,TMP,沛波,17.14,,TPEx LISTED,鋼鐵工業,17.15,17.15,17.15,16.95,44486,0.76,17.18,17.025,-0.17,0.73,0.0,-0.29,0.0,22.3,37.15,37.15,22.3,37.15,-23.09,-53.84,-53.84,23.09,53.84,False,False,False,False,False,False,False,False,False,2026-10-07,鋼鐵工業,鋼鐵、特殊鋼與金屬材料（公司級產品待核驗）
6257,6257.TW,SIGURD,矽格,1345.28,,TWSE LISTED,半導體業,278.0,283.0,293.5,272.0,47061101,13082.99,267.6,256.75,3.89,8.28,-2.8,7.96,9.45,286.0,286.0,286.0,293.5,293.5,2.62,2.62,2.62,5.28,5.28,False,False,False,False,True,True,True,True,True,2026-10-07,半導體業,半導體／IC設計或製造（細分環節待核驗）
6259,6259.TWO,BULLWILL,百徽,9.17,,TPEx LISTED,電子零組件業,32.7,32.3,34.0,32.3,487214,15.93,32.52,30.98,0.55,5.55,1.24,0.15,8.1,43.3,43.3,43.3,43.3,43.3,-21.48,-21.48,-21.48,24.48,24.48,False,False,False,False,False,False,False,False,False,2026-10-07,電子零組件業,電子零組件：PCB、CCL、IC載板、連接器與被動元件（公司級品類待核驗）
6261,6261.TWO,YTEC,久元,100.1,,TPEx LISTED,半導體業,77.9,78.5,78.5,77.5,378038,29.45,78.46,78.65,-0.71,-0.95,-0.51,-1.27,-1.52,136.0,136.0,136.0,136.0,136.0,-42.28,-42.28,-42.28,42.72,42.72,False,False,False,False,False,False,False,False,False,2026-10-07,半導體業,半導體／IC設計或製造（細分環節待核驗）
6263,6263.TWO,Planet,普萊德,111.25,,TPEx LISTED,通信網路業,178.0,180.0,180.0,174.5,705502,125.58,170.8,163.9,4.22,8.6,1.42,5.01,12.3,195.0,195.5,195.5,195.0,195.5,-7.69,-7.93,-7.93,8.72,8.95,False,False,False,False,False,False,False,True,True,2026-10-07,通信網路業,通信網路／網通設備
6264,6264.TWO,KL,富裔,8.28,,TPEx LISTED,建材營造,6.07,6.1,6.1,6.0,26000,0.16,6.118,6.066,-0.78,0.07,-0.33,-4.41,0.66,7.29,18.5,32.67,7.29,18.5,-16.32,-67.03,-81.33,16.74,67.19,False,False,False,False,False,False,False,False,False,2026-10-07,建材營造,建材、營造與不動產開發（公司級業務待核驗）
6265,6265.TWO,KCU,方土昶,58.08,,TPEx LISTED,電子通路業,49.15,48.8,50.4,48.6,863004,42.42,49.24,48.56,-0.18,1.21,1.03,-1.9,1.03,68.7,68.7,68.7,68.7,68.7,-26.64,-26.64,-26.64,28.46,28.46,False,False,False,False,False,False,False,False,False,2026-10-07,電子通路業,電子通路、半導體代理與零組件分銷（公司級代理品類待核驗）
6266,6266.TWO,TOP UNION,泰詠,40.62,,TPEx LISTED,電子零組件業,26.4,26.75,26.75,25.8,302043,7.97,26.36,25.635,0.15,2.98,-0.56,-1.86,5.6,32.0,33.41,40.17,32.0,33.41,-16.41,-19.94,-33.41,17.5,20.99,False,False,False,False,False,False,False,False,False,2026-10-07,電子零組件業,電子零組件：PCB、CCL、IC載板、連接器與被動元件（公司級品類待核驗）
6269,6269.TW,FLEXIUM,台郡,211.46,,TWSE LISTED,電子零組件業,65.3,65.3,65.6,64.9,1204105,78.63,65.26,65.06,0.06,0.37,0.77,-1.21,-1.06,91.8,101.5,153.0,91.8,101.5,-28.54,-35.37,-57.12,28.87,35.67,False,False,False,True,False,False,False,False,False,2026-10-07,電子零組件業,軟性電路板FPC／軟板模組
6270,6270.TWO,PCT,倍微,21.57,,TPEx LISTED,電子通路業,29.9,30.35,30.7,29.9,148068,4.43,30.41,30.035,-1.68,-0.45,-1.48,-3.55,-0.33,46.55,46.55,46.55,46.55,46.55,-34.05,-34.05,-34.05,35.77,35.77,False,False,False,False,False,False,False,False,False,2026-10-07,電子通路業,電子通路、半導體代理與零組件分銷（公司級代理品類待核驗）
6271,6271.TW,THEIL,同欣電,504.88,,TWSE LISTED,半導體業,241.5,239.5,246.0,239.0,4038002,975.18,236.7,232.25,2.03,3.98,1.26,2.99,6.62,302.0,302.0,302.0,302.0,302.0,-18.54,-18.54,-18.54,20.03,20.03,False,False,False,False,False,False,False,False,False,2026-10-07,半導體業,半導體／IC設計或製造（細分環節待核驗）
6272,6272.TW,WIESON,驊陞,20.85,,TWSE LISTED,電子零組件業,25.5,25.3,25.6,25.15,96000,2.45,25.39,25.445,0.43,0.22,1.39,-1.35,-0.39,46.0,68.3,68.3,46.0,68.3,-44.35,-62.52,-62.52,44.57,62.66,False,False,False,True,False,False,False,False,False,2026-10-07,電子零組件業,電子零組件：PCB、CCL、IC載板、連接器與被動元件（公司級品類待核驗）
6274,6274.TWO,tuc,台燿,5150.71,,TPEx LISTED,電子零組件業,1720.0,1740.0,1835.0,1710.0,11612143,19972.89,1682.0,1581.0,2.26,8.79,-1.99,6.17,13.16,1920.0,1920.0,1920.0,1920.0,1920.0,-4.43,-4.43,-4.43,10.42,10.42,False,False,False,False,False,False,False,False,False,2026-10-07,電子零組件業,CCL覆銅板／高速高頻基板材料
6275,6275.TWO,Y.S.TECH,元山,38.04,,TPEx LISTED,電子零組件業,47.35,47.15,47.7,47.15,127008,6.01,47.49,46.82,-0.29,1.13,0.42,-1.04,0.42,61.9,72.6,72.6,61.9,72.6,-22.94,-34.3,-34.3,23.51,34.78,False,False,False,False,False,False,False,False,False,2026-10-07,電子零組件業,電子零組件：PCB、CCL、IC載板、連接器與被動元件（公司級品類待核驗）
6276,6276.TWO,Antec,安鈦克,4.23,,TPEx LISTED,電腦及週邊設備業,19.2,19.45,19.9,18.65,19278,0.37,19.54,19.54,-1.74,-1.74,-1.29,-2.29,-0.52,40.5,138.57,138.57,40.5,138.57,-50.86,-85.64,-85.64,52.59,86.14,False,False,False,False,False,False,False,False,False,2026-10-07,電腦及週邊設備業,電腦、伺服器與企業硬體
6277,6277.TW,ATEN,宏正,93.31,,TWSE LISTED,電腦及週邊設備業,78.1,77.6,78.3,77.6,70005,5.47,77.62,77.56,0.62,0.7,0.0,1.3,1.43,88.6,88.6,103.0,88.6,88.6,-11.63,-11.63,-23.98,11.85,11.85,False,False,True,False,False,False,False,False,False,2026-10-07,電腦及週邊設備業,電腦、伺服器與企業硬體
6278,6278.TW,TSMT,台表科,732.46,,TWSE LISTED,光電業,250.5,229.5,250.5,227.0,21689405,5433.2,227.6,220.65,10.06,13.53,7.05,15.44,14.91,254.5,254.5,254.5,254.5,254.5,-1.57,-1.57,-1.57,1.57,1.57,True,False,False,False,False,False,False,True,True,2026-10-07,光電業,光電顯示／光學元件
6279,6279.TWO,HU LANE,胡連,138.06,,TPEx LISTED,電子零組件業,116.0,117.0,118.0,116.0,416200,48.28,115.8,113.85,0.17,1.89,-0.43,-0.85,3.11,131.0,184.76,184.76,131.0,184.76,-9.92,-36.13,-36.13,11.45,37.22,False,False,False,False,False,False,False,False,False,2026-10-07,電子零組件業,電子零組件：PCB、CCL、IC載板、連接器與被動元件（公司級品類待核驗）
6281,6281.TW,E-LIFE,全國電,50.48,,TWSE LISTED,電子通路業,50.9,51.2,51.2,50.8,12007,0.61,50.88,50.96,0.04,-0.12,0.2,0.0,-0.2,63.7,88.4,88.5,63.7,88.4,-19.62,-42.08,-42.15,20.09,42.42,False,False,False,False,False,False,False,False,False,2026-10-07,電子通路業,電子通路、半導體代理與零組件分銷（公司級代理品類待核驗）
6282,6282.TW,Acbel,康舒,377.11,,TWSE LISTED,電子零組件業,44.05,43.75,44.4,43.55,4656520,205.12,43.96,43.515,0.2,1.23,0.57,-0.34,0.8,70.8,70.8,70.8,70.8,70.8,-37.29,-37.29,-37.29,37.78,37.78,False,False,False,False,False,False,False,False,False,2026-10-07,電子零組件業,電子零組件：PCB、CCL、IC載板、連接器與被動元件（公司級品類待核驗）
6283,6283.TW,SOE,淳安,27.97,,TWSE LISTED,其他電子業,18.95,18.95,18.95,18.85,31000,0.59,19.06,19.015,-0.58,-0.34,-0.26,-1.04,-2.82,26.65,38.45,76.2,26.65,38.45,-28.89,-50.72,-75.13,28.89,50.72,False,False,False,False,False,False,False,False,False,2026-10-07,其他電子業,其他電子：電子模組、感測器、電源與車用電子（公司級產品待核驗）
6284,6284.TWO,INPAQ,佳邦,119.18,,TPEx LISTED,電子零組件業,80.0,78.8,82.0,78.8,1547214,123.78,79.8,77.6,0.25,3.09,1.65,0.25,5.82,131.0,131.0,131.0,131.0,131.0,-37.4,-37.4,-37.4,38.93,38.93,False,False,False,False,False,False,False,False,False,2026-10-07,電子零組件業,電子零組件：PCB、CCL、IC載板、連接器與被動元件（公司級品類待核驗）
6285,6285.TW,WNC,啟碁,1244.86,,TWSE LISTED,通信網路業,257.5,258.0,264.0,252.5,11117885,2862.86,247.3,240.65,4.12,7.0,0.59,8.19,9.11,336.5,336.5,336.5,336.5,336.5,-21.55,-21.55,-21.55,23.48,23.48,True,False,False,False,False,False,False,False,False,2026-10-07,通信網路業,通信網路／網通設備
6290,6290.TWO,LONGWELL,良維,482.66,,TPEx LISTED,電子零組件業,284.5,287.0,292.5,281.5,4139730,1177.75,282.1,278.4,0.85,2.19,-1.9,2.71,1.61,375.0,375.0,375.0,375.0,375.0,-22.0,-22.0,-22.0,24.13,24.13,False,False,False,False,False,False,False,False,False,2026-10-07,電子零組件業,電子零組件：PCB、CCL、IC載板、連接器與被動元件（公司級品類待核驗）
6291,6291.TWO,AIC,沛亨,197.19,,TPEx LISTED,半導體業,469.5,468.0,484.0,467.5,590692,277.33,480.8,488.1,-2.35,-3.81,1.08,-4.77,-6.1,718.0,718.0,718.0,718.0,718.0,-32.59,-32.59,-32.59,34.61,34.61,False,False,False,False,False,False,False,False,False,2026-10-07,半導體業,半導體／IC設計或製造（細分環節待核驗）
6292,6292.TWO,AXIS,迅德,32.06,,TPEx LISTED,電子零組件業,68.8,70.2,71.5,68.8,291000,20.02,69.66,68.02,-1.23,1.15,-1.99,-2.96,3.3,74.0,88.9,88.9,74.0,88.9,-3.38,-19.57,-19.57,7.03,22.61,False,False,False,False,False,False,False,True,False,2026-10-07,電子零組件業,電子零組件：PCB、CCL、IC載板、連接器與被動元件（公司級品類待核驗）
6294,6294.TWO,Tekom,智基,7.23,,TPEx LISTED,文化創意業,27.75,27.75,27.75,27.75,2053,0.06,27.95,28.17,-0.72,-1.49,0.0,-1.07,-1.77,48.5,121.23,150.0,48.5,121.23,-42.78,-77.11,-81.5,42.78,77.11,False,False,False,False,False,False,False,False,False,2026-10-07,文化創意業,文化創意業（公司级产品待核验）
6405,6405.TW,ONANO,悅城,26.48,,TWSE LISTED,光電業,40.25,40.6,41.5,39.75,689001,27.73,42.07,43.095,-4.33,-6.6,-0.86,-5.29,-19.66,89.1,89.1,89.1,89.1,89.1,-53.42,-53.42,-53.42,54.83,54.83,False,False,False,False,False,False,False,False,False,2026-10-07,光電業,光電顯示／光學元件
6409,6409.TW,VOLTRONIC,旭隼,783.69,,TWSE LISTED,其他電子業,888.0,890.0,922.0,885.0,214227,190.23,889.2,888.0,-0.13,0.0,-0.22,0.23,-2.09,1380.0,2385.0,2385.0,1380.0,2385.0,-33.19,-61.34,-61.34,35.65,62.77,False,False,False,False,False,False,False,False,False,2026-10-07,其他電子業,其他電子：電子模組、感測器、電源與車用電子（公司級產品待核驗）
6411,6411.TWO,Amazing,晶焱,78.31,,TPEx LISTED,半導體業,78.7,79.0,79.3,78.4,176009,13.85,78.76,78.42,-0.08,0.36,0.25,-1.01,1.42,117.5,133.5,298.92,117.5,133.5,-32.51,-40.6,-73.47,33.02,41.05,False,False,False,False,False,False,False,False,False,2026-10-07,半導體業,半導體／IC設計或製造（細分環節待核驗）
6412,6412.TW,Chicony Power,群電,296.57,,TWSE LISTED,電子零組件業,74.0,74.5,74.5,73.8,626375,46.35,74.54,74.48,-0.72,-0.64,0.0,-1.33,-1.07,112.0,196.0,196.0,112.0,196.0,-33.48,-61.99,-61.99,33.93,62.24,False,False,False,False,False,False,False,False,False,2026-10-07,電子零組件業,電子零組件：PCB、CCL、IC載板、連接器與被動元件（公司級品類待核驗）
6414,6414.TW,ENNOCONN,樺漢,597.69,,TWSE LISTED,電腦及週邊設備業,395.0,400.5,402.5,393.5,556095,219.66,401.4,391.85,-1.59,0.8,-1.37,-1.62,0.77,522.0,522.0,522.0,522.0,522.0,-22.89,-22.89,-22.89,24.33,24.33,False,False,False,False,False,False,False,False,False,2026-10-07,電腦及週邊設備業,網通設備／交換器、路由器與企業網路
6415,6415.TW,Silergy,矽力*-KY,1782.01,,TWSE LISTED,半導體業,456.5,443.0,461.0,442.0,2132243,973.37,437.2,428.55,4.41,6.52,1.56,7.41,11.61,694.0,694.0,1372.5,694.0,694.0,-33.57,-33.57,-66.41,34.22,34.22,True,True,False,False,False,False,False,False,False,2026-10-07,半導體業,半導體／IC設計或製造（細分環節待核驗）
6416,6416.TW,CASWELL,瑞祺電通,86.55,,TWSE LISTED,通信網路業,118.0,120.5,120.5,117.0,793162,93.59,119.5,117.6,-1.26,0.34,-3.28,0.43,3.06,124.0,166.5,196.0,124.0,166.5,-2.82,-27.63,-38.52,4.84,29.13,False,False,False,False,False,False,False,True,False,2026-10-07,通信網路業,通信網路／網通設備
6417,6417.TWO,SAG,韋僑,44.6,,TPEx LISTED,通信網路業,105.5,104.0,105.5,104.0,44000,4.64,103.6,102.75,1.83,2.68,1.44,1.44,3.43,152.5,152.5,194.5,152.5,152.5,-30.82,-30.82,-45.76,30.82,30.82,False,False,False,False,False,False,False,False,False,2026-10-07,通信網路業,通信網路／網通設備
6418,6418.TWO,Y-S ELEC.,詠昇,11.86,,TPEx LISTED,電子零組件業,34.35,34.25,34.5,34.25,49000,1.68,34.39,34.57,-0.12,-0.64,0.29,-0.87,-0.87,44.2,80.0,80.0,44.2,80.0,-21.95,-56.88,-56.88,22.29,57.06,False,False,False,False,False,False,False,False,False,2026-10-07,電子零組件業,電子零組件：PCB、CCL、IC載板、連接器與被動元件（公司級品類待核驗）
6419,6419.TWO,NUUO,京晨科,21.71,,TPEx LISTED,光電業,165.0,168.5,173.0,165.0,374000,61.71,163.2,157.5,1.1,4.76,-2.08,5.77,5.77,194.5,194.5,194.5,194.5,194.5,-11.05,-11.05,-11.05,15.17,15.17,False,False,False,False,False,False,False,False,False,2026-10-07,光電業,光電顯示／光學元件
6423,6423.TWO,YMC,億而得,27.01,,TPEx LISTED,半導體業,87.1,88.9,89.0,86.6,65100,5.67,91.48,88.77,-4.79,-1.88,-1.47,-8.8,1.4,136.0,137.71,180.34,136.0,137.71,-34.56,-35.37,-50.65,35.96,36.75,False,False,False,False,False,False,False,False,False,2026-10-07,半導體業,半導體／IC設計或製造（細分環節待核驗）
6425,6425.TWO,EFC,易發,37.61,,TPEx LISTED,電機機械,73.2,74.7,76.0,72.8,672227,49.21,77.08,75.5,-5.03,-3.05,-1.74,-8.27,-7.34,109.0,109.0,109.0,109.0,109.0,-30.28,-30.28,-30.28,32.84,32.84,False,False,False,False,False,False,False,False,False,2026-10-07,電機機械,電機機械、工業自動化與設備（公司級產品待核驗）
6426,6426.TW,APOGEE,統新,133.82,,TWSE LISTED,通信網路業,347.5,353.0,368.5,347.0,2530345,879.29,351.4,359.25,-1.11,-3.27,-1.0,-3.87,0.72,412.0,412.0,412.0,412.0,412.0,-10.56,-10.56,-10.56,15.66,15.66,False,False,False,False,False,False,False,False,False,2026-10-07,通信網路業,通信網路／網通設備
6431,6431.TW,KL,光麗-KY,16.56,,TWSE LISTED,生技醫療業,17.0,16.65,17.0,16.6,169000,2.87,17.03,17.23,-0.18,-1.33,2.41,-0.29,-3.41,30.25,32.0,40.05,30.25,32.0,-43.8,-46.88,-57.55,43.8,46.88,False,False,False,False,False,False,False,False,False,2026-10-07,生技醫療業,生技、製藥、醫療器材與健康服務（公司級產品待核驗）
6432,6432.TWO,ARLITECH,今展科,25.68,,TPEx LISTED,電子零組件業,66.2,64.4,70.0,64.4,1761021,116.58,66.78,63.99,-0.87,3.45,3.12,-0.6,4.25,86.9,86.9,86.9,86.9,86.9,-19.45,-19.45,-19.45,23.82,23.82,False,False,False,False,False,False,False,False,False,2026-10-07,電子零組件業,電子零組件：PCB、CCL、IC載板、連接器與被動元件（公司級品類待核驗）
6435,6435.TWO,Sinopower,大中,96.28,,TPEx LISTED,半導體業,257.0,259.0,261.0,255.5,734692,188.82,267.5,259.05,-3.93,-0.79,-3.02,-7.22,1.98,447.5,447.5,447.5,447.5,447.5,-41.68,-41.68,-41.68,42.57,42.57,False,False,False,False,False,False,False,False,False,2026-10-07,半導體業,半導體／IC設計或製造（細分環節待核驗）
6438,6438.TW,SAA,迅得,136.05,,TWSE LISTED,其他電子業,165.5,168.0,169.0,164.5,548956,90.85,166.6,162.2,-0.66,2.03,-1.19,-1.49,0.91,193.0,249.89,249.89,193.0,249.89,-12.44,-32.37,-32.37,14.25,33.77,False,False,False,False,False,False,False,False,False,2026-10-07,其他電子業,其他電子：電子模組、感測器、電源與車用電子（公司級產品待核驗）
6441,6441.TWO,IBS,廣錠,12.02,,TPEx LISTED,電腦及週邊設備業,22.55,22.55,22.8,22.45,103200,2.33,23.97,24.325,-5.92,-7.3,0.0,-9.62,-8.7,33.35,56.6,161.65,33.35,56.6,-31.63,-59.72,-85.9,32.38,60.16,False,False,False,False,False,False,False,False,False,2026-10-07,電腦及週邊設備業,電腦、伺服器與企業硬體
6442,6442.TW,EZconn,光聖,1484.99,,TWSE LISTED,通信網路業,1815.0,1715.0,1815.0,1715.0,3614601,6560.5,1655.0,1582.0,9.67,14.73,10.0,11.69,21.81,2540.0,2540.0,2540.0,2540.0,2540.0,-28.54,-28.54,-28.54,28.54,28.54,False,False,False,False,False,False,False,False,False,2026-10-07,通信網路業,通信網路／網通設備
6443,6443.TW,TSEC,元晶,141.53,,TWSE LISTED,光電業,27.6,28.0,28.05,27.45,3697131,102.04,28.09,28.105,-1.74,-1.8,-1.43,-4.0,-4.0,56.5,56.5,56.5,56.5,56.5,-50.35,-50.35,-50.35,51.15,51.15,False,False,False,False,False,False,False,False,False,2026-10-07,光電業,光電顯示／光學元件
6446,6446.TW,PEC,藥華藥,5090.34,,TWSE LISTED,生技醫療業,1205.0,1180.0,1215.0,1165.0,1368655,1649.23,1181.0,1180.5,2.03,2.08,2.55,3.43,-0.82,1645.0,1645.0,1645.0,1645.0,1645.0,-26.14,-26.14,-26.14,26.75,26.75,False,False,False,True,False,False,False,False,False,2026-10-07,生技醫療業,生技、製藥、醫療器材與健康服務（公司級產品待核驗）
6449,6449.TW,APAQ,鈺邦,240.26,,TWSE LISTED,電子零組件業,261.5,238.0,261.5,237.0,7862512,2056.05,236.2,222.7,10.71,17.42,9.87,16.48,24.82,483.5,483.5,483.5,483.5,483.5,-45.92,-45.92,-45.92,45.92,45.92,True,False,False,False,False,False,False,False,False,2026-10-07,電子零組件業,電子零組件：PCB、CCL、IC載板、連接器與被動元件（公司級品類待核驗）
6451,6451.TW,ShunSin,訊芯-KY,502.65,,TWSE LISTED,半導體業,426.5,423.5,441.5,423.5,1969365,839.93,424.1,421.05,0.57,1.29,1.55,-0.58,1.43,756.0,756.0,756.0,756.0,756.0,-41.6,-41.6,-41.6,43.58,43.58,False,False,False,False,False,False,False,False,False,2026-10-07,半導體業,半導體／IC設計或製造（細分環節待核驗）
6456,6456.TW,GIS,GIS-KY,344.7,,TWSE LISTED,光電業,102.0,101.0,108.0,96.3,71017403,7243.78,94.6,88.79,7.82,14.88,2.41,9.8,10.87,99.6,99.6,379.0,108.0,108.0,8.43,8.43,-71.5,5.56,5.56,False,False,False,False,True,True,False,True,True,2026-10-07,光電業,光電顯示／光學元件
6461,6461.TWO,Intech,益得,32.21,,TPEx LISTED,生技醫療業,29.2,29.35,29.35,28.2,323681,9.45,27.12,25.63,7.67,13.93,0.0,10.4,19.43,42.44,55.01,88.77,42.44,55.01,-30.84,-46.65,-66.94,31.19,46.92,False,False,False,False,False,False,False,False,False,2026-10-07,生技醫療業,生技、製藥、醫療器材與健康服務（公司級產品待核驗）
6462,6462.TWO,EGIS,神盾,93.08,,TPEx LISTED,半導體業,102.0,102.5,103.0,100.5,469080,47.85,104.2,102.69,-2.11,-0.67,-0.49,-3.77,-3.77,160.5,347.5,347.5,160.5,347.5,-35.83,-70.36,-70.36,36.45,70.65,False,False,False,False,False,False,False,False,False,2026-10-07,半導體業,半導體／IC設計或製造（細分環節待核驗）
6464,6464.TW,top MSO,台數科,102.46,,TWSE LISTED,其他,76.5,76.9,77.0,75.6,15000,1.15,76.62,76.76,-0.16,-0.34,0.53,0.26,-0.39,80.6,82.98,123.37,80.6,82.98,-4.47,-7.21,-37.59,5.09,7.81,False,False,False,False,False,False,False,True,True,2026-10-07,其他,其他（公司级产品待核验）
6465,6465.TWO,ATrack,威潤,24.34,,TPEx LISTED,通信網路業,41.2,40.6,41.45,40.3,135000,5.56,41.25,41.48,-0.12,-0.68,1.73,-2.14,-1.32,77.4,77.4,106.54,77.4,77.4,-46.45,-46.45,-61.09,46.77,46.77,False,False,False,False,False,False,False,False,False,2026-10-07,通信網路業,通信網路／網通設備
6469,6469.TWO,Great Tree,大樹,102.93,,TPEx LISTED,生技醫療業,64.7,62.8,64.7,62.8,390058,25.24,63.94,64.18,1.19,0.81,3.03,0.31,0.47,103.0,288.24,288.24,103.0,288.24,-37.18,-77.55,-77.55,37.18,77.55,False,False,False,True,False,False,False,False,False,2026-10-07,生技醫療業,生技、製藥、醫療器材與健康服務（公司級產品待核驗）
6470,6470.TWO,U-MEDIA,宇智,16.13,,TPEx LISTED,通信網路業,42.8,43.0,43.0,42.3,36000,1.54,42.71,42.795,0.21,0.01,0.23,0.12,0.23,54.8,70.0,94.3,54.8,70.0,-21.53,-38.57,-54.4,21.9,38.86,False,False,True,True,False,False,False,False,False,2026-10-07,通信網路業,通信網路／網通設備
6472,6472.TW,Bora,保瑞,547.92,,TWSE LISTED,生技醫療業,428.0,416.5,432.5,416.0,543977,232.82,423.0,423.9,1.18,0.97,2.76,1.78,0.94,633.0,812.64,812.64,633.0,812.64,-31.67,-46.78,-46.78,32.39,47.33,False,False,False,True,False,False,False,False,False,2026-10-07,生技醫療業,生技、製藥、醫療器材與健康服務（公司級產品待核驗）
6474,6474.TWO,WFE,華豫寧,18.67,,TPEx LISTED,電子通路業,35.55,35.6,35.65,35.4,38000,1.35,35.64,35.57,-0.25,-0.06,-0.7,-0.56,-0.42,41.25,48.9,48.9,41.25,48.9,-13.58,-27.1,-27.1,13.82,27.3,False,False,False,False,False,False,False,False,False,2026-10-07,電子通路業,電子通路、半導體代理與零組件分銷（公司級代理品類待核驗）
6477,6477.TW,Anji,安集,41.9,,TWSE LISTED,光電業,33.85,33.7,34.0,33.7,316178,10.7,34.2,34.34,-1.02,-1.43,0.45,-2.17,-4.92,45.1,48.5,74.81,45.1,48.5,-24.61,-29.9,-54.55,24.94,30.21,False,False,False,False,False,False,False,False,False,2026-10-07,光電業,光電顯示／光學元件
6482,6482.TWO,FUN YOURS,弘煜科,6.67,,TPEx LISTED,文化創意業,23.3,23.4,23.4,23.05,9395,0.22,23.59,23.59,-1.23,-1.23,0.0,-3.72,-0.85,39.95,78.0,78.0,39.95,78.0,-41.43,-70.0,-70.0,41.68,70.13,False,False,False,False,False,False,False,False,False,2026-10-07,文化創意業,文化創意業（公司级产品待核验）
6485,6485.TWO,ASolid,點序,40.55,,TPEx LISTED,半導體業,85.6,77.9,85.6,77.9,1978118,169.33,82.16,76.47,4.19,11.94,9.88,2.39,11.17,130.0,130.0,191.0,130.0,130.0,-34.15,-34.15,-55.18,34.15,34.15,False,False,False,False,False,False,False,False,False,2026-10-07,半導體業,半導體／IC設計或製造（細分環節待核驗）
6486,6486.TWO,IDT,互動,39.9,,TPEx LISTED,通信網路業,78.4,78.0,78.6,78.0,35015,2.75,79.32,80.1,-1.16,-2.12,0.51,-3.09,-2.73,92.6,101.0,101.0,92.6,101.0,-15.12,-22.18,-22.18,15.33,22.38,False,False,False,False,False,False,False,False,False,2026-10-07,通信網路業,通信網路／網通設備
6488,6488.TWO,GWC,環球晶,5809.08,,TPEx LISTED,半導體業,1215.0,1185.0,1240.0,1180.0,13317263,16180.47,1175.0,1072.4,3.4,13.3,0.83,2.1,17.39,1600.0,1600.0,1600.0,1600.0,1600.0,-22.5,-22.5,-22.5,24.06,24.06,False,False,False,False,False,False,False,False,False,2026-10-07,半導體業,半導體／IC設計或製造（細分環節待核驗）
6491,6491.TW,PEGAVISION,晶碩,320.97,,TWSE LISTED,生技醫療業,411.5,402.0,421.0,402.0,607038,249.8,411.3,408.9,0.05,0.64,3.78,-2.95,-0.36,428.0,548.0,669.32,428.0,548.0,-1.64,-23.18,-37.1,3.86,24.91,False,False,False,True,False,False,False,True,False,2026-10-07,生技醫療業,生技、製藥、醫療器材與健康服務（公司級產品待核驗）
6492,6492.TWO,SH,生華科,39.07,,TPEx LISTED,生技醫療業,34.0,33.8,34.1,33.55,175082,5.95,34.11,34.175,-0.32,-0.51,0.89,-1.16,-1.02,66.5,66.5,309.5,66.5,66.5,-48.72,-48.72,-88.98,48.87,48.87,False,False,False,False,False,False,False,False,False,2026-10-07,生技醫療業,生技、製藥、醫療器材與健康服務（公司級產品待核驗）
6494,6494.TWO,Nyquest,九齊,16.44,,TPEx LISTED,半導體業,52.1,52.7,53.9,52.1,74040,3.86,52.68,52.05,-1.1,0.1,-1.14,-2.25,0.58,72.3,95.5,182.0,72.3,95.5,-25.45,-43.56,-70.38,27.94,45.45,False,False,False,False,False,False,False,False,False,2026-10-07,半導體業,半導體／IC設計或製造（細分環節待核驗）
6496,6496.TWO,Excelsior,科懋,11.28,,TPEx LISTED,生技醫療業,23.85,23.95,24.35,23.5,188035,4.48,23.95,23.825,-0.42,0.1,-0.42,-0.42,0.85,30.55,40.15,92.6,30.55,40.15,-20.29,-39.35,-73.7,21.93,40.6,False,False,False,False,False,False,False,False,False,2026-10-07,生技醫療業,生技、製藥、醫療器材與健康服務（公司級產品待核驗）
6498,6498.TWO,PTIC,久禾光,35.37,,TPEx LISTED,光電業,74.5,74.3,75.3,73.5,265000,19.74,71.2,69.09,4.63,7.83,-0.67,8.92,11.53,115.5,150.5,150.5,115.5,150.5,-34.81,-49.97,-49.97,35.5,50.5,False,False,False,False,False,False,False,False,False,2026-10-07,光電業,光電顯示／光學元件
6499,6499.TWO,Medeon,益安,77.07,,TPEx LISTED,生技醫療業,79.5,78.5,79.5,78.2,195776,15.56,79.3,76.86,0.25,3.43,1.27,-0.38,2.32,134.0,154.5,154.5,134.0,154.5,-40.67,-48.54,-48.54,40.67,48.54,False,False,False,False,False,False,False,False,False,2026-10-07,生技醫療業,生技、製藥、醫療器材與健康服務（公司級產品待核驗）
6504,6504.TW,NAN LIU,南六,27.55,,TWSE LISTED,其他,37.95,37.7,38.5,37.6,106000,4.02,37.43,37.18,1.39,2.07,1.47,1.07,2.71,52.8,89.2,334.5,52.8,89.2,-27.08,-56.84,-88.49,28.12,57.46,False,False,False,False,False,False,False,False,False,2026-10-07,其他,其他（公司级产品待核验）
6505,6505.TW,FPCC,台塑化,10192.78,,TWSE LISTED,油電燃氣業,107.0,102.0,110.0,101.0,33302007,3563.31,100.26,95.46,6.72,12.09,5.42,7.0,9.97,103.5,103.5,151.0,110.0,110.0,6.28,6.28,-27.15,2.73,2.73,False,False,False,False,True,True,False,True,True,2026-10-07,油電燃氣業,油電燃氣業（公司级产品待核验）
6506,6506.TWO,SBI,雙邦,15.53,,TPEx LISTED,紡織纖維,18.85,18.85,18.85,18.65,85102,1.6,18.7,18.55,0.8,1.62,0.0,1.34,1.34,21.3,23.3,26.13,21.3,23.3,-11.5,-19.1,-27.86,11.5,19.1,False,False,False,False,False,False,False,False,False,2026-10-07,紡織纖維,紡織纖維（公司级产品待核验）
6508,6508.TWO,HKC,惠光,22.8,,TPEx LISTED,農業科技業,26.35,27.3,27.3,26.35,28547,0.75,26.4,26.975,-0.19,-2.32,1.15,-0.57,-2.23,30.3,35.15,68.5,30.3,35.15,-9.9,-22.33,-60.15,13.04,25.04,False,False,False,False,False,False,False,False,False,2026-10-07,農業科技業,農業科技業（公司级产品待核验）
6509,6509.TWO,HOPAX,聚和,99.33,,TPEx LISTED,化學工業,50.4,49.5,51.7,49.5,2332838,117.58,49.67,48.76,1.47,3.36,2.13,1.0,2.65,59.2,59.2,82.9,59.2,59.2,-12.67,-12.67,-37.64,14.86,14.86,False,False,False,False,False,False,False,False,False,2026-10-07,化學工業,化學制品／特用化學材料
6510,6510.TWO,CHPT,精測,994.46,,TPEx LISTED,半導體業,3020.0,3060.0,3100.0,3015.0,354370,1070.2,3050.0,3194.0,-0.98,-5.45,-1.15,-1.63,-1.47,4475.0,4475.0,4475.0,4475.0,4475.0,-30.73,-30.73,-30.73,32.51,32.51,False,False,False,False,False,False,False,False,False,2026-10-07,半導體業,半導體／IC設計或製造（細分環節待核驗）
6512,6512.TWO,GoMax,啟發電,5.1,,TPEx LISTED,其他電子業,20.2,20.2,20.2,20.2,2048,0.04,20.21,20.215,-0.05,-0.07,0.0,0.0,-0.25,22.15,33.0,44.0,22.15,33.0,-8.8,-38.79,-54.09,8.8,38.79,False,False,False,False,False,False,False,True,False,2026-10-07,其他電子業,其他電子：電子模組、感測器、電源與車用電子（公司級產品待核驗）
6515,6515.TW,WinWay,穎崴,2011.75,,TWSE LISTED,半導體業,5520.0,5785.0,6010.0,5520.0,1656572,9144.28,5939.0,5891.0,-7.06,-6.3,-9.95,-9.06,-6.91,11490.0,11490.0,11490.0,11490.0,11490.0,-47.69,-47.69,-47.69,51.96,51.96,False,False,False,False,False,False,False,False,False,2026-10-07,半導體業,半導體／IC設計或製造（細分環節待核驗）
6516,6516.TWO,KINGWAY,勤崴國際,31.94,,TPEx LISTED,資訊服務業,56.7,55.9,56.7,55.5,47000,2.66,56.58,56.76,0.21,-0.11,0.18,0.35,0.35,70.6,96.0,210.87,70.6,96.0,-19.69,-40.94,-73.11,19.69,40.94,False,False,False,False,False,False,False,False,False,2026-10-07,資訊服務業,資訊服務、軟體、雲端與系統整合（公司級產品待核驗）
6517,6517.TWO,BASO,保勝光學,20.95,,TPEx LISTED,光電業,68.5,67.1,69.6,67.0,659041,45.14,66.24,64.84,3.41,5.64,2.54,3.79,7.7,84.6,112.5,185.0,84.6,112.5,-17.73,-38.13,-62.38,19.03,39.11,True,False,False,False,False,False,False,False,False,2026-10-07,光電業,光電顯示／光學元件
6525,6525.TW,GEM,捷敏-KY,183.25,,TWSE LISTED,半導體業,142.0,139.5,143.0,136.0,1551490,220.31,140.0,136.85,1.43,3.76,0.0,1.79,4.8,221.0,221.0,221.0,221.0,221.0,-35.29,-35.29,-35.29,35.75,35.75,False,False,False,True,False,False,False,False,False,2026-10-07,半導體業,半導體／IC設計或製造（細分環節待核驗）
6526,6526.TW,Airoha,達發,1316.59,,TWSE LISTED,半導體業,786.0,833.0,833.0,772.0,2146874,1687.44,826.6,823.1,-4.91,-4.51,-6.65,-5.87,-6.43,885.0,885.0,885.0,885.0,885.0,-5.88,-5.88,-5.88,11.19,11.19,False,False,False,False,False,False,False,False,False,2026-10-07,半導體業,半導體／IC設計或製造（細分環節待核驗）
6527,6527.TWO,Crystalvue,明達醫,19.09,,TPEx LISTED,生技醫療業,75.0,74.1,75.0,74.1,13050,0.98,74.68,74.75,0.43,0.33,0.94,0.27,0.0,81.1,95.0,118.57,81.1,95.0,-7.52,-21.05,-36.75,7.52,21.05,False,False,False,True,False,False,False,True,False,2026-10-07,生技醫療業,生技、製藥、醫療器材與健康服務（公司級產品待核驗）
6530,6530.TWO,Axcen,創威,33.14,,TPEx LISTED,通信網路業,98.2,97.6,102.5,97.6,2968518,291.51,98.92,99.78,-0.73,-1.58,2.94,-2.29,-6.03,139.0,139.0,139.0,139.0,139.0,-26.26,-26.26,-26.26,29.35,29.35,False,False,False,False,False,False,False,False,False,2026-10-07,通信網路業,通信網路／網通設備
6531,6531.TW,AP Memory,愛普*,1631.49,,TWSE LISTED,半導體業,1000.0,1035.0,1045.0,999.0,2678710,2678.71,1006.6,980.3,-0.66,2.01,-4.31,0.0,7.87,1305.0,1305.0,1305.0,1305.0,1305.0,-19.92,-19.92,-19.92,23.37,23.37,False,False,False,False,False,False,False,False,False,2026-10-07,半導體業,半導體／IC設計或製造（細分環節待核驗）
6532,6532.TWO,CT,瑞耘,43.62,,TPEx LISTED,半導體業,116.5,110.5,117.0,109.0,1334647,155.49,116.4,110.34,0.09,5.58,4.95,-2.92,-1.69,127.0,127.0,127.0,127.0,127.0,-7.87,-7.87,-7.87,8.27,8.27,False,False,False,True,False,False,False,True,True,2026-10-07,半導體業,半導體／IC設計或製造（細分環節待核驗）
6533,6533.TW,ANDES,晶心科,175.76,,TWSE LISTED,半導體業,347.0,341.5,347.0,338.0,987628,342.71,349.3,316.5,-0.66,9.64,0.58,-1.42,4.05,366.5,573.0,642.0,366.5,573.0,-5.32,-39.44,-45.95,5.32,39.44,False,False,False,False,False,False,False,True,False,2026-10-07,半導體業,半導體／IC設計或製造（細分環節待核驗）
6534,6534.TW,CHBIO,正瀚-創,96.63,,TWSE LISTED,生技醫療業,94.0,94.1,94.5,94.0,59000,5.55,93.08,91.74,0.99,2.46,-0.84,1.29,3.75,104.0,123.5,161.22,104.0,123.5,-9.13,-23.48,-41.39,9.62,23.89,False,False,False,False,False,False,False,True,False,2026-10-07,生技醫療業,生技、製藥、醫療器材與健康服務（公司級產品待核驗）
6535,6535.TWO,LUMOSA,順藥,135.95,,TPEx LISTED,生技醫療業,81.0,81.0,81.8,80.3,125000,10.12,82.54,81.64,-1.87,-0.78,0.25,-4.71,-1.46,196.0,400.0,400.0,196.0,400.0,-58.27,-79.55,-79.55,58.67,79.75,False,False,False,False,False,False,False,False,False,2026-10-07,生技醫療業,生技、製藥、醫療器材與健康服務（公司級產品待核驗）
6538,6538.TWO,Brave Screen,倉和,123.74,,TPEx LISTED,電子零組件業,332.0,272.0,332.0,272.0,7709528,2559.56,342.3,368.0,-3.01,-9.78,9.93,-10.87,-6.74,468.0,468.0,468.0,468.0,468.0,-29.06,-29.06,-29.06,29.06,29.06,False,False,False,False,False,False,False,False,False,2026-10-07,電子零組件業,電子零組件：PCB、CCL、IC載板、連接器與被動元件（公司級品類待核驗）
6541,6541.TW,Tanvex,泰福-KY,86.73,,TWSE LISTED,生技醫療業,32.7,32.85,33.9,32.3,661060,21.62,31.47,31.125,3.91,5.06,-1.95,10.47,5.14,56.8,82.0,457.93,56.8,82.0,-40.32,-58.66,-92.6,42.43,60.12,False,False,False,False,False,False,False,False,False,2026-10-07,生技醫療業,生技、製藥、醫療器材與健康服務（公司級產品待核驗）
6542,6542.TWO,GAMESPARCS,隆中,16.63,,TPEx LISTED,文化創意業,39.6,39.1,40.2,39.0,10000,0.4,39.8,40.36,-0.5,-1.88,-1.0,-1.0,-2.22,58.5,75.5,103.33,58.5,75.5,-31.28,-46.75,-61.1,32.31,47.55,False,False,False,False,False,False,False,False,False,2026-10-07,文化創意業,文化創意業（公司级产品待核验）
6546,6546.TWO,AMPAK,正基,41.11,,TPEx LISTED,通信網路業,61.5,61.6,62.7,61.1,163200,10.04,60.76,59.81,1.22,2.83,0.0,1.99,3.54,90.8,245.0,245.0,90.8,245.0,-30.95,-74.41,-74.41,32.27,74.9,False,False,False,False,False,False,False,False,False,2026-10-07,通信網路業,通信網路／網通設備
6547,6547.TWO,MVC,高端疫苗,201.97,,TPEx LISTED,生技醫療業,61.4,60.8,61.5,60.5,1956296,120.12,61.16,60.9,0.39,0.82,1.32,0.99,-1.6,72.2,76.8,280.2,72.2,76.8,-14.82,-19.92,-78.05,14.96,20.05,False,False,False,True,False,False,False,False,False,2026-10-07,生技醫療業,生技、製藥、醫療器材與健康服務（公司級產品待核驗）
6548,6548.TWO,CWTC,長科*,740.41,,TPEx LISTED,半導體業,77.9,77.0,82.5,77.0,13222365,1030.02,76.14,74.16,2.31,5.04,1.7,1.56,7.89,104.0,104.0,104.0,104.0,104.0,-20.67,-20.67,-20.67,25.1,25.1,False,False,False,False,False,False,False,False,False,2026-10-07,半導體業,半導體／IC設計或製造（細分環節待核驗）
6550,6550.TW,PG,北極星藥業-KY,74.61,,TWSE LISTED,生技醫療業,16.05,16.1,16.6,16.0,542662,8.71,16.51,17.509,-2.79,-8.33,0.0,-4.18,-10.08,69.2,157.53,446.25,69.2,157.53,-76.01,-89.46,-96.28,76.81,89.81,False,False,False,False,False,False,False,False,False,2026-10-07,生技醫療業,生技、製藥、醫療器材與健康服務（公司級產品待核驗）
6552,6552.TW,JMC,易華電,20.42,,TWSE LISTED,半導體業,24.6,24.65,24.95,24.35,61170,1.5,24.81,24.765,-0.85,-0.67,-0.61,-0.2,-1.6,38.0,64.8,188.55,38.0,64.8,-34.34,-61.5,-86.77,35.26,62.04,False,False,False,False,False,False,False,False,False,2026-10-07,半導體業,半導體／IC設計或製造（細分環節待核驗）
6556,6556.TWO,Topview,勝品,17.91,,TPEx LISTED,光電業,62.3,61.8,62.3,61.8,8000,0.5,61.52,61.62,1.27,1.1,0.48,2.47,0.32,73.6,132.0,194.5,73.6,132.0,-15.35,-52.8,-67.97,15.35,52.8,True,False,False,False,False,False,False,False,False,2026-10-07,光電業,光電顯示／光學元件
6558,6558.TW,SYNergy,興能高,23.4,,TWSE LISTED,其他電子業,24.95,25.2,25.4,24.95,130002,3.24,25.28,25.055,-1.31,-0.42,-0.99,-2.16,-0.2,41.55,67.2,83.6,41.55,67.2,-38.87,-62.2,-69.62,39.95,62.87,False,False,False,False,False,False,False,False,False,2026-10-07,其他電子業,其他電子：電子模組、感測器、電源與車用電子（公司級產品待核驗）
6560,6560.TWO,APPROPHO,欣普羅,11.06,,TPEx LISTED,光電業,33.05,34.0,34.0,33.0,227001,7.5,32.61,32.66,1.35,1.19,-3.64,3.61,2.64,46.7,54.8,90.47,46.7,54.8,-27.19,-37.96,-62.42,29.23,39.69,False,False,False,False,False,False,False,False,False,2026-10-07,光電業,光電顯示／光學元件
6561,6561.TWO,Chief,是方,244.01,,TPEx LISTED,通信網路業,313.0,312.5,313.0,310.0,60051,18.8,312.6,310.9,0.13,0.68,0.16,0.0,1.95,390.0,546.0,546.0,390.0,546.0,-19.74,-42.67,-42.67,19.74,42.67,False,False,False,True,False,False,False,False,False,2026-10-07,通信網路業,通信網路／網通設備
6568,6568.TWO,Rafael Micro,宏觀,42.96,,TPEx LISTED,半導體業,139.5,139.0,142.0,137.0,75020,10.47,139.2,140.65,0.22,-0.82,1.09,-1.06,-2.11,283.0,283.0,426.5,283.0,283.0,-49.82,-49.82,-66.71,50.71,50.71,False,False,False,False,False,False,False,False,False,2026-10-07,半導體業,半導體／IC設計或製造（細分環節待核驗）
6569,6569.TWO,onyx,醫揚,38.97,,TPEx LISTED,生技醫療業,91.0,91.8,91.8,90.9,27000,2.46,91.48,91.74,-0.52,-0.81,-0.66,-0.87,-1.3,129.0,237.85,237.85,129.0,237.85,-28.84,-61.4,-61.4,29.46,61.74,False,False,False,False,False,False,False,False,False,2026-10-07,生技醫療業,生技、製藥、醫療器材與健康服務（公司級產品待核驗）
6570,6570.TWO,APLEX,維田,17.59,,TPEx LISTED,電腦及週邊設備業,47.4,47.5,47.5,47.05,44021,2.09,47.42,47.265,-0.04,0.29,-0.11,0.32,-0.32,65.5,78.0,78.0,65.5,78.0,-27.48,-39.1,-39.1,27.63,39.23,False,False,False,False,False,False,False,False,False,2026-10-07,電腦及週邊設備業,電腦、伺服器與企業硬體
6573,6573.TW,HY,虹揚-KY,12.8,,TWSE LISTED,半導體業,15.9,15.9,16.2,15.7,120000,1.91,16.19,16.15,-1.79,-1.55,0.0,-2.45,-3.34,29.8,29.8,82.02,29.8,29.8,-45.64,-45.64,-80.25,46.64,46.64,False,False,False,False,False,False,False,False,False,2026-10-07,半導體業,半導體／IC設計或製造（細分環節待核驗）
6574,6574.TWO,MIKOBEAUTE,霈方,26.39,,TPEx LISTED,生技醫療業,120.0,120.0,120.0,118.5,20080,2.41,119.5,119.4,0.42,0.5,0.42,0.42,1.27,154.0,154.0,175.0,154.0,154.0,-22.08,-22.08,-31.43,22.08,22.08,False,False,False,True,False,False,False,False,False,2026-10-07,生技醫療業,生技、製藥、醫療器材與健康服務（公司級產品待核驗）
6576,6576.TWO,Foresee,逸達,124.46,,TPEx LISTED,生技醫療業,79.0,78.6,79.0,78.0,67000,5.29,78.82,79.53,0.23,-0.67,0.64,0.0,-0.63,88.3,107.5,139.45,88.3,107.5,-10.53,-26.51,-43.35,10.53,26.51,False,False,False,False,False,False,False,False,False,2026-10-07,生技醫療業,生技、製藥、醫療器材與健康服務（公司級產品待核驗）
6577,6577.TWO,PSC,勁豐,48.35,,TPEx LISTED,電腦及週邊設備業,80.5,79.5,80.5,79.5,11065,0.89,80.76,80.25,-0.32,0.31,-0.74,-0.86,0.63,96.8,138.0,138.0,96.8,138.0,-16.84,-41.67,-41.67,16.84,41.67,False,False,False,False,False,False,False,False,False,2026-10-07,電腦及週邊設備業,電腦、伺服器與企業硬體
6578,6578.TWO,DaBomb,達邦蛋白,11.65,,TPEx LISTED,農業科技業,16.2,16.2,16.25,16.15,34001,0.55,16.36,16.535,-0.98,-2.03,-0.61,-1.52,-1.52,20.7,33.9,33.9,20.7,33.9,-21.5,-52.06,-52.06,21.74,52.21,False,False,False,False,False,False,False,False,False,2026-10-07,農業科技業,農業科技業（公司级产品待核验）
6579,6579.TW,AAEON,研揚,259.26,,TWSE LISTED,電腦及週邊設備業,153.0,155.5,157.5,152.0,619076,94.72,157.4,156.0,-2.8,-1.92,-2.55,-3.47,-3.77,189.5,193.38,225.77,189.5,193.38,-16.89,-18.55,-30.24,19.26,20.88,False,False,False,False,False,False,False,False,False,2026-10-07,電腦及週邊設備業,電腦、伺服器與企業硬體
6581,6581.TW,TSU,鋼聯,120.17,,TWSE LISTED,綠能環保,108.0,108.5,108.5,106.5,45000,4.86,108.4,108.5,-0.37,-0.46,-1.82,0.0,-0.46,115.0,125.5,160.0,115.0,125.5,-5.65,-13.55,-32.19,6.09,13.94,False,False,False,False,False,False,False,True,False,2026-10-07,綠能環保,綠能、太陽能、儲能與環境工程（公司級產品待核驗）
6582,6582.TW,Shin Foong,申豐,33.23,,TWSE LISTED,橡膠工業,31.3,31.85,31.85,31.25,38100,1.19,31.36,31.18,-0.19,0.38,-0.48,-0.32,0.64,38.6,76.5,373.0,38.6,76.5,-17.49,-58.37,-91.46,18.91,59.08,False,False,False,False,False,False,False,False,False,2026-10-07,橡膠工業,橡膠工業（公司级产品待核验）
6584,6584.TWO,NAN JUEN,南俊國際,384.02,,TPEx LISTED,電子零組件業,538.0,536.0,539.0,526.0,745305,400.97,538.4,541.4,-0.07,-0.63,-2.36,1.32,-0.37,855.0,855.0,855.0,855.0,855.0,-36.96,-36.96,-36.96,37.08,37.08,False,False,False,False,False,False,False,False,False,2026-10-07,電子零組件業,電子零組件：PCB、CCL、IC載板、連接器與被動元件（公司級品類待核驗）
6585,6585.TW,DingZing,鼎基,75.74,,TWSE LISTED,其他,105.0,106.0,107.5,105.0,257005,26.99,104.1,104.5,0.86,0.48,0.0,0.48,0.96,151.5,237.5,237.5,151.5,237.5,-29.04,-54.74,-54.74,30.69,55.79,False,False,False,False,False,False,False,False,False,2026-10-07,其他,其他（公司级产品待核验）
6588,6588.TWO,EOC,東典光電,37.82,,TPEx LISTED,通信網路業,109.0,111.0,114.0,109.0,992251,108.16,110.8,110.6,-1.62,-1.45,-0.46,-4.39,0.93,166.5,166.5,291.82,166.5,166.5,-31.53,-31.53,-60.93,34.53,34.53,False,False,False,False,False,False,False,False,False,2026-10-07,通信網路業,光電顯示／光學元件
6589,6589.TW,EirGenix,台康生技,152.85,,TWSE LISTED,生技醫療業,50.6,51.4,53.0,50.4,579000,29.3,51.08,51.76,-0.94,-2.24,-0.59,-0.39,-5.24,67.6,111.0,195.0,67.6,111.0,-21.6,-52.25,-72.82,25.15,54.41,False,False,False,False,False,False,False,False,False,2026-10-07,生技醫療業,生技、製藥、醫療器材與健康服務（公司級產品待核驗）
6590,6590.TWO,Provision,普鴻,18.45,,TPEx LISTED,資訊服務業,64.3,64.3,64.3,63.9,9130,0.59,64.68,65.85,-0.59,-2.35,0.0,-1.83,-2.43,75.0,79.77,82.04,75.0,79.77,-14.27,-19.39,-21.62,14.27,19.39,False,False,False,False,False,False,False,False,False,2026-10-07,資訊服務業,資訊服務、軟體、雲端與系統整合（公司級產品待核驗）
6591,6591.TW,SUN MAX,動力-KY,17.37,,TWSE LISTED,電腦及週邊設備業,42.25,41.85,42.35,41.6,72098,3.05,42.58,43.275,-0.78,-2.37,0.36,-0.71,-1.4,77.3,101.21,121.55,77.3,101.21,-45.21,-58.16,-65.16,45.34,58.26,False,False,False,False,False,False,False,False,False,2026-10-07,電腦及週邊設備業,電腦、伺服器與企業硬體
6592,6592.TW,HOTAI FINANCE,和潤企業,363.28,,TWSE LISTED,其他,56.6,55.5,56.9,55.5,355862,20.14,56.2,56.86,0.71,-0.46,1.62,0.53,-0.53,65.44,118.27,140.5,65.44,118.27,-13.05,-51.89,-59.5,13.5,52.14,False,False,False,False,False,False,False,False,False,2026-10-07,其他,其他（公司级产品待核验）
6593,6593.TWO,TNP,台灣銘板,10.26,,TPEx LISTED,資訊服務業,32.2,32.3,32.3,32.15,19100,0.62,32.02,32.095,0.56,0.33,0.94,0.94,-0.16,42.55,215.0,215.0,42.55,215.0,-24.09,-84.98,-84.98,24.32,85.02,False,False,False,False,False,False,False,False,False,2026-10-07,資訊服務業,資訊服務、軟體、雲端與系統整合（公司級產品待核驗）
6596,6596.TWO,KHAM Inc.,寬宏藝術,36.75,,TPEx LISTED,文化創意業,96.7,97.0,97.2,96.6,113200,10.95,96.66,96.81,0.04,-0.11,0.21,0.1,-0.62,155.0,181.0,181.0,155.0,181.0,-37.29,-46.3,-46.3,37.61,46.57,False,False,False,False,False,False,False,False,False,2026-10-07,文化創意業,文化創意業（公司级产品待核验）
6597,6597.TWO,ECOCERA,立誠,19.47,,TPEx LISTED,電子零組件業,64.8,64.8,64.8,64.8,1000,0.06,64.12,66.35,1.06,-2.34,-0.15,2.86,-5.68,82.8,161.0,161.0,82.8,161.0,-21.74,-59.75,-59.75,21.74,59.75,False,False,False,False,False,False,False,False,False,2026-10-07,電子零組件業,電子零組件：PCB、CCL、IC載板、連接器與被動元件（公司級品類待核驗）
6598,6598.TW,Applied BioCode,ABC-KY,27.5,,TWSE LISTED,生技醫療業,26.75,26.0,27.2,26.0,134000,3.58,26.81,27.095,-0.22,-1.27,0.56,-1.83,-2.37,31.9,33.6,182.5,31.9,33.6,-14.73,-19.05,-85.1,16.14,20.39,False,False,False,False,False,False,False,False,False,2026-10-07,生技醫療業,生技、製藥、醫療器材與健康服務（公司級產品待核驗）
6603,6603.TWO,FCS,富強鑫,48.22,,TPEx LISTED,電機機械,28.8,28.35,29.15,28.1,2326550,67.0,28.9,28.5,-0.35,1.05,1.59,-1.54,0.0,35.95,35.95,35.95,35.95,35.95,-18.92,-18.92,-18.92,19.89,19.89,False,False,False,False,False,False,False,False,False,2026-10-07,電機機械,電機機械、工業自動化與設備（公司級產品待核驗）
6604,6604.TWO,JUOKU,儒億,12.86,,TPEx LISTED,電機機械,25.35,25.35,25.8,25.15,505461,12.81,27.12,27.865,-6.53,-9.03,0.8,-11.21,-9.46,40.4,40.4,40.4,40.4,40.4,-36.14,-36.14,-36.14,37.25,37.25,False,False,False,False,False,False,False,False,False,2026-10-07,電機機械,電機機械、工業自動化與設備（公司級產品待核驗）
6605,6605.TW,DEPO,帝寶,228.0,,TWSE LISTED,汽車工業,137.5,136.0,137.5,136.0,168365,23.15,136.7,137.6,0.59,-0.07,1.85,0.73,0.0,173.0,277.5,277.5,173.0,277.5,-20.52,-50.45,-50.45,20.52,50.45,False,False,False,False,False,False,False,False,False,2026-10-07,汽車工業,汽車整車、汽車零組件與車用電子（公司級產品待核驗）
6606,6606.TW,KENT,建德工業,26.75,,TWSE LISTED,電機機械,24.25,24.0,24.95,23.75,100000,2.42,24.61,24.795,-1.46,-2.2,2.32,-3.96,-2.22,28.45,37.8,37.8,28.45,37.8,-12.3,-33.99,-33.99,14.76,35.85,False,False,False,False,False,False,False,False,False,2026-10-07,電機機械,電機機械、工業自動化與設備（公司級產品待核驗）
6609,6609.TWO,TTT,瀧澤科,28.26,,TPEx LISTED,電機機械,39.0,39.1,39.25,38.8,43000,1.68,39.16,39.48,-0.41,-1.22,-0.26,-0.26,-2.38,50.0,126.5,126.5,50.0,126.5,-21.5,-68.97,-68.97,22.0,69.17,False,False,False,False,False,False,False,False,False,2026-10-07,電機機械,電機機械、工業自動化與設備（公司級產品待核驗）
6612,6612.TWO,ICARES,奈米醫材,37.74,,TPEx LISTED,生技醫療業,72.2,72.6,72.6,72.0,14001,1.01,74.5,73.19,-3.09,-1.35,-0.55,-5.62,-0.41,81.5,146.18,147.14,81.5,146.18,-10.92,-50.33,-50.66,11.41,50.61,False,False,False,False,False,False,False,False,False,2026-10-07,生技醫療業,生技、製藥、醫療器材與健康服務（公司級產品待核驗）
6613,6613.TWO,Novatech,朋億*,225.62,,TPEx LISTED,其他電子業,290.0,286.5,293.5,285.5,399107,115.74,283.8,276.95,2.18,4.71,1.75,3.2,5.84,397.0,397.0,397.0,397.0,397.0,-26.07,-26.07,-26.07,26.95,26.95,True,True,False,False,False,False,False,False,False,2026-10-07,其他電子業,其他電子：電子模組、感測器、電源與車用電子（公司級產品待核驗）
6614,6614.TW,IISI,資拓宏宇,28.63,,TWSE LISTED,數位雲端,35.5,35.9,35.9,35.3,30000,1.06,35.48,35.48,0.06,0.06,-1.11,0.28,0.57,51.2,91.3,91.3,51.2,91.3,-29.88,-60.68,-60.68,30.66,61.12,False,False,False,True,False,False,False,False,False,2026-10-07,數位雲端,數位雲端、軟體服務與電子商務（公司級產品待核驗）
6615,6615.TWO,SOFIVA,慧智,7.19,,TPEx LISTED,生技醫療業,33.3,33.5,33.55,33.3,57419,1.91,33.56,33.64,-0.77,-1.01,-0.15,-1.04,-0.6,40.0,86.0,155.0,40.0,86.0,-16.13,-60.99,-78.35,16.75,61.28,False,False,False,False,False,False,False,False,False,2026-10-07,生技醫療業,生技、製藥、醫療器材與健康服務（公司級產品待核驗）
6616,6616.TWO,TIL,特昇-KY,3.01,,TPEx LISTED,居家生活,8.5,8.34,8.83,8.12,35100,0.3,8.362,8.26,1.65,2.91,1.8,3.03,3.91,11.35,17.7,38.06,11.35,17.7,-22.2,-50.11,-76.8,25.11,51.98,False,False,False,True,False,False,False,False,False,2026-10-07,居家生活,居家用品、建材、家具與生活消費品（公司級產品待核驗）
6617,6617.TWO,Gongwin,共信-KY,154.92,,TPEx LISTED,生技醫療業,121.5,127.0,127.0,120.0,506062,61.49,127.8,133.05,-4.93,-8.68,-3.95,-7.6,-12.27,149.0,223.5,457.0,149.0,223.5,-14.77,-43.18,-72.21,18.46,45.64,False,False,False,False,False,False,False,False,False,2026-10-07,生技醫療業,生技、製藥、醫療器材與健康服務（公司級產品待核驗）
6620,6620.TWO,Handa Pharma,漢達,207.48,,TPEx LISTED,生技醫療業,125.0,130.5,132.5,124.0,2992492,374.06,138.4,134.95,-9.68,-7.37,-6.02,-12.89,-11.35,155.0,206.0,217.57,155.0,206.0,-14.52,-35.68,-39.1,19.35,39.32,False,False,False,False,False,False,False,False,False,2026-10-07,生技醫療業,生技、製藥、醫療器材與健康服務（公司級產品待核驗）
6624,6624.TWO,EC,萬年清,8.66,,TPEx LISTED,綠能環保,38.35,38.75,38.75,37.45,11000,0.42,38.44,38.46,-0.23,-0.29,0.92,0.0,0.26,72.7,75.0,86.47,72.7,75.0,-46.7,-48.33,-55.18,47.25,48.87,False,False,False,False,False,False,False,False,False,2026-10-07,綠能環保,綠能、太陽能、儲能與環境工程（公司級產品待核驗）
6625,6625.TW,Binlive,必應,42.78,,TWSE LISTED,其他,73.8,73.5,73.9,73.5,22200,1.64,73.76,73.88,0.05,-0.11,0.41,0.0,-0.27,91.0,115.45,195.15,91.0,115.45,-18.79,-35.99,-62.13,18.9,36.08,False,False,False,False,False,False,False,False,False,2026-10-07,其他,其他（公司级产品待核验）
6629,6629.TWO,TK-KY,泰金-KY,38.57,,TPEx LISTED,居家生活,100.5,100.0,102.0,99.9,32000,3.22,102.8,103.4,-2.24,-2.8,-2.9,-2.9,-2.9,137.0,160.0,160.0,137.0,160.0,-25.55,-36.25,-36.25,26.64,37.19,False,False,False,False,False,False,False,False,False,2026-10-07,居家生活,居家用品、建材、家具與生活消費品（公司級產品待核驗）
6637,6637.TWO,MIC,醫影,14.58,,TPEx LISTED,生技醫療業,54.4,54.4,54.4,53.4,32000,1.74,53.74,53.94,1.23,0.85,1.49,1.87,1.12,83.0,152.0,152.0,83.0,152.0,-34.46,-64.21,-64.21,34.46,64.21,False,False,False,True,False,False,False,False,False,2026-10-07,生技醫療業,生技、製藥、醫療器材與健康服務（公司級產品待核驗）
6640,6640.TWO,GMM,均華,312.24,,TPEx LISTED,半導體業,1080.0,1125.0,1150.0,1080.0,481163,519.66,1123.0,1079.0,-3.83,0.09,-4.85,-4.0,3.85,1860.0,1860.0,1860.0,1860.0,1860.0,-38.17,-38.17,-38.17,41.94,41.94,False,False,False,False,False,False,False,False,False,2026-10-07,半導體業,半導體／IC設計或製造（細分環節待核驗）
6641,6641.TW,GSD-KY,基士德-KY,6.26,,TWSE LISTED,綠能環保,17.15,16.8,17.15,16.8,8000,0.14,17.02,16.97,0.76,1.06,0.88,0.88,0.88,28.3,45.3,85.54,28.3,45.3,-39.4,-62.14,-79.95,39.4,62.14,False,False,False,True,False,False,False,False,False,2026-10-07,綠能環保,綠能、太陽能、儲能與環境工程（公司級產品待核驗）
6642,6642.TWO,FUZETEC,富致,29.58,,TPEx LISTED,電子零組件業,79.1,80.0,80.8,78.8,213022,16.85,81.56,80.6,-3.02,-1.86,-1.13,-5.38,-3.18,101.0,101.0,108.13,101.0,101.0,-20.0,-20.0,-25.27,21.68,21.68,False,False,False,False,False,False,False,False,False,2026-10-07,電子零組件業,電子零組件：PCB、CCL、IC載板、連接器與被動元件（公司級品類待核驗）
6643,6643.TWO,M31,M31,212.25,,TPEx LISTED,半導體業,498.0,510.0,511.0,498.0,581143,289.41,510.2,509.2,-2.39,-2.2,-1.97,-3.49,-10.27,730.0,1745.79,1745.79,730.0,1745.79,-30.0,-70.73,-70.73,31.78,71.47,False,False,False,False,False,False,False,False,False,2026-10-07,半導體業,半導體／IC設計或製造（細分環節待核驗）
6645,6645.TW,KIM FOREST,金萬林-創,7.49,,TWSE LISTED,生技醫療業,12.3,12.65,12.85,12.2,73288,0.9,12.69,12.64,-3.07,-2.69,-4.28,-3.91,-4.28,18.5,48.1,78.64,18.5,48.1,-30.54,-73.28,-83.66,33.51,74.43,False,False,False,False,False,False,False,False,False,2026-10-07,生技醫療業,生技、製藥、醫療器材與健康服務（公司級產品待核驗）
6649,6649.TWO,TWBM,台生材,15.18,,TPEx LISTED,生技醫療業,36.15,37.65,37.65,35.6,162000,5.86,37.1,36.77,-2.56,-1.69,-3.98,-3.21,-0.96,52.5,80.4,80.4,52.5,80.4,-28.29,-53.17,-53.17,31.14,55.04,False,False,False,False,False,False,False,False,False,2026-10-07,生技醫療業,生技、製藥、醫療器材與健康服務（公司級產品待核驗）
6651,6651.TWO,CYSTEK,全宇昕,49.31,,TPEx LISTED,半導體業,142.5,148.0,148.0,142.5,507081,72.26,150.4,150.2,-5.25,-5.13,-8.36,-5.32,-2.4,177.5,177.5,177.5,177.5,177.5,-16.62,-16.62,-16.62,19.72,19.72,False,False,False,False,False,False,False,False,False,2026-10-07,半導體業,半導體／IC設計或製造（細分環節待核驗）
6654,6654.TWO,TZI,天正國際,88.89,,TPEx LISTED,其他電子業,217.0,220.5,235.0,215.5,112000,24.3,217.0,208.85,0.0,3.9,-1.36,-0.91,0.46,242.0,242.0,242.0,242.0,242.0,-2.89,-2.89,-2.89,10.33,10.33,False,False,False,False,False,False,False,False,False,2026-10-07,其他電子業,其他電子：電子模組、感測器、電源與車用電子（公司級產品待核驗）
6655,6655.TW,KD,科定,103.53,,TWSE LISTED,其他,128.5,128.5,128.5,128.5,2000,0.26,127.4,126.0,0.86,1.98,-3.38,2.8,2.8,141.0,158.0,176.0,141.0,158.0,-8.87,-18.67,-26.99,8.87,18.67,False,False,False,False,False,False,False,True,False,2026-10-07,其他,其他（公司级产品待核验）
6657,6657.TW,ENERGENESIS,華安,29.66,,TWSE LISTED,生技醫療業,33.4,34.0,34.15,33.25,273150,9.12,33.22,33.025,0.54,1.14,-2.34,1.52,2.14,59.7,85.6,100.92,59.7,85.6,-42.8,-60.11,-66.16,44.05,60.98,False,False,False,False,False,False,False,False,False,2026-10-07,生技醫療業,生技、製藥、醫療器材與健康服務（公司級產品待核驗）
6658,6658.TW,SynPower,聯策,77.7,,TWSE LISTED,其他電子業,202.5,203.0,208.5,201.5,1014250,205.39,193.7,186.3,4.54,8.7,-0.25,11.26,12.19,260.0,260.0,260.0,260.0,260.0,-19.81,-19.81,-19.81,22.12,22.12,False,False,False,False,False,False,False,False,False,2026-10-07,其他電子業,其他電子：電子模組、感測器、電源與車用電子（公司級產品待核驗）
6661,6661.TWO,WELGENE,威健生技,4.01,,TPEx LISTED,生技醫療業,17.2,17.2,17.2,17.2,2000,0.03,16.63,16.345,3.43,5.23,1.47,6.17,6.17,20.35,39.4,41.5,20.35,39.4,-15.48,-56.35,-58.55,15.48,56.35,True,False,False,False,False,False,False,False,False,2026-10-07,生技醫療業,生技、製藥、醫療器材與健康服務（公司級產品待核驗）
6662,6662.TWO,BioLASCO,樂斯科,7.3,,TPEx LISTED,生技醫療業,28.5,28.5,28.5,28.5,0,0.0,28.54,28.52,-0.14,-0.07,0.0,-0.35,0.0,32.4,41.0,71.09,32.4,41.0,-12.04,-30.49,-59.91,12.04,30.49,False,False,False,False,False,False,False,False,False,2026-10-07,生技醫療業,生技、製藥、醫療器材與健康服務（公司級產品待核驗）
6664,6664.TWO,Group Up,群翊,231.15,,TPEx LISTED,電子零組件業,378.0,388.0,388.0,378.0,244504,92.42,379.8,369.65,-0.47,2.26,-2.2,0.0,0.53,497.5,497.5,497.5,497.5,497.5,-22.01,-22.01,-22.01,24.02,24.02,False,False,False,False,False,False,False,False,False,2026-10-07,電子零組件業,電子零組件：PCB、CCL、IC載板、連接器與被動元件（公司級品類待核驗）
6666,6666.TW,LLF-KY,羅麗芬-KY,20.87,,TWSE LISTED,生技醫療業,44.05,45.15,45.15,43.6,30000,1.32,45.15,45.195,-2.44,-2.53,-1.89,-3.19,-3.29,47.0,75.2,216.0,47.0,75.2,-3.94,-39.96,-79.1,6.28,41.42,False,False,False,False,False,False,False,True,False,2026-10-07,生技醫療業,生技、製藥、醫療器材與健康服務（公司級產品待核驗）
6667,6667.TWO,Trusval,信紘科,137.24,,TPEx LISTED,其他電子業,278.5,260.5,285.0,260.5,1750304,487.46,264.9,263.2,5.13,5.81,6.91,7.12,6.3,302.5,310.0,310.0,302.5,310.0,-5.79,-8.06,-8.06,7.93,10.16,False,False,False,True,False,False,False,True,False,2026-10-07,其他電子業,其他電子：電子模組、感測器、電源與車用電子（公司級產品待核驗）
6668,6668.TW,Zhong Yang,中揚光,53.77,,TWSE LISTED,光電業,50.2,51.9,52.6,50.0,4979158,249.95,48.88,48.3,2.7,3.93,-2.52,6.02,6.7,54.1,79.7,253.55,54.1,79.7,-2.77,-34.0,-79.25,7.21,37.01,False,False,False,False,False,False,False,True,False,2026-10-07,光電業,光電顯示／光學元件
6669,6669.TW,Wiwynn,緯穎,12548.47,,TWSE LISTED,電腦及週邊設備業,2240.0,2300.0,2310.0,2235.0,2575934,5770.09,2175.0,2140.0,2.99,4.67,-2.18,7.43,7.18,2875.0,2875.0,2875.0,2875.0,2875.0,-19.65,-19.65,-19.65,22.09,22.09,False,False,False,False,False,False,False,False,False,2026-10-07,電腦及週邊設備業,電腦、伺服器與企業硬體
6670,6670.TW,FSP,復盛應用,381.92,,TWSE LISTED,運動休閒,274.0,272.0,274.5,272.0,69100,18.93,271.1,271.75,1.07,0.83,1.48,1.29,0.74,304.5,383.5,383.5,304.5,383.5,-9.85,-28.42,-28.42,10.02,28.55,False,False,False,False,False,False,False,False,False,2026-10-07,運動休閒,運動休閒（公司级产品待核验）
6671,6671.TW,San Neng-KY,三能-KY,14.0,,TWSE LISTED,居家生活,23.05,22.65,23.3,22.65,9000,0.21,23.04,22.93,0.04,0.52,0.0,0.44,1.54,40.4,48.15,53.0,40.4,48.15,-42.33,-51.61,-56.04,42.95,52.13,False,False,False,True,False,False,False,False,False,2026-10-07,居家生活,居家用品、建材、家具與生活消費品（公司級產品待核驗）
6672,6672.TW,Ventec,騰輝電子-KY,412.18,,TWSE LISTED,電子零組件業,505.0,505.0,505.0,497.5,2795483,1411.72,452.0,391.1,11.73,29.12,9.9,15.03,36.86,459.5,459.5,459.5,505.0,505.0,9.9,9.9,9.9,0.0,0.0,True,True,False,False,True,True,True,True,True,2026-10-07,電子零組件業,電子零組件：PCB、CCL、IC載板、連接器與被動元件（公司級品類待核驗）
6674,6674.TW,CBN,鋐寶科技,12.48,,TWSE LISTED,通信網路業,18.3,18.25,18.35,18.25,41001,0.75,18.31,18.3,-0.05,-0.0,0.27,-0.27,0.27,22.15,32.45,56.5,22.15,32.45,-17.16,-43.45,-67.52,17.38,43.61,False,False,False,False,False,False,False,False,False,2026-10-07,通信網路業,通信網路／網通設備
6679,6679.TWO,ZILLTEK,鈺太,109.4,,TPEx LISTED,半導體業,199.0,200.5,202.0,198.5,138218,27.51,203.9,203.45,-2.4,-2.19,-0.75,-4.78,-3.4,352.5,499.0,499.0,352.5,499.0,-42.7,-59.52,-59.52,43.55,60.12,False,False,False,False,False,False,False,False,False,2026-10-07,半導體業,半導體／IC設計或製造（細分環節待核驗）
6680,6680.TWO,SINTRONES,鑫創電子,12.56,,TPEx LISTED,電腦及週邊設備業,50.1,51.6,51.6,50.1,3140,0.16,51.08,52.14,-1.92,-3.91,-1.38,-2.72,-3.47,70.88,114.57,114.57,70.88,114.57,-27.2,-54.96,-54.96,29.31,56.27,False,False,False,False,False,False,False,False,False,2026-10-07,電腦及週邊設備業,電腦、伺服器與企業硬體
6683,6683.TWO,KSMT,雍智科技,398.14,,TPEx LISTED,半導體業,1445.0,1465.0,1500.0,1420.0,1221204,1764.64,1491.0,1518.5,-3.09,-4.84,-3.99,-3.02,-9.12,2565.0,2565.0,2565.0,2565.0,2565.0,-41.52,-41.52,-41.52,43.66,43.66,False,False,False,False,False,False,False,False,False,2026-10-07,半導體業,半導體／IC設計或製造（細分環節待核驗）
6684,6684.TWO,AlgolTek,安格,21.59,,TPEx LISTED,半導體業,48.45,49.0,49.0,48.45,94200,4.56,49.3,49.49,-1.72,-2.1,-0.92,-3.1,-3.49,66.7,135.5,227.23,66.7,135.5,-26.54,-63.84,-78.44,27.36,64.24,False,False,False,False,False,False,False,False,False,2026-10-07,半導體業,半導體／IC設計或製造（細分環節待核驗）
6689,6689.TW,ECV,伊雲谷,42.64,,TWSE LISTED,數位雲端,62.7,62.7,63.7,62.6,176030,11.04,63.5,63.87,-1.26,-1.83,0.0,-3.24,-3.24,88.5,141.5,425.0,88.5,141.5,-28.02,-54.98,-85.01,29.15,55.69,False,False,False,False,False,False,False,False,False,2026-10-07,數位雲端,數位雲端、軟體服務與電子商務（公司級產品待核驗）
6690,6690.TWO,ACSI,安碁資訊,53.4,,TPEx LISTED,數位雲端,178.0,179.0,181.0,177.5,180300,32.09,176.9,177.65,0.62,0.2,0.85,1.14,0.56,201.0,280.5,280.5,201.0,280.5,-9.95,-35.47,-35.47,11.44,36.54,False,False,False,True,False,False,False,False,False,2026-10-07,數位雲端,數位雲端、軟體服務與電子商務（公司級產品待核驗）
6691,6691.TW,YANKEY,洋基工程,1036.32,,TWSE LISTED,其他電子業,776.0,787.0,793.0,775.0,610549,473.79,766.2,715.2,1.28,8.5,-1.4,4.72,7.93,794.0,794.0,794.0,794.0,794.0,-0.13,-0.13,-0.13,2.27,2.27,False,False,False,False,False,False,False,True,True,2026-10-07,其他電子業,其他電子：電子模組、感測器、電源與車用電子（公司級產品待核驗）
6692,6692.TWO,AES,進能服,13.3,,TPEx LISTED,綠能環保,22.6,22.1,22.9,22.05,21865,0.49,22.75,22.935,-0.66,-1.46,2.03,-0.44,-5.24,33.5,55.36,55.36,33.5,55.36,-31.64,-58.63,-58.63,32.54,59.17,False,False,False,False,False,False,False,False,False,2026-10-07,綠能環保,綠能、太陽能、儲能與環境工程（公司級產品待核驗）
6693,6693.TWO,inergy,廣閎科,90.07,,TPEx LISTED,半導體業,197.0,202.0,203.5,194.5,1849399,364.33,207.4,205.25,-5.01,-4.02,-4.37,-4.37,-6.86,280.0,280.0,280.0,280.0,280.0,-27.32,-27.32,-27.32,29.64,29.64,False,False,False,False,False,False,False,False,False,2026-10-07,半導體業,半導體／IC設計或製造（細分環節待核驗）
6695,6695.TW,iCatchtek,芯鼎,54.97,,TWSE LISTED,半導體業,51.4,52.2,52.2,50.8,348000,17.89,53.22,52.55,-3.42,-2.19,-1.53,-5.51,-6.55,69.0,99.5,99.5,69.0,99.5,-24.35,-47.54,-47.54,25.51,48.34,False,False,False,False,False,False,False,False,False,2026-10-07,半導體業,半導體／IC設計或製造（細分環節待核驗）
6697,6697.TWO,ITTS,東捷資訊,11.23,,TPEx LISTED,資訊服務業,41.1,40.9,41.3,40.9,18000,0.74,41.1,41.195,-0.0,-0.23,0.12,-0.12,-0.48,48.95,66.0,80.0,48.95,66.0,-15.63,-37.42,-48.38,16.04,37.73,False,False,False,False,False,False,False,False,False,2026-10-07,資訊服務業,資訊服務、軟體、雲端與系統整合（公司級產品待核驗）
6698,6698.TW,FINEMAT,旭暉應材,21.18,,TWSE LISTED,其他電子業,31.9,31.2,32.6,31.0,234000,7.46,31.67,32.02,0.73,-0.37,2.24,0.79,-4.2,48.45,61.0,103.49,48.45,61.0,-32.71,-46.56,-68.5,34.16,47.7,False,False,False,False,False,False,False,False,False,2026-10-07,其他電子業,其他電子：電子模組、感測器、電源與車用電子（公司級產品待核驗）
6703,6703.TWO,SHINY,軒郁,36.79,,TPEx LISTED,生技醫療業,100.5,99.8,100.5,99.7,41210,4.14,100.38,100.39,0.12,0.11,0.6,0.0,0.0,112.27,264.98,264.98,112.27,264.98,-10.49,-62.07,-62.07,10.49,62.07,False,False,False,True,False,False,False,False,False,2026-10-07,生技醫療業,生技、製藥、醫療器材與健康服務（公司級產品待核驗）
6706,6706.TW,FitTech,惠特,120.97,,TWSE LISTED,光電業,154.0,148.5,158.0,148.5,4133333,636.53,152.5,149.95,0.98,2.7,4.05,-0.32,2.67,225.0,225.0,259.0,225.0,225.0,-29.78,-29.78,-39.0,31.56,31.56,False,False,False,True,False,False,False,False,False,2026-10-07,光電業,光電顯示／光學元件
6708,6708.TWO,MARS,天擎,19.87,,TPEx LISTED,半導體業,68.5,71.8,71.8,67.1,930375,63.73,65.84,54.86,4.04,24.86,-6.04,9.78,32.5,75.4,75.4,184.77,75.4,75.4,-4.77,-4.77,-61.14,9.15,9.15,False,False,False,False,False,False,False,True,True,2026-10-07,半導體業,半導體／IC設計或製造（細分環節待核驗）
6712,6712.TWO,Ever Supreme,長聖,162.29,,TPEx LISTED,生技醫療業,161.5,161.0,164.0,161.0,440478,71.14,160.9,160.95,0.37,0.34,0.94,0.31,-0.31,184.0,186.15,322.75,184.0,186.15,-10.87,-11.9,-49.19,12.23,13.24,False,False,False,False,False,False,False,False,False,2026-10-07,生技醫療業,生技、製藥、醫療器材與健康服務（公司級產品待核驗）
6715,6715.TW,Lintes,嘉基,331.13,,TWSE LISTED,電子零組件業,485.0,480.0,519.0,470.0,2921321,1416.84,470.0,462.35,3.19,4.9,0.52,8.02,9.73,569.0,569.0,569.0,569.0,569.0,-8.79,-8.79,-8.79,14.76,14.76,True,False,False,False,False,False,False,False,False,2026-10-07,電子零組件業,電子零組件：PCB、CCL、IC載板、連接器與被動元件（公司級品類待核驗）
6716,6716.TWO,PDK,應廣,46.42,,TPEx LISTED,半導體業,153.5,153.0,160.0,142.5,5453914,837.18,134.2,125.0,14.38,22.8,5.14,26.86,34.65,146.0,155.5,199.17,160.0,160.0,9.59,2.89,-19.67,4.06,4.06,True,True,False,False,True,True,False,True,True,2026-10-07,半導體業,半導體／IC設計或製造（細分環節待核驗）
6719,6719.TW,uPI,力智,199.95,,TWSE LISTED,半導體業,189.5,190.0,190.5,187.5,265215,50.26,189.5,187.25,0.0,1.2,0.26,0.0,1.61,326.5,326.5,1015.0,326.5,326.5,-41.65,-41.65,-81.23,41.96,41.96,False,False,False,False,False,False,False,False,False,2026-10-07,半導體業,半導體／IC設計或製造（細分環節待核驗）
6720,6720.TWO,MP,久昌,37.63,,TPEx LISTED,半導體業,124.5,125.0,125.0,123.0,8159,1.02,125.2,126.6,-0.56,-1.66,0.0,-1.19,-2.35,182.0,240.5,240.5,182.0,240.5,-31.32,-48.02,-48.02,31.59,48.23,False,False,False,False,False,False,False,False,False,2026-10-07,半導體業,半導體／IC設計或製造（細分環節待核驗）
6721,6721.TWO,Sincere group,信實,12.0,,TPEx LISTED,其他,49.0,49.05,49.05,48.8,33000,1.62,49.79,49.955,-1.59,-1.91,-0.71,-2.39,-2.0,62.9,65.0,75.2,62.9,65.0,-22.02,-24.54,-34.77,22.1,24.62,False,False,False,False,False,False,False,False,False,2026-10-07,其他,其他（公司级产品待核验）
6722,6722.TW,Whetron,輝創,29.17,,TWSE LISTED,其他電子業,33.0,33.05,33.05,32.9,65000,2.15,32.82,32.66,0.55,1.04,-0.15,1.54,1.54,58.2,71.3,71.3,58.2,71.3,-43.21,-53.65,-53.65,43.3,53.72,False,False,False,False,False,False,False,False,False,2026-10-07,其他電子業,其他電子：電子模組、感測器、電源與車用電子（公司級產品待核驗）
6725,6725.TWO,CHCT,矽科宏晟,80.57,,TPEx LISTED,其他電子業,217.0,221.0,221.0,217.0,47000,10.2,220.4,218.75,-1.54,-0.8,-1.59,-1.59,-0.46,424.0,424.0,424.0,424.0,424.0,-47.88,-47.88,-47.88,48.82,48.82,False,False,False,False,False,False,False,False,False,2026-10-07,其他電子業,其他電子：電子模組、感測器、電源與車用電子（公司級產品待核驗）
6727,6727.TWO,AMI,亞泰金屬,141.41,,TPEx LISTED,電子零組件業,526.0,525.0,550.0,525.0,1116641,587.35,517.8,500.2,1.58,5.16,-0.38,1.94,8.45,697.0,697.0,697.0,697.0,697.0,-21.09,-21.09,-21.09,24.53,24.53,False,False,False,False,False,False,False,False,False,2026-10-07,電子零組件業,電子零組件：PCB、CCL、IC載板、連接器與被動元件（公司級品類待核驗）
6728,6728.TWO,UP YOUNG,上洋,32.83,,TPEx LISTED,居家生活,109.0,109.0,109.0,108.5,27261,2.97,108.7,108.55,0.28,0.41,0.46,0.46,0.0,145.5,192.0,193.5,145.5,192.0,-25.09,-43.23,-43.67,25.09,43.23,False,False,False,True,False,False,False,False,False,2026-10-07,居家生活,居家用品、建材、家具與生活消費品（公司級產品待核驗）
6730,6730.TWO,LAGIS,常廣,11.58,,TPEx LISTED,生技醫療業,31.9,31.7,31.9,31.7,3000,0.1,31.95,32.055,-0.16,-0.48,0.16,-0.16,-0.31,40.0,52.2,81.4,40.0,52.2,-20.25,-38.89,-60.81,20.25,38.89,False,False,False,False,False,False,False,False,False,2026-10-07,生技醫療業,生技、製藥、醫療器材與健康服務（公司級產品待核驗）
6732,6732.TWO,sensortek,昇佳電子,74.84,,TPEx LISTED,半導體業,153.0,152.0,154.0,151.5,59013,9.03,153.0,151.55,0.0,0.96,0.66,-0.97,0.99,217.0,542.0,948.0,217.0,542.0,-29.03,-71.59,-83.76,29.49,71.77,False,False,False,False,False,False,False,False,False,2026-10-07,半導體業,半導體／IC設計或製造（細分環節待核驗）
6733,6733.TWO,BioGend,博晟生醫,33.38,,TPEx LISTED,生技醫療業,24.85,24.65,24.85,24.45,74620,1.85,24.81,24.975,0.16,-0.5,1.22,-1.0,-0.4,42.0,49.15,49.65,42.0,49.15,-40.83,-49.44,-49.95,40.83,49.44,False,False,False,False,False,False,False,False,False,2026-10-07,生技醫療業,生技、製藥、醫療器材與健康服務（公司級產品待核驗）
6735,6735.TWO,AMIDA,美達科技,29.19,,TPEx LISTED,其他電子業,63.2,67.0,67.0,63.0,100020,6.32,65.74,65.24,-3.86,-3.13,-2.62,-6.37,-6.09,149.5,149.5,149.5,149.5,149.5,-55.18,-55.18,-55.18,57.73,57.73,False,False,False,False,False,False,False,False,False,2026-10-07,其他電子業,其他電子：電子模組、感測器、電源與車用電子（公司級產品待核驗）
6739,6739.TWO,GUTC,竹陞科技,257.32,,TPEx LISTED,其他電子業,1100.0,1110.0,1120.0,1100.0,98102,107.91,1123.0,1112.5,-2.05,-1.12,-0.9,-6.38,-3.08,1760.0,1760.0,1760.0,1760.0,1760.0,-36.36,-36.36,-36.36,37.5,37.5,False,False,False,False,False,False,False,False,False,2026-10-07,其他電子業,其他電子：電子模組、感測器、電源與車用電子（公司級產品待核驗）
6741,6741.TWO,91APP,91APP*-KY,65.35,,TPEx LISTED,數位雲端,54.2,54.4,54.6,54.1,90000,4.88,54.86,55.27,-1.2,-1.94,-0.55,-1.63,-1.63,75.7,118.0,427.0,75.7,118.0,-27.87,-53.73,-87.21,28.4,54.07,False,False,False,False,False,False,False,False,False,2026-10-07,數位雲端,數位雲端、軟體服務與電子商務（公司級產品待核驗）
6742,6742.TW,Vti,澤米,42.69,,TWSE LISTED,光電業,59.9,59.0,61.0,59.0,934535,55.98,58.44,56.53,2.5,5.96,1.87,3.81,6.39,74.9,93.8,145.58,74.9,93.8,-18.56,-34.97,-58.1,20.03,36.14,False,False,False,False,False,False,False,False,False,2026-10-07,光電業,光電顯示／光學元件
6743,6743.TW,AMPACS,安普新,53.62,,TWSE LISTED,其他電子業,35.75,35.65,37.45,35.65,636377,22.75,35.19,32.97,1.59,8.43,0.28,0.85,12.24,36.45,76.8,152.12,37.45,76.8,2.74,-51.24,-75.38,4.54,53.45,True,True,False,False,True,False,False,True,False,2026-10-07,其他電子業,其他電子：電子模組、感測器、電源與車用電子（公司級產品待核驗）
6751,6751.TWO,AST,智聯服務,10.83,,TPEx LISTED,資訊服務業,48.8,48.8,48.8,48.8,80000,3.9,45.24,44.715,7.87,9.14,9.79,9.66,9.66,71.1,91.9,149.42,71.1,91.9,-31.36,-46.9,-67.34,31.36,46.9,False,False,False,False,False,False,False,False,False,2026-10-07,資訊服務業,資訊服務、軟體、雲端與系統整合（公司級產品待核驗）
6752,6752.TWO,GSS,叡揚,37.0,,TPEx LISTED,資訊服務業,96.7,97.9,97.9,96.7,3322,0.32,96.52,96.4,0.19,0.31,0.1,0.21,0.73,126.21,190.94,190.94,126.21,190.94,-22.43,-48.73,-48.73,23.38,49.36,False,False,False,False,False,False,False,False,False,2026-10-07,資訊服務業,資訊服務、軟體、雲端與系統整合（公司級產品待核驗）
6753,6753.TW,LUNGTEH,龍德造船,153.6,,TWSE LISTED,航運業,131.0,131.0,132.5,131.0,177158,23.21,131.8,132.25,-0.61,-0.95,0.0,-1.5,-1.87,169.0,214.0,214.0,169.0,214.0,-21.6,-38.08,-38.08,22.49,38.79,False,False,False,False,False,False,False,False,False,2026-10-07,航運業,海運、航空、港口與物流運輸（公司級業務待核驗）
6754,6754.TW,Rich Honour,匯僑設計,26.73,,TWSE LISTED,居家生活,40.5,41.75,41.75,40.1,24160,0.98,41.11,41.375,-1.48,-2.11,-2.99,-1.94,-2.41,48.3,94.9,94.9,48.3,94.9,-13.56,-56.01,-56.01,16.15,57.32,False,False,False,False,False,False,False,False,False,2026-10-07,居家生活,居家用品、建材、家具與生活消費品（公司級產品待核驗）
6756,6756.TW,VLI,威鋒電子,68.52,,TWSE LISTED,半導體業,97.9,97.6,98.8,97.4,77016,7.54,97.64,97.93,0.27,-0.03,0.93,0.82,-0.81,115.5,296.0,625.0,115.5,296.0,-14.46,-66.62,-84.19,15.24,66.93,False,False,False,False,False,False,False,False,False,2026-10-07,半導體業,半導體／IC設計或製造（細分環節待核驗）
6757,6757.TW,TTW,台灣虎航,244.47,,TWSE LISTED,航運業,53.2,52.9,53.2,52.8,244024,12.98,53.14,53.49,0.11,-0.54,0.95,-0.37,-1.48,73.0,109.0,109.0,73.0,109.0,-27.12,-51.19,-51.19,27.12,51.19,False,False,False,False,False,False,False,False,False,2026-10-07,航運業,海運、航空、港口與物流運輸（公司級業務待核驗）
6761,6761.TWO,Wendell,穩得,58.9,,TPEx LISTED,電子零組件業,168.5,168.0,169.0,167.5,63017,10.62,167.6,165.75,0.54,1.66,0.6,0.3,2.12,239.0,239.0,239.0,239.0,239.0,-29.29,-29.29,-29.29,29.5,29.5,False,False,False,False,False,False,False,False,False,2026-10-07,電子零組件業,電子零組件：PCB、CCL、IC載板、連接器與被動元件（公司級品類待核驗）
6762,6762.TWO,Delta Asia,達亞,57.61,,TPEx LISTED,生技醫療業,156.0,156.0,156.0,156.0,0,0.0,157.0,158.45,-0.64,-1.55,0.0,-3.11,-1.27,188.57,241.41,241.41,188.57,241.41,-17.27,-35.38,-35.38,17.27,35.38,False,False,False,False,False,False,False,False,False,2026-10-07,生技醫療業,生技、製藥、醫療器材與健康服務（公司級產品待核驗）
6763,6763.TWO,Green World,綠界科技*,76.38,,TPEx LISTED,數位雲端,41.5,41.1,41.7,41.05,152261,6.32,41.26,41.36,0.58,0.34,1.1,0.12,0.48,58.6,96.8,138.1,58.6,96.8,-28.84,-56.92,-69.8,29.18,57.13,False,False,False,True,False,False,False,False,False,2026-10-07,數位雲端,數位雲端、軟體服務與電子商務（公司級產品待核驗）
6767,6767.TWO,Wiltrom,台微醫,9.6,,TPEx LISTED,生技醫療業,24.5,23.8,24.5,23.75,12000,0.29,24.34,24.495,0.66,0.02,3.38,0.2,0.0,30.25,42.9,52.0,30.25,42.9,-19.01,-42.89,-52.88,19.01,42.89,False,False,False,True,False,False,False,False,False,2026-10-07,生技醫療業,生技、製藥、醫療器材與健康服務（公司級產品待核驗）
6768,6768.TW,SPG-KY,志強-KY,129.86,,TWSE LISTED,運動休閒,64.9,64.0,65.9,64.0,603100,39.14,63.74,63.2,1.82,2.69,1.88,1.88,3.51,109.5,173.5,173.5,109.5,173.5,-39.82,-62.02,-62.02,40.73,62.59,False,False,False,False,False,False,False,False,False,2026-10-07,運動休閒,運動休閒（公司级产品待核验）
6770,6770.TW,PSMC,力積電,3420.97,,TWSE LISTED,半導體業,72.6,74.3,74.8,72.4,91254062,6625.04,74.74,73.82,-2.86,-1.65,-2.29,-5.1,-3.59,94.5,94.5,94.5,94.5,94.5,-20.85,-20.85,-20.85,23.17,23.17,False,False,False,False,False,False,False,False,False,2026-10-07,半導體業,半導體／IC設計或製造（細分環節待核驗）
6771,6771.TW,PHET,平和環保-創,13.19,,TWSE LISTED,綠能環保,42.3,41.85,42.3,41.7,11000,0.47,42.6,42.38,-0.7,-0.19,-0.47,-0.94,-0.7,48.75,90.2,95.24,48.75,90.2,-13.23,-53.1,-55.59,13.23,53.1,False,False,False,False,False,False,False,False,False,2026-10-07,綠能環保,綠能、太陽能、儲能與環境工程（公司級產品待核驗）
6776,6776.TW,Weblink,展碁國際,47.99,,TWSE LISTED,電子通路業,52.4,52.6,52.6,52.1,54000,2.83,52.5,52.43,-0.19,-0.06,0.38,-0.57,-0.95,75.5,75.5,75.5,75.5,75.5,-30.33,-30.33,-30.33,30.6,30.6,False,False,False,False,False,False,False,False,False,2026-10-07,電子通路業,電子通路、半導體代理與零組件分銷（公司級代理品類待核驗）
6781,6781.TW,AES-KY,AES-KY,875.54,,TWSE LISTED,電子零組件業,1025.0,1030.0,1045.0,1020.0,238358,244.32,1030.0,1021.5,-0.49,0.34,0.0,0.0,0.49,1370.0,1555.0,2015.0,1370.0,1555.0,-23.72,-32.8,-48.14,25.18,34.08,False,False,False,False,False,False,False,False,False,2026-10-07,電子零組件業,電子零組件：PCB、CCL、IC載板、連接器與被動元件（公司級品類待核驗）
6782,6782.TW,VISCO,視陽,146.48,,TWSE LISTED,生技醫療業,232.5,231.0,233.5,229.5,168000,39.06,233.3,235.4,-0.34,-1.23,0.43,-1.48,-3.93,256.0,304.5,388.5,256.0,304.5,-8.79,-23.32,-39.9,9.18,23.65,False,False,False,False,False,False,False,True,False,2026-10-07,生技醫療業,生技、製藥、醫療器材與健康服務（公司級產品待核驗）
6785,6785.TWO,Alar,昱展新藥,60.65,,TPEx LISTED,生技醫療業,90.8,92.1,92.2,90.1,136000,12.35,93.66,95.35,-3.05,-4.77,-2.47,-4.12,-4.52,313.0,465.0,465.0,313.0,465.0,-70.54,-80.17,-80.17,70.99,80.47,False,False,False,False,False,False,False,False,False,2026-10-07,生技醫療業,生技、製藥、醫療器材與健康服務（公司級產品待核驗）
6788,6788.TWO,Brillian,華景電,146.05,,TPEx LISTED,半導體業,377.0,375.0,385.0,375.0,683443,257.66,366.1,353.55,2.98,6.63,1.75,4.72,8.02,549.0,549.0,549.0,549.0,549.0,-29.87,-29.87,-29.87,31.33,31.33,False,False,False,False,False,False,False,False,False,2026-10-07,半導體業,半導體／IC設計或製造（細分環節待核驗）
6789,6789.TW,VisEra,采鈺,1545.34,,TWSE LISTED,半導體業,485.5,484.0,496.0,484.0,743910,361.17,487.4,481.15,-0.39,0.9,0.31,-1.02,-1.72,642.0,642.0,642.0,642.0,642.0,-22.74,-22.74,-22.74,24.38,24.38,False,False,False,False,False,False,False,False,False,2026-10-07,半導體業,半導體／IC設計或製造（細分環節待核驗）
6790,6790.TW,YFYCPG,永豐實,99.51,,TWSE LISTED,造紙工業,37.25,37.35,37.35,37.2,145100,5.4,37.4,37.575,-0.4,-0.86,-0.27,-0.67,-1.46,41.25,58.3,78.3,41.25,58.3,-9.45,-35.93,-52.3,9.7,36.11,False,False,False,False,False,False,False,True,False,2026-10-07,造紙工業,造紙工業（公司级产品待核验）
6791,6791.TWO,TADC,虎門科技,21.16,,TPEx LISTED,資訊服務業,101.5,103.0,103.5,101.0,18000,1.83,100.7,100.03,0.79,1.47,-0.49,1.5,2.01,145.0,175.0,175.0,145.0,175.0,-28.62,-40.86,-40.86,30.0,42.0,False,False,False,False,False,False,False,False,False,2026-10-07,資訊服務業,資訊服務、軟體、雲端與系統整合（公司級產品待核驗）
6792,6792.TW,Unictron,詠業,28.63,,TWSE LISTED,通信網路業,59.8,60.0,60.2,59.5,23000,1.38,59.18,59.11,1.05,1.17,0.0,1.7,0.34,76.5,104.5,229.0,76.5,104.5,-21.31,-42.39,-73.71,21.83,42.78,False,False,False,False,False,False,False,False,False,2026-10-07,通信網路業,通信網路／網通設備
6794,6794.TW,UnicoCell,向榮生技,45.82,,TWSE LISTED,生技醫療業,72.0,73.8,73.8,72.0,62000,4.46,74.74,73.94,-3.67,-2.62,-2.17,-8.75,0.28,93.2,96.0,104.0,93.2,96.0,-20.82,-23.12,-29.04,22.75,25.0,False,False,False,False,False,False,False,False,False,2026-10-07,生技醫療業,生技、製藥、醫療器材與健康服務（公司級產品待核驗）
6796,6796.TW,MiiS,晉弘,22.53,,TWSE LISTED,生技醫療業,56.0,57.2,57.2,56.0,25000,1.4,55.96,53.72,0.07,4.24,0.0,-2.95,5.66,99.0,115.0,137.12,99.0,115.0,-42.22,-50.26,-58.28,43.43,51.3,False,False,False,False,False,False,False,False,False,2026-10-07,生技醫療業,生技、製藥、醫療器材與健康服務（公司級產品待核驗）
6799,6799.TW,M3TEK,來頡,39.94,,TWSE LISTED,半導體業,91.5,91.1,93.0,90.7,128005,11.71,91.78,90.05,-0.31,1.61,-0.22,-0.22,-0.22,118.0,228.0,361.5,118.0,228.0,-21.19,-59.21,-74.27,22.46,59.87,False,False,False,False,False,False,False,False,False,2026-10-07,半導體業,半導體／IC設計或製造（細分環節待核驗）
6803,6803.TWO,ECOVE Corp.,崑鼎,190.72,,TPEx LISTED,綠能環保,262.0,263.0,263.0,262.0,63170,16.55,264.9,265.7,-1.09,-1.39,-0.38,-1.87,-1.87,312.5,317.0,330.0,312.5,317.0,-15.84,-17.03,-20.3,16.16,17.35,False,False,False,False,False,False,False,False,False,2026-10-07,綠能環保,綠能、太陽能、儲能與環境工程（公司級產品待核驗）
6804,6804.TWO,Axman,明係,8.69,,TPEx LISTED,運動休閒,18.3,18.55,18.6,18.3,83000,1.52,18.39,18.315,-0.49,-0.08,-0.54,-0.27,-0.27,21.05,60.3,80.1,21.05,60.3,-11.64,-69.15,-76.78,13.06,69.65,False,False,False,False,False,False,False,False,False,2026-10-07,運動休閒,運動休閒（公司级产品待核验）
6805,6805.TW,Fositek,富世達,1683.0,,TWSE LISTED,電子零組件業,2455.0,2425.0,2510.0,2390.0,883462,2168.9,2404.0,2462.0,2.12,-0.28,1.66,6.28,0.0,2750.0,2750.0,2750.0,2750.0,2750.0,-8.73,-8.73,-8.73,10.73,10.73,False,False,False,False,False,False,False,False,False,2026-10-07,電子零組件業,電子零組件：PCB、CCL、IC載板、連接器與被動元件（公司級品類待核驗）
6807,6807.TW,FY-KY,峰源-KY,17.68,,TWSE LISTED,居家生活,32.75,32.75,32.75,32.75,0,0.0,32.38,32.425,1.14,1.0,0.0,2.18,1.39,47.95,100.0,100.0,47.95,100.0,-31.7,-67.25,-67.25,31.7,67.25,False,False,False,False,False,False,False,False,False,2026-10-07,居家生活,居家用品、建材、家具與生活消費品（公司級產品待核驗）
6811,6811.TWO,AEB,宏碁資訊,113.16,,TPEx LISTED,數位雲端,273.0,270.0,273.0,266.5,1183063,322.98,250.3,247.6,9.07,10.26,9.86,13.75,13.51,272.5,350.0,399.0,273.0,350.0,0.18,-22.0,-31.58,0.0,22.0,True,False,False,False,True,False,False,True,False,2026-10-07,數位雲端,數位雲端、軟體服務與電子商務（公司級產品待核驗）
6821,6821.TWO,LKM,聯寶,16.36,,TPEx LISTED,電子零組件業,45.55,45.35,47.1,45.2,187000,8.52,45.11,43.125,0.98,5.62,-0.55,-1.94,6.43,76.3,76.3,90.7,76.3,76.3,-38.27,-38.27,-48.07,40.3,40.3,False,False,False,False,False,False,False,False,False,2026-10-07,電子零組件業,電子零組件：PCB、CCL、IC載板、連接器與被動元件（公司級品類待核驗）
6823,6823.TWO,GreenFILTEC,濾能,20.01,,TPEx LISTED,半導體業,60.2,61.2,61.2,59.6,32000,1.93,60.8,60.81,-0.99,-1.0,-1.63,-1.47,-0.99,113.5,113.5,197.81,113.5,113.5,-46.08,-46.08,-69.06,46.96,46.96,False,False,False,False,False,False,False,False,False,2026-10-07,半導體業,半導體／IC設計或製造（細分環節待核驗）
6829,6829.TWO,CFPREC,千附精密,127.21,,TPEx LISTED,半導體業,215.0,208.5,216.0,207.0,857234,184.31,208.3,208.5,3.22,3.12,3.61,3.37,3.12,287.5,287.5,287.5,287.5,287.5,-24.87,-24.87,-24.87,25.22,25.22,False,False,True,True,False,False,False,False,False,2026-10-07,半導體業,半導體／IC設計或製造（細分環節待核驗）
6830,6830.TW,MSS,汎銓,288.39,,TWSE LISTED,其他電子業,530.0,527.0,544.0,527.0,913336,484.07,537.0,538.3,-1.3,-1.54,0.57,-3.11,-0.56,1000.0,1000.0,1000.0,1000.0,1000.0,-45.6,-45.6,-45.6,47.0,47.0,False,False,False,False,False,False,False,False,False,2026-10-07,其他電子業,其他電子：電子模組、感測器、電源與車用電子（公司級產品待核驗）
6831,6831.TW,MICROLOOPS,邁科,329.4,,TWSE LISTED,電腦及週邊設備業,488.0,494.5,500.0,488.0,484065,236.22,486.0,491.8,0.41,-0.77,-1.91,1.46,3.5,970.0,970.0,970.0,970.0,970.0,-48.45,-48.45,-48.45,49.69,49.69,False,False,False,False,False,False,False,False,False,2026-10-07,電腦及週邊設備業,電腦、伺服器與企業硬體
6834,6834.TW,EVEROHMS,天二科技,110.59,,TWSE LISTED,電子零組件業,125.0,123.5,135.0,123.5,18251666,2281.46,124.145,116.781,0.69,7.04,1.63,-4.58,17.91,143.0,143.0,143.0,143.0,143.0,-5.59,-5.59,-5.59,12.59,12.59,False,False,False,False,False,False,False,False,False,2026-10-07,電子零組件業,電子零組件：PCB、CCL、IC載板、連接器與被動元件（公司級品類待核驗）
6835,6835.TW,CMI,圓裕,21.21,,TWSE LISTED,電子零組件業,32.05,32.5,32.5,31.5,24000,0.77,31.71,31.49,1.07,1.78,-0.62,3.05,2.72,41.5,58.9,81.0,41.5,58.9,-21.69,-44.82,-59.88,22.77,45.59,False,False,False,False,False,False,False,False,False,2026-10-07,電子零組件業,電子零組件：PCB、CCL、IC載板、連接器與被動元件（公司級品類待核驗）
6838,6838.TW,FRMSP,台新藥,37.9,,TWSE LISTED,生技醫療業,25.1,25.05,25.15,24.7,120000,3.01,25.33,25.375,-0.91,-1.08,-0.2,-0.79,-2.71,33.3,66.9,68.0,33.3,66.9,-24.47,-62.41,-63.01,24.62,62.48,False,False,False,False,False,False,False,False,False,2026-10-07,生技醫療業,生技、製藥、醫療器材與健康服務（公司級產品待核驗）
6840,6840.TWO,BTL,東研信超,29.23,,TPEx LISTED,其他電子業,95.0,95.9,97.0,93.4,202000,19.19,97.18,99.63,-2.24,-4.65,-0.94,-3.75,-3.94,111.5,111.5,119.09,111.5,111.5,-13.0,-13.0,-18.55,14.8,14.8,False,False,False,False,False,False,False,False,False,2026-10-07,其他電子業,其他電子：電子模組、感測器、電源與車用電子（公司級產品待核驗）
6841,6841.TWO,EFAI,長佳智能,53.13,,TPEx LISTED,生技醫療業,55.8,56.2,56.5,55.8,101100,5.64,56.2,55.59,-0.71,0.38,-0.53,-1.24,-5.1,73.0,124.0,230.0,73.0,124.0,-22.6,-54.44,-75.43,23.56,55.0,False,False,False,False,False,False,False,False,False,2026-10-07,生技醫療業,生技、製藥、醫療器材與健康服務（公司級產品待核驗）
6843,6843.TWO,JDV,進典,12.71,,TPEx LISTED,電機機械,38.15,38.1,38.15,38.1,5020,0.19,38.34,38.48,-0.5,-0.86,-0.13,-1.17,-1.04,57.0,67.0,67.0,57.0,67.0,-33.07,-43.06,-43.06,33.07,43.06,False,False,False,False,False,False,False,False,False,2026-10-07,電機機械,電機機械、工業自動化與設備（公司級產品待核驗）
6844,6844.TWO,NORBEL,諾貝兒,21.3,,TPEx LISTED,生技醫療業,56.9,57.2,57.2,56.7,8010,0.46,57.04,57.05,-0.25,-0.26,-0.18,-0.18,-1.04,75.8,236.0,251.0,75.8,236.0,-24.54,-75.76,-77.21,24.93,75.89,False,False,False,False,False,False,False,False,False,2026-10-07,生技醫療業,生技、製藥、醫療器材與健康服務（公司級產品待核驗）
6846,6846.TWO,GREENYN,綠茵,15.62,,TPEx LISTED,食品工業,57.7,58.5,58.5,57.4,9000,0.52,58.18,58.32,-0.83,-1.06,-0.17,-1.37,-1.37,76.7,91.7,120.5,76.7,91.7,-23.73,-36.21,-51.45,24.77,37.08,False,False,False,False,False,False,False,False,False,2026-10-07,食品工業,食品、飲料與食品加工（公司級產品待核驗）
6854,6854.TW,PlayNitride,錼創科技-KY創,107.56,,TWSE LISTED,半導體業,91.4,93.2,94.0,91.1,145004,13.25,93.16,92.78,-1.89,-1.49,-1.51,-3.69,-2.04,197.5,277.5,277.5,197.5,277.5,-52.41,-66.13,-66.13,53.72,67.06,False,False,False,False,False,False,False,False,False,2026-10-07,半導體業,半導體／IC設計或製造（細分環節待核驗）
6855,6855.TWO,Eclatorq,數泓科,26.85,,TPEx LISTED,其他電子業,115.5,111.5,115.5,111.5,4000,0.46,114.0,114.6,1.32,0.79,3.59,1.76,-0.43,136.0,177.0,177.0,136.0,177.0,-15.07,-34.75,-34.75,15.07,34.75,False,False,False,True,False,False,False,False,False,2026-10-07,其他電子業,其他電子：電子模組、感測器、電源與車用電子（公司級產品待核驗）
6856,6856.TWO,ST media,鑫傳,11.75,,TPEx LISTED,文化創意業,41.65,41.75,41.75,39.6,14000,0.58,41.57,41.76,0.19,-0.26,-0.24,0.0,-0.83,57.8,82.7,132.0,57.8,82.7,-27.77,-49.52,-68.37,27.94,49.64,False,False,False,False,False,False,False,False,False,2026-10-07,文化創意業,文化創意業（公司级产品待核验）
6859,6859.TWO,BEST OPT,伯特光,50.11,,TPEx LISTED,光電業,120.5,122.5,122.5,120.5,25000,3.01,121.9,120.9,-1.15,-0.33,-2.03,-1.63,0.0,140.5,224.0,224.0,140.5,224.0,-12.81,-45.31,-45.31,14.23,46.21,False,False,False,False,False,False,False,False,False,2026-10-07,光電業,光電顯示／光學元件
6861,6861.TW,INCX,睿生光電,112.53,,TWSE LISTED,生技醫療業,270.5,272.5,277.5,265.0,1089100,294.6,284.9,284.25,-5.05,-4.84,0.0,-8.61,-13.72,490.0,490.0,490.0,490.0,490.0,-43.37,-43.37,-43.37,44.8,44.8,False,False,False,False,False,False,False,False,False,2026-10-07,生技醫療業,光電顯示／光學元件
6862,6862.TW,TRIO-KY,三集瑞-KY,74.25,,TWSE LISTED,電子零組件業,148.5,145.5,152.5,145.0,614173,91.2,142.4,140.5,4.28,5.69,6.83,4.58,7.61,248.0,284.0,284.0,248.0,284.0,-38.51,-46.3,-46.3,40.12,47.71,False,False,False,False,False,False,False,False,False,2026-10-07,電子零組件業,電子零組件：PCB、CCL、IC載板、連接器與被動元件（公司級品類待核驗）
6863,6863.TW,Arizon RFID,永道-KY,72.49,,TWSE LISTED,通信網路業,96.8,96.0,97.0,95.8,34000,3.29,96.16,96.52,0.67,0.29,0.41,0.83,1.57,142.5,323.0,323.0,142.5,323.0,-31.93,-69.97,-69.97,32.07,70.03,True,True,False,True,False,False,False,False,False,2026-10-07,通信網路業,通信網路／網通設備
6865,6865.TWO,WebComm,偉康科技,4.23,,TPEx LISTED,數位雲端,26.7,26.55,26.7,26.25,11000,0.29,27.32,27.75,-2.27,-3.78,-0.74,-3.44,-8.4,50.2,87.0,198.0,50.2,87.0,-46.81,-69.31,-86.52,46.81,69.31,False,False,False,False,False,False,False,False,False,2026-10-07,數位雲端,數位雲端、軟體服務與電子商務（公司級產品待核驗）
6869,6869.TW,J&V Energy,雲豹能源,97.58,,TWSE LISTED,綠能環保,70.8,69.5,70.8,69.0,211333,14.96,69.66,70.11,1.64,0.98,2.61,0.43,-1.53,123.5,330.0,330.0,123.5,330.0,-42.67,-78.55,-78.55,42.67,78.55,False,False,False,True,False,False,False,False,False,2026-10-07,綠能環保,綠能、太陽能、儲能與環境工程（公司級產品待核驗）
6870,6870.TWO,Turn Cloud,騰雲,89.48,,TPEx LISTED,數位雲端,316.0,310.5,318.0,310.5,84030,26.55,314.6,319.1,0.45,-0.97,1.77,1.28,-2.32,340.0,340.0,340.0,340.0,340.0,-6.47,-6.47,-6.47,7.06,7.06,False,False,False,False,False,False,False,True,True,2026-10-07,數位雲端,數位雲端、軟體服務與電子商務（公司級產品待核驗）
6872,6872.TWO,NaviFUS,浩宇生醫,15.6,,TPEx LISTED,生技醫療業,22.05,22.9,22.9,22.05,110000,2.43,22.57,23.025,-2.3,-4.23,-0.68,-4.55,-8.32,27.05,41.0,41.0,27.05,41.0,-15.34,-44.15,-44.15,18.48,46.22,False,False,False,False,False,False,False,False,False,2026-10-07,生技醫療業,生技、製藥、醫療器材與健康服務（公司級產品待核驗）
6873,6873.TW,HDRE,泓德能源,92.86,,TWSE LISTED,綠能環保,65.1,63.5,65.1,63.5,266136,17.33,66.1,67.33,-1.51,-3.31,1.56,-3.56,-4.82,126.5,271.87,271.87,126.5,271.87,-48.54,-76.05,-76.05,48.54,76.05,False,False,False,False,False,False,False,False,False,2026-10-07,綠能環保,綠能、太陽能、儲能與環境工程（公司級產品待核驗）
6874,6874.TWO,M-POWER,倍力,15.47,,TPEx LISTED,資訊服務業,70.3,70.4,70.4,69.5,4590,0.32,70.18,69.9,0.17,0.57,0.29,-0.14,0.72,88.45,130.91,199.09,88.45,130.91,-20.41,-46.22,-64.64,20.52,46.3,False,False,True,True,False,False,False,False,False,2026-10-07,資訊服務業,資訊服務、軟體、雲端與系統整合（公司級產品待核驗）
6875,6875.TWO,PBI,國邑*,34.94,,TPEx LISTED,生技醫療業,27.05,27.0,27.3,27.0,293005,7.93,28.62,30.23,-5.49,-10.52,-0.92,-9.53,-13.72,53.5,125.5,158.44,53.5,125.5,-48.97,-78.25,-82.77,49.44,78.45,False,False,False,False,False,False,False,False,False,2026-10-07,生技醫療業,生技、製藥、醫療器材與健康服務（公司級產品待核驗）
6877,6877.TWO,HYE,鏵友益,62.5,,TPEx LISTED,其他電子業,132.5,133.0,137.0,129.0,238000,31.54,140.2,132.75,-5.49,-0.19,0.0,-12.83,5.16,198.0,198.0,198.0,198.0,198.0,-30.81,-30.81,-30.81,33.08,33.08,False,False,False,False,False,False,False,False,False,2026-10-07,其他電子業,其他電子：電子模組、感測器、電源與車用電子（公司級產品待核驗）
6881,6881.TWO,RTD,潤德,32.33,,TPEx LISTED,其他,215.5,214.0,215.5,214.0,5030,1.08,215.2,215.0,0.14,0.23,0.23,0.23,0.47,284.0,284.0,284.0,284.0,284.0,-24.12,-24.12,-24.12,24.12,24.12,False,False,False,True,False,False,False,False,False,2026-10-07,其他,其他（公司级产品待核验）
6884,6884.TWO,HSNC,海柏特,5.68,,TPEx LISTED,資訊服務業,30.9,30.85,31.5,30.8,13000,0.4,31.0,31.265,-0.32,-1.17,0.49,-1.44,1.15,38.4,68.3,83.8,38.4,68.3,-17.97,-53.88,-62.41,19.53,54.76,False,False,False,False,False,False,False,False,False,2026-10-07,資訊服務業,資訊服務、軟體、雲端與系統整合（公司級產品待核驗）
6885,6885.TW,BRIM,全福生技,40.45,,TWSE LISTED,生技醫療業,30.4,29.4,30.9,29.4,1209079,36.76,30.17,30.495,0.76,-0.31,3.93,0.0,-5.0,33.0,80.5,88.28,33.0,80.5,-6.36,-61.61,-65.0,7.88,62.24,False,False,False,False,False,False,False,True,False,2026-10-07,生技醫療業,生技、製藥、醫療器材與健康服務（公司級產品待核驗）
6887,6887.TW,BORETECH-KY,寶綠特-KY,27.31,,TWSE LISTED,綠能環保,36.8,37.35,37.35,36.5,17000,0.63,37.63,38.06,-2.21,-3.31,-0.41,-5.4,-3.41,64.2,102.0,102.0,64.2,102.0,-41.82,-63.38,-63.38,42.68,63.92,False,False,False,False,False,False,False,False,False,2026-10-07,綠能環保,綠能、太陽能、儲能與環境工程（公司級產品待核驗）
6890,6890.TW,Lai Yih,來億-KY,390.46,,TWSE LISTED,運動休閒,156.0,148.5,158.0,148.5,595100,92.84,149.2,148.45,4.56,5.09,5.76,6.12,5.41,285.5,538.0,538.0,285.5,538.0,-44.66,-70.63,-70.63,45.36,71.0,False,False,False,False,False,False,False,False,False,2026-10-07,運動休閒,運動休閒（公司级产品待核验）
6894,6894.TWO,WRT,衛司特,86.39,,TPEx LISTED,綠能環保,363.0,356.5,366.0,356.0,56000,20.33,360.6,363.55,0.67,-0.15,1.11,0.0,0.55,418.0,418.0,418.0,418.0,418.0,-12.44,-12.44,-12.44,13.16,13.16,False,False,False,False,False,False,False,False,False,2026-10-07,綠能環保,綠能、太陽能、儲能與環境工程（公司級產品待核驗）
6895,6895.TWO,WPTI,宏碩系統,52.86,,TPEx LISTED,半導體業,155.0,157.0,157.0,154.0,9000,1.4,153.9,149.7,0.71,3.54,-1.59,3.68,2.31,211.5,346.5,346.5,211.5,346.5,-25.77,-54.69,-54.69,26.71,55.27,False,False,False,False,False,False,False,False,False,2026-10-07,半導體業,半導體／IC設計或製造（細分環節待核驗）
6899,6899.TWO,AMT,創為精密,20.9,,TPEx LISTED,光電業,49.3,49.1,49.4,49.1,13000,0.64,49.48,49.56,-0.36,-0.52,-0.4,-0.4,-1.0,70.8,84.9,101.5,70.8,84.9,-30.23,-41.81,-51.33,30.37,41.93,False,False,False,False,False,False,False,False,False,2026-10-07,光電業,光電顯示／光學元件
6901,6901.TW,DIAMOND BIOFUND,鑽石投資,146.35,,TWSE LISTED,其他,17.15,17.5,17.65,17.15,2371605,40.67,17.24,16.71,-0.52,2.63,-1.44,0.88,1.78,22.4,57.2,200.19,22.4,57.2,-21.21,-69.14,-91.18,23.44,70.02,False,False,False,False,False,False,False,False,False,2026-10-07,其他,其他（公司级产品待核验）
6902,6902.TW,Gogolook,GOGOLOOK,49.03,,TWSE LISTED,數位雲端,138.0,143.0,143.0,136.0,543014,74.94,146.7,156.95,-5.93,-12.07,-3.5,-8.0,-13.21,183.0,220.0,282.5,183.0,220.0,-21.86,-35.0,-49.38,24.59,37.27,False,False,False,False,False,False,False,False,False,2026-10-07,數位雲端,數位雲端、軟體服務與電子商務（公司級產品待核驗）
6903,6903.TWO,JH,巨漢,218.03,,TPEx LISTED,其他電子業,327.0,324.0,330.5,323.0,249091,81.45,322.3,315.25,1.46,3.73,1.08,3.15,3.65,451.5,451.5,451.5,451.5,451.5,-26.8,-26.8,-26.8,27.57,27.57,False,False,False,False,False,False,False,False,False,2026-10-07,其他電子業,其他電子：電子模組、感測器、電源與車用電子（公司級產品待核驗）
6904,6904.TWO,PROXENE,伯鑫,22.76,,TPEx LISTED,其他,123.0,122.5,123.0,122.5,4000,0.49,122.8,121.95,0.16,0.86,0.0,0.82,0.0,135.0,243.0,243.0,135.0,243.0,-8.89,-49.38,-49.38,8.89,49.38,False,False,False,False,False,False,False,True,False,2026-10-07,其他,其他（公司级产品待核验）
6906,6906.TW,Groundhog,現觀科,26.6,,TWSE LISTED,數位雲端,79.3,79.4,80.2,78.5,33508,2.66,81.82,82.41,-3.08,-3.77,-0.13,-5.26,-5.14,114.5,230.5,230.5,114.5,230.5,-29.96,-65.21,-65.21,30.74,65.6,False,False,False,False,False,False,False,False,False,2026-10-07,數位雲端,數位雲端、軟體服務與電子商務（公司級產品待核驗）
6907,6907.TWO,ATK-KY,雅特力-KY,118.24,,TPEx LISTED,半導體業,189.0,192.0,193.5,189.0,657668,124.3,194.5,189.5,-2.83,-0.26,-1.05,-5.74,0.53,246.0,246.0,246.0,246.0,246.0,-21.34,-21.34,-21.34,23.17,23.17,False,False,False,False,False,False,False,False,False,2026-10-07,半導體業,半導體／IC設計或製造（細分環節待核驗）
6908,6908.TW,AGM,宏碁遊戲-創,9.69,,TWSE LISTED,電子通路業,26.05,26.0,26.35,25.9,66000,1.72,26.66,27.63,-2.29,-5.72,-0.95,-3.16,-2.25,71.0,92.7,156.0,71.0,92.7,-62.89,-71.57,-83.11,63.31,71.9,False,False,False,False,False,False,False,False,False,2026-10-07,電子通路業,電子通路、半導體代理與零組件分銷（公司級代理品類待核驗）
6909,6909.TW,tCt,創控,29.22,,TWSE LISTED,半導體業,43.3,43.2,43.7,43.0,174070,7.54,43.51,42.72,-0.48,1.36,0.23,-2.37,1.05,71.5,71.5,71.5,71.5,71.5,-38.88,-38.88,-38.88,39.44,39.44,False,False,False,False,False,False,False,False,False,2026-10-07,半導體業,半導體／IC設計或製造（細分環節待核驗）
6910,6910.TWO,Grandsys,德鴻,7.75,,TPEx LISTED,數位雲端,25.4,25.3,25.4,25.3,8000,0.2,25.97,26.045,-2.19,-2.48,-0.78,-3.24,-5.75,41.4,62.5,76.0,41.4,62.5,-38.65,-59.36,-66.58,38.65,59.36,False,False,False,False,False,False,False,False,False,2026-10-07,數位雲端,數位雲端、軟體服務與電子商務（公司級產品待核驗）
6913,6913.TWO,VSO,鴻呈,58.76,,TPEx LISTED,電子零組件業,134.0,129.5,136.5,129.5,490190,65.69,130.5,129.25,2.68,3.68,3.47,3.08,4.28,169.0,176.15,176.15,169.0,176.15,-19.23,-22.51,-22.51,20.71,23.93,False,False,False,False,False,False,False,False,False,2026-10-07,電子零組件業,電子零組件：PCB、CCL、IC載板、連接器與被動元件（公司級品類待核驗）
6914,6914.TW,PSS,阜爾運通,94.57,,TWSE LISTED,其他,119.0,119.5,119.5,118.5,45196,5.38,118.7,119.35,0.25,-0.29,-0.42,0.42,0.0,129.17,207.5,207.5,129.17,207.5,-7.48,-42.41,-42.41,7.87,42.65,False,False,True,False,False,False,False,True,False,2026-10-07,其他,其他（公司级产品待核验）
6916,6916.TW,WINSTAR,華凌,12.82,,TWSE LISTED,光電業,19.0,19.05,19.1,18.8,44000,0.84,18.92,18.63,0.42,1.99,-1.3,1.06,1.6,23.6,34.3,39.42,23.6,34.3,-19.07,-44.31,-51.55,19.49,44.61,False,False,False,False,False,False,False,False,False,2026-10-07,光電業,光電顯示／光學元件
6918,6918.TW,A Plus Biotech,愛派司,25.48,,TWSE LISTED,生技醫療業,73.7,74.5,74.6,73.7,233000,17.17,73.8,74.14,-0.14,-0.59,-0.41,0.14,-0.81,87.8,136.0,136.0,87.8,136.0,-15.03,-45.15,-45.15,16.06,45.81,False,False,False,False,False,False,False,False,False,2026-10-07,生技醫療業,生技、製藥、醫療器材與健康服務（公司級產品待核驗）
6919,6919.TW,Caliway,康霈*,1216.17,,TWSE LISTED,生技醫療業,78.1,79.0,79.1,78.1,2031461,158.66,78.88,79.62,-0.99,-1.91,-0.51,-2.25,-1.14,181.0,277.0,277.0,181.0,277.0,-56.3,-71.44,-71.44,56.85,71.81,False,False,False,False,False,False,False,False,False,2026-10-07,生技醫療業,生技、製藥、醫療器材與健康服務（公司級產品待核驗）
6921,6921.TW,LeRain,嘉雨思-創,21.2,,TWSE LISTED,半導體業,65.7,65.7,65.7,65.7,0,0.0,65.96,66.16,-0.39,-0.7,0.0,-0.45,-3.38,104.5,104.5,104.5,104.5,104.5,-37.13,-37.13,-37.13,37.13,37.13,False,False,False,False,False,False,False,False,False,2026-10-07,半導體業,半導體／IC設計或製造（細分環節待核驗）
6922,6922.TWO,Neousys,宸曜,55.4,,TPEx LISTED,電腦及週邊設備業,204.0,208.0,211.0,204.0,140185,28.6,212.7,213.0,-4.09,-4.23,-3.32,-4.0,-7.69,230.0,255.27,255.27,230.0,255.27,-8.26,-17.34,-17.34,11.3,20.09,False,False,False,False,False,False,False,False,False,2026-10-07,電腦及週邊設備業,電腦、伺服器與企業硬體
6923,6923.TW,ctrt,中台,66.38,,TWSE LISTED,綠能環保,73.4,74.1,74.1,73.4,20000,1.47,74.02,74.88,-0.84,-1.98,-0.27,-1.61,-2.39,113.0,132.0,145.5,113.0,132.0,-34.42,-43.86,-49.07,35.04,44.39,False,False,False,False,False,False,False,False,False,2026-10-07,綠能環保,綠能、太陽能、儲能與環境工程（公司級產品待核驗）
6924,6924.TW,EIKEI-KY,榮惠-KY創,27.02,,TWSE LISTED,電子零組件業,131.0,135.5,136.0,130.5,35000,4.58,133.5,134.25,-1.87,-2.42,-4.03,-1.87,-2.96,193.5,193.5,193.5,193.5,193.5,-29.72,-29.72,-29.72,32.3,32.3,False,False,False,False,False,False,False,False,False,2026-10-07,電子零組件業,電子零組件：PCB、CCL、IC載板、連接器與被動元件（公司級品類待核驗）
6925,6925.TWO,eLand,意藍,14.24,,TPEx LISTED,數位雲端,71.2,70.8,72.1,69.6,297001,21.15,70.5,68.79,0.99,3.5,-0.42,3.94,-3.52,96.5,193.0,193.0,96.5,193.0,-25.28,-62.64,-62.64,26.22,63.11,False,False,True,False,False,False,False,False,False,2026-10-07,數位雲端,數位雲端、軟體服務與電子商務（公司級產品待核驗）
6928,6928.TW,UTI,攸泰科技,38.7,,TWSE LISTED,電腦及週邊設備業,45.0,44.0,45.6,44.0,57000,2.56,45.36,45.57,-0.79,-1.25,2.86,-1.85,-2.17,62.9,129.0,129.0,62.9,129.0,-27.5,-64.65,-64.65,28.46,65.12,False,False,False,False,False,False,False,False,False,2026-10-07,電腦及週邊設備業,電腦、伺服器與企業硬體
6929,6929.TWO,We Can,佑全,10.15,,TPEx LISTED,生技醫療業,22.5,21.5,22.55,21.5,18000,0.41,21.99,21.95,2.32,2.51,4.65,0.9,3.21,36.5,120.0,169.0,36.5,120.0,-38.22,-81.21,-86.66,38.36,81.25,False,False,False,True,False,False,False,False,False,2026-10-07,生技醫療業,生技、製藥、醫療器材與健康服務（公司級產品待核驗）
6931,6931.TW,Qing Song,青松健康,25.2,,TWSE LISTED,生技醫療業,38.1,37.95,38.5,37.95,45380,1.73,38.28,38.56,-0.47,-1.19,0.4,-0.78,-2.06,63.5,114.43,114.43,63.5,114.43,-39.37,-66.36,-66.36,40.0,66.7,False,False,False,False,False,False,False,False,False,2026-10-07,生技醫療業,生技、製藥、醫療器材與健康服務（公司級產品待核驗）
6933,6933.TW,AMAX,AMAX-KY,163.78,,TWSE LISTED,電腦及週邊設備業,385.5,373.5,388.5,371.0,1104116,425.64,383.5,372.0,0.52,3.63,2.94,1.72,3.91,413.0,413.0,413.0,413.0,413.0,-5.93,-5.93,-5.93,6.66,6.66,False,False,False,True,False,False,False,True,True,2026-10-07,電腦及週邊設備業,電腦、伺服器與企業硬體
6934,6934.TW,HCMED,心誠鎂,26.59,,TWSE LISTED,生技醫療業,73.6,73.6,73.7,73.3,14000,1.03,74.14,74.51,-0.73,-1.22,0.0,-0.41,-2.26,175.0,175.0,175.0,175.0,175.0,-57.89,-57.89,-57.89,57.94,57.94,False,False,False,False,False,False,False,False,False,2026-10-07,生技醫療業,生技、製藥、醫療器材與健康服務（公司級產品待核驗）
6937,6937.TW,Skytech,天虹,197.89,,TWSE LISTED,半導體業,292.5,299.0,300.0,292.0,333116,97.44,299.2,301.4,-2.24,-2.95,-1.18,-3.62,-5.03,358.5,414.0,414.0,358.5,414.0,-16.32,-27.54,-27.54,18.41,29.35,False,False,False,False,False,False,False,False,False,2026-10-07,半導體業,半導體／IC設計或製造（細分環節待核驗）
6944,6944.TW,Mega Union,兆聯實業,905.22,,TWSE LISTED,綠能環保,908.0,835.0,908.0,835.0,1685189,1530.15,829.4,791.1,9.48,14.78,9.93,13.64,17.16,857.69,857.69,857.69,908.0,908.0,5.87,5.87,5.87,0.0,0.0,True,False,False,False,True,True,True,True,True,2026-10-07,綠能環保,綠能、太陽能、儲能與環境工程（公司級產品待核驗）
6945,6945.TWO,APBio,圓祥生技,136.54,,TPEx LISTED,生技醫療業,140.0,144.0,147.5,135.0,787141,110.2,138.1,138.9,1.38,0.79,-1.41,2.94,-5.72,236.0,236.0,236.0,236.0,236.0,-37.5,-37.5,-37.5,40.68,40.68,False,False,True,True,False,False,False,False,False,2026-10-07,生技醫療業,生技、製藥、醫療器材與健康服務（公司級產品待核驗）
6947,6947.TW,Techzone,台鎔科技,72.27,,TWSE LISTED,綠能環保,68.1,68.1,69.0,67.5,152000,10.35,68.48,68.12,-0.55,-0.03,-1.02,-0.29,-0.44,97.8,97.8,97.8,97.8,97.8,-29.45,-29.45,-29.45,30.37,30.37,False,False,False,False,False,False,False,False,False,2026-10-07,綠能環保,綠能、太陽能、儲能與環境工程（公司級產品待核驗）
6949,6949.TW,PELL BMT,沛爾生醫*-創,594.16,,TWSE LISTED,生技醫療業,45.3,46.6,47.7,44.85,2283600,103.45,46.71,48.475,-3.02,-6.55,-3.1,1.8,-10.47,1490.0,1490.0,1490.0,1490.0,1490.0,-96.8,-96.8,-96.8,96.96,96.96,False,False,False,False,False,False,False,False,False,2026-10-07,生技醫療業,生技、製藥、醫療器材與健康服務（公司級產品待核驗）
6951,6951.TW,CHIN HSIN,青新-創,35.88,,TWSE LISTED,綠能環保,69.0,69.2,69.2,68.8,15000,1.03,69.2,69.21,-0.29,-0.3,-0.29,-0.43,-0.29,75.28,75.28,75.28,75.28,75.28,-8.08,-8.08,-8.08,8.34,8.34,False,False,False,False,False,False,False,True,True,2026-10-07,綠能環保,綠能、太陽能、儲能與環境工程（公司級產品待核驗）
6952,6952.TW,DWS,大武山,26.72,,TWSE LISTED,其他,39.1,38.6,39.1,38.6,20000,0.78,38.93,38.765,0.44,0.86,0.0,0.51,0.77,47.75,85.0,104.58,47.75,85.0,-18.12,-54.0,-62.61,18.12,54.0,False,False,True,True,False,False,False,False,False,2026-10-07,其他,其他（公司级产品待核验）
6953,6953.TWO,GDE,家碩,77.14,,TPEx LISTED,半導體業,257.0,257.0,260.0,253.5,70000,17.99,256.4,247.7,0.23,3.75,-0.77,0.39,4.9,299.0,339.0,339.0,299.0,339.0,-13.04,-23.3,-23.3,14.05,24.19,False,False,False,False,False,False,False,False,False,2026-10-07,半導體業,半導體／IC設計或製造（細分環節待核驗）
6955,6955.TW,BONRAYBIO,邦睿生技-創,28.25,,TWSE LISTED,生技醫療業,93.0,93.0,93.0,93.0,1000,0.09,93.84,94.47,-0.9,-1.56,-1.06,-0.53,-3.12,143.17,151.23,151.23,143.17,151.23,-35.04,-38.5,-38.5,35.04,38.5,False,False,False,False,False,False,False,False,False,2026-10-07,生技醫療業,生技、製藥、醫療器材與健康服務（公司級產品待核驗）
6957,6957.TW,Horizon,裕慶-KY,247.47,,TWSE LISTED,其他,444.0,405.0,444.0,404.5,633235,281.16,403.8,363.3,9.96,22.21,9.9,17.77,19.68,417.5,417.5,417.5,444.0,444.0,6.35,6.35,6.35,0.0,0.0,False,False,False,False,True,True,True,True,True,2026-10-07,其他,其他（公司级产品待核验）
6958,6958.TW,INFINITE,日盛台駿,70.59,,TWSE LISTED,其他,16.75,16.9,16.9,16.75,8356,0.14,17.01,17.18,-1.53,-2.5,-2.33,-1.47,-4.29,19.47,50.96,67.27,19.47,50.96,-13.21,-66.84,-74.88,13.98,67.13,False,False,False,False,False,False,False,False,False,2026-10-07,其他,其他（公司级产品待核验）
6961,6961.TWO,Uni Travel,旅天下,12.28,,TPEx LISTED,觀光餐旅,45.75,45.95,45.95,45.35,19000,0.87,46.73,47.13,-2.1,-2.93,-0.44,-3.48,-4.89,78.4,128.21,128.21,78.4,128.21,-41.39,-64.16,-64.16,41.65,64.31,False,False,False,False,False,False,False,False,False,2026-10-07,觀光餐旅,觀光餐旅（公司级产品待核验）
6962,6962.TW,ITH-KY,奕力-KY,162.0,,TWSE LISTED,半導體業,32.9,33.4,33.4,32.75,1015020,33.39,33.31,32.575,-1.23,1.0,-0.9,-1.5,1.39,41.4,67.6,67.6,41.4,67.6,-19.32,-50.59,-50.59,20.53,51.33,False,False,False,False,False,False,False,False,False,2026-10-07,半導體業,半導體／IC設計或製造（細分環節待核驗）
6965,6965.TW,CJ,中傑-KY,98.34,,TWSE LISTED,運動休閒,62.9,60.6,62.9,60.6,99000,6.23,61.62,64.15,2.08,-1.95,3.8,2.11,-1.26,94.3,225.0,225.0,94.3,225.0,-33.3,-72.04,-72.04,33.3,72.04,False,False,False,False,False,False,False,False,False,2026-10-07,運動休閒,運動休閒（公司级产品待核验）
6967,6967.TWO,TRANS-SUN,汎瑋材料,22.32,,TPEx LISTED,電子零組件業,73.4,73.5,73.9,72.4,125338,9.2,71.86,69.51,2.14,5.6,-0.14,4.86,4.56,89.0,89.0,89.0,89.0,89.0,-16.97,-16.97,-16.97,17.53,17.53,False,False,False,False,False,False,False,False,False,2026-10-07,電子零組件業,化學制品／特用化學材料
6968,6968.TWO,WONDERPETS,萬達寵物,20.73,,TPEx LISTED,居家生活,41.1,41.3,41.4,41.0,38000,1.56,41.29,41.41,-0.46,-0.75,-0.48,-0.48,-0.84,57.55,96.02,96.02,57.55,96.02,-28.06,-56.88,-56.88,28.58,57.2,False,False,False,False,False,False,False,False,False,2026-10-07,居家生活,居家用品、建材、家具與生活消費品（公司級產品待核驗）
6969,6969.TW,Transcene,成信實業*-創,13.4,,TWSE LISTED,綠能環保,30.55,30.55,30.7,30.25,27000,0.82,30.57,31.055,-0.07,-1.63,0.0,1.83,-2.55,39.8,69.7,69.7,39.8,69.7,-22.86,-55.95,-55.95,23.24,56.17,False,False,False,False,False,False,False,False,False,2026-10-07,綠能環保,綠能、太陽能、儲能與環境工程（公司級產品待核驗）
6971,6971.TWO,HM Env. Tech,惠民實業,9.09,,TPEx LISTED,綠能環保,23.5,23.6,23.85,23.3,13000,0.31,23.57,23.64,-0.3,-0.59,-1.47,0.21,0.0,32.9,75.2,75.2,32.9,75.2,-27.51,-68.28,-68.28,28.57,68.75,False,False,False,False,False,False,False,False,False,2026-10-07,綠能環保,綠能、太陽能、儲能與環境工程（公司級產品待核驗）
6982,6982.TWO,WALRUS PUMP,大井泵浦,18.22,,TPEx LISTED,電機機械,44.7,45.4,45.4,44.7,11000,0.49,44.8,44.22,-0.22,1.09,0.22,-0.67,1.36,68.0,109.0,109.0,68.0,109.0,-33.24,-58.35,-58.35,34.26,58.99,False,False,False,False,False,False,False,False,False,2026-10-07,電機機械,電機機械、工業自動化與設備（公司級產品待核驗）
6983,6983.TWO,HYP,華洋精機,68.84,,TPEx LISTED,其他電子業,382.0,405.0,425.0,382.0,531500,203.03,368.9,358.3,3.55,6.61,-3.29,7.61,9.77,550.0,550.0,550.0,550.0,550.0,-22.73,-22.73,-22.73,30.55,30.55,False,False,False,False,False,False,False,False,False,2026-10-07,其他電子業,其他電子：電子模組、感測器、電源與車用電子（公司級產品待核驗）
6986,6986.TWO,HEXUN,和迅,23.04,,TPEx LISTED,生技醫療業,44.2,43.8,44.45,43.8,53000,2.34,44.04,44.33,0.36,-0.29,0.45,0.45,0.34,67.8,91.3,91.3,67.8,91.3,-34.44,-51.31,-51.31,34.81,51.59,False,False,False,False,False,False,False,False,False,2026-10-07,生技醫療業,生技、製藥、醫療器材與健康服務（公司級產品待核驗）
6988,6988.TW,WELLYSUN,威力暘-創,6.12,,TWSE LISTED,汽車工業,12.85,12.9,12.9,12.4,165000,2.12,12.09,11.915,6.29,7.85,0.39,12.23,9.83,21.4,32.0,32.0,21.4,32.0,-39.72,-59.69,-59.69,39.95,59.84,True,False,False,False,False,False,False,False,False,2026-10-07,汽車工業,汽車整車、汽車零組件與車用電子（公司級產品待核驗）
6994,6994.TW,FWP,富威電力,22.43,,TWSE LISTED,綠能環保,30.25,30.1,30.8,29.9,593002,17.94,30.69,28.795,-1.43,5.05,0.67,-5.62,14.15,105.0,166.5,166.5,105.0,166.5,-70.67,-81.5,-81.5,71.19,81.83,False,False,False,False,False,False,False,False,False,2026-10-07,綠能環保,綠能、太陽能、儲能與環境工程（公司級產品待核驗）
6996,6996.TWO,forcelead,力領科技,69.87,,TPEx LISTED,半導體業,166.0,166.5,167.0,166.0,21020,3.49,167.5,168.55,-0.9,-1.51,-0.6,-2.06,-2.06,213.0,341.5,341.5,213.0,341.5,-21.6,-51.1,-51.1,22.07,51.39,False,False,False,False,False,False,False,False,False,2026-10-07,半導體業,半導體／IC設計或製造（細分環節待核驗）
6997,6997.TWO,Nextlink,博弘,15.03,,TPEx LISTED,數位雲端,68.0,68.0,68.0,68.0,4000,0.27,67.8,67.45,0.29,0.82,-1.16,-1.02,1.49,91.0,170.0,170.0,91.0,170.0,-25.27,-60.0,-60.0,25.27,60.0,False,False,False,False,False,False,False,False,False,2026-10-07,數位雲端,數位雲端、軟體服務與電子商務（公司級產品待核驗）
7402,7402.TWO,Brinno,邑錡,35.14,,TPEx LISTED,光電業,99.6,99.5,101.0,99.1,154320,15.37,100.02,100.0,-0.42,-0.4,0.1,-1.39,-1.39,149.5,172.0,172.0,149.5,172.0,-32.44,-41.28,-41.28,33.38,42.09,False,False,False,False,False,False,False,False,False,2026-10-07,光電業,光電顯示／光學元件
7547,7547.TWO,INTUMIT,碩網,20.89,,TPEx LISTED,數位雲端,61.5,61.3,62.4,61.3,35063,2.16,62.92,60.99,-2.26,0.84,0.49,-4.06,-5.09,94.2,154.0,154.0,94.2,154.0,-33.76,-59.48,-59.48,34.71,60.06,False,False,False,False,False,False,False,False,False,2026-10-07,數位雲端,數位雲端、軟體服務與電子商務（公司級產品待核驗）
7556,7556.TWO,YEEDEX,意德士科技,82.3,,TPEx LISTED,半導體業,283.0,297.5,302.0,280.0,158247,44.78,282.8,273.1,0.07,3.63,-4.23,3.66,6.99,322.12,322.12,322.12,322.12,322.12,-6.25,-6.25,-6.25,12.14,12.14,False,False,False,False,False,False,False,False,False,2026-10-07,半導體業,半導體／IC設計或製造（細分環節待核驗）
7584,7584.TWO,HAPPYTUK,樂意,5.05,,TPEx LISTED,文化創意業,29.6,30.35,30.35,29.6,2000,0.06,28.98,28.48,2.14,3.93,0.0,3.5,3.14,40.94,138.88,138.88,40.94,138.88,-25.87,-78.15,-78.15,27.7,78.69,False,False,False,False,False,False,False,False,False,2026-10-07,文化創意業,文化創意業（公司级产品待核验）
7610,7610.TW,LIANYOU METALS,聯友金屬-創,1052.41,,TWSE LISTED,綠能環保,1805.0,1820.0,1890.0,1800.0,930501,1679.55,1780.0,1792.5,1.4,0.7,0.84,4.64,4.03,2640.0,2640.0,2640.0,2640.0,2640.0,-28.41,-28.41,-28.41,31.63,31.63,False,False,False,False,False,False,False,False,False,2026-10-07,綠能環保,綠能、太陽能、儲能與環境工程（公司級產品待核驗）
7631,7631.TW,GENIIDEAS,聚賢研發-創,28.3,,TWSE LISTED,其他電子業,140.5,141.0,141.0,138.5,65000,9.13,142.6,140.6,-1.47,-0.07,-0.71,-2.43,0.0,178.5,178.5,178.5,178.5,178.5,-21.01,-21.01,-21.01,21.29,21.29,False,False,False,False,False,False,False,False,False,2026-10-07,其他電子業,其他電子：電子模組、感測器、電源與車用電子（公司級產品待核驗）
7642,7642.TWO,Champ-Ray,昶瑞機電,20.38,,TPEx LISTED,電機機械,67.5,65.8,67.5,65.8,19000,1.28,67.4,68.17,0.15,-0.98,3.85,-1.89,-1.46,95.1,136.5,136.5,95.1,136.5,-29.02,-50.55,-50.55,29.02,50.55,False,False,False,False,False,False,False,False,False,2026-10-07,電機機械,電機機械、工業自動化與設備（公司級產品待核驗）
7689,7689.TW,CLIMAX,大鵬科CLMX,92.15,,TWSE LISTED,通信網路業,157.5,159.0,159.0,157.5,30085,4.74,160.5,159.65,-1.87,-1.35,-0.94,-2.17,-1.25,321.0,321.0,321.0,321.0,321.0,-50.47,-50.47,-50.47,50.93,50.93,False,False,False,False,False,False,False,False,False,2026-10-07,通信網路業,通信網路／網通設備
7703,7703.TWO,RAYZHER,銳澤,71.57,,TPEx LISTED,其他電子業,206.0,205.0,208.0,205.0,47000,9.68,205.4,203.2,0.29,1.38,0.24,0.49,2.23,258.0,310.0,310.0,258.0,310.0,-19.38,-32.9,-32.9,20.16,33.55,False,False,False,False,False,False,False,False,False,2026-10-07,其他電子業,其他電子：電子模組、感測器、電源與車用電子（公司級產品待核驗）
7704,7704.TWO,Finesse,明遠精密,20.46,,TPEx LISTED,半導體業,60.6,60.7,60.7,60.0,40042,2.43,60.76,61.25,-0.26,-1.06,0.0,-0.66,-1.3,75.6,133.0,133.0,75.6,133.0,-19.71,-54.36,-54.36,19.84,54.44,False,False,False,False,False,False,False,False,False,2026-10-07,半導體業,半導體／IC設計或製造（細分環節待核驗）
7705,7705.TW,Mercuries F&B,三商餐飲,19.66,,TWSE LISTED,觀光餐旅,29.75,29.55,29.8,29.5,73000,2.17,29.78,29.835,-0.1,-0.28,0.0,-0.34,-0.34,40.45,138.0,138.0,40.45,138.0,-26.33,-78.41,-78.41,26.45,78.44,False,False,False,False,False,False,False,False,False,2026-10-07,觀光餐旅,觀光餐旅（公司级产品待核验）
7708,7708.TWO,FIG,全家餐飲,23.33,,TPEx LISTED,觀光餐旅,91.5,91.9,91.9,91.5,4000,0.37,91.78,91.87,-0.31,-0.4,-0.11,-0.33,-0.76,97.0,150.0,150.0,97.0,150.0,-5.26,-38.73,-38.73,5.67,39.0,False,False,False,False,False,False,False,True,False,2026-10-07,觀光餐旅,觀光餐旅（公司级产品待核验）
7709,7709.TWO,Honor,榮田,32.73,,TPEx LISTED,電機機械,83.7,88.8,90.2,83.7,418055,34.99,86.08,86.34,-2.76,-3.06,-4.89,-1.88,-3.01,146.5,146.5,146.5,146.5,146.5,-38.43,-38.43,-38.43,42.87,42.87,False,False,False,False,False,False,False,False,False,2026-10-07,電機機械,電機機械、工業自動化與設備（公司級產品待核驗）
7711,7711.TW,ASROCK RACK,永擎,453.15,,TWSE LISTED,電腦及週邊設備業,632.0,622.0,646.0,616.0,998251,630.89,622.4,584.0,1.54,8.22,1.94,3.61,12.86,675.0,675.0,675.0,675.0,675.0,-4.3,-4.3,-4.3,6.37,6.37,False,False,False,False,False,False,False,True,True,2026-10-07,電腦及週邊設備業,電腦、伺服器與企業硬體
7712,7712.TWO,POTENS,博盛半導體,56.33,,TPEx LISTED,半導體業,173.0,172.0,173.5,168.5,308089,53.3,172.2,166.95,0.46,3.62,0.29,1.47,7.45,218.0,326.5,326.5,218.0,326.5,-20.41,-46.86,-46.86,20.64,47.01,False,False,False,False,False,False,False,False,False,2026-10-07,半導體業,半導體／IC設計或製造（細分環節待核驗）
7713,7713.TWO,WeLeader,威力德生醫,33.25,,TPEx LISTED,生技醫療業,73.1,74.0,74.0,71.9,17058,1.25,73.64,73.82,-0.73,-0.98,-0.54,-1.62,-1.62,75.0,86.0,86.0,75.0,86.0,-1.33,-13.95,-13.95,2.53,15.0,False,False,False,False,False,False,False,True,False,2026-10-07,生技醫療業,生技、製藥、醫療器材與健康服務（公司級產品待核驗）
7714,7714.TWO,UFTC,創泓科技,35.38,,TPEx LISTED,數位雲端,168.5,169.0,170.5,168.0,92038,15.51,169.3,167.15,-0.47,0.81,0.3,-1.46,-2.03,215.5,215.5,215.5,215.5,215.5,-20.88,-20.88,-20.88,21.81,21.81,False,False,False,False,False,False,False,False,False,2026-10-07,數位雲端,數位雲端、軟體服務與電子商務（公司級產品待核驗）
7715,7715.TWO,Yuh Shan,裕山,8.78,,TPEx LISTED,綠能環保,26.8,27.05,27.05,26.0,204000,5.47,27.48,27.595,-2.47,-2.88,-0.92,-5.13,-5.63,44.0,72.3,72.3,44.0,72.3,-38.52,-62.59,-62.59,39.09,62.93,False,False,False,False,False,False,False,False,False,2026-10-07,綠能環保,綠能、太陽能、儲能與環境工程（公司級產品待核驗）
7716,7716.TWO,ITI,昱臺國際,5.58,,TPEx LISTED,航運業,24.8,24.95,24.95,24.8,4000,0.1,24.42,24.175,1.56,2.59,1.43,1.43,3.77,27.3,43.85,43.85,27.3,43.85,-8.61,-43.1,-43.1,9.16,43.44,False,False,False,False,False,False,False,True,False,2026-10-07,航運業,海運、航空、港口與物流運輸（公司級業務待核驗）
7717,7717.TWO,Lightel-KY,萊德光電-KY,149.49,,TPEx LISTED,通信網路業,602.0,605.0,626.0,600.0,1315300,791.81,579.8,589.2,3.83,2.17,1.52,7.31,-0.33,959.0,959.0,959.0,959.0,959.0,-34.72,-34.72,-34.72,37.23,37.23,True,False,False,False,False,False,False,False,False,2026-10-07,通信網路業,光電顯示／光學元件
7718,7718.TWO,SPEC,友鋮,21.23,,TPEx LISTED,電機機械,45.8,45.9,45.9,45.8,18000,0.82,45.91,45.95,-0.24,-0.33,-0.33,-0.11,0.0,56.3,67.3,67.3,56.3,67.3,-18.47,-31.8,-31.8,18.65,31.95,False,False,False,False,False,False,False,False,False,2026-10-07,電機機械,電機機械、工業自動化與設備（公司級產品待核驗）
7721,7721.TW,MICROPROGRAM,微程式,34.0,,TWSE LISTED,數位雲端,61.4,62.1,62.1,61.3,46000,2.82,62.36,62.16,-1.54,-1.22,-1.29,-3.0,-1.29,93.0,94.2,94.2,93.0,94.2,-33.23,-34.08,-34.08,33.98,34.82,False,False,False,False,False,False,False,False,False,2026-10-07,數位雲端,數位雲端、軟體服務與電子商務（公司級產品待核驗）
7722,7722.TW,LINEPAY,LINEPAY,192.78,,TWSE LISTED,數位雲端,270.0,263.0,274.5,261.0,118447,31.98,262.6,261.25,2.82,3.35,3.45,3.85,4.25,542.86,980.95,980.95,542.86,980.95,-49.43,-72.02,-72.02,50.26,72.48,False,False,False,True,False,False,False,False,False,2026-10-07,數位雲端,數位雲端、軟體服務與電子商務（公司級產品待核驗）
7723,7723.TWO,JHU JIAN,築間,10.82,,TPEx LISTED,觀光餐旅,21.8,21.8,21.8,20.65,923570,20.13,19.24,18.79,13.31,16.02,9.82,19.45,18.48,35.8,172.0,172.0,35.8,172.0,-39.11,-87.33,-87.33,39.11,87.33,False,False,False,False,False,False,False,False,False,2026-10-07,觀光餐旅,觀光餐旅（公司级产品待核验）
7728,7728.TWO,Enlitech,光焱科技,89.13,,TPEx LISTED,其他電子業,637.0,653.0,653.0,626.0,23001,14.65,641.0,623.9,-0.62,2.1,-0.16,-1.24,-4.5,970.3,970.3,970.3,970.3,970.3,-32.7,-32.7,-32.7,34.35,34.35,False,False,False,False,False,False,False,False,False,2026-10-07,其他電子業,其他電子：電子模組、感測器、電源與車用電子（公司級產品待核驗）
7730,7730.TW,NEMS,暉盛-創,75.53,,TWSE LISTED,半導體業,195.5,190.5,206.0,188.5,258011,50.44,191.2,182.45,2.25,7.15,2.36,4.55,8.91,232.86,232.86,232.86,232.86,232.86,-11.53,-11.53,-11.53,16.04,16.04,True,False,False,False,False,False,False,False,False,2026-10-07,半導體業,半導體／IC設計或製造（細分環節待核驗）
7732,7732.TW,KING SHING,金興精密,21.7,,TWSE LISTED,汽車工業,33.55,33.4,33.55,33.4,5000,0.17,33.12,33.47,1.3,0.24,0.3,2.6,0.15,42.5,59.0,59.0,42.5,59.0,-21.06,-43.14,-43.14,21.06,43.14,False,False,False,True,False,False,False,False,False,2026-10-07,汽車工業,汽車整車、汽車零組件與車用電子（公司級產品待核驗）
7734,7734.TWO,APT,印能科技,758.8,,TPEx LISTED,半導體業,2710.0,2730.0,2770.0,2705.0,105026,284.62,2775.0,2711.0,-2.34,-0.04,-1.63,-4.07,1.69,4635.0,4635.0,4635.0,4635.0,4635.0,-40.24,-40.24,-40.24,41.53,41.53,False,False,False,False,False,False,False,False,False,2026-10-07,半導體業,半導體／IC設計或製造（細分環節待核驗）
7736,7736.TW,HUSHAN,虎山,54.57,,TWSE LISTED,汽車工業,71.8,71.5,72.4,71.0,71004,5.1,70.56,69.58,1.76,3.19,0.42,2.87,4.82,96.4,148.5,148.5,96.4,148.5,-24.9,-51.25,-51.25,25.52,51.65,True,True,False,False,False,False,False,False,False,2026-10-07,汽車工業,汽車整車、汽車零組件與車用電子（公司級產品待核驗）
7738,7738.TWO,EUI,東聯互動,43.22,,TPEx LISTED,數位雲端,158.0,156.5,158.5,156.0,16000,2.53,156.0,156.2,1.28,1.15,1.28,1.94,1.61,206.5,261.5,261.5,206.5,261.5,-23.24,-39.39,-39.39,23.49,39.58,False,False,True,True,False,False,False,False,False,2026-10-07,數位雲端,數位雲端、軟體服務與電子商務（公司級產品待核驗）
7740,7740.TW,SEETEL,熙特爾-創,64.8,,TWSE LISTED,綠能環保,108.0,102.0,110.0,102.0,404000,43.63,103.1,106.3,4.75,1.6,7.46,5.88,3.35,182.21,262.45,262.45,182.21,262.45,-39.63,-58.09,-58.09,40.73,58.85,False,False,False,True,False,False,False,False,False,2026-10-07,綠能環保,綠能、太陽能、儲能與環境工程（公司級產品待核驗）
7743,7743.TWO,KFS,金利食安,9.85,,TPEx LISTED,食品工業,27.0,26.4,27.0,26.2,145000,3.92,25.95,25.445,4.05,6.11,1.5,6.93,8.0,26.6,74.5,74.5,27.0,74.5,1.5,-63.76,-63.76,0.0,63.76,True,False,False,False,True,False,False,True,False,2026-10-07,食品工業,食品、飲料與食品加工（公司級產品待核驗）
7744,7744.TWO,WB,崴寶,170.97,,TPEx LISTED,電子零組件業,533.0,524.0,533.0,524.0,42000,22.39,530.0,530.7,0.57,0.43,1.52,1.14,1.91,618.0,618.0,618.0,618.0,618.0,-13.75,-13.75,-13.75,13.75,13.75,False,False,False,True,False,False,False,False,False,2026-10-07,電子零組件業,電子零組件：PCB、CCL、IC載板、連接器與被動元件（公司級品類待核驗）
7747,7747.TWO,GCS,昕奇雲端,33.49,,TPEx LISTED,數位雲端,111.0,112.0,112.0,111.0,2067,0.23,111.5,111.95,-0.45,-0.85,-0.45,-0.89,-0.45,125.45,170.91,170.91,125.45,170.91,-10.72,-34.47,-34.47,11.52,35.05,False,False,False,False,False,False,False,False,False,2026-10-07,數位雲端,數位雲端、軟體服務與電子商務（公司級產品待核驗）
7749,7749.TW,iGo-KY,意騰-KY,181.76,,TWSE LISTED,半導體業,391.0,390.0,393.0,384.0,91010,35.58,395.6,393.25,-1.16,-0.57,0.51,-1.64,0.0,560.0,716.0,716.0,560.0,716.0,-29.82,-45.11,-45.11,30.18,45.39,False,False,False,False,False,False,False,False,False,2026-10-07,半導體業,半導體／IC設計或製造（細分環節待核驗）
7750,7750.TW,Syntec,新代,1433.27,,TWSE LISTED,電機機械,1995.0,1965.0,2045.0,1965.0,129503,258.36,1965.0,1956.5,1.53,1.97,0.76,5.84,4.18,3070.0,3070.0,3070.0,3070.0,3070.0,-33.39,-33.39,-33.39,35.02,35.02,False,False,False,False,False,False,False,False,False,2026-10-07,電機機械,電機機械、工業自動化與設備（公司級產品待核驗）
7751,7751.TWO,HORNG TERNG,竑騰,430.22,,TPEx LISTED,半導體業,1600.0,1590.0,1640.0,1545.0,154267,246.83,1603.0,1556.5,-0.19,2.79,0.63,0.63,-1.54,2805.0,2805.0,2805.0,2805.0,2805.0,-41.53,-41.53,-41.53,42.96,42.96,False,False,False,False,False,False,False,False,False,2026-10-07,半導體業,半導體／IC設計或製造（細分環節待核驗）
7753,7753.TWO,SAVC,星亞,8.88,,TPEx LISTED,光電業,35.5,35.7,35.7,35.45,11000,0.39,35.65,35.61,-0.42,-0.31,-0.56,-0.56,-0.28,52.5,74.5,74.5,52.5,74.5,-32.0,-52.08,-52.08,32.38,52.35,False,False,False,False,False,False,False,False,False,2026-10-07,光電業,光電顯示／光學元件
7757,7757.TWO,Lebledor,金色三麥,21.47,,TPEx LISTED,觀光餐旅,89.1,88.4,89.1,88.4,3003,0.27,89.12,89.51,-0.02,-0.46,0.34,0.0,-1.22,119.0,310.0,310.0,119.0,310.0,-25.13,-71.26,-71.26,25.13,71.26,False,False,False,False,False,False,False,False,False,2026-10-07,觀光餐旅,觀光餐旅（公司级产品待核验）
7760,7760.TW,ENJOY,享溫馨,21.01,,TWSE LISTED,觀光餐旅,32.55,32.8,33.1,32.55,43000,1.4,32.7,32.81,-0.46,-0.79,-1.81,0.15,0.0,43.6,69.0,69.0,43.6,69.0,-24.08,-52.03,-52.03,25.34,52.83,False,False,False,False,False,False,False,False,False,2026-10-07,觀光餐旅,觀光餐旅（公司级产品待核验）
7765,7765.TW,CHT Security,中華資安,95.6,,TWSE LISTED,數位雲端,235.0,234.0,236.0,233.0,92203,21.67,232.7,236.25,0.99,-0.53,1.95,1.08,-0.84,289.5,408.5,408.5,289.5,408.5,-18.48,-42.23,-42.23,18.83,42.47,False,False,False,False,False,False,False,False,False,2026-10-07,數位雲端,數位雲端、軟體服務與電子商務（公司級產品待核驗）
7767,7767.TWO,HPI,仁大資訊,13.68,,TPEx LISTED,資訊服務業,45.45,45.2,45.5,45.0,12100,0.55,45.88,46.185,-0.94,-1.59,-0.22,-1.41,-1.84,51.9,76.3,76.3,51.9,76.3,-12.33,-40.37,-40.37,12.43,40.43,False,False,False,False,False,False,False,False,False,2026-10-07,資訊服務業,資訊服務、軟體、雲端與系統整合（公司級產品待核驗）
7768,7768.TW,PVI,頌勝科技,210.55,,TWSE LISTED,半導體業,300.5,304.0,305.5,299.5,36151,10.86,304.7,301.7,-1.38,-0.4,-0.66,-3.99,0.33,494.0,494.0,494.0,494.0,494.0,-38.16,-38.16,-38.16,39.17,39.17,False,False,False,False,False,False,False,False,False,2026-10-07,半導體業,半導體／IC設計或製造（細分環節待核驗）
7769,7769.TW,HON,鴻勁,10588.88,,TWSE LISTED,半導體業,5885.0,5910.0,6020.0,5820.0,507750,2988.11,5735.0,5756.5,2.62,2.23,-0.34,5.47,6.9,8465.0,8465.0,8465.0,8465.0,8465.0,-28.88,-28.88,-28.88,30.48,30.48,False,False,False,False,False,False,False,False,False,2026-10-07,半導體業,半導體／IC設計或製造（細分環節待核驗）
7770,7770.TWO,ZEITEC,君曜,12.02,,TPEx LISTED,半導體業,40.0,39.8,40.0,39.35,14000,0.56,41.53,41.21,-3.68,-2.94,-2.08,-7.73,-6.1,69.6,130.0,130.0,69.6,130.0,-42.53,-69.23,-69.23,42.53,69.23,False,False,False,False,False,False,False,False,False,2026-10-07,半導體業,半導體／IC設計或製造（細分環節待核驗）
7772,7772.TWO,MOE,耀穎,38.29,,TPEx LISTED,半導體業,144.5,147.0,152.0,143.5,602410,87.05,166.6,172.65,-13.27,-16.3,-4.3,-22.31,-17.9,340.0,340.0,340.0,340.0,340.0,-55.29,-55.29,-55.29,57.5,57.5,False,False,False,False,False,False,False,False,False,2026-10-07,半導體業,半導體／IC設計或製造（細分環節待核驗）
7777,7777.TWO,ABICO ASIA,能率亞洲,69.6,,TPEx LISTED,其他,37.3,37.5,38.05,37.05,859422,32.06,38.13,37.105,-2.18,0.53,-0.27,-4.85,-1.84,48.5,48.5,48.5,48.5,48.5,-21.55,-21.55,-21.55,23.09,23.09,False,False,False,False,False,False,False,False,False,2026-10-07,其他,其他（公司级产品待核验）
7780,7780.TW,DAIKEN,大研生醫*,130.82,,TWSE LISTED,食品工業,16.15,15.8,16.15,15.8,800150,12.92,16.0,16.065,0.94,0.53,1.89,0.62,-0.62,192.0,192.0,192.0,192.0,192.0,-91.59,-91.59,-91.59,91.59,91.59,False,False,False,True,False,False,False,False,False,2026-10-07,食品工業,食品、飲料與食品加工（公司級產品待核驗）
7782,7782.TWO,SPEEDING ROCKET,光速火箭,5.86,,TPEx LISTED,居家生活,25.25,25.15,25.25,25.05,9000,0.23,25.19,25.205,0.24,0.18,0.2,0.4,0.0,31.4,62.7,62.7,31.4,62.7,-19.59,-59.73,-59.73,19.59,59.73,False,False,False,True,False,False,False,False,False,2026-10-07,居家生活,居家用品、建材、家具與生活消費品（公司級產品待核驗）
7786,7786.TW,DFO,東方風能,204.99,,TWSE LISTED,綠能環保,116.5,117.5,118.0,116.5,52285,6.09,118.1,118.15,-1.35,-1.4,-0.85,-0.85,-2.51,173.0,296.0,296.0,173.0,296.0,-31.79,-60.14,-60.14,32.66,60.64,False,False,False,False,False,False,False,False,False,2026-10-07,綠能環保,綠能、太陽能、儲能與環境工程（公司級產品待核驗）
7788,7788.TW,SONG CHUAN,松川精密,262.36,,TWSE LISTED,電子零組件業,329.0,342.0,345.5,329.0,4580427,1506.96,324.9,307.6,1.26,6.96,-9.99,7.17,11.9,365.5,365.5,365.5,365.5,365.5,-5.47,-5.47,-5.47,9.99,9.99,False,False,False,False,False,False,False,True,True,2026-10-07,電子零組件業,電子零組件：PCB、CCL、IC載板、連接器與被動元件（公司級品類待核驗）
7791,7791.TW,LUCKY ROYAL,皇家可口,43.04,,TWSE LISTED,食品工業,53.8,53.3,53.8,52.9,57000,3.07,54.34,54.95,-0.99,-2.09,0.0,-2.18,-2.71,72.9,84.5,84.5,72.9,84.5,-26.2,-36.33,-36.33,26.2,36.33,False,False,False,False,False,False,False,False,False,2026-10-07,食品工業,食品、飲料與食品加工（公司級產品待核驗）
7792,7792.TWO,AM-POWER,安葆,189.68,,TPEx LISTED,其他電子業,406.5,440.0,440.0,406.5,1995430,811.14,428.5,421.15,-5.13,-3.48,-9.97,-4.35,-4.13,461.5,461.5,461.5,461.5,461.5,-4.66,-4.66,-4.66,11.92,11.92,False,False,False,False,False,False,False,False,False,2026-10-07,其他電子業,其他電子：電子模組、感測器、電源與車用電子（公司級產品待核驗）
7794,7794.TWO,API,宏碁智新,8.29,,TPEx LISTED,居家生活,29.6,29.5,29.75,29.25,97000,2.87,30.17,30.24,-1.89,-2.12,-2.95,-1.99,-3.27,34.8,34.8,34.8,34.8,34.8,-14.51,-14.51,-14.51,14.94,14.94,False,False,False,False,False,False,False,False,False,2026-10-07,居家生活,居家用品、建材、家具與生活消費品（公司級產品待核驗）
7795,7795.TW,EPM,長廣,429.62,,TWSE LISTED,電子零組件業,545.0,556.0,565.0,540.0,800621,436.34,548.6,521.3,-0.66,4.55,-1.8,-0.55,11.68,666.0,666.0,666.0,666.0,666.0,-15.17,-15.17,-15.17,18.17,18.17,False,False,False,False,False,False,False,False,False,2026-10-07,電子零組件業,電子零組件：PCB、CCL、IC載板、連接器與被動元件（公司級品類待核驗）
7799,7799.TW,HNMC,禾榮科,816.54,,TWSE LISTED,生技醫療業,516.0,532.0,537.0,515.0,705140,363.85,536.4,524.85,-3.8,-1.69,-2.82,-4.97,-4.27,582.0,860.0,860.0,582.0,860.0,-7.73,-37.56,-37.56,11.34,40.0,False,False,False,False,False,False,False,False,False,2026-10-07,生技醫療業,生技、製藥、醫療器材與健康服務（公司級產品待核驗）
7803,7803.TW,aetherAI,雲象科技-創,16.52,,TWSE LISTED,生技醫療業,17.5,17.2,17.6,17.15,66000,1.16,17.64,17.82,-0.79,-1.8,-0.85,-0.57,-2.51,27.3,27.3,27.3,27.3,27.3,-35.53,-35.53,-35.53,35.9,35.9,False,False,False,False,False,False,False,False,False,2026-10-07,生技醫療業,生技、製藥、醫療器材與健康服務（公司級產品待核驗）
7805,7805.TWO,QNAP,威聯通,195.77,,TPEx LISTED,數位雲端,492.5,493.0,495.0,492.0,16030,7.89,492.6,494.9,-0.02,-0.48,0.0,0.61,-0.3,680.0,710.83,710.83,680.0,710.83,-27.21,-30.36,-30.36,27.57,30.72,False,False,False,False,False,False,False,False,False,2026-10-07,數位雲端,數位雲端、軟體服務與電子商務（公司級產品待核驗）
7810,7810.TWO,JTRON,捷創科技,50.32,,TPEx LISTED,半導體業,248.5,250.0,253.0,247.0,139000,34.54,245.0,237.1,1.43,4.81,0.4,1.43,5.74,339.5,339.5,339.5,339.5,339.5,-25.48,-25.48,-25.48,26.8,26.8,False,False,False,False,False,False,False,False,False,2026-10-07,半導體業,半導體／IC設計或製造（細分環節待核驗）
7811,7811.TWO,Minson,民盛,24.37,,TPEx LISTED,運動休閒,73.0,72.2,73.0,72.2,13005,0.95,72.64,72.97,0.5,0.04,1.11,0.69,-0.68,132.0,168.0,168.0,132.0,168.0,-44.7,-56.55,-56.55,44.7,56.55,False,False,False,True,False,False,False,False,False,2026-10-07,運動休閒,運動休閒（公司级产品待核验）
7812,7812.TW,TMYTEK,稜研科技*-創,41.86,,TWSE LISTED,通信網路業,65.0,64.7,65.5,64.7,108000,7.02,65.1,68.44,-0.15,-5.03,0.62,-1.37,-2.55,127.0,127.0,127.0,127.0,127.0,-48.43,-48.43,-48.43,48.82,48.82,False,False,False,False,False,False,False,False,False,2026-10-07,通信網路業,通信網路／網通設備
7814,7814.TWO,HORIEN,海昌生技,12.6,,TPEx LISTED,生技醫療業,28.0,29.0,29.0,28.0,8000,0.22,28.36,28.345,-1.27,-1.22,-3.45,-0.71,-0.88,45.4,51.4,51.4,45.4,51.4,-36.12,-43.58,-43.58,38.33,45.53,False,False,False,False,False,False,False,False,False,2026-10-07,生技醫療業,生技、製藥、醫療器材與健康服務（公司級產品待核驗）
7818,7818.TW,KEMFLO,溢泰實業,100.62,,TWSE LISTED,綠能環保,61.0,60.7,61.4,60.6,50000,3.05,60.38,60.21,1.03,1.31,0.33,1.67,1.5,126.0,194.0,194.0,126.0,194.0,-51.27,-68.35,-68.35,51.59,68.56,False,False,False,False,False,False,False,False,False,2026-10-07,綠能環保,綠能、太陽能、儲能與環境工程（公司級產品待核驗）
7819,7819.TWO,Systex Fintech,精誠金融,8.35,,TPEx LISTED,資訊服務業,33.05,33.1,33.1,33.05,7000,0.23,33.36,33.79,-0.93,-2.19,-0.15,-1.93,-1.93,108.5,454.5,454.5,108.5,454.5,-69.49,-92.72,-92.72,69.54,92.73,False,False,False,False,False,False,False,False,False,2026-10-07,資訊服務業,資訊服務、軟體、雲端與系統整合（公司級產品待核驗）
7820,7820.TWO,Liying EPTech,立盈,41.73,,TPEx LISTED,綠能環保,110.5,107.0,110.5,107.0,20000,2.21,110.3,108.95,0.18,1.42,2.31,-1.34,0.0,221.5,252.5,252.5,221.5,252.5,-50.11,-56.24,-56.24,50.11,56.24,False,False,False,True,False,False,False,False,False,2026-10-07,綠能環保,綠能、太陽能、儲能與環境工程（公司級產品待核驗）
7821,7821.TW,MDT,神數,42.67,,TWSE LISTED,汽車工業,35.0,35.0,35.1,34.9,69001,2.42,35.29,35.905,-0.82,-2.52,-0.28,-0.99,-2.51,76.9,76.9,76.9,76.9,76.9,-54.36,-54.36,-54.36,54.49,54.49,False,False,False,False,False,False,False,False,False,2026-10-07,汽車工業,汽車整車、汽車零組件與車用電子（公司級產品待核驗）
7822,7822.TW,V5 TECHNOLOGIES,倍利科,432.83,,TWSE LISTED,半導體業,950.0,993.0,1005.0,946.0,262506,249.38,983.2,955.8,-3.38,-0.61,-2.66,-5.0,-4.81,1875.0,1875.0,1875.0,1875.0,1875.0,-46.4,-46.4,-46.4,49.33,49.33,False,False,False,False,False,False,False,False,False,2026-10-07,半導體業,半導體／IC設計或製造（細分環節待核驗）
7823,7823.TW,CyCraft-KY,奧義賽博-KY創,26.36,,TWSE LISTED,數位雲端,78.7,78.0,79.3,78.0,21020,1.65,79.54,79.93,-1.06,-1.54,-1.25,-1.01,-1.87,165.0,165.0,165.0,165.0,165.0,-51.94,-51.94,-51.94,52.3,52.3,False,False,False,False,False,False,False,False,False,2026-10-07,數位雲端,數位雲端、軟體服務與電子商務（公司級產品待核驗）
7825,7825.TWO,NSTC,和亞智慧,18.05,,TPEx LISTED,其他電子業,78.1,78.1,79.0,78.0,124210,9.7,81.56,80.83,-4.24,-3.38,-0.64,-8.01,-7.46,229.0,229.0,229.0,229.0,229.0,-65.5,-65.5,-65.5,65.9,65.9,False,False,False,False,False,False,False,False,False,2026-10-07,其他電子業,其他電子：電子模組、感測器、電源與車用電子（公司級產品待核驗）
7827,7827.TW,Hanchor-KY,漢康-KY創,233.17,,TWSE LISTED,生技醫療業,165.5,166.0,166.5,163.0,328026,54.29,166.3,164.85,-0.48,0.39,-0.6,-0.9,0.3,187.0,187.0,187.0,187.0,187.0,-10.96,-10.96,-10.96,11.5,11.5,False,False,False,False,False,False,False,False,False,2026-10-07,生技醫療業,生技、製藥、醫療器材與健康服務（公司級產品待核驗）
7828,7828.TWO,INNOSTAR,創新服務,728.89,,TPEx LISTED,半導體業,1800.0,1840.0,1905.0,1795.0,173736,312.72,1841.0,1885.0,-2.23,-4.51,-2.17,-2.7,-4.51,2510.0,2510.0,2510.0,2510.0,2510.0,-24.1,-24.1,-24.1,28.29,28.29,False,False,False,False,False,False,False,False,False,2026-10-07,半導體業,半導體／IC設計或製造（細分環節待核驗）
7835,7835.TW,H2U,永悅健康-創,9.22,,TWSE LISTED,數位雲端,19.8,20.0,20.05,19.55,59000,1.17,19.86,19.955,-0.3,-0.78,-0.5,-0.75,-1.98,50.0,50.0,50.0,50.0,50.0,-59.9,-59.9,-59.9,60.4,60.4,False,False,False,False,False,False,False,False,False,2026-10-07,數位雲端,數位雲端、軟體服務與電子商務（公司級產品待核驗）
7839,7839.TWO,PRO360,達人網,6.68,,TPEx LISTED,數位雲端,44.25,44.0,44.25,44.0,6000,0.27,43.49,43.34,1.75,2.1,0.0,3.03,2.43,71.6,89.29,89.29,71.6,89.29,-38.2,-50.44,-50.44,38.2,50.44,False,False,False,False,False,False,False,False,False,2026-10-07,數位雲端,數位雲端、軟體服務與電子商務（公司級產品待核驗）
7842,7842.TWO,GREENET,天能綠電,18.2,,TPEx LISTED,綠能環保,99.7,99.7,99.7,99.7,1000,0.1,98.0,97.84,1.73,1.9,1.84,3.0,1.42,185.0,280.0,280.0,185.0,280.0,-46.11,-64.39,-64.39,46.11,64.39,False,False,False,False,False,False,False,False,False,2026-10-07,綠能環保,綠能、太陽能、儲能與環境工程（公司級產品待核驗）
7855,7855.TW,HLC,和運租車,80.67,,TWSE LISTED,其他,41.9,41.35,42.0,41.3,374000,15.67,41.48,41.615,1.01,0.68,1.21,1.21,1.21,43.8,43.8,43.8,43.8,43.8,-4.11,-4.11,-4.11,4.34,4.34,False,False,True,True,False,False,False,True,True,2026-10-07,其他,其他（公司级产品待核验）
7856,7856.TWO,HTSI,漢測,1445.4,,TPEx LISTED,半導體業,4380.0,4150.0,4450.0,4150.0,441130,1932.15,4269.0,4397.5,2.6,-0.4,4.53,4.41,3.06,5445.0,5445.0,5445.0,5445.0,5445.0,-18.27,-18.27,-18.27,19.56,19.56,False,False,False,False,False,False,False,False,False,2026-10-07,半導體業,半導體／IC設計或製造（細分環節待核驗）
8011,8011.TW,TTCC,台通,28.04,,TWSE LISTED,通信網路業,16.9,16.8,17.0,16.65,1063300,17.97,16.43,16.19,2.86,4.39,-0.59,4.97,4.97,23.25,35.55,35.55,23.25,35.55,-26.88,-52.18,-52.18,27.31,52.46,False,False,False,False,False,False,False,False,False,2026-10-07,通信網路業,通信網路／網通設備
8016,8016.TW,Sitronix,矽創,347.8,,TWSE LISTED,半導體業,289.5,296.0,296.0,288.5,671175,194.31,291.7,287.45,-0.75,0.71,-2.2,-0.52,1.94,376.5,376.5,416.5,376.5,376.5,-21.38,-21.38,-28.93,23.11,23.11,False,False,False,False,False,False,False,False,False,2026-10-07,半導體業,半導體／IC設計或製造（細分環節待核驗）
8021,8021.TW,Topoint,尖點,806.44,,TWSE LISTED,其他電子業,556.0,562.0,574.0,549.0,7376288,4101.22,544.49,511.714,2.11,8.65,-0.89,1.2,15.16,627.0,627.0,627.0,627.0,627.0,-8.45,-8.45,-8.45,11.32,11.32,False,False,False,False,False,False,False,False,False,2026-10-07,其他電子業,其他電子：電子模組、感測器、電源與車用電子（公司級產品待核驗）
8024,8024.TWO,Alpha,佑華,5.51,,TPEx LISTED,半導體業,12.2,12.3,12.6,11.8,359020,4.38,12.37,12.48,-1.37,-2.24,-1.61,-2.4,-2.79,18.25,24.9,43.9,18.25,24.9,-30.96,-49.4,-71.3,33.15,51.0,False,False,False,False,False,False,False,False,False,2026-10-07,半導體業,半導體／IC設計或製造（細分環節待核驗）
8027,8027.TWO,E&R,鈦昇,228.83,,TPEx LISTED,電機機械,208.5,208.5,214.0,208.5,2178014,454.12,210.1,201.6,-0.76,3.42,-0.48,-2.34,-6.08,297.0,297.0,297.0,297.0,297.0,-27.95,-27.95,-27.95,29.8,29.8,False,False,False,False,False,False,False,False,False,2026-10-07,電機機械,電機機械、工業自動化與設備（公司級產品待核驗）
8028,8028.TW,PSI,昇陽半導體,523.12,,TWSE LISTED,半導體業,285.0,281.5,294.0,280.5,7245108,2064.86,282.0,277.2,1.06,2.81,1.79,0.53,0.88,365.0,365.0,365.0,365.0,365.0,-19.45,-19.45,-19.45,21.92,21.92,False,False,False,False,False,False,False,False,False,2026-10-07,半導體業,半導體／IC設計或製造（細分環節待核驗）
8032,8032.TWO,KORYO,光菱,18.73,,TPEx LISTED,電子通路業,36.15,36.2,36.4,36.0,38000,1.37,36.2,36.08,-0.14,0.19,-0.69,0.14,-0.14,49.1,93.2,93.2,49.1,93.2,-25.87,-60.94,-60.94,26.37,61.21,False,False,False,False,False,False,False,False,False,2026-10-07,電子通路業,電子通路、半導體代理與零組件分銷（公司級代理品類待核驗）
8033,8033.TW,TT,雷虎,286.46,,TWSE LISTED,其他,174.0,175.0,178.0,173.5,2629658,457.56,174.2,172.1,-0.11,1.1,0.29,-0.57,-0.29,272.0,272.0,272.0,272.0,272.0,-34.56,-34.56,-34.56,36.03,36.03,False,False,False,False,False,False,False,False,False,2026-10-07,其他,其他（公司级产品待核验）
8034,8034.TWO,OPNET,榮群,10.92,,TPEx LISTED,通信網路業,19.3,19.5,19.55,19.25,109001,2.1,19.66,20.11,-1.83,-4.03,-0.77,-2.77,-5.16,29.4,37.67,49.89,29.4,37.67,-33.5,-48.1,-60.81,34.35,48.76,False,False,False,False,False,False,False,False,False,2026-10-07,通信網路業,通信網路／網通設備
8038,8038.TWO,CAEC,長園科,21.24,,TPEx LISTED,電子零組件業,34.1,34.65,34.75,33.9,154017,5.25,34.56,33.725,-1.33,1.11,-1.59,-2.01,-1.45,61.1,63.0,74.75,61.1,63.0,-43.13,-44.84,-53.51,44.19,45.87,False,False,False,False,False,False,False,False,False,2026-10-07,電子零組件業,電子零組件：PCB、CCL、IC載板、連接器與被動元件（公司級品類待核驗）
8039,8039.TW,TAIFLEX,台虹,803.28,,TWSE LISTED,電子零組件業,304.5,295.5,304.5,288.0,17823091,5427.13,297.6,283.9,2.32,7.26,3.05,2.87,1.33,364.0,364.0,364.0,364.0,364.0,-16.35,-16.35,-16.35,16.35,16.35,False,False,False,False,False,False,False,False,False,2026-10-07,電子零組件業,電子零組件：PCB、CCL、IC載板、連接器與被動元件（公司級品類待核驗）
8040,8040.TWO,IC+,九暘,86.97,,TPEx LISTED,半導體業,90.2,92.3,93.1,88.2,1804598,162.77,93.7,93.77,-3.74,-3.81,-3.22,-5.75,-8.43,130.5,130.5,130.5,130.5,130.5,-28.66,-28.66,-28.66,30.88,30.88,False,False,False,False,False,False,False,False,False,2026-10-07,半導體業,半導體／IC設計或製造（細分環節待核驗）
8042,8042.TWO,CHINSAN,金山電,165.66,,TPEx LISTED,電子零組件業,126.0,118.0,128.5,118.0,18346618,2311.67,120.1,116.05,4.91,8.57,7.69,4.13,13.0,227.0,227.0,227.0,227.0,227.0,-43.39,-43.39,-43.39,44.49,44.49,False,False,False,False,False,False,False,False,False,2026-10-07,電子零組件業,電子零組件：PCB、CCL、IC載板、連接器與被動元件（公司級品類待核驗）
8043,8043.TWO,3H,蜜望實,115.87,,TPEx LISTED,電子零組件業,145.0,140.5,151.0,140.0,7712671,1118.34,140.9,136.2,2.91,6.46,4.69,2.11,11.11,239.5,239.5,239.5,239.5,239.5,-36.95,-36.95,-36.95,39.46,39.46,False,False,False,False,False,False,False,False,False,2026-10-07,電子零組件業,電子零組件：PCB、CCL、IC載板、連接器與被動元件（公司級品類待核驗）
8044,8044.TWO,PChome online,網家,49.35,,TPEx LISTED,數位雲端,24.1,23.75,24.25,23.75,258200,6.22,24.0,23.99,0.42,0.46,1.69,-1.03,-0.82,33.9,61.8,354.96,33.9,61.8,-28.47,-60.76,-93.17,28.91,61.0,False,False,False,True,False,False,False,False,False,2026-10-07,數位雲端,數位雲端、軟體服務與電子商務（公司級產品待核驗）
8045,8045.TW,TWOWAY,達運光電,53.13,,TWSE LISTED,通信網路業,55.9,53.5,55.9,53.3,98000,5.48,55.18,54.29,1.3,2.97,4.49,-0.71,3.71,94.6,185.0,185.0,94.6,185.0,-40.91,-69.78,-69.78,40.91,69.78,False,False,False,True,False,False,False,False,False,2026-10-07,通信網路業,光電顯示／光學元件
8046,8046.TW,N.P.C,南電,9563.25,,TWSE LISTED,電子零組件業,1480.0,1505.0,1560.0,1470.0,8640811,12788.4,1472.0,1358.5,0.54,8.94,-1.66,1.37,10.45,1550.0,1550.0,1550.0,1560.0,1560.0,0.65,0.65,0.65,5.13,5.13,False,False,False,False,True,True,True,True,True,2026-10-07,電子零組件業,IC載板（ABF載板與封裝基板）
8047,8047.TWO,GCC,星雲,16.25,,TPEx LISTED,其他電子業,46.95,45.2,47.35,43.5,85000,3.99,49.67,49.09,-5.48,-4.36,-1.78,-9.01,-7.58,60.0,60.8,60.8,60.0,60.8,-21.08,-22.12,-22.12,21.75,22.78,False,False,False,False,False,False,False,False,False,2026-10-07,其他電子業,其他電子：電子模組、感測器、電源與車用電子（公司級產品待核驗）
8048,8048.TWO,RUBYTECH,德勝,30.61,,TPEx LISTED,通信網路業,51.5,52.4,53.5,51.3,241058,12.41,51.34,50.69,0.31,1.6,-0.58,0.39,1.78,74.56,87.57,96.62,74.56,87.57,-28.25,-38.9,-44.63,30.93,41.19,False,False,False,False,False,False,False,False,False,2026-10-07,通信網路業,通信網路／網通設備
8049,8049.TWO,AMPIRE,晶采,29.16,,TPEx LISTED,光電業,24.65,24.4,24.65,24.35,74001,1.82,24.65,24.575,0.0,0.31,1.02,-0.8,0.2,29.45,43.7,45.15,29.45,43.7,-16.3,-43.59,-45.4,16.3,43.59,False,False,False,False,False,False,False,False,False,2026-10-07,光電業,光電顯示／光學元件
8050,8050.TWO,IBASE,廣積,124.35,,TPEx LISTED,電腦及週邊設備業,60.6,61.4,61.7,60.2,1064021,64.48,61.8,61.81,-1.94,-1.96,-0.33,-2.57,-4.72,69.4,93.6,112.5,69.4,93.6,-11.1,-34.08,-45.16,12.68,35.26,False,False,False,False,False,False,False,False,False,2026-10-07,電腦及週邊設備業,電腦、伺服器與企業硬體
8054,8054.TWO,Alcor Micro,安國,88.4,,TPEx LISTED,半導體業,81.3,83.2,83.2,81.0,1969553,160.12,86.74,86.47,-6.27,-5.98,-5.24,-9.16,-8.24,145.5,224.0,224.0,145.5,224.0,-42.82,-62.86,-62.86,44.12,63.71,False,False,False,False,False,False,False,False,False,2026-10-07,半導體業,半導體／IC設計或製造（細分環節待核驗）
8059,8059.TWO,CTI,凱碩,20.44,,TPEx LISTED,通信網路業,17.55,17.55,17.9,17.4,41200,0.72,17.7,17.64,-0.85,-0.51,0.0,-2.77,2.33,42.41,77.99,77.99,42.41,77.99,-57.79,-77.05,-77.05,58.62,77.5,False,False,False,False,False,False,False,False,False,2026-10-07,通信網路業,通信網路／網通設備
8064,8064.TWO,CONTREL,東捷,251.35,,TPEx LISTED,光電業,136.0,135.5,139.0,133.0,3415302,464.48,138.6,138.6,-1.88,-1.88,0.37,-3.89,-6.53,189.5,189.5,189.5,189.5,189.5,-26.65,-26.65,-26.65,28.23,28.23,False,False,False,False,False,False,False,False,False,2026-10-07,光電業,光電顯示／光學元件
8066,8066.TWO,LIFESTYLE,來思達,5.4,,TPEx LISTED,居家生活,14.75,14.75,14.75,14.6,4415,0.07,14.84,14.95,-0.61,-1.34,0.34,-1.34,-2.64,21.0,37.85,142.0,21.0,37.85,-29.76,-61.03,-89.61,29.76,61.03,False,False,False,False,False,False,False,False,False,2026-10-07,居家生活,居家用品、建材、家具與生活消費品（公司級產品待核驗）
8067,8067.TWO,Gish INT,志旭,2.29,,TPEx LISTED,電子通路業,11.05,11.05,11.05,11.05,5000,0.06,11.45,11.65,-3.49,-5.15,-1.34,-6.36,-10.53,17.0,22.6,28.36,17.0,22.6,-35.0,-51.11,-61.04,35.0,51.11,False,False,False,False,False,False,False,False,False,2026-10-07,電子通路業,電子通路、半導體代理與零組件分銷（公司級代理品類待核驗）
8068,8068.TWO,Chander,全達,13.77,,TPEx LISTED,電子通路業,17.05,17.4,17.4,17.0,123000,2.1,17.44,17.655,-2.24,-3.43,-0.58,-3.94,-3.94,29.55,47.95,49.3,29.55,47.95,-41.12,-63.71,-64.71,42.3,64.44,False,False,False,False,False,False,False,False,False,2026-10-07,電子通路業,電子通路、半導體代理與零組件分銷（公司級代理品類待核驗）
8069,8069.TWO,EIH,元太,1674.28,,TPEx LISTED,光電業,145.0,149.0,149.0,145.0,6359930,922.19,145.6,144.95,-0.41,0.03,-2.68,1.05,0.69,251.0,322.0,322.0,251.0,322.0,-40.64,-53.73,-53.73,42.23,54.97,False,False,False,False,False,False,False,False,False,2026-10-07,光電業,光電顯示／光學元件
8070,8070.TW,CHANG WAH,長華*,373.71,,TWSE LISTED,電子通路業,51.5,51.7,52.7,51.4,2431000,125.2,51.02,50.415,0.94,2.15,0.98,1.58,2.59,66.0,72.0,72.0,66.0,72.0,-20.15,-26.81,-26.81,21.97,28.47,False,False,False,False,False,False,False,False,False,2026-10-07,電子通路業,電子通路、半導體代理與零組件分銷（公司級代理品類待核驗）
8071,8071.TWO,ABICO,能率網通,13.16,,TPEx LISTED,電子零組件業,21.9,22.0,22.2,21.75,197210,4.32,22.0,21.945,-0.45,-0.21,0.92,-2.23,-0.68,35.1,35.1,35.1,35.1,35.1,-36.75,-36.75,-36.75,37.61,37.61,False,False,False,False,False,False,False,False,False,2026-10-07,電子零組件業,通信網路／網通設備
8072,8072.TW,AV TECH,陞泰,21.52,,TWSE LISTED,電子通路業,26.9,27.1,27.2,26.9,88026,2.37,27.39,27.54,-1.79,-2.32,-2.0,-2.89,-3.41,34.6,55.0,55.0,34.6,55.0,-21.39,-50.55,-50.55,22.25,51.09,False,False,False,False,False,False,False,False,False,2026-10-07,電子通路業,電子通路、半導體代理與零組件分銷（公司級代理品類待核驗）
8074,8074.TWO,AURONA,鉅橡,50.45,,TPEx LISTED,電子零組件業,58.0,56.2,59.5,55.6,1923689,111.57,56.02,53.58,3.53,8.25,3.39,1.93,12.4,96.3,96.3,96.3,96.3,96.3,-38.21,-38.21,-38.21,39.77,39.77,False,False,False,False,False,False,False,False,False,2026-10-07,電子零組件業,電子零組件：PCB、CCL、IC載板、連接器與被動元件（公司級品類待核驗）
8076,8076.TWO,FIRICH,伍豐,62.39,,TPEx LISTED,電腦及週邊設備業,21.35,21.4,21.5,21.3,435962,9.31,21.52,21.55,-0.79,-0.93,-0.23,-2.29,-2.06,29.9,38.25,58.1,29.9,38.25,-28.09,-43.79,-62.99,28.6,44.18,False,False,False,False,False,False,False,False,False,2026-10-07,電腦及週邊設備業,電腦、伺服器與企業硬體
8077,8077.TWO,GWH,洛碁,9.04,,TPEx LISTED,觀光餐旅,41.2,41.2,41.2,41.2,0,0.0,41.44,42.075,-0.58,-2.08,0.0,-0.72,-2.25,56.3,80.9,148.75,56.3,80.9,-26.82,-49.07,-72.3,26.82,49.07,False,False,False,False,False,False,False,False,False,2026-10-07,觀光餐旅,觀光餐旅（公司级产品待核验）
8080,8080.TWO,TerraLink,泰霖,19.01,,TPEx LISTED,建材營造,28.3,28.55,28.55,28.3,38000,1.08,28.14,28.085,0.57,0.77,-0.35,1.07,1.8,47.75,47.75,91.0,47.75,47.75,-40.21,-40.21,-68.63,40.73,40.73,False,False,False,False,False,False,False,False,False,2026-10-07,建材營造,建材、營造與不動產開發（公司級業務待核驗）
8081,8081.TW,GMT,致新,226.2,,TWSE LISTED,半導體業,262.5,264.0,264.0,260.5,322078,84.55,259.2,255.95,1.27,2.56,0.0,2.14,4.37,347.5,347.5,347.5,347.5,347.5,-24.03,-24.03,-24.03,24.46,24.46,False,False,False,False,False,False,False,False,False,2026-10-07,半導體業,半導體／IC設計或製造（細分環節待核驗）
8083,8083.TWO,TIC,瑞穎,56.21,,TPEx LISTED,電機機械,160.0,159.5,160.0,159.0,86000,13.76,158.2,156.9,1.14,1.98,0.63,1.59,2.56,182.5,190.0,214.0,182.5,190.0,-12.33,-15.79,-25.23,12.33,15.79,True,True,False,False,False,False,False,False,False,2026-10-07,電機機械,電機機械、工業自動化與設備（公司級產品待核驗）
8084,8084.TWO,CHIP HOPE,巨虹,11.09,,TPEx LISTED,電子通路業,15.95,15.95,15.95,15.95,360845,5.76,19.86,26.66,-19.69,-40.17,-9.89,-26.83,-40.6,68.1,117.0,142.5,68.1,117.0,-76.58,-86.37,-88.81,76.58,86.37,False,False,False,False,False,False,False,False,False,2026-10-07,電子通路業,電子通路、半導體代理與零組件分銷（公司級代理品類待核驗）
8085,8085.TWO,FD,福華,21.14,,TPEx LISTED,其他電子業,15.1,14.75,15.1,14.75,164732,2.49,14.8,14.555,2.03,3.74,2.37,2.72,4.86,19.0,97.6,97.6,19.0,97.6,-20.53,-84.53,-84.53,20.53,84.53,False,False,False,False,False,False,False,False,False,2026-10-07,其他電子業,其他電子：電子模組、感測器、電源與車用電子（公司級產品待核驗）
8086,8086.TWO,AWSC,宏捷科,275.12,,TPEx LISTED,半導體業,140.0,129.0,140.0,127.5,19354420,2709.62,126.3,118.55,10.85,18.09,9.8,16.67,22.27,183.0,183.0,196.5,183.0,183.0,-23.5,-23.5,-28.75,23.5,23.5,False,False,False,False,False,False,False,False,False,2026-10-07,半導體業,半導體／IC設計或製造（細分環節待核驗）
8087,8087.TWO,LEADSUN,麗升能源,9.08,,TPEx LISTED,綠能環保,23.5,22.7,23.5,22.7,2000,0.05,23.66,23.66,-0.68,-0.68,1.29,-2.08,3.07,40.6,68.5,73.84,40.6,68.5,-42.12,-65.69,-68.18,42.12,65.69,False,False,False,False,False,False,False,False,False,2026-10-07,綠能環保,綠能、太陽能、儲能與環境工程（公司級產品待核驗）
8088,8088.TWO,PANRAM,品安,27.08,,TPEx LISTED,半導體業,44.45,44.35,44.75,43.65,339020,15.07,44.1,43.34,0.79,2.56,1.14,0.0,0.11,73.1,73.1,73.1,73.1,73.1,-38.78,-38.78,-38.78,39.19,39.19,False,False,False,False,False,False,False,False,False,2026-10-07,半導體業,半導體／IC設計或製造（細分環節待核驗）
8089,8089.TWO,Comtrend,康全電訊,12.77,,TPEx LISTED,通信網路業,19.35,19.3,19.4,19.25,70000,1.35,19.45,19.38,-0.51,-0.15,0.0,-1.28,-0.77,31.2,131.56,131.56,31.2,131.56,-37.82,-85.25,-85.25,37.98,85.29,False,False,False,False,False,False,False,False,False,2026-10-07,通信網路業,通信網路／網通設備
8091,8091.TWO,FB,翔名,132.96,,TPEx LISTED,半導體業,233.5,230.0,234.0,227.0,439360,102.59,231.6,224.3,0.82,4.1,0.65,-1.48,7.6,303.5,303.5,303.5,303.5,303.5,-22.9,-22.9,-22.9,23.06,23.06,False,False,False,False,False,False,False,False,False,2026-10-07,半導體業,半導體／IC設計或製造（細分環節待核驗）
8092,8092.TWO,CWPT,建暐,6.86,,TPEx LISTED,其他電子業,12.0,12.1,12.25,11.95,104000,1.25,12.23,12.495,-1.88,-3.96,-0.83,-2.44,-4.76,20.95,35.7,35.7,20.95,35.7,-41.53,-65.69,-65.69,42.72,66.39,False,False,False,False,False,False,False,False,False,2026-10-07,其他電子業,其他電子：電子模組、感測器、電源與車用電子（公司級產品待核驗）
8093,8093.TWO,ENERMAX,保銳,14.91,,TPEx LISTED,電子零組件業,26.35,26.2,26.6,25.75,45456,1.2,25.59,24.665,2.97,6.83,0.38,4.36,11.42,28.95,53.0,60.24,28.95,53.0,-8.12,-49.81,-55.84,8.98,50.28,False,False,False,False,False,False,False,True,False,2026-10-07,電子零組件業,電子零組件：PCB、CCL、IC載板、連接器與被動元件（公司級品類待核驗）
8096,8096.TWO,CoAsia,擎亞,134.56,,TPEx LISTED,電子通路業,90.1,88.7,90.5,88.1,1460892,131.63,89.08,87.51,1.15,2.96,1.46,1.24,2.04,177.0,177.0,177.0,177.0,177.0,-48.87,-48.87,-48.87,49.1,49.1,False,False,False,False,False,False,False,False,False,2026-10-07,電子通路業,電子通路、半導體代理與零組件分銷（公司級代理品類待核驗）
8097,8097.TWO,ATW,常珵,29.13,,TPEx LISTED,通信網路業,48.3,48.45,48.5,48.2,13001,0.63,48.59,48.57,-0.6,-0.56,-0.31,-1.02,-0.41,62.7,97.0,97.0,62.7,97.0,-22.65,-50.0,-50.0,22.97,50.21,False,False,False,False,False,False,False,False,False,2026-10-07,通信網路業,通信網路／網通設備
8099,8099.TWO,TSTI,大世科,58.94,,TPEx LISTED,資訊服務業,58.9,59.8,59.8,58.8,31001,1.83,59.74,59.97,-1.41,-1.78,-1.01,-2.48,-1.17,77.2,110.18,110.18,77.2,110.18,-22.54,-45.72,-45.72,23.7,46.54,False,False,False,False,False,False,False,False,False,2026-10-07,資訊服務業,資訊服務、軟體、雲端與系統整合（公司級產品待核驗）
8101,8101.TW,Arima Comm.,華冠,5.32,,TWSE LISTED,通信網路業,10.2,10.1,10.5,10.1,3365,0.03,10.75,10.925,-5.12,-6.64,-3.77,-4.67,-7.69,16.8,35.45,35.45,16.8,35.45,-37.5,-70.38,-70.38,39.29,71.23,False,False,False,False,False,False,False,False,False,2026-10-07,通信網路業,通信網路／網通設備
8102,8102.TWO,JEILIN,傑霖科技,14.2,,TPEx LISTED,半導體業,60.8,56.1,61.9,56.1,21300,1.3,59.2,59.6,2.7,2.01,6.67,2.01,1.5,81.9,112.5,112.5,81.9,112.5,-24.42,-44.98,-44.98,25.76,45.96,False,False,False,True,False,False,False,False,False,2026-10-07,半導體業,半導體／IC設計或製造（細分環節待核驗）
8103,8103.TW,CviLux,瀚荃,92.56,,TWSE LISTED,電子零組件業,118.0,120.0,123.0,118.0,2469412,291.39,120.8,121.15,-2.32,-2.6,-1.26,-2.48,-2.88,136.5,136.5,136.5,136.5,136.5,-9.89,-9.89,-9.89,13.55,13.55,False,False,False,False,False,False,False,False,False,2026-10-07,電子零組件業,電子零組件：PCB、CCL、IC載板、連接器與被動元件（公司級品類待核驗）
8104,8104.TW,RiTdisplay,錸寶,32.21,,TWSE LISTED,光電業,30.95,31.3,31.35,30.9,164162,5.08,31.41,31.32,-1.46,-1.18,-1.12,-2.52,-3.58,47.8,60.22,104.84,47.8,60.22,-34.41,-47.94,-70.1,35.25,48.61,False,False,False,False,False,False,False,False,False,2026-10-07,光電業,光電顯示／光學元件
8105,8105.TW,GiantPlus,凌巨,66.89,,TWSE LISTED,光電業,15.15,15.2,15.35,15.1,1079051,16.35,15.31,15.285,-1.05,-0.88,0.66,-2.88,-7.34,25.75,25.75,26.15,25.75,25.75,-40.39,-40.39,-41.3,41.17,41.17,False,False,False,False,False,False,False,False,False,2026-10-07,光電業,光電顯示／光學元件
8107,8107.TWO,KENMOS,大億金茂,8.93,,TPEx LISTED,電機機械,11.9,12.0,12.05,11.75,17100,0.2,11.88,11.99,0.17,-0.75,0.85,-0.42,-0.83,16.7,35.0,54.2,16.7,35.0,-27.84,-65.57,-77.77,28.74,66.0,False,False,False,False,False,False,False,False,False,2026-10-07,電機機械,電機機械、工業自動化與設備（公司級產品待核驗）
8109,8109.TWO,P-DUKE,博大,110.92,,TPEx LISTED,電子零組件業,135.0,136.5,136.5,133.0,377500,50.96,140.3,136.6,-3.78,-1.17,-1.1,-7.85,0.0,166.5,166.5,166.5,166.5,166.5,-18.02,-18.02,-18.02,18.92,18.92,False,False,False,False,False,False,False,False,False,2026-10-07,電子零組件業,電子零組件：PCB、CCL、IC載板、連接器與被動元件（公司級品類待核驗）
8110,8110.TW,WALTON,華東,256.28,,TWSE LISTED,半導體業,49.5,48.9,49.8,48.5,4055111,200.73,49.23,49.14,0.55,0.73,1.43,-0.9,0.61,88.0,88.0,88.0,88.0,88.0,-43.41,-43.41,-43.41,43.75,43.75,False,False,False,True,False,False,False,False,False,2026-10-07,半導體業,半導體／IC設計或製造（細分環節待核驗）
8111,8111.TWO,LIGITEK,立碁,102.56,,TPEx LISTED,光電業,94.0,93.1,97.5,92.0,22433479,2108.75,88.88,83.14,5.76,13.06,1.84,9.56,18.54,99.7,99.7,99.7,99.7,99.7,-2.21,-2.21,-2.21,5.72,5.72,False,False,False,False,False,False,False,True,True,2026-10-07,光電業,光電顯示／光學元件
8112,8112.TW,Supreme,至上,473.15,,TWSE LISTED,電子通路業,83.7,84.1,84.5,83.7,2967663,248.39,83.94,83.35,-0.29,0.42,-0.36,-0.48,1.09,104.0,104.0,104.0,104.0,104.0,-18.75,-18.75,-18.75,19.52,19.52,False,False,False,False,False,False,False,False,False,2026-10-07,電子通路業,電子通路、半導體代理與零組件分銷（公司級代理品類待核驗）
8114,8114.TW,POSIFLEX,振樺電,135.77,,TWSE LISTED,電腦及週邊設備業,177.5,178.0,179.0,176.0,320050,56.81,178.4,177.85,-0.5,-0.2,-0.84,-0.56,-0.84,276.5,382.0,382.0,276.5,382.0,-35.26,-53.14,-53.14,35.8,53.53,False,False,False,False,False,False,False,False,False,2026-10-07,電腦及週邊設備業,電腦、伺服器與企業硬體
8121,8121.TWO,ACME,越峰,73.8,,TPEx LISTED,電子零組件業,34.65,32.1,35.0,31.8,2704020,93.69,33.55,31.765,3.28,9.08,8.79,1.61,10.0,57.2,57.2,57.41,57.2,57.2,-38.81,-38.81,-39.03,39.42,39.42,False,False,False,False,False,False,False,False,False,2026-10-07,電子零組件業,電子零組件：PCB、CCL、IC載板、連接器與被動元件（公司級品類待核驗）
8131,8131.TW,FATC,福懋科,301.6,,TWSE LISTED,半導體業,68.2,65.0,69.2,63.8,8222789,560.79,64.18,62.93,6.26,8.37,7.91,7.4,8.95,87.1,87.1,87.1,87.1,87.1,-20.55,-20.55,-20.55,21.7,21.7,False,False,False,False,False,False,False,False,False,2026-10-07,半導體業,半導體／IC設計或製造（細分環節待核驗）
8147,8147.TWO,NEXTRON,正淩,59.38,,TPEx LISTED,電子零組件業,142.0,139.5,144.5,137.0,341071,48.43,142.2,142.9,-0.14,-0.63,1.07,-1.05,-10.41,197.5,197.5,197.5,197.5,197.5,-26.84,-26.84,-26.84,28.1,28.1,False,False,False,False,False,False,False,False,False,2026-10-07,電子零組件業,電子零組件：PCB、CCL、IC載板、連接器與被動元件（公司級品類待核驗）
8150,8150.TW,ChipMOS,南茂,905.31,,TWSE LISTED,半導體業,128.5,126.0,129.0,125.0,34612323,4447.68,124.5,116.6,3.21,10.21,0.78,1.18,12.23,133.0,133.0,133.0,133.0,133.0,-3.01,-3.01,-3.01,3.38,3.38,False,False,False,False,False,False,False,True,True,2026-10-07,半導體業,半導體封裝測試（記憶體與邏輯IC測試）
8155,8155.TWO,ACCL,博智,208.31,,TPEx LISTED,電子零組件業,334.0,332.0,344.0,332.0,693100,231.5,326.4,328.15,2.33,1.78,0.6,3.41,5.7,480.0,480.0,480.0,480.0,480.0,-28.33,-28.33,-28.33,30.42,30.42,True,False,False,False,False,False,False,False,False,2026-10-07,電子零組件業,CCL覆銅板／基板材料
8162,8162.TW,MSEC,微矽電子-創,44.59,,TWSE LISTED,半導體業,64.9,65.0,65.6,64.2,150159,9.75,66.46,65.24,-2.35,-0.52,-0.31,-3.71,-2.84,89.9,89.9,89.9,89.9,89.9,-27.03,-27.03,-27.03,27.81,27.81,False,False,False,False,False,False,False,False,False,2026-10-07,半導體業,半導體／IC設計或製造（細分環節待核驗）
8163,8163.TW,DARFON,達方,83.72,,TWSE LISTED,電腦及週邊設備業,29.9,30.2,30.3,29.8,1113502,33.29,30.56,30.335,-2.16,-1.43,-1.64,-4.17,-1.16,47.8,74.6,95.8,47.8,74.6,-36.61,-59.38,-68.37,37.45,59.92,False,False,False,False,False,False,False,False,False,2026-10-07,電腦及週邊設備業,電腦、伺服器與企業硬體
8171,8171.TWO,Formosa,天宇,23.76,,TPEx LISTED,綠能環保,21.05,20.95,21.1,20.85,143000,3.01,20.79,20.705,1.25,1.67,0.96,1.94,1.2,32.05,46.2,70.34,32.05,46.2,-34.17,-54.33,-70.0,34.32,54.44,True,False,False,False,False,False,False,False,False,2026-10-07,綠能環保,綠能、太陽能、儲能與環境工程（公司級產品待核驗）
8176,8176.TWO,ZCOM,智捷,5.81,,TPEx LISTED,通信網路業,9.72,9.73,9.73,9.66,126001,1.22,9.744,9.759,-0.25,-0.4,-0.41,-0.51,-0.41,14.4,20.6,20.7,14.4,20.6,-32.43,-52.77,-53.0,32.5,52.82,False,False,False,False,False,False,False,False,False,2026-10-07,通信網路業,通信網路／網通設備
8182,8182.TWO,HELE,加高,46.88,,TPEx LISTED,電子零組件業,43.8,42.5,44.15,42.4,961000,42.09,44.33,42.485,-1.2,3.1,3.3,-5.6,5.8,60.7,60.7,64.5,60.7,60.7,-27.27,-27.27,-31.55,27.84,27.84,False,False,False,False,False,False,False,False,False,2026-10-07,電子零組件業,電子零組件：PCB、CCL、IC載板、連接器與被動元件（公司級品類待核驗）
8201,8201.TW,BESTA,無敵,10.45,,TWSE LISTED,其他電子業,16.75,16.3,16.95,16.3,266513,4.46,17.07,15.37,-1.87,8.98,-4.29,-2.05,4.36,17.95,21.5,26.3,17.95,21.5,-5.57,-21.16,-35.55,6.69,22.09,False,False,False,False,False,False,False,True,False,2026-10-07,其他電子業,其他電子：電子模組、感測器、電源與車用電子（公司級產品待核驗）
8210,8210.TW,CHENBRO,勤誠,1095.4,,TWSE LISTED,電腦及週邊設備業,872.0,885.0,891.0,870.0,2208054,1925.42,866.6,873.3,0.62,-0.15,-1.47,3.69,4.31,1590.0,1590.0,1590.0,1590.0,1590.0,-43.96,-43.96,-43.96,45.16,45.16,False,False,False,False,False,False,False,False,False,2026-10-07,電腦及週邊設備業,電腦、伺服器與企業硬體
8213,8213.TW,tpt,志超,102.26,,TWSE LISTED,電子零組件業,37.7,34.3,37.7,34.3,6128114,231.03,34.82,34.09,8.27,10.59,9.91,10.07,9.28,43.8,45.3,55.2,43.8,45.3,-13.93,-16.78,-31.7,13.93,16.78,False,False,True,False,False,False,False,False,False,2026-10-07,電子零組件業,電子零組件：PCB、CCL、IC載板、連接器與被動元件（公司級品類待核驗）
8215,8215.TW,BMC,明基材,89.63,,TWSE LISTED,光電業,27.95,28.3,28.45,27.9,1122600,31.38,28.72,28.535,-2.68,-2.05,-1.06,-5.89,-5.73,33.4,37.9,46.35,33.4,37.9,-14.82,-24.93,-38.62,16.32,26.25,False,False,False,False,False,False,False,False,False,2026-10-07,光電業,光電顯示／光學元件
8222,8222.TW,Aero Win,寶一,24.04,,TWSE LISTED,電機機械,35.05,35.05,35.45,35.0,235051,8.24,35.33,35.335,-0.79,-0.81,-0.57,-0.99,-2.09,46.55,69.5,69.6,46.55,69.5,-23.85,-48.99,-49.07,24.7,49.57,False,False,False,False,False,False,False,False,False,2026-10-07,電機機械,電機機械、工業自動化與設備（公司級產品待核驗）
8227,8227.TWO,PGC,巨有科技,147.1,,TPEx LISTED,半導體業,372.0,373.0,374.0,365.0,361963,134.65,368.3,347.05,1.0,7.19,0.54,0.54,0.4,384.5,449.5,449.5,384.5,449.5,-2.73,-16.8,-16.8,3.25,17.24,False,False,False,False,False,False,False,True,False,2026-10-07,半導體業,半導體／IC設計或製造（細分環節待核驗）
8234,8234.TWO,NEXCOM,新漢,87.28,,TPEx LISTED,電腦及週邊設備業,61.8,62.0,62.7,61.8,250020,15.45,62.62,62.08,-1.31,-0.45,-0.64,-2.37,-1.28,81.7,122.5,122.5,81.7,122.5,-23.26,-48.82,-48.82,24.36,49.55,False,False,False,False,False,False,False,False,False,2026-10-07,電腦及週邊設備業,電腦、伺服器與企業硬體
8240,8240.TWO,WAH HONG,華宏,55.7,,TPEx LISTED,光電業,55.7,55.2,56.6,55.2,519283,28.92,58.02,55.78,-4.0,-0.14,0.18,-8.09,-2.79,81.8,81.8,81.8,81.8,81.8,-30.81,-30.81,-30.81,31.91,31.91,False,False,False,False,False,False,False,False,False,2026-10-07,光電業,光電顯示／光學元件
8249,8249.TW,CSI,菱光,54.72,,TWSE LISTED,電子零組件業,39.7,39.1,40.0,39.1,121700,4.83,40.0,39.67,-0.75,0.08,0.76,-3.17,0.51,64.6,76.9,76.9,64.6,76.9,-38.08,-47.98,-47.98,38.54,48.37,False,False,False,False,False,False,False,False,False,2026-10-07,電子零組件業,電子零組件：PCB、CCL、IC載板、連接器與被動元件（公司級品類待核驗）
8255,8255.TWO,ATC,朋程,156.0,,TPEx LISTED,電機機械,153.0,151.0,154.0,150.5,257100,39.34,151.6,147.3,0.92,3.87,1.32,0.0,4.08,233.0,233.5,294.54,233.0,233.5,-33.91,-34.05,-47.72,34.33,34.48,False,False,False,False,False,False,False,False,False,2026-10-07,電機機械,電機機械、工業自動化與設備（公司級產品待核驗）
8261,8261.TW,APEC,富鼎,227.06,,TWSE LISTED,半導體業,191.0,194.0,195.0,190.5,6305788,1204.41,192.7,184.9,-0.88,3.3,-4.26,2.41,8.52,380.5,380.5,380.5,380.5,380.5,-48.75,-48.75,-48.75,49.8,49.8,False,False,False,False,False,False,False,False,False,2026-10-07,半導體業,半導體／IC設計或製造（細分環節待核驗）
8271,8271.TW,Apacer,宇瞻,261.82,,TWSE LISTED,半導體業,202.0,202.5,204.0,201.0,1094705,221.13,201.4,201.05,0.3,0.47,0.5,-0.25,0.0,271.0,271.0,271.0,271.0,271.0,-24.72,-24.72,-24.72,25.46,25.46,False,False,False,True,False,False,False,False,False,2026-10-07,半導體業,半導體／IC設計或製造（細分環節待核驗）
8272,8272.TWO,Changing,全景軟體,11.44,,TPEx LISTED,資訊服務業,60.2,60.2,60.7,60.2,5000,0.3,61.4,63.06,-1.95,-4.54,0.17,-2.9,-6.67,82.4,156.0,156.0,82.4,156.0,-26.33,-61.09,-61.09,26.94,61.41,False,False,False,False,False,False,False,False,False,2026-10-07,資訊服務業,資訊服務、軟體、雲端與系統整合（公司級產品待核驗）
8277,8277.TWO,UNIFOSA,商丞,6.12,,TPEx LISTED,半導體業,15.5,15.5,15.55,15.45,55000,0.85,15.4,15.56,0.65,-0.39,0.0,1.97,0.0,29.69,43.84,52.43,29.69,43.84,-47.63,-64.53,-70.34,47.8,64.65,False,False,False,False,False,False,False,False,False,2026-10-07,半導體業,半導體／IC設計或製造（細分環節待核驗）
8279,8279.TWO,SYNGEN,生展,21.9,,TPEx LISTED,生技醫療業,80.8,80.9,81.0,80.4,23000,1.86,80.32,79.27,0.6,1.93,0.5,1.64,3.59,141.0,177.0,197.0,141.0,177.0,-42.55,-54.24,-58.88,42.7,54.35,True,False,False,False,False,False,False,False,False,2026-10-07,生技醫療業,生技、製藥、醫療器材與健康服務（公司級產品待核驗）
8284,8284.TWO,MITAKE,三竹,32.12,,TPEx LISTED,資訊服務業,67.9,68.0,68.0,67.9,5000,0.34,67.74,68.0,0.24,-0.15,0.44,0.15,-0.15,70.0,74.6,74.9,70.0,74.6,-2.86,-8.85,-9.21,3.0,8.98,False,False,False,False,False,False,False,True,True,2026-10-07,資訊服務業,資訊服務、軟體、雲端與系統整合（公司級產品待核驗）
8289,8289.TWO,Taitien,泰藝,37.86,,TPEx LISTED,電子零組件業,55.4,55.0,56.3,53.6,2306028,127.75,54.8,49.995,1.09,10.81,2.03,-1.25,19.4,78.0,78.0,78.0,78.0,78.0,-27.82,-27.82,-27.82,28.97,28.97,False,False,False,False,False,False,False,False,False,2026-10-07,電子零組件業,電子零組件：PCB、CCL、IC載板、連接器與被動元件（公司級品類待核驗）
8291,8291.TWO,SMT,尚茂,4.84,,TPEx LISTED,電子零組件業,27.7,27.15,28.0,27.15,18000,0.5,28.16,28.725,-1.63,-3.57,-1.25,-3.15,-2.98,133.0,133.0,133.0,133.0,133.0,-78.95,-78.95,-78.95,79.17,79.17,False,False,False,False,False,False,False,False,False,2026-10-07,電子零組件業,電子零組件：PCB、CCL、IC載板、連接器與被動元件（公司級品類待核驗）
8299,8299.TWO,Phison,群聯,4556.0,,TPEx LISTED,半導體業,2060.0,2100.0,2110.0,2060.0,1539286,3170.93,2091.0,2124.5,-1.48,-3.04,-1.44,-1.67,-4.19,2880.0,2880.0,2880.0,2880.0,2880.0,-26.74,-26.74,-26.74,28.47,28.47,False,False,False,False,False,False,False,False,False,2026-10-07,半導體業,半導體／IC設計或製造（細分環節待核驗）
8341,8341.TW,SF,日友,95.68,,TWSE LISTED,綠能環保,73.6,73.7,73.8,73.6,158018,11.63,73.9,74.2,-0.41,-0.81,-0.14,-0.81,-1.08,96.6,120.5,274.23,96.6,120.5,-23.6,-38.76,-73.09,23.81,38.92,False,False,False,False,False,False,False,False,False,2026-10-07,綠能環保,綠能、太陽能、儲能與環境工程（公司級產品待核驗）
8342,8342.TWO,I JANG,益張,27.5,,TPEx LISTED,其他,82.0,83.0,83.0,82.0,6000,0.49,83.0,83.45,-1.2,-1.74,-1.2,-1.8,-1.8,95.0,95.0,97.99,95.0,95.0,-12.63,-12.63,-15.3,13.68,13.68,False,False,False,False,False,False,False,False,False,2026-10-07,其他,其他（公司级产品待核验）
8349,8349.TWO,QST,恒耀國際,86.87,,TPEx LISTED,鋼鐵工業,41.6,41.0,41.8,41.0,230999,9.61,40.75,39.975,2.09,4.07,1.22,2.97,2.97,47.35,64.63,100.64,47.35,64.63,-11.72,-35.32,-58.47,12.14,35.63,False,False,False,False,False,False,False,False,False,2026-10-07,鋼鐵工業,鋼鐵、特殊鋼與金屬材料（公司級產品待核驗）
8354,8354.TWO,KH,冠好,12.96,,TPEx LISTED,其他,16.5,16.55,16.55,16.5,30055,0.5,16.65,16.87,-0.9,-2.19,-0.3,-1.49,-2.37,19.5,19.8,21.03,19.5,19.8,-15.13,-16.41,-21.29,15.38,16.67,False,False,False,False,False,False,False,False,False,2026-10-07,其他,其他（公司级产品待核验）
8358,8358.TWO,CO-TECH,金居,1386.71,,TPEx LISTED,電子零組件業,549.0,536.0,560.0,530.0,20275450,11131.22,538.8,518.65,1.89,5.85,-0.36,5.78,10.91,758.0,758.0,758.0,758.0,758.0,-26.12,-26.12,-26.12,27.57,27.57,False,False,False,False,False,False,False,False,False,2026-10-07,電子零組件業,電子零組件：PCB、CCL、IC載板、連接器與被動元件（公司級品類待核驗）
8367,8367.TW,CS,建新國際,37.7,,TWSE LISTED,航運業,40.9,41.0,41.0,40.9,4000,0.16,40.82,40.595,0.2,0.75,-0.24,0.62,1.11,47.2,54.4,87.5,47.2,54.4,-13.14,-24.63,-53.14,13.35,24.82,False,False,False,False,False,False,False,False,False,2026-10-07,航運業,海運、航空、港口與物流運輸（公司級業務待核驗）
8374,8374.TW,ACE PILLAR,羅昇,84.86,,TWSE LISTED,電機機械,75.6,75.5,75.9,75.1,125470,9.49,76.6,76.45,-1.31,-1.11,-0.53,-2.58,-2.58,118.5,169.0,169.0,118.5,169.0,-35.95,-55.09,-55.09,36.2,55.27,False,False,False,False,False,False,False,False,False,2026-10-07,電機機械,電機機械、工業自動化與設備（公司級產品待核驗）
8383,8383.TWO,ChenFull,千附,80.31,,TPEx LISTED,半導體業,70.6,70.5,72.1,70.3,981291,69.28,69.26,68.27,1.93,3.41,0.71,3.22,3.22,95.0,95.0,95.0,95.0,95.0,-24.11,-24.11,-24.11,25.68,25.68,True,False,False,False,False,False,False,False,False,2026-10-07,半導體業,半導體／IC設計或製造（細分環節待核驗）
8390,8390.TWO,JYD,金益鼎,88.23,,TPEx LISTED,綠能環保,91.8,92.5,92.5,91.0,368382,33.82,90.72,90.42,1.19,1.53,-0.22,1.44,1.55,132.0,132.0,132.0,132.0,132.0,-29.92,-29.92,-29.92,30.45,30.45,False,False,False,False,False,False,False,False,False,2026-10-07,綠能環保,綠能、太陽能、儲能與環境工程（公司級產品待核驗）
8401,8401.TWO,BAI SHA,白紗科,15.97,,TPEx LISTED,其他,22.6,22.6,22.7,22.55,22000,0.5,22.69,22.68,-0.4,-0.35,-0.22,-0.88,-0.66,29.85,33.22,33.22,29.85,33.22,-23.95,-31.68,-31.68,24.29,31.98,False,False,False,False,False,False,False,False,False,2026-10-07,其他,其他（公司级产品待核验）
8403,8403.TWO,SHAREHOPE,盛弘,25.95,,TPEx LISTED,生技醫療業,18.85,18.8,18.95,18.6,190639,3.59,18.86,18.92,-0.05,-0.37,0.27,-0.26,-0.53,24.4,31.5,41.54,24.4,31.5,-22.34,-39.84,-54.38,22.75,40.16,False,False,False,False,False,False,False,False,False,2026-10-07,生技醫療業,生技、製藥、醫療器材與健康服務（公司級產品待核驗）
8404,8404.TW,PAIHO SHIH,百和興業-KY,56.69,,TWSE LISTED,其他,13.5,13.3,13.55,13.3,150150,2.03,13.25,13.345,1.89,1.16,1.5,2.66,1.89,25.25,34.24,56.43,25.25,34.24,-46.34,-60.42,-75.99,46.53,60.57,False,False,False,True,False,False,False,False,False,2026-10-07,其他,其他（公司级产品待核验）
8409,8409.TWO,EBM,商之器,5.76,,TPEx LISTED,生技醫療業,18.0,18.1,18.1,18.0,9001,0.16,18.01,18.045,-0.06,-0.25,0.0,-0.28,0.0,23.0,27.5,37.5,23.0,27.5,-21.3,-34.18,-51.73,21.74,34.55,False,False,False,False,False,False,False,False,False,2026-10-07,生技醫療業,生技、製藥、醫療器材與健康服務（公司級產品待核驗）
8410,8410.TWO,Sen Tien,森田,9.77,,TPEx LISTED,電腦及週邊設備業,26.7,26.8,26.8,26.6,92000,2.46,27.36,27.73,-2.41,-3.71,-0.93,-3.61,-3.96,39.9,95.4,95.4,39.9,95.4,-32.83,-71.91,-71.91,33.08,72.01,False,False,False,False,False,False,False,False,False,2026-10-07,電腦及週邊設備業,電腦、伺服器與企業硬體
8411,8411.TW,KINGCAN,福貞-KY,25.55,,TWSE LISTED,其他,11.7,11.65,11.7,11.55,72000,0.84,11.72,11.915,-0.17,-1.8,0.0,0.86,-1.68,13.3,15.8,33.67,13.3,15.8,-12.03,-25.95,-65.25,12.03,25.95,False,False,False,False,False,False,False,False,False,2026-10-07,其他,其他（公司级产品待核验）
8415,8415.TWO,Brighton-Best,大國鋼,364.12,,TPEx LISTED,鋼鐵工業,35.3,35.05,35.3,35.05,198013,6.99,35.26,35.22,0.11,0.23,0.57,0.14,0.28,39.4,41.45,45.35,39.4,41.45,-10.41,-14.84,-22.16,10.41,14.84,False,False,False,True,False,False,False,False,False,2026-10-07,鋼鐵工業,鋼鐵、特殊鋼與金屬材料（公司級產品待核驗）
8416,8416.TWO,SWTC,實威,48.24,,TPEx LISTED,資訊服務業,171.0,171.0,171.0,171.0,2000,0.34,170.0,169.4,0.59,0.94,0.88,0.0,1.18,191.0,207.0,207.0,191.0,207.0,-10.47,-17.39,-17.39,10.47,17.39,False,False,False,False,False,False,False,False,False,2026-10-07,資訊服務業,資訊服務、軟體、雲端與系統整合（公司級產品待核驗）
8421,8421.TWO,XYP,旭源,7.26,,TPEx LISTED,其他,13.25,13.15,13.6,13.1,81000,1.07,13.06,12.95,1.45,2.32,1.53,1.92,2.32,17.9,17.9,21.45,17.9,17.9,-24.02,-24.02,-36.6,25.98,25.98,False,False,False,False,False,False,False,False,False,2026-10-07,其他,其他（公司级产品待核验）
8422,8422.TW,Cleanaway,可寧衛*,347.84,,TWSE LISTED,綠能環保,25.6,25.3,25.7,25.2,3809052,97.51,25.44,25.55,0.63,0.2,1.59,0.39,-1.16,51.9,51.9,51.9,51.9,51.9,-50.48,-50.48,-50.48,50.67,50.67,False,False,False,True,False,False,False,False,False,2026-10-07,綠能環保,綠能、太陽能、儲能與環境工程（公司級產品待核驗）
8423,8423.TWO,Polygreen,保綠-KY,7.49,,TPEx LISTED,綠能環保,17.95,17.95,18.0,17.9,24848,0.45,17.93,17.99,0.11,-0.22,0.28,-0.28,-1.37,19.8,29.87,29.87,19.8,29.87,-9.09,-39.73,-39.73,9.34,39.9,False,False,False,False,False,False,False,True,False,2026-10-07,綠能環保,綠能、太陽能、儲能與環境工程（公司級產品待核驗）
8424,8424.TWO,WELLPOOL,惠普,25.09,,TPEx LISTED,建材營造,69.6,69.6,69.6,69.6,3000,0.21,70.02,69.93,-0.6,-0.47,-0.43,0.0,-1.56,76.6,76.8,79.4,76.6,76.8,-9.14,-9.38,-12.34,9.14,9.38,False,False,False,False,False,False,False,True,True,2026-10-07,建材營造,建材、營造與不動產開發（公司級業務待核驗）
8426,8426.TWO,Redwood,紅木-KY,10.48,,TPEx LISTED,其他,20.85,20.7,21.45,20.7,32000,0.67,20.68,20.64,0.82,1.02,0.72,1.21,0.97,28.95,92.8,92.8,28.95,92.8,-25.91,-76.89,-76.89,27.98,77.53,False,False,False,False,False,False,False,False,False,2026-10-07,其他,其他（公司级产品待核验）
8429,8429.TW,Jinli,金麗-KY,10.94,,TWSE LISTED,貿易百貨,5.89,5.87,5.95,5.87,53169,0.31,5.898,5.889,-0.14,0.02,0.0,-0.17,-0.34,8.13,14.45,41.26,8.13,14.45,-26.81,-58.82,-85.58,27.55,59.24,False,False,False,False,False,False,False,False,False,2026-10-07,貿易百貨,貿易、零售、百貨與消費通路（公司級業務待核驗）
8431,8431.TWO,SPT,匯鑽科,31.22,,TPEx LISTED,其他電子業,64.0,60.9,65.5,60.9,1230030,78.72,63.5,64.11,0.79,-0.17,4.75,-0.16,-4.19,81.7,81.7,99.0,81.7,81.7,-19.83,-19.83,-33.84,21.66,21.66,False,False,False,False,False,False,False,False,False,2026-10-07,其他電子業,其他電子：電子模組、感測器、電源與車用電子（公司級產品待核驗）
8432,8432.TWO,TSH,東生華,20.66,,TPEx LISTED,生技醫療業,53.8,54.1,54.9,53.5,113000,6.08,52.02,51.29,3.42,4.89,0.56,5.28,6.11,58.9,71.1,101.5,58.9,71.1,-6.79,-22.78,-45.91,8.66,24.33,False,False,False,False,False,False,False,True,False,2026-10-07,生技醫療業,生技、製藥、醫療器材與健康服務（公司級產品待核驗）
8433,8433.TWO,BON FAME,弘帆,28.51,,TPEx LISTED,居家生活,52.3,52.4,52.4,52.3,17000,0.89,52.58,52.72,-0.53,-0.8,-0.19,-0.95,-0.95,64.2,108.5,180.0,64.2,108.5,-18.38,-51.71,-70.89,18.54,51.8,False,False,False,False,False,False,False,False,False,2026-10-07,居家生活,居家用品、建材、家具與生活消費品（公司級產品待核驗）
8435,8435.TWO,Zimmite,鉅邁,18.55,,TPEx LISTED,其他,52.7,53.0,53.1,52.5,61000,3.21,53.08,53.04,-0.72,-0.64,-0.57,-0.94,-1.31,60.5,79.5,79.5,60.5,79.5,-12.23,-33.21,-33.21,12.89,33.71,False,False,False,False,False,False,False,False,False,2026-10-07,其他,其他（公司级产品待核验）
8436,8436.TWO,TCI,大江,120.67,,TPEx LISTED,生技醫療業,102.5,102.5,103.0,102.5,306031,31.37,103.7,104.65,-1.16,-2.05,0.0,-1.44,-3.76,162.0,192.5,525.68,162.0,192.5,-36.42,-46.49,-80.41,36.73,46.75,False,False,False,False,False,False,False,False,False,2026-10-07,生技醫療業,生技、製藥、醫療器材與健康服務（公司級產品待核驗）
8437,8437.TWO,Dadi,大地-KY,5.17,,TPEx LISTED,其他,11.0,11.75,11.75,11.0,89300,0.98,10.96,10.465,0.36,5.11,-5.98,4.76,7.84,17.45,72.0,259.0,17.45,72.0,-32.66,-83.68,-95.46,36.96,84.72,False,False,False,False,False,False,False,False,False,2026-10-07,其他,其他（公司级产品待核验）
8438,8438.TW,AMIA,昶昕,57.14,,TWSE LISTED,綠能環保,81.7,81.4,82.5,80.8,328000,26.8,81.74,79.87,-0.05,2.29,0.99,-2.97,1.11,112.0,112.0,112.0,112.0,112.0,-26.34,-26.34,-26.34,27.05,27.05,False,False,False,False,False,False,False,False,False,2026-10-07,綠能環保,綠能、太陽能、儲能與環境工程（公司級產品待核驗）
8440,8440.TWO,E＆E,綠電,10.13,,TPEx LISTED,綠能環保,20.15,20.0,20.35,20.0,69645,1.4,20.16,20.275,-0.05,-0.62,0.75,-0.49,-0.98,31.8,58.43,80.53,31.8,58.43,-36.01,-65.17,-74.73,36.64,65.52,False,False,False,False,False,False,False,False,False,2026-10-07,綠能環保,綠能、太陽能、儲能與環境工程（公司級產品待核驗）
8442,8442.TW,WW,威宏-KY,32.35,,TWSE LISTED,其他,46.1,45.5,46.6,45.5,37171,1.71,45.8,45.515,0.66,1.29,1.43,0.44,1.1,73.5,135.0,135.0,73.5,135.0,-36.6,-65.48,-65.48,37.28,65.85,False,False,False,True,False,False,False,False,False,2026-10-07,其他,其他（公司级产品待核验）
8443,8443.TW,ASO,阿瘦,7.45,,TWSE LISTED,貿易百貨,11.15,10.95,11.15,10.95,5120,0.06,11.11,11.155,0.36,-0.04,0.0,1.36,0.0,12.25,12.85,19.45,12.25,12.85,-8.98,-13.23,-42.67,8.98,13.23,False,False,False,False,False,False,False,True,False,2026-10-07,貿易百貨,貿易、零售、百貨與消費通路（公司級業務待核驗）
8444,8444.TWO,Green River,綠河-KY,4.67,,TPEx LISTED,其他,3.73,3.81,3.81,3.73,90273,0.34,4.226,4.323,-11.74,-13.72,-14.25,-14.25,-14.25,12.1,43.9,173.47,12.1,43.9,-68.51,-91.32,-97.8,69.17,91.5,False,False,False,False,False,False,False,False,False,2026-10-07,其他,其他（公司级产品待核验）
8446,8446.TWO,HIM Music,華研,45.61,,TPEx LISTED,文化創意業,86.2,86.4,87.1,85.9,25016,2.16,85.34,84.89,1.01,1.54,0.23,2.01,1.65,100.0,131.5,158.0,100.0,131.5,-12.9,-33.76,-44.87,13.8,34.45,True,False,False,False,False,False,False,False,False,2026-10-07,文化創意業,文化創意業（公司级产品待核验）
8450,8450.TWO,PILI,霹靂,7.29,,TPEx LISTED,文化創意業,14.2,14.1,14.2,14.05,28250,0.4,14.23,14.27,-0.21,-0.49,0.35,-0.35,-0.7,18.7,29.95,95.45,18.7,29.95,-24.06,-52.59,-85.12,24.06,52.59,False,False,False,False,False,False,False,False,False,2026-10-07,文化創意業,文化創意業（公司级产品待核验）
8454,8454.TW,momo,富邦媒,647.86,,TWSE LISTED,數位雲端,244.5,239.0,245.0,239.0,276494,67.6,239.4,239.8,2.13,1.96,1.88,2.3,1.66,467.0,498.87,1504.84,467.0,498.87,-47.54,-50.89,-83.72,47.64,50.99,False,False,True,True,False,False,False,False,False,2026-10-07,數位雲端,數位雲端、軟體服務與電子商務（公司級產品待核驗）
8455,8455.TWO,Daito ME,大拓-KY,5.85,,TPEx LISTED,其他電子業,23.2,22.55,23.2,22.4,8100,0.19,22.39,22.295,3.62,4.06,3.34,4.98,4.98,48.05,48.05,49.5,48.05,48.05,-51.72,-51.72,-53.13,51.72,51.72,False,False,False,False,False,False,False,False,False,2026-10-07,其他電子業,其他電子：電子模組、感測器、電源與車用電子（公司級產品待核驗）
8462,8462.TW,Power Wind,柏文,127.0,,TWSE LISTED,運動休閒,158.0,157.0,158.0,157.0,22261,3.52,157.3,157.8,0.45,0.13,0.64,0.64,-0.32,181.0,181.0,266.2,181.0,181.0,-12.71,-12.71,-40.65,12.71,12.71,False,False,False,True,False,False,False,False,False,2026-10-07,運動休閒,運動休閒（公司级产品待核验）
8463,8463.TW,RTM,潤泰材,31.88,,TWSE LISTED,其他,21.25,21.25,21.25,21.15,10000,0.21,21.18,21.15,0.33,0.47,0.0,0.24,0.0,27.7,34.5,52.4,27.7,34.5,-23.29,-38.41,-59.45,23.29,38.41,False,False,True,True,False,False,False,False,False,2026-10-07,其他,其他（公司级产品待核验）
8464,8464.TW,Nien Made,億豐,1070.99,,TWSE LISTED,居家生活,365.5,367.0,367.0,364.0,282011,103.08,363.1,367.65,0.66,-0.58,0.41,1.25,-0.27,438.0,525.0,525.0,438.0,525.0,-16.21,-30.1,-30.1,16.55,30.38,True,False,False,False,False,False,False,False,False,2026-10-07,居家生活,居家用品、建材、家具與生活消費品（公司級產品待核驗）
8466,8466.TW,M.J.,美吉吉-KY,12.19,,TWSE LISTED,其他,15.35,15.5,15.5,15.2,13000,0.2,15.22,15.41,0.85,-0.39,-0.32,1.99,1.66,24.05,68.0,141.5,24.05,68.0,-35.55,-77.21,-89.05,36.17,77.43,False,False,False,False,False,False,False,False,False,2026-10-07,其他,其他（公司级产品待核验）
8467,8467.TW,BONNY,波力-KY,44.26,,TWSE LISTED,運動休閒,91.5,89.5,91.5,89.5,11040,1.01,89.06,88.67,2.74,3.19,2.58,3.74,4.33,197.5,351.0,351.0,197.5,351.0,-53.67,-73.93,-73.93,53.67,73.93,True,True,False,False,False,False,False,False,False,2026-10-07,運動休閒,運動休閒（公司级产品待核验）
8472,8472.TWO,Navicare,納維康,12.08,,TPEx LISTED,數位雲端,68.1,68.1,68.1,68.1,1000,0.07,67.02,71.13,1.61,-4.26,2.87,4.29,-2.01,99.0,106.5,106.5,99.0,106.5,-31.21,-36.06,-36.06,31.21,36.06,False,False,False,False,False,False,False,False,False,2026-10-07,數位雲端,數位雲端、軟體服務與電子商務（公司級產品待核驗）
8473,8473.TW,FOREST WATER,山林水,73.11,,TWSE LISTED,綠能環保,40.1,40.05,40.15,39.8,203960,8.18,39.71,39.47,0.98,1.6,0.0,2.95,0.88,51.72,53.97,64.19,51.72,53.97,-22.37,-25.61,-37.45,22.47,25.7,False,False,False,False,False,False,False,False,False,2026-10-07,綠能環保,綠能、太陽能、儲能與環境工程（公司級產品待核驗）
8476,8476.TW,TESC,台境*,34.74,,TWSE LISTED,綠能環保,20.9,20.3,21.7,20.0,673005,14.07,20.28,19.985,3.06,4.58,4.5,4.5,3.98,25.05,65.69,71.99,25.05,65.69,-13.37,-66.96,-69.86,16.57,68.18,False,False,False,False,False,False,False,False,False,2026-10-07,綠能環保,綠能、太陽能、儲能與環境工程（公司級產品待核驗）
8477,8477.TWO,XXTECHEC,創業家,11.87,,TPEx LISTED,數位雲端,14.1,14.05,14.1,13.9,15000,0.21,14.09,14.175,0.07,-0.53,0.0,0.36,0.0,22.75,23.8,86.58,22.75,23.8,-38.02,-40.76,-83.71,38.02,40.76,False,False,True,False,False,False,False,False,False,2026-10-07,數位雲端,數位雲端、軟體服務與電子商務（公司級產品待核驗）
8478,8478.TW,Ocean Alexander,東哥遊艇,131.09,,TWSE LISTED,運動休閒,139.5,139.0,140.5,139.0,47010,6.56,140.3,140.0,-0.57,-0.36,-0.36,-1.06,-1.06,198.0,458.0,668.0,198.0,458.0,-29.04,-69.32,-78.97,29.55,69.54,False,False,False,False,False,False,False,False,False,2026-10-07,運動休閒,運動休閒（公司级产品待核验）
8481,8481.TW,Transart,政伸,26.97,,TWSE LISTED,其他,40.5,40.55,40.55,40.5,15000,0.61,40.59,40.76,-0.22,-0.64,-0.25,-0.12,-1.1,44.5,57.0,95.0,44.5,57.0,-8.88,-28.86,-57.32,8.99,28.95,False,False,False,False,False,False,False,True,False,2026-10-07,其他,其他（公司级产品待核验）
8482,8482.TW,Shane Global,商億-KY,51.57,,TWSE LISTED,居家生活,48.0,49.2,49.2,47.8,5000,0.24,48.51,48.105,-1.05,-0.22,-2.54,-0.21,-2.44,56.3,128.5,152.5,56.3,128.5,-12.61,-61.71,-67.74,14.74,62.65,False,False,False,False,False,False,False,False,False,2026-10-07,居家生活,居家用品、建材、家具與生活消費品（公司級產品待核驗）
8487,8487.TW,ELTA,愛爾達-創,18.57,,TWSE LISTED,數位雲端,70.0,70.1,70.1,69.8,6000,0.42,70.12,70.45,-0.17,-0.64,0.0,-0.43,-1.13,85.2,85.2,85.2,85.2,85.2,-17.72,-17.72,-17.72,17.84,17.84,False,False,False,False,False,False,False,False,False,2026-10-07,數位雲端,數位雲端、軟體服務與電子商務（公司級產品待核驗）
8488,8488.TW,JYPKG,吉源-KY,7.22,,TWSE LISTED,其他,9.82,9.63,9.83,9.6,28000,0.27,9.768,9.835,0.53,-0.15,2.29,0.82,-1.31,11.45,18.73,49.36,11.45,18.73,-14.15,-47.51,-80.09,14.24,47.57,False,False,False,False,False,False,False,False,False,2026-10-07,其他,其他（公司级产品待核验）
8489,8489.TWO,Samebest,三貝德,13.13,,TPEx LISTED,其他,21.9,21.8,21.9,21.65,57091,1.25,22.17,22.415,-1.22,-2.3,-1.35,-1.57,-2.45,43.0,54.8,293.25,43.0,54.8,-49.07,-60.04,-92.53,49.07,60.04,False,False,False,False,False,False,False,False,False,2026-10-07,其他,其他（公司级产品待核验）
8499,8499.TW,TOP BRIGHT,鼎炫-KY,103.94,,TWSE LISTED,其他電子業,252.5,253.0,253.0,250.5,12100,3.06,254.8,254.9,-0.9,-0.94,-0.98,-0.79,-2.13,346.0,410.0,410.0,346.0,410.0,-26.88,-38.29,-38.29,27.02,38.41,False,False,False,False,False,False,False,False,False,2026-10-07,其他電子業,其他電子：電子模組、感測器、電源與車用電子（公司級產品待核驗）
8905,8905.TWO,ECS,裕國,41.09,,TPEx LISTED,其他,34.4,34.3,34.4,34.3,2012,0.07,34.44,34.635,-0.12,-0.68,0.29,-0.29,-0.72,41.6,41.6,41.6,41.6,41.6,-17.31,-17.31,-17.31,17.31,17.31,False,False,False,False,False,False,False,False,False,2026-10-07,其他,其他（公司级产品待核验）
8906,8906.TWO,Forward,花王,12.62,,TPEx LISTED,其他,28.65,28.85,28.85,28.3,16000,0.46,28.78,28.955,-0.45,-1.05,-0.69,0.53,0.17,41.0,68.3,68.3,41.0,68.3,-29.63,-57.76,-57.76,30.12,58.05,False,False,False,False,False,False,False,False,False,2026-10-07,其他,其他（公司级产品待核验）
8908,8908.TWO,SHIN HSIUNG,欣雄,125.5,,TPEx LISTED,油電燃氣業,39.8,39.95,39.95,39.55,54200,2.16,39.91,40.07,-0.28,-0.67,-0.25,0.0,-1.36,48.62,57.58,61.86,48.62,57.58,-17.83,-30.61,-35.42,18.14,30.87,False,False,False,False,False,False,False,False,False,2026-10-07,油電燃氣業,油電燃氣業（公司级产品待核验）
8916,8916.TWO,KLF,光隆,60.63,,TPEx LISTED,其他,40.8,40.55,40.9,40.55,39003,1.59,40.91,40.94,-0.27,-0.34,-0.12,-0.37,-0.61,49.95,65.5,65.5,49.95,65.5,-18.12,-37.56,-37.56,18.32,37.71,False,False,False,False,False,False,False,False,False,2026-10-07,其他,其他（公司级产品待核验）
8917,8917.TWO,HTGas,欣泰,85.39,,TPEx LISTED,油電燃氣業,52.5,52.6,52.6,52.5,2000,0.1,53.24,53.89,-1.39,-2.58,-0.38,-2.23,-2.23,69.3,70.1,92.5,69.3,70.1,-24.1,-24.96,-43.14,24.24,25.11,False,False,False,False,False,False,False,False,False,2026-10-07,油電燃氣業,油電燃氣業（公司级产品待核验）
8921,8921.TWO,SHEN'S ART,沈氏,7.66,,TPEx LISTED,其他,16.45,16.45,16.45,16.45,0,0.0,16.52,16.88,-0.42,-2.55,0.0,0.0,-2.08,19.6,33.0,33.0,19.6,33.0,-16.07,-50.15,-50.15,16.07,50.15,False,False,False,False,False,False,False,False,False,2026-10-07,其他,其他（公司级产品待核验）
8923,8923.TWO,C.T.Publishing,時報,5.47,,TPEx LISTED,文化創意業,18.0,18.0,18.0,18.0,0,0.0,18.0,18.24,0.0,-1.32,0.0,0.0,0.0,20.4,23.2,24.3,20.4,23.2,-11.76,-22.41,-25.93,11.76,22.41,False,False,False,False,False,False,False,False,False,2026-10-07,文化創意業,文化創意業（公司级产品待核验）
8924,8924.TWO,O-TA,大田,41.1,,TPEx LISTED,運動休閒,49.05,49.0,49.2,48.8,148719,7.29,49.34,49.43,-0.59,-0.77,0.0,-0.91,-0.81,75.7,95.1,186.5,75.7,95.1,-35.01,-48.26,-73.62,35.2,48.42,False,False,False,False,False,False,False,False,False,2026-10-07,運動休閒,運動休閒（公司级产品待核验）
8926,8926.TW,TCC,台汽電,500.66,,TWSE LISTED,油電燃氣業,60.3,59.3,60.9,59.2,3933812,237.21,59.24,58.96,1.79,2.27,2.38,2.2,1.86,84.3,84.3,84.3,84.3,84.3,-27.76,-27.76,-27.76,28.47,28.47,False,False,False,False,False,False,False,False,False,2026-10-07,油電燃氣業,油電燃氣業（公司级产品待核验）
8927,8927.TWO,Pei Chi,北基,77.32,,TPEx LISTED,油電燃氣業,18.45,18.6,18.7,18.45,91100,1.68,18.83,18.895,-2.02,-2.36,-0.81,-3.66,-1.6,29.15,59.08,59.08,29.15,59.08,-35.85,-68.35,-68.35,36.71,68.77,False,False,False,False,False,False,False,False,False,2026-10-07,油電燃氣業,油電燃氣業（公司级产品待核验）
8928,8928.TWO,DYNAMIC,鉅明,11.59,,TPEx LISTED,運動休閒,22.8,22.45,22.8,22.4,9000,0.21,22.8,22.955,-0.0,-0.68,1.56,-0.44,-0.65,27.4,37.2,54.0,27.4,37.2,-16.79,-38.71,-57.78,16.79,38.71,False,False,False,False,False,False,False,False,False,2026-10-07,運動休閒,運動休閒（公司级产品待核验）
8929,8929.TWO,FBIC,富堡,6.47,,TPEx LISTED,其他,12.8,12.8,12.85,12.8,6601,0.08,12.97,12.955,-1.31,-1.2,-0.39,-2.29,-3.03,18.2,37.3,56.65,18.2,37.3,-29.4,-65.55,-77.32,29.67,65.68,False,False,False,False,False,False,False,False,False,2026-10-07,其他,其他（公司级产品待核验）
8930,8930.TWO,CKM,青鋼,23.07,,TPEx LISTED,鋼鐵工業,28.2,28.3,28.35,28.1,31000,0.87,28.42,28.645,-0.77,-1.55,0.36,-1.4,-1.91,33.3,45.9,45.9,33.3,45.9,-14.86,-38.24,-38.24,15.32,38.56,False,False,False,False,False,False,False,False,False,2026-10-07,鋼鐵工業,鋼鐵、特殊鋼與金屬材料（公司級產品待核驗）
8931,8931.TWO,TYC,大汽電,52.02,,TPEx LISTED,油電燃氣業,42.55,42.05,42.55,41.95,25787,1.1,42.62,42.86,-0.16,-0.72,-0.23,-0.7,-1.62,51.6,62.9,84.7,51.6,62.9,-17.54,-32.35,-49.76,17.54,32.35,False,False,False,False,False,False,False,False,False,2026-10-07,油電燃氣業,油電燃氣業（公司级产品待核验）
8932,8932.TWO,Wiselink,智通*,383.84,,TPEx LISTED,數位雲端,90.1,90.2,91.2,90.1,474680,42.77,90.9,92.0,-0.88,-2.07,0.0,-1.1,-2.7,109.05,109.05,109.05,109.05,109.05,-16.37,-16.37,-16.37,17.37,17.37,False,False,False,False,False,False,False,False,False,2026-10-07,數位雲端,數位雲端、軟體服務與電子商務（公司級產品待核驗）
8933,8933.TWO,IDEAL,愛地雅,14.83,,TPEx LISTED,運動休閒,4.54,4.56,4.56,4.45,81025,0.37,4.57,4.535,-0.66,0.11,-0.44,-1.09,0.89,9.49,11.85,24.95,9.49,11.85,-51.95,-61.52,-81.72,52.16,61.69,False,False,False,False,False,False,False,False,False,2026-10-07,運動休閒,運動休閒（公司级产品待核验）
8935,8935.TWO,PONTEX,邦泰,20.77,,TPEx LISTED,其他,18.3,18.7,18.7,18.1,78370,1.43,18.86,18.535,-2.97,-1.27,-2.4,-4.69,-6.87,25.0,31.5,31.5,25.0,31.5,-25.2,-40.63,-40.63,26.8,41.9,False,False,False,False,False,False,False,False,False,2026-10-07,其他,其他（公司级产品待核验）
8936,8936.TWO,KTI,國統,131.73,,TPEx LISTED,其他,53.1,53.4,53.4,52.9,801200,42.54,52.88,52.5,0.42,1.14,-0.19,1.53,0.95,65.2,99.6,99.6,65.2,99.6,-18.1,-46.39,-46.39,18.56,46.69,False,False,False,False,False,False,False,False,False,2026-10-07,其他,其他（公司级产品待核验）
8937,8937.TWO,HER CHEE,合騏*,110.42,,TPEx LISTED,其他,25.0,25.1,25.65,25.0,69000,1.73,25.19,25.875,-0.75,-3.38,-0.2,-0.79,-4.58,42.25,48.75,48.75,42.25,48.75,-39.29,-47.38,-47.38,40.83,48.72,False,False,False,False,False,False,False,False,False,2026-10-07,其他,其他（公司级产品待核验）
8938,8938.TWO,ADVANCED GROUP,明安,81.32,,TPEx LISTED,運動休閒,51.8,51.8,52.0,51.4,94090,4.87,51.88,52.2,-0.15,-0.77,0.39,-0.77,-1.52,75.6,87.3,119.0,75.6,87.3,-31.22,-40.44,-56.3,31.48,40.66,False,False,False,False,False,False,False,False,False,2026-10-07,運動休閒,運動休閒（公司级产品待核验）
8940,8940.TW,New Palace,新天地,10.22,,TWSE LISTED,觀光餐旅,15.15,15.4,15.55,15.05,59000,0.89,15.01,15.0,0.93,1.0,0.66,2.02,0.33,22.9,34.9,38.8,22.9,34.9,-32.1,-55.44,-59.92,33.84,56.59,True,False,False,False,False,False,False,False,False,2026-10-07,觀光餐旅,觀光餐旅（公司级产品待核验）
8941,8941.TWO,GRAND HALL,關中,15.35,,TPEx LISTED,居家生活,43.9,43.9,43.9,43.85,4000,0.18,43.94,43.945,-0.09,-0.1,0.0,-0.23,0.23,47.0,72.43,72.43,47.0,72.43,-6.6,-39.39,-39.39,6.6,39.39,False,False,False,False,False,False,False,True,False,2026-10-07,居家生活,居家用品、建材、家具與生活消費品（公司級產品待核驗）
8942,8942.TWO,Xxentria,森鉅,79.93,,TPEx LISTED,其他,40.2,40.4,40.4,39.9,121403,4.88,40.09,40.265,0.27,-0.16,0.0,0.37,0.0,48.35,70.0,79.48,48.35,70.0,-16.44,-42.29,-49.17,16.86,42.57,False,False,True,False,False,False,False,False,False,2026-10-07,其他,其他（公司级产品待核验）
8996,8996.TW,KAORI,高力,1538.1,,TWSE LISTED,電機機械,1645.0,1660.0,1660.0,1605.0,1039407,1709.82,1583.0,1583.0,3.92,3.92,2.81,8.94,2.49,1680.0,1680.0,1680.0,1680.0,1680.0,-1.19,-1.19,-1.19,2.08,2.08,True,False,False,False,False,False,False,True,True,2026-10-07,電機機械,電機機械、工業自動化與設備（公司級產品待核驗）
9802,9802.TW,Fulgent Sun,鈺齊-KY,132.45,,TWSE LISTED,運動休閒,65.9,64.9,66.1,64.8,419000,27.61,64.76,64.47,1.76,2.22,2.17,2.33,1.7,104.0,161.0,205.0,104.0,161.0,-36.44,-58.94,-67.76,36.63,59.07,False,False,False,False,False,False,False,False,False,2026-10-07,運動休閒,運動休閒（公司级产品待核验）
9902,9902.TW,TIDEHOLD,台火,12.8,,TWSE LISTED,其他,13.05,13.15,13.35,12.85,87496,1.14,13.04,13.14,0.08,-0.68,0.77,0.0,-1.14,18.4,24.9,24.9,18.4,24.9,-27.45,-46.39,-46.39,29.08,47.59,False,False,False,False,False,False,False,False,False,2026-10-07,其他,其他（公司级产品待核验）
9904,9904.TW,PCC,寶成,735.22,,TWSE LISTED,運動休閒,24.95,24.6,25.0,24.55,14357581,358.22,24.68,24.76,1.09,0.77,1.42,1.01,0.0,32.4,44.75,44.75,32.4,44.75,-22.84,-44.13,-44.13,22.99,44.25,False,False,False,True,False,False,False,False,False,2026-10-07,運動休閒,運動休閒（公司级产品待核验）
9905,9905.TW,GCM,大華,64.81,,TWSE LISTED,其他,21.25,21.3,21.3,21.2,64000,1.36,21.3,21.265,-0.23,-0.07,-0.23,-0.23,-0.47,22.55,24.75,31.2,22.55,24.75,-5.54,-13.94,-31.73,5.76,14.14,False,False,False,False,False,False,False,True,False,2026-10-07,其他,其他（公司级产品待核验）
9906,9906.TW,HSIN BA BA,欣巴巴,36.15,,TWSE LISTED,建材營造,40.0,40.85,41.15,39.5,86000,3.44,39.89,39.785,0.28,0.54,-1.96,1.14,1.39,51.36,230.22,230.22,51.36,230.22,-19.89,-82.13,-82.13,22.12,82.63,False,False,True,True,False,False,False,False,False,2026-10-07,建材營造,建材、營造與不動產開發（公司級業務待核驗）
9907,9907.TW,TON YI,統一實,233.71,,TWSE LISTED,其他,14.8,14.75,14.85,14.7,683703,10.12,14.82,14.83,-0.13,-0.2,0.68,-1.0,-0.67,19.5,21.45,21.45,19.5,21.45,-23.85,-30.77,-30.77,24.1,31.0,False,False,False,False,False,False,False,False,False,2026-10-07,其他,其他（公司级产品待核验）
9908,9908.TW,GTG,大台北,150.0,,TWSE LISTED,油電燃氣業,29.05,28.9,29.15,28.9,161050,4.68,29.0,28.98,0.17,0.24,-0.17,0.35,0.17,35.1,35.1,35.2,35.1,35.1,-16.95,-16.95,-17.19,17.24,17.24,False,False,False,True,False,False,False,False,False,2026-10-07,油電燃氣業,油電燃氣業（公司级产品待核验）
9910,9910.TW,FT,豐泰,654.7,,TWSE LISTED,運動休閒,66.3,66.8,66.8,66.1,1222787,81.07,67.18,68.18,-1.31,-2.76,0.0,-2.21,-3.63,117.5,192.0,227.23,117.5,192.0,-43.15,-65.21,-70.6,43.57,65.47,False,False,False,False,False,False,False,False,False,2026-10-07,運動休閒,運動休閒（公司级产品待核验）
9911,9911.TW,TAIWAN SAKURA,櫻花,180.76,,TWSE LISTED,居家生活,81.3,81.2,81.4,81.2,227308,18.48,81.34,81.42,-0.05,-0.15,0.12,-0.12,-0.25,92.8,98.8,98.8,92.8,98.8,-12.28,-17.61,-17.61,12.39,17.71,False,False,False,False,False,False,False,False,False,2026-10-07,居家生活,居家用品、建材、家具與生活消費品（公司級產品待核驗）
9912,9912.TW,AIC,偉聯,7.02,,TWSE LISTED,電腦及週邊設備業,13.05,12.9,13.05,12.9,17000,0.22,12.97,12.97,0.62,0.62,0.77,1.95,-0.38,14.5,15.5,15.5,14.5,15.5,-10.0,-15.81,-15.81,10.0,15.81,False,False,False,True,False,False,False,True,False,2026-10-07,電腦及週邊設備業,電腦、伺服器與企業硬體
9914,9914.TW,MIC,美利達,201.52,,TWSE LISTED,運動休閒,67.4,66.0,67.7,65.9,1091299,73.55,67.26,67.15,0.21,0.37,2.28,-1.32,-1.32,98.7,259.5,368.0,98.7,259.5,-31.41,-73.91,-81.6,31.71,74.03,False,False,False,True,False,False,False,False,False,2026-10-07,運動休閒,運動休閒（公司级产品待核验）
9917,9917.TW,TAIWAN SECOM,中保科,504.55,,TWSE LISTED,其他,106.5,106.5,106.5,106.0,143877,15.32,106.4,106.15,0.09,0.33,0.0,0.47,0.95,117.14,142.38,142.38,117.14,142.38,-9.09,-25.2,-25.2,9.09,25.2,False,False,False,True,False,False,False,True,False,2026-10-07,其他,其他（公司级产品待核验）
9918,9918.TW,S.S.N.G,欣天然,77.63,,TWSE LISTED,油電燃氣業,43.0,43.35,43.35,43.0,31150,1.34,43.12,42.965,-0.28,0.08,-0.92,-0.46,-0.35,61.3,61.3,61.3,61.3,61.3,-29.28,-29.28,-29.28,29.85,29.85,False,False,False,False,False,False,False,False,False,2026-10-07,油電燃氣業,油電燃氣業（公司级产品待核验）
9919,9919.TW,KNH,康那香,28.62,,TWSE LISTED,其他,14.65,14.15,14.7,14.15,1860829,27.26,14.06,13.97,4.2,4.87,4.27,5.4,5.78,21.45,34.5,51.4,21.45,34.5,-31.47,-57.39,-71.4,31.7,57.54,False,False,False,False,False,False,False,False,False,2026-10-07,其他,其他（公司级产品待核验）
9921,9921.TW,GIANT,巨大,359.92,,TWSE LISTED,運動休閒,91.8,88.7,91.8,88.7,1137601,104.43,90.54,91.05,1.39,0.82,3.61,0.44,-1.4,113.5,248.0,373.59,113.5,248.0,-19.12,-62.98,-75.43,19.12,62.98,False,False,False,True,False,False,False,False,False,2026-10-07,運動休閒,運動休閒（公司级产品待核验）
9924,9924.TW,TAIWAN FU HSING,福興,57.21,,TWSE LISTED,居家生活,37.95,38.1,38.15,37.8,57300,2.17,37.94,37.905,0.03,0.12,0.66,0.0,-0.65,52.9,76.75,76.75,52.9,76.75,-27.88,-50.29,-50.29,28.26,50.55,False,False,False,True,False,False,False,False,False,2026-10-07,居家生活,居家用品、建材、家具與生活消費品（公司級產品待核驗）
9925,9925.TW,SKS,新保,152.67,,TWSE LISTED,其他,39.4,39.45,39.5,39.35,298096,11.74,39.46,39.535,-0.15,-0.34,-0.13,-0.25,-0.38,41.6,42.85,44.8,41.6,42.85,-5.05,-7.82,-11.83,5.29,8.05,False,False,False,False,False,False,False,True,True,2026-10-07,其他,其他（公司级产品待核验）
9926,9926.TW,S.H.,新海,87.96,,TWSE LISTED,油電燃氣業,49.0,49.0,49.0,49.0,2000,0.1,49.05,49.04,-0.1,-0.08,-1.01,0.41,-0.2,57.2,57.2,57.8,57.2,57.2,-14.34,-14.34,-15.22,14.34,14.34,False,False,False,False,False,False,False,False,False,2026-10-07,油電燃氣業,油電燃氣業（公司级产品待核验）
9927,9927.TW,TMI,泰銘,75.0,,TWSE LISTED,其他,62.5,62.1,62.6,62.1,112780,7.05,62.76,66.45,-0.41,-5.94,0.32,-0.64,-10.84,71.5,121.58,121.58,71.5,121.58,-12.45,-48.51,-48.51,12.59,48.6,False,False,False,False,False,False,False,False,False,2026-10-07,其他,其他（公司级产品待核验）
9928,9928.TW,CTV,中視,12.62,,TWSE LISTED,其他,17.85,18.0,18.0,17.85,30245,0.54,17.99,17.83,-0.78,0.11,-1.11,-0.83,0.56,19.3,36.3,36.3,19.3,36.3,-6.74,-50.41,-50.41,7.51,50.83,False,False,False,False,False,False,False,True,False,2026-10-07,其他,其他（公司级产品待核验）
9929,9929.TW,CHOICE,秋雨,12.71,,TWSE LISTED,其他,12.55,11.55,12.55,11.55,334001,4.19,11.44,11.2,9.7,12.05,9.61,13.57,13.06,15.0,19.5,33.0,15.0,19.5,-16.33,-35.64,-61.97,16.33,35.64,False,False,False,False,False,False,False,False,False,2026-10-07,其他,其他（公司级产品待核验）
9930,9930.TW,CHC,中聯資源,145.89,,TWSE LISTED,綠能環保,58.7,58.8,58.8,58.5,113164,6.64,59.4,59.94,-1.18,-2.07,-0.34,-1.84,-2.49,72.6,82.0,82.0,72.6,82.0,-19.01,-28.29,-28.29,19.15,28.41,False,False,False,False,False,False,False,False,False,2026-10-07,綠能環保,綠能、太陽能、儲能與環境工程（公司級產品待核驗）
9931,9931.TW,HSIN KAO,欣高,40.93,,TWSE LISTED,油電燃氣業,34.0,34.2,34.2,33.55,30703,1.04,34.0,33.955,0.0,0.13,-0.58,0.44,-0.58,51.3,51.3,51.3,51.3,51.3,-33.33,-33.33,-33.33,33.72,33.72,False,False,True,True,False,False,False,False,False,2026-10-07,油電燃氣業,油電燃氣業（公司级产品待核验）
9933,9933.TW,CTCI,中鼎,411.3,,TWSE LISTED,其他,43.55,44.7,44.95,43.5,6889208,300.03,44.52,42.665,-2.18,2.07,-3.76,-4.91,7.0,48.75,49.59,49.59,48.75,49.59,-7.79,-9.36,-9.36,10.67,12.18,False,False,False,False,False,False,False,False,False,2026-10-07,其他,其他（公司级产品待核验）
9934,9934.TW,GUIC,成霖,40.36,,TWSE LISTED,居家生活,9.82,9.71,9.82,9.68,382105,3.75,9.776,9.81,0.45,0.1,1.45,-0.1,-0.51,12.05,20.65,25.5,12.05,20.65,-18.51,-52.45,-61.49,18.51,52.45,False,False,False,True,False,False,False,False,False,2026-10-07,居家生活,居家用品、建材、家具與生活消費品（公司級產品待核驗）
9935,9935.TW,CF,慶豐富,32.46,,TWSE LISTED,居家生活,18.25,18.25,18.3,18.15,120001,2.19,18.26,18.27,-0.05,-0.11,0.83,-0.27,-0.27,21.3,36.8,50.24,21.3,36.8,-14.08,-50.27,-63.58,14.32,50.41,False,False,False,False,False,False,False,False,False,2026-10-07,居家生活,居家用品、建材、家具與生活消費品（公司級產品待核驗）
9937,9937.TW,NPC,全國,168.43,,TWSE LISTED,油電燃氣業,54.5,55.3,55.3,54.5,6001,0.33,54.52,54.38,-0.04,0.22,-0.91,0.55,0.0,65.0,71.0,85.0,65.0,71.0,-14.92,-22.11,-34.94,16.15,23.24,False,False,False,False,False,False,False,False,False,2026-10-07,油電燃氣業,油電燃氣業（公司级产品待核验）
9938,9938.TW,TAIWAN PAIHO,百和,116.65,,TWSE LISTED,其他,39.15,39.0,39.75,38.9,1291001,50.54,38.59,38.415,1.45,1.91,0.13,2.35,2.35,54.5,86.6,141.0,54.5,86.6,-27.06,-54.1,-71.81,28.17,54.79,False,False,False,False,False,False,False,False,False,2026-10-07,其他,其他（公司级产品待核验）
9939,9939.TW,HON CHUAN,宏全,377.13,,TWSE LISTED,其他,127.5,126.5,128.5,126.0,708379,90.32,125.9,125.5,1.27,1.59,0.79,2.41,1.19,145.5,178.5,178.5,145.5,178.5,-11.68,-28.01,-28.01,12.37,28.57,False,False,False,False,False,False,False,False,False,2026-10-07,其他,其他（公司级产品待核验）
9940,9940.TW,Sinyi,信義,147.37,,TWSE LISTED,其他,20.0,20.1,20.1,19.9,184151,3.68,20.01,20.075,-0.05,-0.37,0.0,-0.5,-0.5,23.25,37.65,39.61,23.25,37.65,-13.55,-46.61,-49.26,13.98,46.88,False,False,False,False,False,False,False,False,False,2026-10-07,其他,其他（公司级产品待核验）
9941,9941.TW,TAC,裕融,447.99,,TWSE LISTED,其他,76.3,75.4,76.6,75.0,764538,58.33,76.44,77.7,-0.18,-1.8,1.19,-0.52,-2.05,87.25,179.27,186.74,87.25,179.27,-12.21,-57.27,-58.98,12.56,57.44,False,False,False,False,False,False,False,False,False,2026-10-07,其他,其他（公司级产品待核验）
9942,9942.TW,MAO SHUN,茂順,93.97,,TWSE LISTED,其他,113.0,114.0,114.0,113.0,28000,3.16,113.5,113.75,-0.44,-0.66,-0.44,-0.44,-1.31,126.0,142.0,163.0,126.0,142.0,-9.52,-19.72,-30.06,10.32,20.42,False,False,False,False,False,False,False,False,False,2026-10-07,其他,其他（公司级产品待核验）
9943,9943.TW,HOLIDAY,好樂迪,62.71,,TWSE LISTED,觀光餐旅,50.1,50.4,50.5,50.0,63030,3.16,50.38,50.39,-0.56,-0.58,-0.6,-0.79,-0.6,60.9,94.8,113.0,60.9,94.8,-17.08,-46.73,-55.31,17.73,47.15,False,False,False,False,False,False,False,False,False,2026-10-07,觀光餐旅,觀光餐旅（公司级产品待核验）
9944,9944.TW,Shinih,新麗,18.27,,TWSE LISTED,其他,17.25,17.15,17.25,17.1,18050,0.31,17.18,17.18,0.41,0.41,0.58,0.88,0.29,18.6,24.05,28.65,18.6,24.05,-7.26,-28.27,-39.79,7.26,28.27,False,False,False,True,False,False,False,True,False,2026-10-07,其他,其他（公司级产品待核验）
9945,9945.TW,RUENTEX DEVELOP,潤泰新,833.36,,TWSE LISTED,其他,29.3,28.8,29.4,28.8,3513110,102.93,29.02,29.2,0.96,0.34,1.74,0.69,-0.51,30.85,53.8,59.78,30.85,53.8,-4.7,-45.35,-50.82,5.02,45.54,False,False,False,True,False,False,False,True,False,2026-10-07,其他,其他（公司级产品待核验）
9946,9946.TW,SANFAR,三發地產,54.37,,TWSE LISTED,建材營造,16.65,16.7,16.75,16.6,132260,2.2,16.75,16.925,-0.6,-1.62,-0.3,-1.19,-2.06,21.85,49.55,49.55,21.85,49.55,-23.34,-66.2,-66.2,23.8,66.4,False,False,False,False,False,False,False,False,False,2026-10-07,建材營造,建材、營造與不動產開發（公司級業務待核驗）
9949,9949.TWO,TITTOT,琉園,10.81,,TPEx LISTED,文化創意業,24.1,24.1,24.1,24.0,9025,0.22,24.24,24.165,-0.58,-0.27,0.0,-0.82,-0.82,37.5,37.5,37.5,37.5,37.5,-35.73,-35.73,-35.73,35.73,35.73,False,False,False,False,False,False,False,False,False,2026-10-07,文化創意業,文化創意業（公司级产品待核验）
9950,9950.TWO,EMINENT,萬國通,17.19,,TPEx LISTED,塑膠工業,10.25,10.3,10.3,10.1,45500,0.47,10.22,10.215,0.29,0.34,0.49,0.49,0.49,14.05,30.85,30.85,14.05,30.85,-26.69,-66.61,-66.61,27.05,66.77,False,False,False,True,False,False,False,False,False,2026-10-07,塑膠工業,塑膠、塑膠粒與石化材料（公司級產品待核驗）
9951,9951.TWO,MACAUTO,皇田,33.9,,TPEx LISTED,電機機械,46.25,46.25,46.55,46.2,42000,1.94,46.61,47.1,-0.77,-1.8,-0.32,-1.39,-1.6,59.4,79.5,210.5,59.4,79.5,-21.63,-41.45,-77.89,22.14,41.82,False,False,False,False,False,False,False,False,False,2026-10-07,電機機械,電機機械、工業自動化與設備（公司級產品待核驗）
9955,9955.TW,SDTI,佳龍,24.96,,TWSE LISTED,綠能環保,23.9,24.5,24.5,23.75,268042,6.41,23.41,23.235,2.09,2.86,-1.04,3.91,3.46,41.55,42.1,42.1,41.55,42.1,-41.03,-41.81,-41.81,42.48,43.23,False,False,False,False,False,False,False,False,False,2026-10-07,綠能環保,綠能、太陽能、儲能與環境工程（公司級產品待核驗）
9958,9958.TW,CIS,世紀鋼,237.54,,TWSE LISTED,鋼鐵工業,89.0,89.7,90.0,89.0,598715,53.29,90.3,91.18,-1.44,-2.39,-0.34,-2.63,-4.3,151.0,373.5,373.5,151.0,373.5,-40.4,-75.9,-75.9,41.06,76.17,False,False,False,False,False,False,False,False,False,2026-10-07,鋼鐵工業,鋼鐵、特殊鋼與金屬材料（公司級產品待核驗）
9960,9960.TWO,DACOME,邁達康,13.47,,TPEx LISTED,運動休閒,40.1,36.7,40.15,36.7,43031,1.73,38.34,38.66,4.59,3.72,5.39,5.53,-3.37,41.95,41.95,54.3,41.95,41.95,-4.29,-4.29,-26.06,4.41,4.41,False,False,False,True,False,False,False,True,True,2026-10-07,運動休閒,運動休閒（公司级产品待核验）
9962,9962.TWO,YYS,有益,9.2,,TPEx LISTED,鋼鐵工業,10.2,10.15,10.2,10.05,68001,0.69,10.25,10.182,-0.49,0.18,0.0,-1.45,-1.45,12.3,19.55,26.0,12.3,19.55,-17.07,-47.83,-60.77,17.07,47.83,False,False,False,False,False,False,False,False,False,2026-10-07,鋼鐵工業,鋼鐵、特殊鋼與金屬材料（公司級產品待核驗）
