code,yahoo,name_en,name_zh,market_cap_100m_hkd,board_lot,category,sub_category,price,open,high,low,volume,turnover_proxy,ma5,ma10,dev5,dev10,gain1,gain3,gain5,year_prev_high,three_year_prev_high,history_prev_high,year_high,three_year_high,year_high_breakout,three_year_high_breakout,all_time_high_breakout,year_high_distance,three_year_high_distance,consecutive_3d_gain,consecutive_5d_gain,break_pullback_ma5,break_ma5_pullback_ma10,new_year_high,new_3y_high,new_all_time_high,near_year_high_10pct,near_3y_high_10pct,base_date
0050,0050.TW,@TTT,@TTT,,,TWSE LISTED,,115.95,115.75,116.15,115.25,97729977,11331.79,113.0,112.29,2.61,3.26,2.79,3.48,3.16,113.75,113.75,113.75,116.15,116.15,2.11,2.11,2.11,0.17,0.17,False,False,False,False,True,True,True,True,True,2026-10-05
0051,0051.TW,@TMT,@TMT,,,TWSE LISTED,,151.86,151.86,151.86,151.86,0,0.0,149.392,148.181,1.65,2.48,1.04,1.89,2.5,152.05,152.05,152.05,152.05,152.05,-0.12,-0.12,-0.12,0.12,0.12,False,False,False,False,False,False,False,True,True,2026-10-05
0052,0052.TW,@FB TECHNOLOGY,@FB 科技,,,TWSE LISTED,,67.65,67.65,68.1,67.45,25001606,1691.36,66.0,65.395,2.5,3.45,2.58,3.36,3.44,66.1,262.1,262.1,68.1,262.1,3.03,-74.02,-74.02,0.66,74.19,False,False,False,False,True,False,False,True,False,2026-10-05
1101,1101.TW,@TCC,@TCC,,,TWSE LISTED,Cement,25.0,25.6,25.6,25.0,35508780,887.72,25.5,25.145,-1.96,-0.58,-1.38,-4.94,-0.99,26.95,35.5,53.37,26.95,35.5,-5.01,-27.89,-52.03,7.24,29.58,False,False,False,False,False,False,False,True,False,2026-10-05
1102,1102.TW,@ACC,@ACC,,,TWSE LISTED,Cement,35.15,35.8,35.8,35.05,5119756,179.96,35.5,35.5,-0.99,-0.99,-1.26,-1.82,-1.54,38.05,48.4,54.3,38.05,48.4,-5.91,-26.03,-34.07,7.62,27.38,False,False,False,False,False,False,False,True,False,2026-10-05
1103,1103.TW,@CHC,@CHC,,,TWSE LISTED,Cement,13.05,13.15,13.2,13.05,233316,3.04,13.13,13.145,-0.61,-0.72,-1.14,-1.14,0.0,14.35,19.4,27.6,14.35,19.4,-8.01,-31.96,-52.17,9.06,32.73,False,False,False,False,False,False,False,True,False,2026-10-05
1104,1104.TW,@UCC,@UCC,,,TWSE LISTED,Cement,26.5,26.55,26.6,26.5,395730,10.49,26.6,26.655,-0.38,-0.58,-0.19,-0.75,-0.56,30.95,36.42,36.42,30.95,36.42,-14.05,-26.97,-26.97,14.38,27.24,False,False,False,False,False,False,False,False,False,2026-10-05
1108,1108.TW,@LUCKY CEMENT,@LUCKY CEMENT,,,TWSE LISTED,Cement,11.05,11.1,11.2,11.05,110000,1.22,11.1,11.1,-0.45,-0.45,-0.9,-0.9,0.0,15.4,17.55,20.15,15.4,17.55,-27.27,-36.18,-44.42,28.25,37.04,False,False,False,False,False,False,False,False,False,2026-10-05
1109,1109.TW,@HSINGTA,@HSINGTA,,,TWSE LISTED,Cement,13.2,13.25,13.3,13.15,128583,1.7,13.28,13.32,-0.6,-0.9,-0.38,-1.12,-0.75,16.0,21.05,31.5,16.0,21.05,-16.87,-36.82,-57.78,17.5,37.29,False,False,False,False,False,False,False,False,False,2026-10-05
1110,1110.TW,@SE CEMENT,@SE CEMENT,,,TWSE LISTED,Cement,14.35,14.4,14.7,14.35,176250,2.53,14.47,14.795,-0.83,-3.01,0.0,-2.05,-2.71,17.25,25.1,25.1,17.25,25.1,-14.78,-41.43,-41.43,16.81,42.83,False,False,False,False,False,False,False,False,False,2026-10-05
1201,1201.TW,@WEI CHUAN,@WEI CHUAN,,,TWSE LISTED,Food,11.4,11.55,11.55,11.4,799956,9.12,11.54,11.595,-1.21,-1.68,-1.3,-2.15,-1.72,14.75,19.75,36.45,14.75,19.75,-21.69,-41.52,-68.31,22.71,42.28,False,False,False,False,False,False,False,False,False,2026-10-05
1203,1203.TW,@VE WONG,@VE WONG,,,TWSE LISTED,Food,42.5,43.65,44.25,42.05,32060,1.36,43.26,43.64,-1.76,-2.61,-0.93,-2.75,-1.85,50.8,59.5,59.5,50.8,59.5,-12.89,-25.63,-25.63,16.34,28.57,False,False,False,False,False,False,False,False,False,2026-10-05
1210,1210.TW,@GREATWALL,@GREATWALL,,,TWSE LISTED,Food,51.6,51.9,51.9,51.1,1179615,60.87,51.68,51.99,-0.15,-0.75,0.19,-0.77,-0.58,59.5,66.9,66.9,59.5,66.9,-12.77,-22.42,-22.42,13.28,22.87,False,False,False,False,False,False,False,False,False,2026-10-05
1213,1213.TW,@OCEANIC BEV.,@OCEANIC BEV.,,,TWSE LISTED,Food,7.2,7.02,7.2,7.02,2000,0.01,7.208,7.254,-0.11,-0.74,1.69,-3.61,1.27,10.75,17.45,18.2,10.75,17.45,-33.02,-58.74,-60.44,33.02,58.74,False,False,False,False,False,False,False,False,False,2026-10-05
1215,1215.TW,@CPE,@CPE,,,TWSE LISTED,Food,104.0,105.0,105.0,104.0,643070,66.88,105.0,105.8,-0.95,-1.7,-0.95,-0.95,-1.42,163.5,163.5,163.5,163.5,163.5,-35.78,-35.78,-35.78,36.39,36.39,False,False,False,False,False,False,False,False,False,2026-10-05
1216,1216.TW,@UNI-PRESIDENT,@UNI-PRESIDENT,,,TWSE LISTED,Food,72.7,73.3,73.3,72.6,9694172,704.77,73.48,74.16,-1.06,-1.97,0.0,-2.02,-2.42,80.7,92.8,92.8,80.7,92.8,-9.17,-21.01,-21.01,9.91,21.66,False,False,False,False,False,False,False,True,False,2026-10-05
1217,1217.TW,@AGV,@AGV,,,TWSE LISTED,Food,9.87,9.96,9.98,9.85,425378,4.2,9.924,9.942,-0.54,-0.72,-0.7,-0.8,-0.8,10.85,13.4,14.95,10.85,13.4,-8.02,-25.52,-33.24,9.03,26.34,False,False,False,False,False,False,False,True,False,2026-10-05
1218,1218.TW,@TAISUN,@TAISUN,,,TWSE LISTED,Food,14.4,14.45,14.5,14.35,354469,5.1,14.48,14.485,-0.55,-0.59,-0.35,-1.37,0.0,19.65,23.7,47.95,19.65,23.7,-26.21,-38.82,-69.76,26.72,39.24,False,False,False,False,False,False,False,False,False,2026-10-05
1219,1219.TW,@FWUSOW,@FWUSOW,,,TWSE LISTED,Food,11.2,11.4,11.45,11.2,247195,2.77,11.37,11.44,-1.5,-2.1,-1.75,-2.18,-2.18,14.85,19.37,28.7,14.85,19.37,-22.9,-40.88,-60.11,24.58,42.18,False,False,False,False,False,False,False,False,False,2026-10-05
1220,1220.TW,@TAIROUN,@TAIROUN,,,TWSE LISTED,Food,10.95,10.8,10.95,10.8,115011,1.26,10.84,10.815,1.01,1.25,1.39,0.92,1.86,13.55,19.85,25.5,13.55,19.85,-19.19,-44.84,-57.06,19.19,44.84,False,False,False,True,False,False,False,False,False,2026-10-05
1225,1225.TW,@FOPCO,@FOPCO,,,TWSE LISTED,Food,24.35,24.25,24.85,24.0,122110,2.97,24.34,24.47,0.04,-0.49,0.62,-0.81,-0.41,36.0,173.93,173.93,36.0,173.93,-30.97,-85.71,-85.71,32.36,86.0,False,False,False,False,False,False,False,False,False,2026-10-05
1227,1227.TW,@SFC,@SFC,,,TWSE LISTED,Food,27.75,28.0,28.0,27.75,1384476,38.42,27.98,28.115,-0.82,-1.3,-0.72,-1.25,-1.42,31.25,43.85,79.42,31.25,43.85,-10.4,-36.15,-64.75,11.2,36.72,False,False,False,False,False,False,False,False,False,2026-10-05
1229,1229.TW,@LHIHC,@LHIHC,,,TWSE LISTED,Food,39.65,40.2,40.2,39.65,1915872,75.96,39.86,40.045,-0.53,-0.99,-0.87,-0.63,-1.12,46.76,62.33,62.33,46.76,62.33,-14.04,-35.51,-35.51,15.21,36.39,False,False,False,False,False,False,False,False,False,2026-10-05
1231,1231.TW,@LIAN HWA FOODS,@LIAN HWA 食品,,,TWSE LISTED,Food,78.5,79.7,79.7,78.4,635090,49.85,79.36,79.71,-1.08,-1.52,-1.01,-1.38,-1.38,89.09,149.59,149.59,89.09,149.59,-10.54,-46.72,-46.72,11.89,47.52,False,False,False,False,False,False,False,False,False,2026-10-05
1232,1232.TW,@TTET,@TTET,,,TWSE LISTED,Food,153.5,153.5,154.5,153.5,56015,8.6,153.5,154.1,0.0,-0.39,0.0,0.0,-0.65,178.0,178.0,181.5,178.0,178.0,-13.2,-13.2,-14.88,13.76,13.76,False,False,False,False,False,False,False,False,False,2026-10-05
1233,1233.TW,@TEN REN,@TEN REN,,,TWSE LISTED,Food,28.0,28.0,28.2,28.0,8000,0.22,27.96,28.05,0.14,-0.18,0.0,-0.36,-0.36,33.7,37.1,40.8,33.7,37.1,-16.32,-23.99,-30.88,16.91,24.53,False,False,False,False,False,False,False,False,False,2026-10-05
1234,1234.TW,@HEY SONG,@HEY SONG,,,TWSE LISTED,Food,32.4,32.7,32.7,32.4,171016,5.54,32.77,32.92,-1.13,-1.58,-0.77,-1.82,-1.97,37.95,45.4,45.4,37.95,45.4,-13.83,-27.97,-27.97,14.62,28.63,False,False,False,False,False,False,False,False,False,2026-10-05
1235,1235.TW,@ST,@ST,,,TWSE LISTED,Food,30.8,31.8,32.15,30.8,34000,1.05,32.28,34.509,-4.58,-10.75,-2.84,-7.09,-13.24,45.52,134.13,134.13,45.52,134.13,-29.38,-76.03,-76.03,32.34,77.04,False,False,False,False,False,False,False,False,False,2026-10-05
1236,1236.TW,@HUNYA,@HUNYA,,,TWSE LISTED,Food,25.5,26.3,26.45,25.4,58150,1.48,25.47,25.44,0.12,0.24,-0.2,0.2,0.39,28.7,28.7,44.06,28.7,28.7,-7.84,-7.84,-39.97,11.15,11.15,False,False,False,True,False,False,False,False,False,2026-10-05
1256,1256.TW,@SUNJUICE,@SUNJUICE,,,TWSE LISTED,Food,168.0,168.0,169.5,167.5,24000,4.03,168.2,168.4,-0.12,-0.24,0.0,0.0,0.9,218.5,272.0,514.0,218.5,272.0,-22.43,-37.68,-67.02,23.11,38.24,False,False,False,False,False,False,False,False,False,2026-10-05
1301,1301.TW,@FPC,@FPC,,,TWSE LISTED,Plastic,68.5,69.3,69.6,67.8,24766188,1696.48,67.26,65.83,1.84,4.06,0.29,0.59,6.86,71.2,82.0,121.0,71.2,82.0,-2.25,-15.12,-42.48,3.79,16.46,False,False,False,False,False,False,False,True,False,2026-10-05
1303,1303.TW,@NPC,@NPC,,,TWSE LISTED,Plastic,286.0,270.0,286.0,266.5,89400255,25568.47,260.5,247.7,9.79,15.46,10.0,11.94,20.17,265.0,265.0,265.0,286.0,286.0,7.92,7.92,7.92,0.0,0.0,False,False,False,False,True,True,True,True,True,2026-10-05
1304,1304.TW,@USI,@USI,,,TWSE LISTED,Plastic,12.6,12.7,12.7,12.5,1723980,21.72,12.54,12.43,0.48,1.37,-0.79,-0.4,0.8,19.55,21.1,44.85,19.55,21.1,-35.04,-39.81,-71.68,35.55,40.28,False,False,False,False,False,False,False,False,False,2026-10-05
1305,1305.TW,@CGPC,@CGPC,,,TWSE LISTED,Plastic,12.35,12.55,12.55,12.25,1215837,15.02,12.3,12.165,0.41,1.52,-1.59,0.0,2.07,20.1,23.95,47.95,20.1,23.95,-37.56,-47.6,-73.83,38.56,48.43,False,False,True,False,False,False,False,False,False,2026-10-05
1307,1307.TW,@SAN FANG,@SAN FANG,,,TWSE LISTED,Plastic,30.85,31.3,31.35,30.6,1101185,33.97,31.19,30.935,-1.09,-0.27,-1.44,-2.06,0.49,38.3,56.2,56.2,38.3,56.2,-18.15,-44.22,-44.22,19.45,45.11,False,False,False,False,False,False,False,False,False,2026-10-05
1308,1308.TW,@APC,@APC,,,TWSE LISTED,Plastic,14.3,14.5,14.5,14.2,1071194,15.32,14.3,14.25,0.0,0.35,-1.04,-1.04,0.0,21.15,24.75,52.6,21.15,24.75,-31.44,-41.41,-72.43,32.39,42.22,False,False,True,True,False,False,False,False,False,2026-10-05
1309,1309.TW,@TTC,@TTC,,,TWSE LISTED,Plastic,14.05,14.3,14.3,13.9,1508916,21.2,13.93,13.855,0.86,1.41,-1.75,0.72,1.81,27.0,27.0,47.53,27.0,27.0,-47.04,-47.04,-69.92,47.96,47.96,False,False,True,False,False,False,False,False,False,2026-10-05
1310,1310.TW,@T.S.M.C.,@T.S.M.C.,,,TWSE LISTED,Plastic,9.53,9.61,9.66,9.37,3429331,32.68,9.262,9.033,2.89,5.5,-0.83,3.03,7.08,13.25,16.7,28.5,13.25,16.7,-27.09,-42.16,-66.11,28.08,42.93,False,False,False,False,False,False,False,False,False,2026-10-05
1312,1312.TW,@GPPC,@GPPC,,,TWSE LISTED,Plastic,14.5,14.8,14.9,14.5,7735854,112.17,14.66,14.65,-1.09,-1.02,-1.69,-3.33,-0.68,16.5,16.5,35.39,16.5,16.5,-9.7,-9.7,-57.9,12.12,12.12,False,False,False,False,False,False,False,False,False,2026-10-05
1313,1313.TW,@UPC,@UPC,,,TWSE LISTED,Plastic,12.5,12.75,12.75,12.45,3447211,43.09,12.38,12.295,0.97,1.67,-1.19,1.63,2.88,14.85,16.45,32.3,14.85,16.45,-14.14,-22.49,-60.53,15.82,24.01,False,False,False,False,False,False,False,False,False,2026-10-05
1314,1314.TW,@CPDC,@CPDC,,,TWSE LISTED,Plastic,8.67,8.94,8.94,8.59,46079567,399.51,8.85,8.9,-2.03,-2.58,-3.13,-3.67,-2.14,10.7,11.8,17.04,10.7,11.8,-16.45,-24.24,-47.53,18.97,26.53,False,False,False,False,False,False,False,False,False,2026-10-05
1315,1315.TW,@TAH HSIN,@TAH HSIN,,,TWSE LISTED,Plastic,68.7,68.7,69.0,68.5,82026,5.64,68.58,68.41,0.17,0.42,0.15,-0.15,0.59,68.9,73.9,127.67,69.0,73.9,0.15,-6.63,-45.96,0.43,7.04,False,False,False,False,True,False,False,True,True,2026-10-05
1316,1316.TW,@SUN YAD,@SUN YAD,,,TWSE LISTED,Building Material&Construction,10.3,10.55,10.55,10.3,1933500,19.92,10.5,10.555,-1.9,-2.42,-2.37,-3.74,-1.44,15.35,28.8,30.57,15.35,28.8,-31.27,-63.37,-65.49,32.9,64.24,False,False,False,False,False,False,False,False,False,2026-10-05
1319,1319.TW,@TYG,@TYG,,,TWSE LISTED,Automobile,77.8,78.9,78.9,77.7,1182655,92.01,78.04,78.84,-0.31,-1.32,-0.38,-0.13,-1.39,116.0,141.5,141.5,116.0,141.5,-31.98,-44.24,-44.24,32.93,45.02,False,False,False,False,False,False,False,False,False,2026-10-05
1321,1321.TW,@OPC,@OPC,,,TWSE LISTED,Plastic,32.3,32.5,32.55,32.3,67000,2.16,32.38,32.465,-0.25,-0.51,-0.15,-0.31,-0.46,35.3,44.8,44.8,35.3,44.8,-7.79,-27.34,-27.34,8.5,27.9,False,False,False,False,False,False,False,True,False,2026-10-05
1323,1323.TW,@YONYU,@YONYU,,,TWSE LISTED,Plastic,21.55,21.25,21.55,21.25,77251,1.66,21.39,21.375,0.75,0.82,1.41,0.47,0.7,25.55,31.95,42.0,25.55,31.95,-15.66,-32.55,-48.69,15.66,32.55,False,False,False,True,False,False,False,False,False,2026-10-05
1324,1324.TW,@GLOBE TAPE,@GLOBE TAPE,,,TWSE LISTED,Plastic,9.91,9.91,9.95,9.9,55000,0.55,9.968,9.979,-0.58,-0.69,0.0,-0.8,-1.39,13.25,21.45,21.45,13.25,21.45,-24.91,-53.61,-53.61,25.21,53.8,False,False,False,False,False,False,False,False,False,2026-10-05
1325,1325.TW,@UK,@UK,,,TWSE LISTED,Plastic,25.7,26.15,26.15,25.7,181020,4.65,25.76,25.73,-0.23,-0.12,-0.96,-0.77,0.0,36.3,49.35,216.0,36.3,49.35,-27.96,-47.01,-87.89,29.2,47.92,False,False,False,False,False,False,False,False,False,2026-10-05
1326,1326.TW,@FCFC,@FCFC,,,TWSE LISTED,Plastic,71.6,71.7,73.0,70.9,26908527,1926.65,69.64,68.3,2.81,4.83,-0.14,2.73,6.87,78.2,78.2,130.0,78.2,78.2,-6.65,-6.65,-43.85,8.44,8.44,False,False,False,False,False,False,False,True,True,2026-10-05
1337,1337.TW,@ASIA PLASTIC,@ASIA PLASTIC,,,TWSE LISTED,Plastic,4.41,4.46,4.48,4.4,289481,1.28,4.442,4.443,-0.72,-0.74,-0.45,-1.34,-0.9,6.72,8.29,19.04,6.72,8.29,-33.33,-45.96,-76.48,34.38,46.8,False,False,False,False,False,False,False,False,False,2026-10-05
1338,1338.TW,@HIROCA,@HIROCA,,,TWSE LISTED,Automobile,14.95,15.4,15.4,14.8,121000,1.81,15.16,14.895,-1.39,0.37,-1.64,-4.17,1.36,21.5,45.3,122.5,21.5,45.3,-28.37,-66.0,-87.43,30.47,67.0,False,False,False,False,False,False,False,False,False,2026-10-05
1339,1339.TW,@Y.C.C.,@Y.C.C.,,,TWSE LISTED,Automobile,42.7,42.95,42.95,42.45,88051,3.76,42.51,42.69,0.45,0.02,0.47,0.83,0.71,47.55,85.1,85.1,47.55,85.1,-9.67,-49.53,-49.53,10.2,49.82,False,False,False,True,False,False,False,False,False,2026-10-05
1340,1340.TW,@VICTORY,@VICTORY,,,TWSE LISTED,Plastic,5.22,5.21,5.23,5.16,95111,0.5,5.222,5.222,-0.04,-0.04,0.19,-0.38,0.19,7.72,12.7,45.91,7.72,12.7,-32.25,-58.82,-88.61,32.38,58.9,False,False,False,False,False,False,False,False,False,2026-10-05
1341,1341.TW,@FULIN-KY,@FULIN-KY,,,TWSE LISTED,Plastic,59.4,59.0,59.9,58.7,5000,0.3,59.46,59.68,-0.1,-0.47,0.68,-0.83,-1.0,63.7,75.0,86.48,63.7,75.0,-5.97,-20.13,-30.73,6.75,20.8,False,False,False,False,False,False,False,True,False,2026-10-05
1342,1342.TW,@CCI YILAN,@CCI YILAN,,,TWSE LISTED,Others,99.8,100.0,101.0,99.8,147600,14.73,100.16,100.53,-0.36,-0.73,-0.2,-0.2,-1.19,122.0,132.73,153.18,122.0,132.73,-17.21,-23.9,-34.07,18.2,24.81,False,False,False,False,False,False,False,False,False,2026-10-05
1402,1402.TW,@FENC,@FENC,,,TWSE LISTED,Textile,27.75,28.2,28.2,27.7,6360528,176.5,27.95,27.96,-0.72,-0.75,-1.07,-1.77,-1.42,31.65,39.15,39.15,31.65,39.15,-10.9,-27.97,-27.97,12.32,29.12,False,False,False,False,False,False,False,False,False,2026-10-05
1409,1409.TW,@SSFC,@SSFC,,,TWSE LISTED,Textile,25.3,25.2,25.85,24.9,24197852,612.21,24.78,24.535,2.1,3.12,1.4,1.61,4.12,34.1,34.1,34.1,34.1,34.1,-24.19,-24.19,-24.19,25.81,25.81,False,False,False,False,False,False,False,False,False,2026-10-05
1410,1410.TW,@NYDF,@NYDF,,,TWSE LISTED,Textile,24.05,24.1,24.15,23.8,41000,0.99,24.07,24.17,-0.08,-0.5,0.42,-0.21,0.21,34.75,41.05,48.45,34.75,41.05,-30.5,-41.17,-50.15,30.79,41.41,False,False,False,False,False,False,False,False,False,2026-10-05
1413,1413.TW,@H.C.,@H.C.,,,TWSE LISTED,Textile,9.1,9.22,9.23,9.08,18000,0.16,9.176,9.224,-0.83,-1.34,-1.41,-1.3,-0.98,11.3,12.6,17.4,11.3,12.6,-18.32,-26.75,-46.95,19.47,27.78,False,False,False,False,False,False,False,False,False,2026-10-05
1414,1414.TW,@TUNG HO,@TUNG HO,469.96,,TWSE LISTED,Textile,17.3,17.3,17.3,17.1,144000,2.49,17.41,17.36,-0.63,-0.35,0.29,-1.98,-0.86,21.9,29.06,29.06,21.9,29.06,-21.0,-40.46,-40.46,21.0,40.46,False,False,False,False,False,False,False,False,False,2026-10-05
1416,1416.TW,@KFIC,@KFIC,,,TWSE LISTED,Others,11.85,11.9,11.9,11.65,432004,5.12,11.63,11.535,1.89,2.73,0.0,3.49,3.49,12.35,14.8,30.45,12.35,14.8,-3.64,-19.59,-60.92,4.05,19.93,False,False,False,False,False,False,False,True,False,2026-10-05
1417,1417.TW,@CARNIVAL,@CARNIVAL,,,TWSE LISTED,Textile,8.12,8.12,8.14,8.06,197000,1.6,8.112,8.08,0.1,0.5,-0.12,-0.25,0.25,9.48,12.9,18.3,9.48,12.9,-14.14,-36.9,-55.52,14.35,37.05,False,False,False,True,False,False,False,False,False,2026-10-05
1418,1418.TW,@TONGHWA,@TONGHWA,,,TWSE LISTED,Textile,18.7,19.6,19.6,18.3,29003,0.54,18.45,18.135,1.36,3.12,1.63,1.91,2.19,21.0,43.05,43.05,21.0,43.05,-6.67,-54.47,-54.47,10.95,56.56,False,False,False,False,False,False,False,False,False,2026-10-05
1419,1419.TW,@SHINKO.TEXTILE,@SHINKO.TEXTILE,,,TWSE LISTED,Textile,65.3,65.8,65.8,65.3,35075,2.29,65.68,65.85,-0.58,-0.84,-0.46,-1.21,-1.06,80.8,83.5,83.5,80.8,83.5,-18.56,-21.2,-21.2,19.18,21.8,False,False,False,False,False,False,False,False,False,2026-10-05
1423,1423.TW,@REWARD WOOL,@REWARD WOOL,,,TWSE LISTED,Textile,34.5,35.5,35.5,34.5,2271,0.08,34.93,34.945,-1.23,-1.27,0.58,-4.17,-0.14,45.6,46.85,46.85,45.6,46.85,-22.15,-24.23,-24.23,24.34,26.36,False,False,False,False,False,False,False,False,False,2026-10-05
1432,1432.TW,@TAROKO,@TAROKO,,,TWSE LISTED,Sports and Leisure,14.95,14.95,15.0,14.95,59265,0.89,14.98,15.0,-0.2,-0.33,0.0,-0.33,-0.66,19.55,25.0,42.48,19.55,25.0,-23.27,-40.0,-64.69,23.53,40.2,False,False,False,False,False,False,False,False,False,2026-10-05
1434,1434.TW,@F.T.C,@F.T.C,,,TWSE LISTED,Textile,17.85,18.2,18.25,17.85,2043777,36.48,18.03,17.975,-1.0,-0.7,-1.92,-1.65,-0.56,21.0,25.85,40.8,21.0,25.85,-13.1,-29.4,-55.27,15.0,30.95,False,False,False,False,False,False,False,False,False,2026-10-05
1435,1435.TW,@C.F.CORP.,@C.F.CORP.,,,TWSE LISTED,Others,21.5,21.7,22.0,21.5,11001,0.24,21.84,22.25,-1.56,-3.37,-0.23,-4.02,-3.37,33.05,62.5,70.8,33.05,62.5,-33.43,-64.8,-68.93,34.95,65.6,False,False,False,False,False,False,False,False,False,2026-10-05
1436,1436.TW,@HUA YU LIEN,@HUA YU LIEN,,,TWSE LISTED,Building Material&Construction,35.6,35.4,35.85,35.2,161333,5.74,35.5,36.32,0.28,-1.98,0.71,-0.28,-1.52,65.4,145.99,145.99,65.4,145.99,-45.18,-75.44,-75.44,45.57,75.62,False,False,False,False,False,False,False,False,False,2026-10-05
1437,1437.TW,@GTM,@GTM,,,TWSE LISTED,Others,31.25,31.6,31.6,31.25,138704,4.33,31.67,32.26,-1.33,-3.13,-0.95,-1.88,-3.85,34.55,39.95,39.95,34.55,39.95,-8.54,-20.9,-20.9,9.55,21.78,False,False,False,False,False,False,False,True,False,2026-10-05
1438,1438.TW,@SANDI,@SANDI,,,TWSE LISTED,Building Material&Construction,21.5,21.45,21.6,21.35,52000,1.12,21.4,21.625,0.47,-0.58,0.47,1.65,0.0,32.87,90.76,90.76,32.87,90.76,-34.29,-76.2,-76.2,34.59,76.31,False,False,False,False,False,False,False,False,False,2026-10-05
1439,1439.TW,@ASCENT,@ASCENT,,,TWSE LISTED,Building Material&Construction,29.3,29.0,29.3,29.0,2000,0.06,28.86,28.73,1.52,1.98,1.03,1.38,4.09,30.7,36.3,54.5,30.7,36.3,-4.56,-19.28,-46.24,4.56,19.28,True,False,False,False,False,False,False,True,False,2026-10-05
1440,1440.TW,@TAINAN SPINNING,@TAINAN SPINNING,,,TWSE LISTED,Textile,13.4,13.5,13.7,13.35,3071430,41.16,13.41,13.39,-0.07,0.07,0.75,-1.83,-0.74,15.85,20.65,35.3,15.85,20.65,-13.56,-33.66,-61.19,15.46,35.11,False,False,False,False,False,False,False,False,False,2026-10-05
1441,1441.TW,@TAH TONG,@TAH TONG,,,TWSE LISTED,Textile,9.81,9.8,10.0,9.8,17477,0.17,9.93,10.031,-1.21,-2.21,-0.1,-1.9,-3.18,16.5,22.72,33.66,16.5,22.72,-39.39,-55.98,-70.3,40.55,56.82,False,False,False,False,False,False,False,False,False,2026-10-05
1442,1442.TW,@ADVANCETEK,@ADVANCETEK,,,TWSE LISTED,Building Material&Construction,26.1,26.65,26.65,26.1,404416,10.56,26.68,28.305,-2.17,-7.79,-2.25,-4.04,-5.78,31.95,88.0,88.0,31.95,88.0,-16.59,-69.72,-69.72,18.31,70.34,False,False,False,False,False,False,False,False,False,2026-10-05
1443,1443.TW,@LILYTEXTILE,@LILYTEXTILE,,,TWSE LISTED,Others,23.05,22.95,23.3,22.45,13172,0.3,23.14,23.255,-0.39,-0.88,0.88,-1.71,0.0,28.4,37.5,37.5,28.4,37.5,-17.96,-37.87,-37.87,18.84,38.53,False,False,False,False,False,False,False,False,False,2026-10-05
1444,1444.TW,@LEALEA,@LEALEA,,,TWSE LISTED,Textile,6.8,6.92,6.95,6.8,1416581,9.63,6.936,6.9,-1.96,-1.45,-1.73,-4.49,-0.87,10.25,10.8,15.53,10.25,10.8,-32.2,-35.65,-55.24,33.66,37.04,False,False,False,False,False,False,False,False,False,2026-10-05
1445,1445.TW,@UNIVERSAL,@UNIVERSAL,,,TWSE LISTED,Textile,9.98,10.05,10.05,9.98,93100,0.93,10.016,10.068,-0.36,-0.87,-0.2,-1.19,-0.7,16.0,27.95,27.95,16.0,27.95,-37.19,-64.04,-64.04,37.63,64.29,False,False,False,False,False,False,False,False,False,2026-10-05
1446,1446.TW,@HONG HO,@HONG HO,,,TWSE LISTED,Textile,13.35,13.45,13.45,13.35,74036,0.99,13.39,13.545,-0.3,-1.44,-0.37,-0.37,-1.84,18.35,62.0,62.0,18.35,62.0,-26.7,-78.31,-78.31,27.25,78.47,False,False,False,False,False,False,False,False,False,2026-10-05
1447,1447.TW,@LP,@LP,,,TWSE LISTED,Textile,6.41,6.51,6.51,6.39,1081014,6.93,6.546,6.49,-2.08,-1.23,-1.99,-5.32,0.31,10.75,11.2,16.0,10.75,11.2,-39.44,-41.87,-59.31,40.37,42.77,False,False,False,False,False,False,False,False,False,2026-10-05
1449,1449.TW,@CHIA HER,@CHIA HER,,,TWSE LISTED,Textile,12.35,12.55,12.55,12.3,239061,2.95,12.37,12.38,-0.16,-0.24,0.0,-1.2,-0.8,17.05,27.65,56.53,17.05,27.65,-26.39,-54.6,-77.8,27.57,55.33,False,False,False,False,False,False,False,False,False,2026-10-05
1451,1451.TW,@NIEN HSING,@NIEN HSING,,,TWSE LISTED,Textile,17.0,17.0,17.1,16.9,150290,2.55,16.99,17.045,0.06,-0.26,-0.29,0.0,-0.58,18.75,23.1,57.98,18.75,23.1,-8.8,-25.97,-70.51,9.33,26.41,False,False,True,False,False,False,False,True,False,2026-10-05
1452,1452.TW,@HONG YI,@HONG YI,,,TWSE LISTED,Textile,10.6,10.7,10.75,10.6,95000,1.01,10.72,10.765,-1.12,-1.53,-0.93,-1.85,-1.85,12.6,17.85,30.7,12.6,17.85,-14.68,-39.78,-64.98,15.87,40.62,False,False,False,False,False,False,False,False,False,2026-10-05
1453,1453.TW,@TA JIANG,@TA JIANG,,,TWSE LISTED,Building Material&Construction,10.9,10.95,11.05,10.75,51172,0.56,10.89,10.92,0.09,-0.18,-0.46,0.0,0.0,13.59,30.47,32.3,13.59,30.47,-18.7,-63.74,-65.79,19.81,64.23,False,False,False,False,False,False,False,False,False,2026-10-05
1454,1454.TW,@TTF,@TTF,,,TWSE LISTED,Textile,12.05,12.2,12.25,12.05,17000,0.2,12.13,12.29,-0.66,-1.95,-0.41,-1.23,-2.03,17.4,21.7,21.7,17.4,21.7,-29.6,-43.55,-43.55,30.75,44.47,False,False,False,False,False,False,False,False,False,2026-10-05
1455,1455.TW,@ZIG SHENG,@ZIG SHENG,,,TWSE LISTED,Textile,9.87,10.1,10.1,9.87,861000,8.5,9.866,9.817,0.04,0.54,-1.3,-0.7,1.96,12.1,15.8,28.7,12.1,15.8,-16.53,-36.08,-64.81,18.43,37.53,False,False,False,False,False,False,False,False,False,2026-10-05
1456,1456.TW,@I-HWA,@I-HWA,,,TWSE LISTED,Building Material&Construction,14.85,15.05,15.3,14.8,77000,1.14,14.8,14.54,0.34,2.13,-1.66,1.37,1.02,16.2,26.5,31.95,16.2,26.5,-5.56,-42.26,-52.11,8.33,43.96,False,False,False,False,False,False,False,True,False,2026-10-05
1457,1457.TW,@YI JINN,@YI JINN,,,TWSE LISTED,Textile,14.3,14.45,14.5,14.3,126000,1.8,14.36,14.41,-0.42,-0.76,-0.35,-0.69,-0.35,16.4,25.14,25.14,16.4,25.14,-11.59,-42.33,-42.33,12.8,43.12,False,False,False,False,False,False,False,False,False,2026-10-05
1459,1459.TW,@LAN FA,@LAN FA,,,TWSE LISTED,Textile,20.55,20.55,20.55,20.0,941547,19.35,17.79,16.785,15.51,22.43,9.89,23.05,28.84,18.7,19.67,24.47,20.55,20.55,9.89,4.49,-16.01,0.0,0.0,True,True,False,False,True,True,False,True,True,2026-10-05
1460,1460.TW,@EVEREST,@EVEREST,,,TWSE LISTED,Textile,6.12,6.2,6.21,6.11,336017,2.06,6.21,6.26,-1.45,-2.24,-1.29,-2.24,-2.08,8.8,8.8,20.44,8.8,8.8,-29.43,-29.43,-69.62,30.45,30.45,False,False,False,False,False,False,False,False,False,2026-10-05
1463,1463.TW,@CSG,@CSG,,,TWSE LISTED,Textile,17.5,17.45,17.55,17.3,18001,0.32,17.5,17.56,0.0,-0.34,0.29,0.0,-1.41,19.7,31.2,31.2,19.7,31.2,-10.91,-43.75,-43.75,11.17,43.91,False,False,False,False,False,False,False,False,False,2026-10-05
1464,1464.TW,@DE LICACY,@DE LICACY,,,TWSE LISTED,Textile,9.93,9.99,10.0,9.93,231495,2.3,9.968,9.971,-0.38,-0.41,-0.6,-0.5,-0.4,12.1,19.01,27.48,12.1,19.01,-17.36,-47.41,-63.61,17.93,47.77,False,False,False,False,False,False,False,False,False,2026-10-05
1465,1465.TW,@WISHER,@WISHER,,,TWSE LISTED,Textile,11.65,11.65,11.75,11.6,74040,0.86,11.63,11.62,0.17,0.26,0.0,0.0,0.43,14.2,16.5,19.85,14.2,16.5,-17.25,-28.79,-40.81,17.96,29.39,False,False,False,True,False,False,False,False,False,2026-10-05
1466,1466.TW,@ACELON,@ACELON,,,TWSE LISTED,Textile,14.35,14.7,14.7,14.25,253153,3.63,14.66,14.805,-2.11,-3.07,-1.37,-3.37,-2.71,21.0,21.0,29.5,21.0,21.0,-30.0,-30.0,-50.17,31.67,31.67,False,False,False,False,False,False,False,False,False,2026-10-05
1467,1467.TW,@TEX-RAY,@TEX-RAY,,,TWSE LISTED,Textile,8.22,8.39,8.54,8.22,587001,4.83,8.168,8.13,0.64,1.11,-4.64,2.37,2.11,10.65,12.55,37.45,10.65,12.55,-19.81,-31.95,-77.2,22.82,34.5,False,False,False,False,False,False,False,False,False,2026-10-05
1468,1468.TW,@CHANG HO,@CHANG HO,,,TWSE LISTED,Textile,13.15,13.15,13.25,12.95,428000,5.63,13.31,13.21,-1.2,-0.45,-0.38,-2.59,-0.38,14.95,15.8,19.0,14.95,15.8,-11.37,-16.14,-30.26,12.04,16.77,False,False,False,False,False,False,False,False,False,2026-10-05
1470,1470.TW,@EVERTEX,@EVERTEX,,,TWSE LISTED,Textile,24.1,24.5,24.6,24.1,7000,0.17,24.12,24.175,-0.08,-0.31,-1.63,-0.21,1.69,24.85,27.6,31.2,24.85,27.6,-1.01,-10.87,-21.15,3.02,12.68,False,False,False,False,False,False,False,True,False,2026-10-05
1471,1471.TW,@SL,@SL,,,TWSE LISTED,Electronic Parts/Components,9.45,9.43,9.64,9.43,280187,2.65,9.426,9.444,0.25,0.06,0.21,-0.11,0.53,15.55,20.9,23.65,15.55,20.9,-38.01,-53.88,-59.24,39.23,54.78,False,False,False,True,False,False,False,False,False,2026-10-05
1472,1472.TW,@TRI OCEAN,@TRI OCEAN,,,TWSE LISTED,Building Material&Construction,86.9,87.5,88.0,86.9,65016,5.65,88.02,87.8,-1.27,-1.03,-0.69,-2.14,-1.25,99.1,112.0,160.38,99.1,112.0,-11.2,-21.43,-45.13,12.31,22.41,False,False,False,False,False,False,False,False,False,2026-10-05
1473,1473.TW,@TAINAN,@TAINAN,,,TWSE LISTED,Textile,19.1,19.15,19.2,19.05,102185,1.95,19.21,19.39,-0.57,-1.5,-0.26,-0.78,-2.05,27.45,57.0,57.0,27.45,57.0,-30.05,-66.32,-66.32,30.42,66.49,False,False,False,False,False,False,False,False,False,2026-10-05
1474,1474.TW,@HONMYUE,@HONMYUE,,,TWSE LISTED,Textile,9.98,10.05,10.05,9.7,372100,3.71,10.022,10.019,-0.42,-0.39,0.0,-0.7,-0.2,11.65,15.0,22.4,11.65,15.0,-13.73,-33.0,-55.13,14.33,33.47,False,False,False,False,False,False,False,False,False,2026-10-05
1475,1475.TW,@BIG SUNSHINE,@BIG SUNSHINE,,,TWSE LISTED,Textile,26.1,26.15,26.3,25.8,16000,0.42,26.01,26.115,0.35,-0.06,0.0,0.38,-0.95,33.85,74.8,149.95,33.85,74.8,-22.3,-64.84,-82.46,22.9,65.11,False,False,True,False,False,False,False,False,False,2026-10-05
1476,1476.TW,@ECLAT,@ECLAT,,,TWSE LISTED,Textile,278.5,281.0,281.0,277.0,1681938,468.42,275.6,277.05,1.05,0.52,0.18,1.64,0.72,441.5,598.0,683.0,441.5,598.0,-36.35,-53.01,-58.86,36.92,53.43,True,False,False,True,False,False,False,False,False,2026-10-05
1477,1477.TW,@MAKALOT,@MAKALOT,,,TWSE LISTED,Textile,197.5,193.0,199.0,191.0,2024051,399.75,192.4,192.15,2.65,2.78,2.86,2.86,3.4,344.0,458.33,458.33,344.0,458.33,-42.15,-56.58,-56.58,42.59,56.91,False,False,True,True,False,False,False,False,False,2026-10-05
1503,1503.TW,@SEEC,@SEEC,,,TWSE LISTED,Electric Machinery,196.0,199.0,199.0,196.0,847763,166.16,196.4,196.95,-0.2,-0.48,-0.51,-0.76,0.0,269.5,358.0,358.0,269.5,358.0,-26.16,-44.41,-44.41,27.27,45.25,False,False,False,False,False,False,False,False,False,2026-10-05
1504,1504.TW,@TECO,@TECO,,,TWSE LISTED,Electric Machinery,69.0,70.4,70.4,69.0,4591499,316.81,69.08,68.97,-0.12,0.04,-1.0,-0.14,0.73,95.0,127.5,127.5,95.0,127.5,-25.89,-44.78,-44.78,27.37,45.88,False,False,False,False,False,False,False,False,False,2026-10-05
1506,1506.TW,@RIGHT WAY,@RIGHT WAY,,,TWSE LISTED,Electric Machinery,9.71,9.8,9.81,9.7,160004,1.55,9.624,9.675,0.89,0.36,-1.02,1.89,0.73,13.9,18.8,26.16,13.9,18.8,-29.42,-47.82,-62.49,30.14,48.35,False,False,False,False,False,False,False,False,False,2026-10-05
1512,1512.TW,@JL,@JL,,,TWSE LISTED,Automobile,6.22,6.17,6.31,6.16,22000,0.14,6.164,6.187,0.91,0.53,0.81,1.8,0.65,9.39,14.1,45.09,9.39,14.1,-32.8,-55.25,-86.01,33.76,55.89,False,False,False,True,False,False,False,False,False,2026-10-05
1513,1513.TW,@CHEM,@CHEM,,,TWSE LISTED,Electric Machinery,166.5,168.5,168.5,166.0,1840654,306.47,167.1,166.65,-0.36,-0.09,-0.6,-0.89,0.3,201.0,239.0,239.0,201.0,239.0,-16.17,-29.5,-29.5,17.16,30.33,False,False,False,False,False,False,False,False,False,2026-10-05
1514,1514.TW,@AEC,@AEC,,,TWSE LISTED,Electric Machinery,102.0,103.0,103.5,102.0,1028350,104.89,102.2,102.4,-0.2,-0.39,-0.49,-0.49,0.0,146.57,173.43,173.43,146.57,173.43,-29.38,-40.32,-40.32,30.41,41.19,False,False,False,False,False,False,False,False,False,2026-10-05
1515,1515.TW,@REXON,@REXON,,,TWSE LISTED,Electric Machinery,28.7,29.5,29.5,28.65,855050,24.54,29.25,29.615,-1.88,-3.09,-1.71,-3.69,-2.55,45.1,61.2,108.0,45.1,61.2,-34.59,-51.8,-72.69,36.36,53.1,False,False,False,False,False,False,False,False,False,2026-10-05
1516,1516.TW,@FALCON,@FALCON,,,TWSE LISTED,Others,13.75,13.3,13.8,13.3,49018,0.67,13.55,13.395,1.48,2.65,3.38,0.36,4.56,26.05,29.01,30.15,26.05,29.01,-47.02,-52.43,-54.22,47.22,52.61,False,False,False,True,False,False,False,False,False,2026-10-05
1517,1517.TW,@LEE CHI,@LEE CHI,,,TWSE LISTED,Electric Machinery,10.25,10.4,10.45,10.2,389381,3.99,10.37,10.375,-1.16,-1.2,-0.97,-2.38,-0.49,13.5,19.3,35.5,13.5,19.3,-22.59,-45.85,-70.56,24.07,46.89,False,False,False,False,False,False,False,False,False,2026-10-05
1519,1519.TW,@FE,@FE,,,TWSE LISTED,Electric Machinery,691.0,701.0,703.0,690.0,988175,682.83,690.4,700.6,0.09,-1.37,-0.14,-0.29,-1.14,1013.64,1013.64,1013.64,1013.64,1013.64,-30.65,-30.65,-30.65,31.83,31.83,False,False,False,False,False,False,False,False,False,2026-10-05
1521,1521.TW,@TA YIH,@TA YIH,,,TWSE LISTED,Automobile,25.7,25.85,25.95,25.7,19000,0.49,25.69,25.645,0.04,0.21,-0.39,0.39,-0.39,31.15,50.9,87.4,31.15,50.9,-16.69,-49.02,-70.31,17.5,49.51,False,False,False,False,False,False,False,False,False,2026-10-05
1522,1522.TW,@TYC,@TYC,,,TWSE LISTED,Automobile,25.75,26.2,26.2,25.75,415205,10.69,26.35,26.35,-2.28,-2.28,-1.72,-3.92,-3.38,53.8,74.9,74.9,53.8,74.9,-51.3,-65.02,-65.02,52.14,65.62,False,False,False,False,False,False,False,False,False,2026-10-05
1524,1524.TW,@GORDON,@GORDON,,,TWSE LISTED,Automobile,25.8,25.95,25.95,25.7,356002,9.18,25.91,26.03,-0.42,-0.88,-0.19,-1.15,-0.77,36.75,45.75,45.75,36.75,45.75,-29.39,-43.28,-43.28,29.8,43.61,False,False,False,False,False,False,False,False,False,2026-10-05
1525,1525.TW,@KSC,@KSC,,,TWSE LISTED,Automobile,63.3,63.7,63.7,63.3,3000,0.19,63.62,64.13,-0.5,-1.29,-0.63,-0.63,-1.71,72.9,86.3,131.5,72.9,86.3,-12.62,-26.19,-51.56,13.17,26.65,False,False,False,False,False,False,False,False,False,2026-10-05
1526,1526.TW,@SUNRACE,@SUNRACE,,,TWSE LISTED,Electric Machinery,14.85,15.0,15.0,14.7,65001,0.97,14.88,14.86,-0.2,-0.07,-1.0,-1.33,1.02,24.2,37.6,95.58,24.2,37.6,-38.02,-60.11,-84.31,38.64,60.51,False,False,False,False,False,False,False,False,False,2026-10-05
1527,1527.TW,@BASSO,@BASSO,,,TWSE LISTED,Electric Machinery,32.8,32.9,32.9,32.7,129132,4.24,32.78,32.665,0.06,0.41,-0.61,0.31,0.46,38.9,49.6,102.0,38.9,49.6,-15.42,-33.67,-67.75,15.68,33.87,False,False,False,False,False,False,False,False,False,2026-10-05
1528,1528.TW,@ANDERSON,@ANDERSON,,,TWSE LISTED,Electric Machinery,24.15,25.0,25.0,24.1,3529320,85.23,25.05,25.415,-3.59,-4.98,-2.42,-6.58,-5.11,34.0,34.0,34.0,34.0,34.0,-26.47,-26.47,-26.47,28.97,28.97,False,False,False,False,False,False,False,False,False,2026-10-05
1529,1529.TW,@LUXE,@LUXE,,,TWSE LISTED,Electric Machinery,15.65,16.1,16.1,15.6,754757,11.81,15.75,15.785,-0.63,-0.86,-2.49,-1.88,1.29,27.21,38.28,42.15,27.21,38.28,-40.83,-57.94,-61.8,42.48,59.11,False,False,False,False,False,False,False,False,False,2026-10-05
1530,1530.TW,@AWEA,@AWEA,,,TWSE LISTED,Electric Machinery,26.7,26.8,27.05,26.7,17278,0.46,26.69,26.755,0.04,-0.21,0.19,-0.37,0.0,33.76,35.28,39.27,33.76,35.28,-19.88,-23.32,-31.11,20.92,24.31,False,False,False,False,False,False,False,False,False,2026-10-05
1531,1531.TW,@KAULIN,@KAULIN,,,TWSE LISTED,Electric Machinery,11.45,11.5,11.6,11.45,163000,1.87,11.56,11.66,-0.95,-1.8,-0.43,-1.72,-1.72,13.7,19.0,29.2,13.7,19.0,-15.33,-38.95,-60.27,16.42,39.74,False,False,False,False,False,False,False,False,False,2026-10-05
1532,1532.TW,@CMP,@CMP,,,TWSE LISTED,Electric Machinery,21.65,22.1,22.1,21.55,912500,19.76,22.07,22.315,-1.9,-2.98,-2.04,-2.91,-2.91,26.3,58.3,58.3,26.3,58.3,-15.97,-62.09,-62.09,17.68,62.86,False,False,False,False,False,False,False,False,False,2026-10-05
1533,1533.TW,@MORE,@MORE,,,TWSE LISTED,Automobile,30.2,30.5,30.5,30.1,108015,3.26,30.39,30.45,-0.63,-0.82,-0.98,-0.33,-0.33,41.8,59.7,78.9,41.8,59.7,-27.03,-48.91,-61.34,27.75,49.41,False,False,False,False,False,False,False,False,False,2026-10-05
1535,1535.TW,@CEC,@CEC,,,TWSE LISTED,Electric Machinery,45.3,45.3,45.45,45.2,26000,1.18,45.56,45.685,-0.57,-0.84,0.0,-1.09,-0.66,55.5,97.5,97.5,55.5,97.5,-18.11,-53.38,-53.38,18.38,53.54,False,False,False,False,False,False,False,False,False,2026-10-05
1536,1536.TW,@HOTA,@HOTA,,,TWSE LISTED,Automobile,46.1,46.85,46.85,46.1,1091618,50.32,46.57,46.56,-1.01,-0.99,-1.18,-1.71,-1.91,67.8,90.9,155.19,67.8,90.9,-30.9,-48.46,-69.81,32.01,49.28,False,False,False,False,False,False,False,False,False,2026-10-05
1537,1537.TW,@KUNG LONG,@KUNG LONG,,,TWSE LISTED,Electric Machinery,113.5,113.5,114.0,113.5,112100,12.72,114.7,115.15,-1.05,-1.43,-0.87,-1.3,-1.3,130.0,165.0,169.0,130.0,165.0,-12.31,-30.91,-32.54,12.69,31.21,False,False,False,False,False,False,False,False,False,2026-10-05
1538,1538.TW,@JF,@JF,,,TWSE LISTED,Electric Machinery,8.13,8.13,8.13,8.13,1555,0.01,7.928,8.169,2.55,-0.48,2.91,8.69,-2.05,27.55,42.5,86.52,27.55,42.5,-70.49,-80.87,-90.6,70.49,80.87,True,False,False,False,False,False,False,False,False,2026-10-05
1539,1539.TW,@GT,@GT,,,TWSE LISTED,Electric Machinery,15.65,15.85,15.95,15.6,33000,0.52,15.57,15.595,0.51,0.35,0.0,1.29,0.97,22.0,35.9,50.3,22.0,35.9,-27.5,-55.57,-68.29,28.86,56.41,False,False,False,False,False,False,False,False,False,2026-10-05
1540,1540.TW,@ROUNDTOP,@ROUNDTOP,,,TWSE LISTED,Electric Machinery,18.95,19.3,19.3,18.9,165001,3.13,19.25,19.39,-1.56,-2.27,-1.04,-1.81,-2.82,28.8,51.8,51.8,28.8,51.8,-32.99,-62.74,-62.74,34.2,63.42,False,False,False,False,False,False,False,False,False,2026-10-05
1541,1541.TW,@CHANG TYPE,@CHANG TYPE,,,TWSE LISTED,Electric Machinery,20.6,21.85,21.85,20.6,18000,0.37,20.82,21.01,-1.06,-1.95,-1.2,-1.44,-3.74,30.85,39.1,71.0,30.85,39.1,-29.17,-44.12,-69.23,33.23,47.31,False,False,False,False,False,False,False,False,False,2026-10-05
1558,1558.TW,@ZENG HSING,@ZENG HSING,,,TWSE LISTED,Electric Machinery,110.0,111.5,112.0,110.0,67027,7.37,112.1,111.8,-1.87,-1.61,-1.35,-2.22,-1.79,114.0,119.0,184.25,114.0,119.0,-1.75,-5.88,-39.21,3.51,7.56,False,False,False,False,False,False,False,True,True,2026-10-05
1560,1560.TW,@KINIK,@KINIK,,,TWSE LISTED,Electric Machinery,1040.0,1020.0,1060.0,1010.0,1162713,1209.22,994.8,966.0,4.54,7.66,2.46,8.0,7.11,1030.0,1030.0,1030.0,1060.0,1060.0,2.91,2.91,2.91,1.89,1.89,True,False,False,False,True,True,True,True,True,2026-10-05
1563,1563.TW,@SAI,@SAI,,,TWSE LISTED,Automobile,77.0,76.8,77.6,76.7,451625,34.78,76.22,74.97,1.02,2.71,0.92,1.85,2.39,97.73,141.33,262.42,97.73,141.33,-20.6,-45.09,-70.43,21.21,45.52,True,False,False,False,False,False,False,False,False,2026-10-05
1568,1568.TW,@T.Y.,@T.Y.,,,TWSE LISTED,Automobile,31.45,32.25,32.25,31.1,364013,11.45,32.28,31.575,-2.57,-0.4,-1.87,-4.12,1.78,50.0,50.0,50.4,50.0,50.0,-35.5,-35.5,-36.01,37.1,37.1,False,False,False,False,False,False,False,False,False,2026-10-05
1582,1582.TW,@SYNCMOLD,@SYNCMOLD,,,TWSE LISTED,Electronic Parts/Components,72.4,72.5,72.9,71.6,541601,39.21,71.48,71.04,1.29,1.91,0.7,0.7,3.43,123.0,123.0,123.0,123.0,123.0,-40.73,-40.73,-40.73,41.14,41.14,False,False,False,False,False,False,False,False,False,2026-10-05
1583,1583.TW,@GOODWAY,@GOODWAY,,,TWSE LISTED,Electric Machinery,45.7,45.8,45.8,45.7,14000,0.64,46.47,46.69,-1.66,-2.12,-0.33,-2.35,-2.66,57.8,73.21,77.98,57.8,73.21,-20.76,-37.44,-41.27,20.93,37.58,False,False,False,False,False,False,False,False,False,2026-10-05
1587,1587.TW,@CM,@CM,,,TWSE LISTED,Automobile,23.4,23.85,23.85,23.4,191050,4.47,23.88,23.78,-2.01,-1.6,-1.89,-4.29,-0.43,55.9,77.89,77.89,55.9,77.89,-57.33,-69.38,-69.38,58.14,69.96,False,False,False,False,False,False,False,False,False,2026-10-05
1589,1589.TW,@YGG,@YGG,,,TWSE LISTED,Electric Machinery,5.54,5.54,5.54,5.54,0,0.0,5.54,5.54,0.0,0.0,0.0,0.0,0.0,19.0,65.1,174.43,19.0,65.1,-70.84,-91.49,-96.82,70.84,91.49,False,False,False,False,False,False,False,False,False,2026-10-05
1590,1590.TW,@AIRTAC,@AIRTAC,,,TWSE LISTED,Electric Machinery,1180.0,1180.0,1205.0,1175.0,546554,644.93,1191.0,1211.5,-0.92,-2.6,0.0,-1.67,-2.48,1615.0,1615.0,1615.0,1615.0,1615.0,-25.39,-25.39,-25.39,26.93,26.93,False,False,False,False,False,False,False,False,False,2026-10-05
1597,1597.TW,@CPC,@CPC,,,TWSE LISTED,Electric Machinery,145.5,149.0,151.5,144.5,1619198,235.59,148.2,141.95,-1.82,2.5,-1.69,-0.68,8.99,221.0,221.0,221.0,221.0,221.0,-31.45,-31.45,-31.45,34.16,34.16,False,False,False,False,False,False,False,False,False,2026-10-05
1598,1598.TW,@DYACO,@DYACO,,,TWSE LISTED,Sports and Leisure,20.35,20.5,20.55,20.25,160145,3.26,20.44,20.44,-0.44,-0.44,-0.73,-0.73,0.0,22.5,37.14,150.32,22.5,37.14,-8.67,-44.67,-86.33,9.56,45.21,False,False,False,False,False,False,False,True,False,2026-10-05
1603,1603.TW,@CWCO,@CWCO,,,TWSE LISTED,Electrical & Cable,30.35,30.6,30.75,30.1,174000,5.28,30.45,30.325,-0.33,0.08,-0.82,-0.82,0.33,44.2,56.4,56.4,44.2,56.4,-30.43,-45.48,-45.48,31.33,46.19,False,False,False,False,False,False,False,False,False,2026-10-05
1604,1604.TW,@SAMPO,@SAMPO,,,TWSE LISTED,Electrical & Cable,23.25,23.3,23.4,23.25,150700,3.5,23.32,23.425,-0.3,-0.75,0.0,-0.85,-0.85,25.8,30.35,33.0,25.8,30.35,-9.3,-22.9,-29.09,9.88,23.39,False,False,False,False,False,False,False,True,False,2026-10-05
1605,1605.TW,@WALSIN,@WALSIN,,,TWSE LISTED,Electrical & Cable,38.4,39.05,39.35,38.4,23185203,890.31,38.09,37.495,0.81,2.41,-0.9,0.0,4.77,46.5,46.5,59.4,46.5,46.5,-15.38,-15.38,-33.75,17.42,17.42,False,False,False,False,False,False,False,False,False,2026-10-05
1608,1608.TW,@HE,@HE,,,TWSE LISTED,Electrical & Cable,35.85,36.4,36.5,35.85,1545662,55.41,35.9,35.8,-0.14,0.14,-1.1,-1.1,0.99,41.4,47.45,47.45,41.4,47.45,-11.84,-23.08,-23.08,13.41,24.45,False,False,False,False,False,False,False,False,False,2026-10-05
1609,1609.TW,@TA YA,@TA YA,,,TWSE LISTED,Electrical & Cable,38.2,39.0,39.0,38.05,3469894,132.55,38.54,38.245,-0.88,-0.12,-0.91,-1.42,0.92,50.0,63.8,63.8,50.0,63.8,-22.0,-38.88,-38.88,23.6,40.13,False,False,False,False,False,False,False,False,False,2026-10-05
1611,1611.TW,@CE,@CE,,,TWSE LISTED,Electrical & Cable,11.25,11.4,11.4,11.2,651036,7.32,11.39,11.365,-1.23,-1.01,-0.88,-2.6,-1.32,15.0,22.55,22.7,15.0,22.55,-24.0,-49.45,-49.78,25.0,50.11,False,False,False,False,False,False,False,False,False,2026-10-05
1612,1612.TW,@HONG TAI,@HONG TAI,,,TWSE LISTED,Electrical & Cable,35.0,35.2,35.3,35.0,385668,13.5,35.28,35.15,-0.79,-0.43,-0.57,-1.96,-0.14,42.5,45.4,45.4,42.5,45.4,-16.94,-22.25,-22.25,17.65,22.91,False,False,False,False,False,False,False,False,False,2026-10-05
1614,1614.TW,@TAIWAN SANYO,@TAIWAN SANYO,,,TWSE LISTED,Electrical & Cable,30.85,31.2,31.2,30.75,63059,1.95,31.06,31.11,-0.68,-0.84,-0.48,-0.96,-0.96,34.8,52.6,52.6,34.8,52.6,-10.34,-40.68,-40.68,11.35,41.35,False,False,False,False,False,False,False,False,False,2026-10-05
1615,1615.TW,@DAH SAN,@DAH SAN,,,TWSE LISTED,Electrical & Cable,42.25,42.5,42.8,42.25,89164,3.77,42.6,42.75,-0.82,-1.17,-0.59,-1.63,-1.05,50.99,62.99,62.99,50.99,62.99,-16.06,-32.05,-32.05,17.14,32.92,False,False,False,False,False,False,False,False,False,2026-10-05
1616,1616.TW,@EVERTOP,@EVERTOP,,,TWSE LISTED,Electrical & Cable,18.3,18.55,18.55,18.2,300000,5.49,18.43,18.425,-0.71,-0.68,-1.35,-1.88,0.0,30.9,44.85,44.85,30.9,44.85,-39.97,-58.64,-58.64,40.78,59.2,False,False,False,False,False,False,False,False,False,2026-10-05
1617,1617.TW,@JSW,@JSW,,,TWSE LISTED,Electrical & Cable,24.1,24.65,24.8,22.4,6594577,158.93,23.79,21.66,1.3,11.27,0.0,0.21,20.8,26.95,32.8,32.8,26.95,32.8,-7.98,-24.39,-24.39,10.58,26.52,False,False,False,False,False,False,False,False,False,2026-10-05
1618,1618.TW,@HK,@HK,,,TWSE LISTED,Electrical & Cable,38.9,39.45,39.45,38.8,299166,11.64,38.83,38.925,0.18,-0.06,-0.64,-0.13,0.65,52.6,69.8,69.8,52.6,69.8,-25.0,-43.48,-43.48,26.05,44.27,False,False,False,False,False,False,False,False,False,2026-10-05
1623,1623.TW,@TEWC,@TEWC,,,TWSE LISTED,Electrical & Cable,198.0,200.0,200.0,197.5,66004,13.07,198.7,200.3,-0.35,-1.15,-0.25,-1.25,0.25,340.0,340.0,340.0,340.0,340.0,-41.18,-41.18,-41.18,41.76,41.76,False,False,False,False,False,False,False,False,False,2026-10-05
1626,1626.TW,@AIRMATE,@AIRMATE,,,TWSE LISTED,Electrical & Cable,9.65,9.65,9.73,9.61,21296,0.21,9.644,9.687,0.06,-0.38,0.0,0.52,-0.21,13.0,17.95,31.79,13.0,17.95,-25.15,-45.79,-69.39,25.77,46.24,False,False,False,False,False,False,False,False,False,2026-10-05
1702,1702.TW,@NAMCHOW,@NAMCHOW,,,TWSE LISTED,Food,32.8,33.15,33.15,32.75,117199,3.84,33.08,33.085,-0.85,-0.86,-1.06,-0.76,-0.61,39.45,66.5,70.4,39.45,66.5,-15.97,-50.15,-52.91,16.86,50.68,False,False,False,False,False,False,False,False,False,2026-10-05
1707,1707.TW,@GKB,@GKB,,,TWSE LISTED,Biotechnology and Medical Care,84.6,85.2,85.2,84.6,344115,29.11,85.38,86.25,-0.91,-1.91,-0.7,-1.28,-2.76,128.5,163.5,282.0,128.5,163.5,-33.7,-47.89,-69.79,34.16,48.26,False,False,False,False,False,False,False,False,False,2026-10-05
1708,1708.TW,@SESODA,@SESODA,,,TWSE LISTED,Chemical Industry,56.8,56.7,57.8,55.9,7791649,442.57,54.48,52.62,4.26,7.94,1.07,5.58,8.6,64.2,64.2,73.1,64.2,64.2,-9.97,-9.97,-20.93,11.53,11.53,False,False,False,False,False,False,False,False,False,2026-10-05
1709,1709.TW,@FUCC,@FUCC,,,TWSE LISTED,Chemical Industry,64.3,63.8,64.3,63.6,19185550,1233.63,53.68,48.845,19.78,31.64,9.91,32.85,47.82,58.5,58.5,58.5,64.3,64.3,9.91,9.91,9.91,0.0,0.0,True,True,False,False,True,True,True,True,True,2026-10-05
1710,1710.TW,@OUCC,@OUCC,,,TWSE LISTED,Chemical Industry,17.5,17.35,17.75,17.05,8958659,156.78,16.99,16.815,3.0,4.07,2.04,4.48,6.71,20.15,20.6,36.3,20.15,20.6,-11.91,-13.83,-51.1,13.15,15.05,True,True,False,False,False,False,False,False,False,2026-10-05
1711,1711.TW,@EVERLIGHT,@EVERLIGHT,,,TWSE LISTED,Chemical Industry,44.2,44.0,47.0,42.65,21709589,959.56,41.84,40.42,5.64,9.35,2.79,8.07,14.51,64.3,64.3,64.3,64.3,64.3,-26.91,-26.91,-26.91,31.26,31.26,False,False,False,False,False,False,False,False,False,2026-10-05
1712,1712.TW,@SINON,@SINON,,,TWSE LISTED,Chemical Industry,39.65,39.8,39.8,39.6,393829,15.62,39.7,39.815,-0.13,-0.41,-0.38,-0.38,-0.5,48.2,48.55,48.55,48.2,48.55,-17.43,-18.02,-18.02,17.74,18.33,False,False,False,False,False,False,False,False,False,2026-10-05
1713,1713.TW,@CCW,@CCW,,,TWSE LISTED,Chemical Industry,44.8,43.8,46.3,43.55,964006,43.19,42.84,42.19,4.58,6.19,4.92,5.54,7.95,54.5,61.9,61.9,54.5,61.9,-15.05,-25.2,-25.2,17.8,27.63,False,False,False,False,False,False,False,False,False,2026-10-05
1714,1714.TW,@HO TUNG,@HO TUNG,,,TWSE LISTED,Chemical Industry,18.5,17.5,18.5,17.25,49374536,913.43,16.76,16.31,10.38,13.43,9.79,12.12,17.46,25.0,25.0,25.0,25.0,25.0,-26.0,-26.0,-26.0,26.0,26.0,False,False,False,False,False,False,False,False,False,2026-10-05
1717,1717.TW,@ETERNAL,@ETERNAL,,,TWSE LISTED,Chemical Industry,74.6,75.1,76.4,74.2,11409606,851.16,73.76,72.54,1.14,2.84,0.54,0.81,4.48,89.9,89.9,89.9,89.9,89.9,-15.02,-15.02,-15.02,17.02,17.02,False,False,False,False,False,False,False,False,False,2026-10-05
1718,1718.TW,@CMFC,@CMFC,,,TWSE LISTED,Chemical Industry,11.15,10.9,11.6,10.75,42770737,476.89,10.79,10.71,3.34,4.11,3.72,2.76,6.19,16.2,16.2,16.2,16.2,16.2,-28.4,-28.4,-28.4,31.17,31.17,False,False,False,False,False,False,False,False,False,2026-10-05
1720,1720.TW,@S.C.P.C,@S.C.P.C,,,TWSE LISTED,Biotechnology and Medical Care,55.8,56.1,56.1,55.6,293634,16.38,56.06,56.06,-0.46,-0.46,-0.36,-0.89,-0.71,60.55,72.18,72.36,60.55,72.18,-7.34,-22.28,-22.47,7.84,22.7,False,False,False,False,False,False,False,True,False,2026-10-05
1721,1721.TW,@SUNKO,@SUNKO,,,TWSE LISTED,Chemical Industry,27.55,27.25,27.9,26.75,3355011,92.43,26.81,25.32,2.76,8.81,0.73,4.16,13.84,36.0,36.0,36.0,36.0,36.0,-22.5,-22.5,-22.5,23.47,23.47,True,True,False,False,False,False,False,False,False,2026-10-05
1722,1722.TW,@TFC,@TFC,,,TWSE LISTED,Chemical Industry,40.85,41.3,41.3,40.85,2933826,119.85,41.17,41.535,-0.78,-1.65,-0.73,-1.68,-1.09,52.0,70.5,85.0,52.0,70.5,-20.58,-41.42,-51.41,21.44,42.06,False,False,False,False,False,False,False,False,False,2026-10-05
1723,1723.TW,@CSCC,@CSCC,,,TWSE LISTED,Chemical Industry,80.1,80.4,80.8,80.0,310306,24.86,80.18,80.41,-0.1,-0.39,-0.37,-0.74,-0.5,93.9,133.5,167.0,93.9,133.5,-13.95,-39.48,-51.62,14.7,40.0,False,False,False,False,False,False,False,False,False,2026-10-05
1725,1725.TW,@YJE,@YJE,,,TWSE LISTED,Chemical Industry,34.15,34.3,35.45,34.1,391335,13.36,33.93,33.945,0.65,0.6,0.89,0.0,0.74,45.25,57.8,57.8,45.25,57.8,-21.66,-38.67,-38.67,24.53,40.92,False,False,False,False,False,False,False,False,False,2026-10-05
1726,1726.TW,@Y.C.P.,@Y.C.P.,,,TWSE LISTED,Chemical Industry,76.1,76.2,76.4,76.1,30013,2.28,76.3,76.51,-0.26,-0.54,-0.13,-0.52,-0.26,81.1,84.2,85.4,81.1,84.2,-5.8,-9.26,-10.54,6.17,9.62,False,False,False,False,False,False,False,True,True,2026-10-05
1727,1727.TW,@CHCIW,@CHCIW,,,TWSE LISTED,Chemical Industry,117.5,128.0,130.0,116.0,22195952,2608.02,116.0,112.7,1.29,4.26,-4.47,7.8,1.73,125.0,125.0,125.0,130.0,130.0,4.0,4.0,4.0,9.62,9.62,False,False,True,False,True,True,True,True,True,2026-10-05
1730,1730.TW,@FARCENT,@FARCENT,,,TWSE LISTED,Chemical Industry,51.1,51.2,51.3,51.1,47018,2.4,51.2,51.23,-0.2,-0.25,-0.2,-0.2,-0.2,55.0,61.5,97.3,55.0,61.5,-6.73,-16.59,-47.28,7.09,16.91,False,False,False,False,False,False,False,True,False,2026-10-05
1731,1731.TW,@MAYWUFA,@MAYWUFA,,,TWSE LISTED,Biotechnology and Medical Care,20.8,20.85,20.9,20.8,90538,1.88,20.84,20.885,-0.19,-0.41,0.0,-0.48,-0.48,22.3,28.35,28.35,22.3,28.35,-6.28,-26.28,-26.28,6.73,26.63,False,False,False,False,False,False,False,True,False,2026-10-05
1732,1732.TW,@MAO BAO,@MAO BAO,,,TWSE LISTED,Chemical Industry,26.0,26.1,26.1,25.95,41001,1.07,26.04,26.08,-0.15,-0.31,-0.38,-0.57,-0.38,33.4,38.75,53.8,33.4,38.75,-21.86,-32.65,-51.49,22.16,32.9,False,False,False,False,False,False,False,False,False,2026-10-05
1733,1733.TW,@APEXBIO,@APEXBIO,,,TWSE LISTED,Biotechnology and Medical Care,30.15,30.25,30.8,30.15,111035,3.35,29.86,30.03,0.97,0.4,-0.33,1.86,-0.5,33.1,44.45,44.45,33.1,44.45,-6.95,-30.71,-30.71,8.91,32.17,False,False,False,False,False,False,False,True,False,2026-10-05
1734,1734.TW,@SINPHAR,@SINPHAR,,,TWSE LISTED,Biotechnology and Medical Care,32.1,31.95,32.1,31.85,182015,5.84,32.1,32.15,0.0,-0.16,0.0,0.0,0.0,32.8,32.8,53.76,32.8,32.8,-2.13,-2.13,-40.29,2.13,2.13,False,False,False,False,False,False,False,True,True,2026-10-05
1735,1735.TW,@EMC,@EMC,,,TWSE LISTED,Chemical Industry,24.35,23.9,24.35,23.1,889335,21.66,21.38,20.895,13.89,16.54,9.93,20.54,19.95,33.85,33.85,33.85,33.85,33.85,-28.06,-28.06,-28.06,28.06,28.06,False,False,False,False,False,False,False,False,False,2026-10-05
1736,1736.TW,@JHT,@JHT,,,TWSE LISTED,Sports and Leisure,124.0,124.0,126.5,123.0,735027,91.14,126.3,125.8,-1.82,-1.43,0.4,-3.5,-2.75,162.5,226.5,226.5,162.5,226.5,-22.15,-44.15,-44.15,23.69,45.25,False,False,False,False,False,False,False,False,False,2026-10-05
1737,1737.TW,@TAIYEN,@TAIYEN,,,TWSE LISTED,Food,30.0,30.1,30.15,29.95,156014,4.68,30.0,29.995,0.0,0.02,0.0,-0.17,-0.17,32.5,36.35,40.5,32.5,36.35,-7.23,-17.06,-25.56,7.69,17.47,False,False,False,False,False,False,False,True,False,2026-10-05
1752,1752.TW,@NANG KUANG,@NANG KUANG,,,TWSE LISTED,Biotechnology and Medical Care,31.3,32.0,32.0,31.3,52056,1.63,31.39,31.37,-0.29,-0.22,-0.48,-0.63,-0.16,38.7,4335.0,4335.0,38.7,4335.0,-17.31,-99.26,-99.26,19.12,99.28,False,False,False,False,False,False,False,False,False,2026-10-05
1760,1760.TW,@PBF,@PBF,,,TWSE LISTED,Biotechnology and Medical Care,53.9,54.9,54.9,53.8,153115,8.25,54.32,54.04,-0.77,-0.26,-1.28,-1.28,0.37,76.4,125.5,255.09,76.4,125.5,-28.14,-56.25,-78.48,29.45,57.05,False,False,False,False,False,False,False,False,False,2026-10-05
1762,1762.TW,@CCSB,@CCSB,,,TWSE LISTED,Biotechnology and Medical Care,33.7,33.7,33.95,33.6,29004,0.98,33.89,33.84,-0.56,-0.41,-0.15,-1.89,0.0,44.75,63.1,102.5,44.75,63.1,-24.13,-46.2,-66.88,24.69,46.59,False,False,False,False,False,False,False,False,False,2026-10-05
1773,1773.TW,@SHINY CHEMICAL,@SHINY 化学,,,TWSE LISTED,Chemical Industry,180.5,173.0,182.0,173.0,2422192,437.21,170.7,167.0,5.74,8.08,5.87,7.76,9.73,204.0,204.0,204.0,204.0,204.0,-10.78,-10.78,-10.78,11.52,11.52,False,False,False,False,False,False,False,False,False,2026-10-05
1776,1776.TW,@HEADWAY,@HEADWAY,,,TWSE LISTED,Chemical Industry,18.4,18.45,18.45,18.2,60005,1.1,18.21,18.21,1.04,1.04,0.82,1.38,1.66,21.4,27.8,34.97,21.4,27.8,-13.79,-33.63,-47.24,14.02,33.81,False,False,True,True,False,False,False,False,False,2026-10-05
1783,1783.TW,@MBI,@MBI,,,TWSE LISTED,Biotechnology and Medical Care,36.9,37.05,37.15,36.7,32381,1.19,37.04,36.81,-0.38,0.24,-0.4,-0.94,0.54,48.3,58.3,71.43,48.3,58.3,-23.08,-36.28,-47.99,23.6,36.71,False,False,False,False,False,False,False,False,False,2026-10-05
1786,1786.TW,@SVBI,@SVBI,,,TWSE LISTED,Biotechnology and Medical Care,41.5,42.8,42.8,41.5,234251,9.72,42.68,42.93,-2.76,-3.33,-2.81,-4.16,-2.7,87.5,144.0,144.0,87.5,144.0,-51.09,-70.28,-70.28,52.57,71.18,False,False,False,False,False,False,False,False,False,2026-10-05
1789,1789.TW,@SPT,@SPT,,,TWSE LISTED,Biotechnology and Medical Care,18.5,18.8,18.8,18.5,344085,6.37,18.68,18.79,-0.96,-1.54,-0.54,-2.37,-0.54,29.1,30.5,45.19,29.1,30.5,-35.4,-38.36,-58.4,36.43,39.34,False,False,False,False,False,False,False,False,False,2026-10-05
1795,1795.TW,@LOTUS PHARM,@LOTUS PHARM,,,TWSE LISTED,Biotechnology and Medical Care,177.5,178.0,178.0,176.0,588129,104.39,177.4,177.45,0.06,0.03,0.85,-0.84,1.14,364.76,364.76,364.76,364.76,364.76,-51.2,-51.2,-51.2,51.34,51.34,False,False,False,True,False,False,False,False,False,2026-10-05
1802,1802.TW,@TGI,@TGI,,,TWSE LISTED,Glass & Ceramic,59.3,60.7,61.4,59.3,22894560,1357.65,59.02,58.88,0.47,0.71,-0.34,-1.0,1.54,81.2,81.2,81.2,81.2,81.2,-24.38,-24.38,-24.38,26.97,26.97,False,False,False,False,False,False,False,False,False,2026-10-05
1805,1805.TW,@BLG,@BLG,,,TWSE LISTED,Building Material&Construction,9.96,10.0,10.05,9.95,39000,0.39,10.028,10.109,-0.68,-1.47,-0.2,-0.9,-1.39,13.0,25.3,25.3,13.0,25.3,-22.69,-60.28,-60.28,23.38,60.63,False,False,False,False,False,False,False,False,False,2026-10-05
1806,1806.TW,@CHAMPION,@CHAMPION,,,TWSE LISTED,Glass & Ceramic,7.88,7.91,7.96,7.87,135399,1.07,7.93,7.963,-0.63,-1.04,-0.38,-1.5,-1.25,9.49,14.05,19.44,9.49,14.05,-16.12,-43.35,-59.06,16.97,43.91,False,False,False,False,False,False,False,False,False,2026-10-05
1808,1808.TW,@RUN LONG,@RUN LONG,,,TWSE LISTED,Building Material&Construction,31.35,31.6,31.7,31.15,823270,25.81,31.58,32.85,-0.73,-4.57,-0.79,-0.95,-1.72,37.8,70.2,70.2,37.8,70.2,-16.14,-54.84,-54.84,17.06,55.34,False,False,False,False,False,False,False,False,False,2026-10-05
1809,1809.TW,@CHINA GLAZE,@CHINA GLAZE,,,TWSE LISTED,Glass & Ceramic,46.6,47.9,48.35,45.8,4676537,217.93,46.55,43.755,0.11,6.5,-2.0,-2.61,2.76,61.8,61.8,61.8,61.8,61.8,-21.76,-21.76,-21.76,24.6,24.6,False,False,False,False,False,False,False,False,False,2026-10-05
1810,1810.TW,@HCG,@HCG,,,TWSE LISTED,Glass & Ceramic,23.7,24.2,24.2,23.7,1398382,33.14,23.96,23.94,-1.09,-1.0,-1.04,-3.07,-1.04,34.15,34.15,34.15,34.15,34.15,-29.14,-29.14,-29.14,30.6,30.6,False,False,False,False,False,False,False,False,False,2026-10-05
1817,1817.TW,@SANITAR,@SANITAR,,,TWSE LISTED,Glass & Ceramic,39.75,39.85,39.85,39.75,15100,0.6,39.86,40.1,-0.28,-0.87,-0.25,-0.25,-1.0,42.7,52.8,52.8,42.7,52.8,-6.67,-24.53,-24.53,6.91,24.72,False,False,False,False,False,False,False,True,False,2026-10-05
1903,1903.TW,@SHIHLIN PAPER,@SHIHLIN PAPER,,,TWSE LISTED,Paper & Pulp,47.05,47.3,47.6,47.05,138361,6.51,47.37,47.185,-0.68,-0.29,-0.63,-1.57,-0.11,60.2,76.2,94.2,60.2,76.2,-20.93,-37.53,-49.47,21.84,38.25,False,False,False,False,False,False,False,False,False,2026-10-05
1904,1904.TW,@CHENG LOONG,@CHENG LOONG,,,TWSE LISTED,Paper & Pulp,24.0,24.25,24.3,24.0,1391618,33.4,24.23,24.52,-0.95,-2.12,-0.83,-2.44,-3.61,26.45,30.95,51.5,26.45,30.95,-8.13,-21.49,-52.82,9.26,22.46,False,False,False,False,False,False,False,True,False,2026-10-05
1905,1905.TW,@CHP,@CHP,,,TWSE LISTED,Paper & Pulp,12.7,12.95,12.95,12.7,1760800,22.36,12.85,13.005,-1.17,-2.35,-1.17,-2.68,-3.05,18.8,25.55,33.9,18.8,25.55,-31.12,-49.32,-61.8,32.45,50.29,False,False,False,False,False,False,False,False,False,2026-10-05
1906,1906.TW,@BAOLONG INTL.,@BAOLONG INTL.,,,TWSE LISTED,Paper & Pulp,10.6,10.75,10.8,10.6,49024,0.52,10.75,10.775,-1.4,-1.62,-0.47,-2.75,-0.93,13.9,16.9,39.85,13.9,16.9,-22.3,-36.09,-72.9,23.74,37.28,False,False,False,False,False,False,False,False,False,2026-10-05
1907,1907.TW,@YFY,@YFY,,,TWSE LISTED,Paper & Pulp,27.6,27.75,27.8,27.55,865539,23.89,27.96,28.365,-1.29,-2.7,-1.08,-2.82,-2.3,31.7,35.55,51.8,31.7,35.55,-12.3,-21.8,-46.33,12.93,22.36,False,False,False,False,False,False,False,False,False,2026-10-05
1909,1909.TW,@LONGCHEN P&P,@LONGCHEN P&P,,,TWSE LISTED,Paper & Pulp,10.0,10.2,10.2,10.0,2393246,23.93,10.13,10.13,-1.28,-1.28,-0.99,-2.91,-0.99,11.5,16.05,51.96,11.5,16.05,-11.3,-36.45,-80.37,13.04,37.69,False,False,False,False,False,False,False,False,False,2026-10-05
2002,2002.TW,@CSC,@CSC,,,TWSE LISTED,Iron & Steel,18.9,19.1,19.1,18.85,26732693,505.25,18.97,18.82,-0.37,0.43,-0.53,-1.56,1.34,21.6,27.1,46.75,21.6,27.1,-11.57,-29.52,-59.14,12.5,30.26,False,False,False,False,False,False,False,False,False,2026-10-05
2006,2006.TW,@TUNG HO STEEL,@TUNG HO STEEL,,,TWSE LISTED,Iron & Steel,85.8,86.6,86.6,85.2,695948,59.71,85.56,86.06,0.28,-0.3,-0.92,0.47,-2.28,89.2,89.2,96.57,89.2,89.2,-2.91,-2.91,-10.32,3.81,3.81,False,False,True,False,False,False,False,True,True,2026-10-05
2007,2007.TW,@YH,@YH,,,TWSE LISTED,Iron & Steel,6.91,7.0,7.0,6.9,149101,1.03,6.962,6.936,-0.75,-0.37,-1.29,-1.29,0.29,9.65,13.8,34.9,9.65,13.8,-27.46,-49.28,-79.94,28.39,49.93,False,False,False,False,False,False,False,False,False,2026-10-05
2008,2008.TW,@KHC,@KHC,,,TWSE LISTED,Iron & Steel,30.5,30.6,30.6,30.5,9039,0.28,30.69,30.65,-0.62,-0.49,0.0,-1.93,0.0,31.9,43.0,43.0,31.9,43.0,-4.08,-28.84,-28.84,4.39,29.07,False,False,False,False,False,False,False,True,False,2026-10-05
2009,2009.TW,@FCC,@FCC,,,TWSE LISTED,Iron & Steel,39.2,39.7,39.7,39.2,1202495,47.14,39.39,39.465,-0.48,-0.67,-0.25,-2.0,0.13,57.2,64.1,76.6,57.2,64.1,-30.59,-38.07,-48.17,31.47,38.85,False,False,False,False,False,False,False,False,False,2026-10-05
2010,2010.TW,@CHUN YUAN STEEL,@CHUN YUAN STEEL,,,TWSE LISTED,Iron & Steel,22.35,22.7,22.7,22.35,907319,20.28,22.57,22.295,-0.97,0.25,-0.89,-2.83,0.0,26.3,26.3,37.55,26.3,26.3,-13.69,-13.69,-39.55,15.02,15.02,False,False,False,False,False,False,False,False,False,2026-10-05
2012,2012.TW,@CHUN YU,@CHUN YU,,,TWSE LISTED,Iron & Steel,14.2,14.25,14.4,14.2,39000,0.55,14.26,14.22,-0.42,-0.14,0.0,-1.39,0.0,18.3,28.0,40.48,18.3,28.0,-21.31,-48.57,-64.42,22.4,49.29,False,False,False,False,False,False,False,False,False,2026-10-05
2013,2013.TW,@CSSC,@CSSC,,,TWSE LISTED,Iron & Steel,41.1,41.6,41.6,41.05,28043,1.15,41.36,41.3,-0.63,-0.48,-0.72,-1.2,0.0,47.0,68.5,81.7,47.0,68.5,-11.49,-39.27,-49.08,12.55,40.0,False,False,False,False,False,False,False,False,False,2026-10-05
2014,2014.TW,@CHUNG HUNG,@CHUNG HUNG,,,TWSE LISTED,Iron & Steel,16.85,17.2,17.2,16.85,2244790,37.82,17.05,16.85,-1.17,0.0,-1.46,-3.16,-0.3,20.9,29.45,64.7,20.9,29.45,-17.7,-41.6,-73.42,19.38,42.78,False,False,False,False,False,False,False,False,False,2026-10-05
2015,2015.TW,@FH,@FH,,,TWSE LISTED,Iron & Steel,63.8,64.0,64.4,63.8,134030,8.55,63.82,64.17,-0.03,-0.58,0.0,-0.62,-1.09,70.6,87.2,99.0,70.6,87.2,-8.78,-26.15,-34.95,9.63,26.83,False,False,False,False,False,False,False,True,False,2026-10-05
2017,2017.TW,@QUINTAIN STEEL,@QUINTAIN STEEL,,,TWSE LISTED,Iron & Steel,8.93,9.07,9.07,8.9,230252,2.06,9.02,8.983,-1.0,-0.59,-1.11,-2.19,-0.67,10.95,16.1,32.05,10.95,16.1,-17.17,-43.66,-71.7,18.45,44.53,False,False,False,False,False,False,False,False,False,2026-10-05
2020,2020.TW,@MAYER PIPE,@MAYER PIPE,,,TWSE LISTED,Iron & Steel,25.25,26.9,26.9,25.25,4660468,117.68,25.87,23.735,-2.4,6.38,-6.13,-5.43,14.25,29.25,35.33,36.88,29.25,35.33,-8.03,-23.87,-27.05,13.68,28.54,False,False,False,False,False,False,False,False,False,2026-10-05
2022,2022.TW,@TYCOONS,@TYCOONS,,,TWSE LISTED,Iron & Steel,7.26,7.3,7.3,7.2,155085,1.13,7.308,7.23,-0.66,0.41,-0.68,-0.95,1.4,9.95,14.3,39.27,9.95,14.3,-26.63,-48.95,-81.41,27.04,49.23,False,False,False,False,False,False,False,False,False,2026-10-05
2023,2023.TW,@YP,@YP,,,TWSE LISTED,Iron & Steel,13.8,14.0,14.0,13.8,680801,9.4,13.76,13.685,0.29,0.84,-0.72,0.36,1.1,16.0,19.56,38.84,16.0,19.56,-12.5,-28.42,-63.96,13.75,29.44,False,False,False,False,False,False,False,False,False,2026-10-05
2024,2024.TW,@CHIH LIEN,@CHIH LIEN,,,TWSE LISTED,Iron & Steel,13.15,13.2,13.2,13.15,4010,0.05,13.07,12.995,0.61,1.19,-0.75,1.94,1.94,17.55,24.4,33.85,17.55,24.4,-24.79,-45.9,-61.0,25.07,46.11,False,False,False,False,False,False,False,False,False,2026-10-05
2025,2025.TW,@CSSSC,@CSSSC,,,TWSE LISTED,Iron & Steel,13.9,14.35,14.35,13.65,1639614,22.79,14.05,13.335,-1.07,4.24,-2.8,-5.12,6.11,15.85,23.86,23.86,15.85,23.86,-9.46,-39.85,-39.85,12.3,41.74,False,False,False,False,False,False,False,False,False,2026-10-05
2027,2027.TW,@TC,@TC,,,TWSE LISTED,Iron & Steel,47.9,48.45,49.3,47.85,10604144,507.94,47.72,47.33,0.38,1.2,-0.31,0.95,0.63,52.3,53.0,53.0,52.3,53.0,-5.74,-6.98,-6.98,8.41,9.62,False,False,False,False,False,False,False,True,True,2026-10-05
2028,2028.TW,@WEI CHIH,@WEI CHIH,,,TWSE LISTED,Iron & Steel,16.8,17.0,17.0,16.6,87400,1.47,16.8,16.375,-0.0,2.6,-0.3,-2.04,2.44,21.9,30.3,67.8,21.9,30.3,-22.37,-43.89,-74.93,23.29,44.55,False,False,False,False,False,False,False,False,False,2026-10-05
2029,2029.TW,@SYSCO,@SYSCO,,,TWSE LISTED,Iron & Steel,21.8,22.15,22.45,21.8,406536,8.86,22.14,21.68,-1.54,0.55,-2.24,-2.9,1.16,22.8,32.15,58.0,22.8,32.15,-1.54,-30.17,-61.29,4.39,32.19,False,False,False,False,False,False,False,True,False,2026-10-05
2030,2030.TW,@FROCH,@FROCH,,,TWSE LISTED,Iron & Steel,36.9,39.75,39.75,36.7,10305739,380.28,36.61,31.81,0.79,16.0,-3.91,0.54,21.38,40.0,40.0,52.8,40.0,40.0,-0.62,-0.62,-24.72,7.75,7.75,False,False,False,False,False,False,False,True,True,2026-10-05
2031,2031.TW,@HKSSTEEL,@HKSSTEEL,,,TWSE LISTED,Iron & Steel,45.8,46.7,46.7,45.8,579508,26.54,46.17,45.76,-0.8,0.09,-1.82,-1.51,-0.65,47.5,70.5,94.6,47.5,70.5,-1.68,-33.76,-50.63,3.58,35.04,False,False,False,False,False,False,False,True,False,2026-10-05
2032,2032.TW,@SINKANG,@SINKANG,,,TWSE LISTED,Iron & Steel,19.0,20.05,20.05,18.95,2387319,45.36,19.77,18.65,-3.89,1.88,-5.24,-6.4,2.43,21.0,22.4,46.5,21.0,22.4,-4.52,-10.49,-56.88,9.52,15.18,False,False,False,False,False,False,False,True,False,2026-10-05
2033,2033.TW,@CHIA TA,@CHIA TA,,,TWSE LISTED,Iron & Steel,51.0,56.3,56.3,49.8,7913452,403.59,45.92,40.885,11.06,24.74,-0.39,20.43,38.59,51.2,51.2,51.2,56.3,56.3,9.96,9.96,9.96,9.41,9.41,False,False,False,False,True,True,True,True,True,2026-10-05
2034,2034.TW,@YC,@YC,,,TWSE LISTED,Iron & Steel,23.5,24.3,24.65,23.4,4666000,109.65,23.86,22.895,-1.51,2.64,-2.08,-5.24,3.07,25.0,28.95,47.3,25.0,28.95,-1.4,-14.85,-47.89,6.0,18.83,False,False,False,False,False,False,False,True,False,2026-10-05
2038,2038.TW,@HAIKWANG,@HAIKWANG,,,TWSE LISTED,Iron & Steel,12.65,12.9,13.0,12.65,313568,3.97,12.87,12.53,-1.71,0.96,-2.32,-4.17,0.8,17.9,23.48,64.71,17.9,23.48,-27.37,-44.63,-79.91,29.33,46.13,False,False,False,False,False,False,False,False,False,2026-10-05
2049,2049.TW,@HIWIN,@HIWIN,,,TWSE LISTED,Electric Machinery,345.5,336.0,357.0,335.5,4697390,1622.95,336.7,333.2,2.61,3.69,3.91,3.13,6.14,426.0,426.0,460.08,426.0,426.0,-16.2,-16.2,-22.41,18.9,18.9,False,False,False,False,False,False,False,False,False,2026-10-05
2059,2059.TW,@KING SLIDE,@KING SLIDE,,,TWSE LISTED,Electronic Parts/Components,13355.0,12500.0,13355.0,12450.0,456246,6093.17,12301.0,12421.0,8.57,7.52,9.96,10.78,8.14,15085.0,15085.0,15085.0,15085.0,15085.0,-11.47,-11.47,-11.47,11.47,11.47,False,False,False,False,False,False,False,False,False,2026-10-05
2062,2062.TW,@SSM,@SSM,,,TWSE LISTED,Household,17.9,18.0,18.1,17.9,123000,2.2,17.99,18.05,-0.5,-0.83,-0.56,-0.83,-1.1,24.4,43.45,46.99,24.4,43.45,-25.82,-58.34,-61.48,26.64,58.8,False,False,False,False,False,False,False,False,False,2026-10-05
2069,2069.TW,@YC,@YC,,,TWSE LISTED,Iron & Steel,24.8,26.15,26.25,24.8,1400929,34.74,25.94,25.46,-4.39,-2.59,-4.43,-7.12,-3.5,27.55,27.55,48.26,27.55,27.55,-4.72,-4.72,-45.61,9.98,9.98,False,False,False,False,False,False,False,True,True,2026-10-05
2072,2072.TW,@CWP,@CWP,,,TWSE LISTED,Green Energy and Environmental Services,129.0,132.0,132.0,128.5,359017,46.31,131.8,130.05,-2.12,-0.81,-3.01,-1.9,1.57,321.0,505.0,505.0,321.0,505.0,-58.88,-73.86,-73.86,59.81,74.46,False,False,False,False,False,False,False,False,False,2026-10-05
2101,2101.TW,@NK,@NK,,,TWSE LISTED,Rubber,28.7,29.4,29.4,28.65,7431564,213.29,29.47,29.83,-2.61,-3.79,-2.05,-4.01,-3.85,38.35,65.2,65.2,38.35,65.2,-23.34,-54.91,-54.91,25.16,55.98,False,False,False,False,False,False,False,False,False,2026-10-05
2102,2102.TW,@FEDERAL CORP,@FEDERAL CORP,,,TWSE LISTED,Rubber,16.4,16.75,16.75,16.4,333023,5.46,16.57,16.68,-1.03,-1.68,-2.09,-0.91,0.31,21.4,24.9,35.35,21.4,24.9,-21.73,-32.73,-52.62,23.36,34.14,False,False,False,False,False,False,False,False,False,2026-10-05
2103,2103.TW,@TSRC,@TSRC,,,TWSE LISTED,Rubber,28.6,28.35,28.8,27.8,3678082,105.19,28.05,27.87,1.96,2.62,1.6,1.6,2.88,29.45,29.45,43.9,29.45,29.45,-2.21,-2.21,-34.4,2.89,2.89,False,False,False,True,False,False,False,True,True,2026-10-05
2104,2104.TW,@CSRC,@CSRC,,,TWSE LISTED,Rubber,11.25,11.25,11.3,11.05,4879471,54.89,11.02,10.965,2.09,2.6,2.27,0.9,0.9,14.8,20.1,40.75,14.8,20.1,-23.65,-43.78,-72.27,23.99,44.03,False,False,False,False,False,False,False,False,False,2026-10-05
2105,2105.TW,@CST,@CST,,,TWSE LISTED,Rubber,30.15,30.75,30.75,30.15,3996821,120.5,30.38,30.215,-0.76,-0.22,-0.99,-1.63,0.17,35.3,62.0,67.1,35.3,62.0,-12.89,-50.4,-54.17,14.59,51.37,False,False,False,False,False,False,False,False,False,2026-10-05
2106,2106.TW,@KENDA,@KENDA,,,TWSE LISTED,Rubber,16.5,16.65,16.65,16.45,740415,12.22,16.58,16.565,-0.48,-0.39,-0.9,-0.9,-0.9,21.15,35.7,49.05,21.15,35.7,-21.28,-53.36,-66.05,21.99,53.78,False,False,False,False,False,False,False,False,False,2026-10-05
2107,2107.TW,@FRG,@FRG,,,TWSE LISTED,Rubber,27.1,27.0,27.15,26.95,252366,6.84,26.96,27.0,0.52,0.37,0.56,0.37,0.56,27.3,28.85,32.83,27.3,28.85,-0.55,-5.89,-17.31,0.73,6.07,False,False,False,True,False,False,False,True,True,2026-10-05
2108,2108.TW,@NANTEX,@NANTEX,,,TWSE LISTED,Rubber,28.1,28.35,28.4,28.1,561667,15.78,28.33,28.515,-0.81,-1.46,-0.53,-2.26,-2.09,32.7,46.5,176.0,32.7,46.5,-13.15,-38.92,-83.86,14.07,39.57,False,False,False,False,False,False,False,False,False,2026-10-05
2109,2109.TW,@HWA FONG,@HWA FONG,,,TWSE LISTED,Rubber,14.25,14.4,14.45,14.25,121100,1.73,14.35,14.585,-0.7,-2.3,-0.7,-1.04,-5.0,15.25,20.95,25.9,15.25,20.95,-5.25,-31.03,-44.21,6.56,31.98,False,False,False,False,False,False,False,True,False,2026-10-05
2114,2114.TW,@HYC,@HYC,,,TWSE LISTED,Rubber,90.0,90.0,90.0,89.8,27050,2.43,89.92,89.84,0.09,0.18,0.0,0.11,0.11,95.3,113.5,149.0,95.3,113.5,-5.56,-20.7,-39.6,5.56,20.7,False,False,False,True,False,False,False,True,False,2026-10-05
2115,2115.TW,@LUHAI,@LUHAI,,,TWSE LISTED,Automobile,23.9,23.75,24.1,23.7,29000,0.69,23.85,23.81,0.21,0.38,0.0,0.0,0.84,27.25,32.9,47.88,27.25,32.9,-11.56,-26.76,-49.66,12.29,27.37,False,False,False,True,False,False,False,False,False,2026-10-05
2201,2201.TW,@YL,@YL,,,TWSE LISTED,Automobile,28.35,28.7,28.85,28.35,2989637,84.76,28.93,29.125,-2.0,-2.66,-1.05,-3.08,-3.08,33.7,91.7,93.25,33.7,91.7,-14.39,-68.54,-69.06,15.88,69.08,False,False,False,False,False,False,False,False,False,2026-10-05
2204,2204.TW,@CMC,@CMC,,,TWSE LISTED,Automobile,51.1,51.8,51.8,50.9,1646121,84.12,51.86,52.24,-1.47,-2.18,-1.16,-2.29,-2.67,60.2,151.0,151.0,60.2,151.0,-13.95,-65.7,-65.7,15.12,66.16,False,False,False,False,False,False,False,False,False,2026-10-05
2206,2206.TW,@SYM,@SYM,,,TWSE LISTED,Automobile,62.6,62.9,63.0,62.0,578213,36.2,62.52,63.09,0.13,-0.78,-0.32,0.81,-0.48,66.7,89.6,99.3,66.7,89.6,-5.55,-29.69,-36.56,6.15,30.13,False,False,True,False,False,False,False,True,False,2026-10-05
2207,2207.TW,@HOTAI MOTOR,@HOTAI 汽车,,,TWSE LISTED,Automobile,510.0,521.0,521.0,510.0,246024,125.47,510.6,516.4,-0.12,-1.24,-0.58,0.2,0.0,585.0,721.0,867.65,585.0,721.0,-10.94,-27.74,-39.95,12.82,29.26,False,False,False,False,False,False,False,False,False,2026-10-05
2208,2208.TW,@CSBC,@CSBC,,,TWSE LISTED,Shipping & Transportation,18.45,18.9,18.95,18.45,5543727,102.28,18.88,19.1,-2.28,-3.4,-2.12,-3.66,-4.9,24.9,30.0,51.84,24.9,30.0,-23.9,-36.83,-63.45,25.9,38.5,False,False,False,False,False,False,False,False,False,2026-10-05
2211,2211.TW,@EGST,@EGST,,,TWSE LISTED,Iron & Steel,79.0,79.5,79.6,79.0,516400,40.8,79.24,79.74,-0.3,-0.93,-0.5,-0.88,-0.75,105.5,158.5,158.5,105.5,158.5,-24.55,-49.78,-49.78,25.12,50.16,False,False,False,False,False,False,False,False,False,2026-10-05
2227,2227.TW,@YNM,@YNM,,,TWSE LISTED,Automobile,44.2,44.4,44.8,44.2,26000,1.15,44.67,44.985,-1.05,-1.75,-0.45,-1.78,-1.78,56.4,192.0,332.0,56.4,192.0,-20.57,-76.67,-86.51,21.63,76.98,False,False,False,False,False,False,False,False,False,2026-10-05
2228,2228.TW,@IRF,@IRF,,,TWSE LISTED,Automobile,74.1,75.0,75.0,73.9,173000,12.82,74.9,74.7,-1.07,-0.8,-1.07,-0.94,-1.2,111.5,131.0,224.5,111.5,131.0,-32.74,-42.75,-66.59,33.54,43.44,False,False,False,False,False,False,False,False,False,2026-10-05
2231,2231.TW,@CUB,@CUB,,,TWSE LISTED,Automobile,92.2,93.5,93.6,91.9,277045,25.54,92.8,92.27,-0.65,-0.08,0.0,-2.64,2.1,148.5,150.5,332.16,148.5,150.5,-36.97,-37.81,-71.82,37.91,38.74,False,False,False,False,False,False,False,False,False,2026-10-05
2233,2233.TW,@TURVO,@TURVO,,,TWSE LISTED,Automobile,169.0,172.0,173.0,168.0,380154,64.25,168.5,165.75,0.3,1.96,-0.59,1.2,3.05,394.0,394.0,394.0,394.0,394.0,-56.09,-56.09,-56.09,57.11,57.11,False,False,False,False,False,False,False,False,False,2026-10-05
2236,2236.TW,@PATEC,@PATEC,,,TWSE LISTED,Automobile,98.0,107.5,107.5,98.0,997584,97.76,106.1,108.7,-7.63,-9.84,-8.84,-10.5,-8.84,189.5,189.5,189.5,189.5,189.5,-43.27,-43.27,-43.27,48.28,48.28,False,False,False,False,False,False,False,False,False,2026-10-05
2239,2239.TW,@CAYMAN ENGLEY,@CAYMAN ENGLEY,,,TWSE LISTED,Automobile,18.5,18.7,19.1,18.35,91000,1.68,18.85,18.875,-1.86,-1.99,-2.37,-2.37,-2.37,38.0,67.9,201.61,38.0,67.9,-49.74,-71.87,-90.53,51.32,72.75,False,False,False,False,False,False,False,False,False,2026-10-05
2241,2241.TW,@AMULAIRE,@AMULAIRE,,,TWSE LISTED,Automobile,46.05,43.55,46.5,43.1,4013005,184.8,44.8,42.41,2.79,8.58,5.26,-0.22,5.62,55.0,55.8,93.34,55.0,55.8,-15.45,-16.67,-50.18,16.27,17.47,False,False,False,False,False,False,False,False,False,2026-10-05
2243,2243.TW,@HS,@HS,,,TWSE LISTED,Automobile,54.5,53.0,56.8,52.3,454002,24.74,52.52,51.98,3.77,4.85,3.22,3.61,8.57,67.8,67.8,69.92,67.8,67.8,-16.22,-16.22,-18.76,19.62,19.62,False,False,False,False,False,False,False,False,False,2026-10-05
2247,2247.TW,@PGUM,@PGUM,,,TWSE LISTED,Automobile,226.0,225.5,226.5,225.0,20010,4.52,225.2,228.0,0.36,-0.88,-0.44,0.67,-1.31,293.5,354.0,427.5,293.5,354.0,-22.83,-36.02,-47.02,23.0,36.16,False,False,True,False,False,False,False,False,False,2026-10-05
2248,2248.TW,@ELAND,@ELAND,,,TWSE LISTED,Automobile,60.7,61.5,61.5,60.0,31000,1.88,61.18,61.22,-0.78,-0.85,-0.49,-0.98,-0.49,70.8,78.0,78.0,70.8,78.0,-13.14,-21.15,-21.15,14.27,22.18,False,False,False,False,False,False,False,False,False,2026-10-05
2250,2250.TW,@IKKA-KY,@IKKA-KY,,,TWSE LISTED,Automobile,55.2,55.7,55.7,55.0,63020,3.48,56.1,56.6,-1.6,-2.47,-1.08,-3.16,-4.17,79.0,153.65,207.07,79.0,153.65,-29.49,-63.75,-73.1,30.13,64.08,False,False,False,False,False,False,False,False,False,2026-10-05
2301,2301.TW,@LTC,@LTC,,,TWSE LISTED,Computer and Peripheral Equipm,298.0,286.0,301.5,285.5,29017048,8647.08,284.9,285.0,4.6,4.56,5.86,6.62,3.83,328.0,328.0,328.0,328.0,328.0,-8.08,-8.08,-8.08,9.15,9.15,False,False,False,False,False,False,False,True,True,2026-10-05
2302,2302.TW,@RECTRON,@RECTRON,,,TWSE LISTED,Semiconductor Industry,49.85,47.35,50.9,47.35,16625234,828.77,46.63,45.72,6.91,9.03,7.2,10.78,8.25,58.1,58.1,58.1,58.1,58.1,-12.39,-12.39,-12.39,14.2,14.2,False,False,False,False,False,False,False,False,False,2026-10-05
2303,2303.TW,@UMC,@UMC,,,TWSE LISTED,Semiconductor Industry,152.5,164.5,165.0,152.0,321068929,48963.01,156.7,157.05,-2.68,-2.9,-5.57,-1.29,-0.97,185.5,185.5,185.5,185.5,185.5,-11.05,-11.05,-11.05,17.79,17.79,False,False,False,False,False,False,False,False,False,2026-10-05
2305,2305.TW,@MII,@MII,,,TWSE LISTED,Computer and Peripheral Equipm,57.8,59.8,60.7,56.6,12643729,730.81,63.54,62.17,-9.03,-7.03,-3.99,-15.87,-8.11,72.5,72.5,72.5,72.5,72.5,-16.28,-16.28,-16.28,20.28,20.28,False,False,False,False,False,False,False,False,False,2026-10-05
2308,2308.TW,@DELTA,@DELTA,,,TWSE LISTED,Electronic Parts/Components,2005.0,1920.0,2010.0,1920.0,15113335,30302.24,1904.0,1884.0,5.3,6.42,6.37,6.08,4.97,2585.0,2585.0,2585.0,2585.0,2585.0,-22.24,-22.24,-22.24,22.44,22.44,False,False,False,False,False,False,False,False,False,2026-10-05
2312,2312.TW,@KINPO,@KINPO,,,TWSE LISTED,Other Electronic Industry,30.7,31.15,31.2,30.7,5660943,173.79,30.9,30.91,-0.65,-0.68,-0.49,-1.76,0.16,44.4,44.4,44.4,44.4,44.4,-29.73,-29.73,-29.73,30.86,30.86,False,False,False,False,False,False,False,False,False,2026-10-05
2313,2313.TW,@COMPEQ,@COMPEQ,,,TWSE LISTED,Electronic Parts/Components,248.5,233.0,248.5,232.0,49591951,12323.6,230.3,227.05,7.9,9.45,9.96,9.71,11.69,305.5,305.5,305.5,305.5,305.5,-18.66,-18.66,-18.66,18.66,18.66,False,False,False,False,False,False,False,False,False,2026-10-05
2314,2314.TW,@MTI,@MTI,,,TWSE LISTED,Communications and Internet,11.1,10.95,11.1,10.95,81659,0.91,11.17,11.12,-0.63,-0.18,0.91,-0.89,1.37,24.1,102.12,224.98,24.1,102.12,-53.94,-89.13,-95.07,53.94,89.13,False,False,False,False,False,False,False,False,False,2026-10-05
2316,2316.TW,@WUS,@WUS,,,TWSE LISTED,Electronic Parts/Components,171.5,172.0,176.0,169.5,2570406,440.82,167.4,162.95,2.45,5.25,0.59,3.31,6.85,248.5,248.5,248.5,248.5,248.5,-29.18,-29.18,-29.18,30.99,30.99,True,True,False,False,False,False,False,False,False,2026-10-05
2317,2317.TW,@HON HAI,@HON HAI,,,TWSE LISTED,Other Electronic Industry,254.0,254.0,256.0,253.5,45308142,11508.27,252.2,252.1,0.71,0.75,1.2,0.99,1.4,314.0,314.0,314.0,314.0,314.0,-18.47,-18.47,-18.47,19.11,19.11,False,False,False,False,False,False,False,False,False,2026-10-05
2321,2321.TW,@TECOM,@TECOM,,,TWSE LISTED,Communications and Internet,25.35,25.5,25.5,25.35,32746,0.83,24.8,25.151,2.22,0.79,-1.93,4.32,1.4,34.56,38.4,164.57,34.56,38.4,-26.21,-33.59,-84.51,26.65,33.98,False,False,False,False,False,False,False,False,False,2026-10-05
2323,2323.TW,@CMC,@CMC,,,TWSE LISTED,Optoelectronic Industry,12.222,12.222,12.222,12.222,0,0.0,12.156,12.072,0.55,1.24,0.0,-0.0,1.85,14.56,16.22,24.91,14.56,16.22,-16.03,-24.66,-50.94,16.03,24.66,False,False,False,False,False,False,False,False,False,2026-10-05
2324,2324.TW,@COMPAL,@COMPAL,,,TWSE LISTED,Computer and Peripheral Equipm,35.8,36.6,36.6,35.8,43031044,1540.51,36.36,36.745,-1.54,-2.57,-1.1,-3.5,-1.92,47.75,47.75,47.75,47.75,47.75,-23.35,-23.35,-23.35,25.03,25.03,False,False,False,False,False,False,False,False,False,2026-10-05
2327,2327.TW,@YAGEO,@YAGEO,,,TWSE LISTED,Electronic Parts/Components,626.0,649.0,658.0,626.0,59786859,37426.57,590.0,578.1,6.1,8.29,0.0,14.23,7.93,1220.0,1220.0,1220.0,1220.0,1220.0,-46.07,-46.07,-46.07,48.69,48.69,False,False,False,False,False,False,False,False,False,2026-10-05
2328,2328.TW,@PI,@PI,,,TWSE LISTED,Electronic Parts/Components,48.3,48.3,48.55,47.95,2582695,124.74,47.71,47.38,1.24,1.94,0.73,1.58,2.77,64.5,64.5,64.5,64.5,64.5,-24.73,-24.73,-24.73,25.12,25.12,True,False,False,False,False,False,False,False,False,2026-10-05
2329,2329.TW,@OSE,@OSE,,,TWSE LISTED,Semiconductor Industry,45.0,46.0,46.25,45.0,4084462,183.8,44.59,44.335,0.92,1.5,0.0,0.45,1.35,71.1,88.4,88.4,71.1,88.4,-34.95,-47.68,-47.68,36.71,49.1,False,False,False,False,False,False,False,False,False,2026-10-05
2330,2330.TW,@TSMC,@TSMC,,,TWSE LISTED,Semiconductor Industry,2575.0,2550.0,2580.0,2545.0,24042447,61909.3,2508.0,2491.5,2.67,3.35,3.0,3.83,4.04,2535.0,2535.0,2535.0,2580.0,2580.0,1.78,1.78,1.78,0.19,0.19,False,False,False,False,True,True,True,True,True,2026-10-05
2331,2331.TW,@ECS,@ECS,,,TWSE LISTED,Computer and Peripheral Equipm,18.8,19.2,19.35,18.8,926000,17.41,18.98,19.025,-0.95,-1.18,-1.31,-2.08,-0.27,30.35,41.45,41.45,30.35,41.45,-36.24,-53.32,-53.32,38.06,54.64,False,False,False,False,False,False,False,False,False,2026-10-05
2332,2332.TW,@D-LINK,@D-LINK,,,TWSE LISTED,Communications and Internet,20.15,20.7,20.7,20.0,7122746,143.52,20.29,20.215,-0.69,-0.32,-1.47,-2.18,0.25,26.45,28.6,33.48,26.45,28.6,-21.74,-27.62,-38.17,23.82,29.55,False,False,False,False,False,False,False,False,False,2026-10-05
2337,2337.TW,@MACRONIX,@MACRONIX,,,TWSE LISTED,Semiconductor Industry,121.5,122.5,122.5,119.5,24076011,2925.24,121.1,120.05,0.33,1.21,-0.41,-0.82,3.85,192.0,192.0,192.0,192.0,192.0,-36.2,-36.2,-36.2,36.72,36.72,False,False,False,True,False,False,False,False,False,2026-10-05
2338,2338.TW,@TMC,@TMC,,,TWSE LISTED,Semiconductor Industry,48.2,50.3,50.3,48.2,7607019,366.66,47.89,47.94,0.65,0.54,-2.92,1.9,2.34,61.4,85.2,117.0,61.4,85.2,-18.08,-40.96,-57.01,21.5,43.43,False,False,False,False,False,False,False,False,False,2026-10-05
2340,2340.TW,@TASC,@TASC,,,TWSE LISTED,Semiconductor Industry,50.3,46.7,50.3,46.5,21309573,1071.87,43.74,39.02,15.0,28.91,9.95,23.28,45.59,47.2,51.0,80.4,50.3,51.0,6.57,-1.37,-37.44,0.0,1.37,True,True,False,False,True,False,False,True,True,2026-10-05
2342,2342.TW,@MVI,@MVI,,,TWSE LISTED,Semiconductor Industry,49.4,51.3,52.2,49.0,10696263,528.4,50.09,46.92,-1.38,5.29,-3.7,-1.79,2.49,63.9,63.9,63.9,63.9,63.9,-18.31,-18.31,-18.31,22.69,22.69,False,False,False,False,False,False,False,False,False,2026-10-05
2344,2344.TW,@WEC,@WEC,,,TWSE LISTED,Semiconductor Industry,181.0,177.5,181.0,174.0,89337515,16170.09,178.7,176.2,1.29,2.72,1.12,0.84,5.54,233.5,233.5,233.5,233.5,233.5,-22.48,-22.48,-22.48,22.48,22.48,False,False,False,True,False,False,False,False,False,2026-10-05
2345,2345.TW,@ACCTON,@ACCTON,,,TWSE LISTED,Communications and Internet,2075.0,2070.0,2110.0,2015.0,5802558,12040.31,1905.0,1892.0,8.92,9.67,5.6,16.9,9.5,2825.0,2825.0,2825.0,2825.0,2825.0,-25.31,-25.31,-25.31,26.55,26.55,True,False,False,False,False,False,False,False,False,2026-10-05
2347,2347.TW,@SYNNEX,@SYNNEX,,,TWSE LISTED,Electronic Products Distributi,97.0,98.7,98.7,96.3,3023092,293.24,95.78,93.84,1.27,3.37,-0.1,2.21,2.65,100.0,100.0,100.0,100.0,100.0,-1.3,-1.3,-1.3,3.0,3.0,False,False,False,False,False,False,False,True,True,2026-10-05
2348,2348.TW,@HIYES,@HIYES,,,TWSE LISTED,Others,69.9,70.6,70.6,69.7,454607,31.78,70.4,71.67,-0.71,-2.47,-0.99,-0.99,-2.92,85.24,319.05,319.05,85.24,319.05,-17.17,-77.87,-77.87,17.99,78.09,False,False,False,False,False,False,False,False,False,2026-10-05
2349,2349.TW,@RITEK,@RITEK,,,TWSE LISTED,Optoelectronic Industry,10.35,10.6,10.6,10.35,2006428,20.77,10.49,10.425,-1.33,-0.72,-1.43,-3.27,0.0,17.1,21.9,50.05,17.1,21.9,-38.01,-51.6,-78.82,39.47,52.74,False,False,False,False,False,False,False,False,False,2026-10-05
2351,2351.TW,@SDI,@SDI,,,TWSE LISTED,Semiconductor Industry,222.0,213.5,226.5,212.5,5907304,1311.42,214.1,223.25,3.69,-0.56,4.96,6.22,1.14,257.0,257.0,257.0,257.0,257.0,-11.87,-11.87,-11.87,13.62,13.62,False,False,False,False,False,False,False,False,False,2026-10-05
2352,2352.TW,@QISDA,@QISDA,,,TWSE LISTED,Computer and Peripheral Equipm,28.95,29.4,29.8,28.95,4914964,142.29,29.18,29.21,-0.79,-0.89,-0.86,-2.36,-0.17,36.3,60.91,79.02,36.3,60.91,-17.91,-51.08,-62.29,20.25,52.47,False,False,False,False,False,False,False,False,False,2026-10-05
2353,2353.TW,@ACER,@ACER,,,TWSE LISTED,Computer and Peripheral Equipm,31.4,31.75,32.0,31.4,11968241,375.8,31.54,31.65,-0.44,-0.79,0.0,-0.79,-1.1,44.2,60.5,60.5,44.2,60.5,-27.6,-47.11,-47.11,28.96,48.1,False,False,False,False,False,False,False,False,False,2026-10-05
2354,2354.TW,@FTC,@FTC,,,TWSE LISTED,Other Electronic Industry,64.4,66.3,66.9,64.2,14754434,950.19,65.42,65.51,-1.56,-1.69,-1.98,-1.98,-2.28,69.5,99.9,102.0,69.5,99.9,-3.74,-33.03,-34.41,7.34,35.54,False,False,False,False,False,False,False,True,False,2026-10-05
2355,2355.TW,@CHIN-POON,@CHIN-POON,,,TWSE LISTED,Electronic Parts/Components,44.65,44.0,45.0,43.45,6749879,301.38,42.53,41.975,4.98,6.37,3.12,6.82,7.07,71.0,71.0,71.0,71.0,71.0,-36.62,-36.62,-36.62,37.11,37.11,False,False,False,False,False,False,False,False,False,2026-10-05
2356,2356.TW,@INVENTEC,@INVENTEC,,,TWSE LISTED,Computer and Peripheral Equipm,58.3,59.5,59.6,58.3,14698738,856.94,59.14,60.13,-1.42,-3.04,-1.19,-2.02,-2.67,88.6,88.6,88.6,88.6,88.6,-32.73,-32.73,-32.73,34.2,34.2,False,False,False,False,False,False,False,False,False,2026-10-05
2357,2357.TW,@ASUSTEK,@ASUSTEK,,,TWSE LISTED,Computer and Peripheral Equipm,995.0,975.0,995.0,968.0,2641040,2627.83,969.2,961.6,2.66,3.47,3.43,3.54,4.41,1030.0,1030.0,1030.0,1030.0,1030.0,-3.4,-3.4,-3.4,3.4,3.4,False,False,False,False,False,False,False,True,True,2026-10-05
2359,2359.TW,@SOLOMON,@SOLOMON,,,TWSE LISTED,Other Electronic Industry,127.0,130.5,131.5,127.0,2264053,287.53,128.1,128.8,-0.86,-1.4,-1.17,-1.17,-0.39,183.0,187.5,187.5,183.0,187.5,-28.14,-29.87,-29.87,30.6,32.27,False,False,False,False,False,False,False,False,False,2026-10-05
2360,2360.TW,@CHROMA,@CHROMA,,,TWSE LISTED,Other Electronic Industry,2325.0,2225.0,2355.0,2215.0,2837089,6596.23,2183.0,2264.0,6.5,2.69,6.16,8.9,1.31,2795.0,2795.0,2795.0,2795.0,2795.0,-15.74,-15.74,-15.74,16.82,16.82,False,False,False,True,False,False,False,False,False,2026-10-05
2362,2362.TW,@CLEVO CO.,@CLEVO CO.,,,TWSE LISTED,Computer and Peripheral Equipm,46.25,46.75,47.1,46.25,619477,28.65,46.62,47.295,-0.79,-2.21,-0.86,-1.39,-2.84,52.1,69.3,69.3,52.1,69.3,-9.6,-32.03,-32.03,11.23,33.26,False,False,False,False,False,False,False,False,False,2026-10-05
2363,2363.TW,@SIS,@SIS,,,TWSE LISTED,Semiconductor Industry,59.6,62.4,62.6,59.6,10006379,596.38,60.18,59.18,-0.96,0.71,-4.49,0.85,1.53,76.1,116.92,116.92,76.1,116.92,-17.74,-46.46,-46.46,21.68,49.03,False,False,False,False,False,False,False,False,False,2026-10-05
2364,2364.TW,@TWINHEAD,@TWINHEAD,,,TWSE LISTED,Computer and Peripheral Equipm,64.8,65.4,65.4,64.5,172180,11.16,65.02,65.67,-0.34,-1.32,-1.07,-0.31,-1.37,81.64,86.34,86.34,81.64,86.34,-19.89,-24.25,-24.25,20.62,24.95,False,False,False,False,False,False,False,False,False,2026-10-05
2365,2365.TW,@KYE,@KYE,,,TWSE LISTED,Computer and Peripheral Equipm,28.0,28.65,28.65,27.9,1053503,29.5,28.21,28.37,-0.74,-1.3,-1.41,-1.23,-0.71,44.0,71.3,71.3,44.0,71.3,-34.89,-59.82,-59.82,36.36,60.73,False,False,False,False,False,False,False,False,False,2026-10-05
2367,2367.TW,@UNITECH,@UNITECH,,,TWSE LISTED,Electronic Parts/Components,49.65,46.1,49.65,45.55,31209800,1549.57,44.79,43.185,10.85,14.97,9.97,14.01,19.06,82.5,82.5,82.5,82.5,82.5,-39.82,-39.82,-39.82,39.82,39.82,False,False,False,False,False,False,False,False,False,2026-10-05
2368,2368.TW,@GCE,@GCE,,,TWSE LISTED,Electronic Parts/Components,1215.0,1160.0,1215.0,1160.0,6678770,8114.71,1131.0,1100.5,7.43,10.4,9.95,8.48,9.95,1580.0,1580.0,1580.0,1580.0,1580.0,-23.1,-23.1,-23.1,23.1,23.1,False,False,False,False,False,False,False,False,False,2026-10-05
2369,2369.TW,@LPI,@LPI,,,TWSE LISTED,Semiconductor Industry,31.6,32.5,32.65,31.55,4046358,127.86,31.81,31.655,-0.66,-0.17,-1.1,-1.71,1.12,45.7,45.7,45.7,45.7,45.7,-28.56,-28.56,-28.56,30.85,30.85,False,False,False,False,False,False,False,False,False,2026-10-05
2371,2371.TW,@TATUNG COMPANY,@TATUNG COMPANY,,,TWSE LISTED,Electric Machinery,30.15,31.5,31.5,30.15,18527289,558.6,30.31,29.805,-0.53,1.16,-3.05,-0.99,4.51,44.5,76.32,76.32,44.5,76.32,-29.21,-58.72,-58.72,32.25,60.49,False,False,False,False,False,False,False,False,False,2026-10-05
2373,2373.TW,@AURORA,@AURORA,,,TWSE LISTED,Other Electronic Industry,52.5,52.5,52.7,52.2,21644,1.14,52.66,52.85,-0.3,-0.66,0.19,-0.76,-0.57,59.0,77.0,119.0,59.0,77.0,-10.68,-31.56,-55.71,11.02,31.82,False,False,False,False,False,False,False,False,False,2026-10-05
2374,2374.TW,@ABILITY,@ABILITY,,,TWSE LISTED,Optoelectronic Industry,66.5,67.7,67.9,66.5,1700811,113.1,66.74,66.74,-0.36,-0.36,-0.89,-1.04,0.3,97.15,101.0,101.0,97.15,101.0,-30.11,-32.77,-32.77,31.55,34.16,False,False,False,False,False,False,False,False,False,2026-10-05
2375,2375.TW,@KAIMEI,@KAIMEI,,,TWSE LISTED,Electronic Parts/Components,126.0,130.0,130.5,125.0,3643565,459.09,122.4,120.4,2.94,4.65,0.0,6.78,7.23,237.0,237.0,237.0,237.0,237.0,-44.94,-44.94,-44.94,46.84,46.84,False,False,False,False,False,False,False,False,False,2026-10-05
2376,2376.TW,@GIGABYTE,@GIGABYTE,,,TWSE LISTED,Computer and Peripheral Equipm,388.5,377.0,394.0,375.5,11011298,4277.89,370.2,366.8,4.94,5.92,4.02,8.37,7.47,402.0,402.0,402.0,402.0,402.0,-1.99,-1.99,-1.99,3.36,3.36,True,False,False,False,False,False,False,True,True,2026-10-05
2377,2377.TW,@MSI,@MSI,,,TWSE LISTED,Computer and Peripheral Equipm,155.0,156.0,159.0,154.5,6851434,1061.97,152.9,152.85,1.37,1.41,0.0,2.65,2.31,173.5,210.0,216.5,173.5,210.0,-8.36,-24.29,-26.56,10.66,26.19,False,False,False,False,False,False,False,False,False,2026-10-05
2379,2379.TW,@RT,@RT,,,TWSE LISTED,Semiconductor Industry,755.0,760.0,766.0,747.0,2005132,1513.87,758.2,752.3,-0.42,0.36,0.13,-0.66,0.8,970.0,970.0,970.0,970.0,970.0,-21.03,-21.03,-21.03,22.16,22.16,False,False,False,False,False,False,False,False,False,2026-10-05
2380,2380.TW,@AVISION,@AVISION,,,TWSE LISTED,Computer and Peripheral Equipm,16.6,17.0,17.0,16.5,44970,0.75,16.8,16.78,-1.19,-1.07,-1.48,-2.35,-1.19,26.5,35.43,64.95,26.5,35.43,-35.85,-52.02,-73.83,37.36,53.15,False,False,False,False,False,False,False,False,False,2026-10-05
2382,2382.TW,@QCI,@QCI,,,TWSE LISTED,Computer and Peripheral Equipm,331.0,335.0,336.0,330.0,13259625,4388.94,333.4,337.65,-0.72,-1.97,-0.3,-0.75,-2.22,438.0,438.0,438.0,438.0,438.0,-23.29,-23.29,-23.29,24.43,24.43,False,False,False,False,False,False,False,False,False,2026-10-05
2383,2383.TW,@EMC,@EMC,,,TWSE LISTED,Electronic Parts/Components,5700.0,5630.0,5700.0,5600.0,983024,5603.24,5143.0,5043.0,10.83,13.03,9.93,15.5,12.87,6470.0,6470.0,6470.0,6470.0,6470.0,-11.9,-11.9,-11.9,11.9,11.9,True,False,False,False,False,False,False,False,False,2026-10-05
2385,2385.TW,@CHICONY,@CHICONY,,,TWSE LISTED,Electronic Parts/Components,105.0,105.0,106.5,104.5,4104410,430.96,104.8,104.8,0.19,0.19,0.48,0.48,0.48,149.5,267.0,267.0,149.5,267.0,-28.76,-60.11,-60.11,29.77,60.67,False,False,False,True,False,False,False,False,False,2026-10-05
2387,2387.TW,@SUNREX,@SUNREX,,,TWSE LISTED,Computer and Peripheral Equipm,36.15,36.5,36.5,36.05,299200,10.82,36.38,36.685,-0.63,-1.46,-0.96,-0.82,-1.36,47.0,73.4,78.0,47.0,73.4,-22.34,-50.27,-53.21,23.09,50.75,False,False,False,False,False,False,False,False,False,2026-10-05
2388,2388.TW,@VIA,@VIA,,,TWSE LISTED,Semiconductor Industry,71.8,74.1,74.2,71.7,2715143,194.95,72.5,71.39,-0.97,0.57,-1.91,-1.64,2.43,91.3,182.5,182.5,91.3,182.5,-18.73,-59.34,-59.34,21.36,60.66,False,False,False,False,False,False,False,False,False,2026-10-05
2390,2390.TW,@EVERSPRING,@EVERSPRING,,,TWSE LISTED,Other Electronic Industry,10.05,10.2,10.2,10.0,495314,4.98,10.17,10.17,-1.18,-1.18,-0.99,-2.43,-0.5,14.25,17.8,37.83,14.25,17.8,-28.42,-42.7,-73.04,29.47,43.54,False,False,False,False,False,False,False,False,False,2026-10-05
2392,2392.TW,@FOXLINK,@FOXLINK,,,TWSE LISTED,Electronic Parts/Components,41.55,41.6,42.5,41.5,2099769,87.25,41.4,42.095,0.36,-1.29,0.36,-0.12,-0.72,48.6,95.4,95.4,48.6,95.4,-12.55,-55.45,-55.45,14.51,56.45,False,False,False,False,False,False,False,False,False,2026-10-05
2393,2393.TW,@EVERLIGHT,@EVERLIGHT,,,TWSE LISTED,Optoelectronic Industry,67.0,66.2,67.9,65.4,3661248,245.3,65.0,64.28,3.08,4.23,2.45,3.88,5.68,75.0,90.2,90.2,75.0,90.2,-9.47,-24.72,-24.72,10.67,25.72,False,False,False,False,False,False,False,False,False,2026-10-05
2395,2395.TW,@ADVANTECH,@ADVANTECH,,,TWSE LISTED,Computer and Peripheral Equipm,740.0,735.0,746.0,725.0,2439863,1805.5,727.0,715.7,1.79,3.4,3.35,1.93,2.49,754.0,754.0,754.0,754.0,754.0,-1.06,-1.06,-1.06,1.86,1.86,False,False,False,False,False,False,False,True,True,2026-10-05
2397,2397.TW,@DFI INC.,@DFI INC.,,,TWSE LISTED,Computer and Peripheral Equipm,64.4,65.4,66.8,64.2,545259,35.11,63.42,62.71,1.55,2.69,1.26,2.22,3.54,69.7,95.7,95.7,69.7,95.7,-4.16,-30.2,-30.2,7.6,32.71,True,False,False,False,False,False,False,True,False,2026-10-05
2399,2399.TW,@BIOSTAR,@BIOSTAR,,,TWSE LISTED,Computer and Peripheral Equipm,48.6,51.5,51.7,48.5,9719589,472.37,49.85,48.905,-2.51,-0.62,-5.08,-0.72,2.75,57.5,57.5,57.5,57.5,57.5,-10.09,-10.09,-10.09,15.48,15.48,False,False,False,False,False,False,False,False,False,2026-10-05
2401,2401.TW,@SUNPLUS,@SUNPLUS,,,TWSE LISTED,Semiconductor Industry,26.65,28.0,28.0,26.5,6344219,169.07,26.72,26.23,-0.26,1.6,-2.38,-0.37,4.31,35.65,39.5,47.55,35.65,39.5,-21.46,-29.11,-41.11,25.25,32.53,False,False,False,False,False,False,False,False,False,2026-10-05
2402,2402.TW,@ICHIA,@ICHIA,,,TWSE LISTED,Electronic Parts/Components,59.0,59.8,59.9,58.0,2070636,122.17,58.14,56.13,1.48,5.11,-0.17,0.85,7.66,85.0,85.0,85.0,85.0,85.0,-29.53,-29.53,-29.53,30.59,30.59,False,False,False,False,False,False,False,False,False,2026-10-05
2404,2404.TW,@UIS,@UIS,,,TWSE LISTED,Other Electronic Industry,1310.0,1300.0,1325.0,1280.0,1799987,2357.98,1282.0,1234.0,2.18,6.16,1.95,1.55,1.95,1450.0,1450.0,1450.0,1450.0,1450.0,-8.62,-8.62,-8.62,9.66,9.66,False,False,False,False,False,False,False,True,True,2026-10-05
2405,2405.TW,@SHUTTLE,@SHUTTLE,,,TWSE LISTED,Computer and Peripheral Equipm,15.15,15.5,15.5,15.1,1236503,18.73,15.24,15.17,-0.59,-0.13,-1.3,-0.66,0.66,21.8,30.6,30.6,21.8,30.6,-28.9,-49.35,-49.35,30.5,50.49,False,False,False,False,False,False,False,False,False,2026-10-05
2406,2406.TW,@GSC,@GSC,,,TWSE LISTED,Optoelectronic Industry,31.45,31.5,31.85,30.85,9096244,286.08,31.16,30.435,0.93,3.33,0.8,0.0,3.11,45.95,45.95,45.95,45.95,45.95,-30.69,-30.69,-30.69,31.56,31.56,False,False,False,False,False,False,False,False,False,2026-10-05
2408,2408.TW,@NTC,@NTC,,,TWSE LISTED,Semiconductor Industry,530.0,521.0,534.0,512.0,41056234,21759.8,520.0,515.6,1.92,2.79,0.76,2.12,5.37,569.0,569.0,569.0,569.0,569.0,-6.15,-6.15,-6.15,6.85,6.85,False,False,False,True,False,False,False,True,True,2026-10-05
2409,2409.TW,@AUO,@AUO,,,TWSE LISTED,Optoelectronic Industry,39.05,41.55,43.55,39.0,960266848,37498.42,38.28,36.065,2.01,8.28,-3.46,1.3,14.18,40.85,40.85,44.44,43.55,43.55,6.61,6.61,-2.0,10.33,10.33,False,False,False,False,True,True,False,False,False,2026-10-05
2412,2412.TW,@CHT,@CHT,,,TWSE LISTED,Communications and Internet,145.5,147.0,147.0,144.0,8432877,1226.98,144.9,145.0,0.41,0.34,-0.34,1.39,0.34,147.0,147.0,147.0,147.0,147.0,0.0,0.0,0.0,1.02,1.02,False,False,False,True,False,False,False,True,True,2026-10-05
2413,2413.TW,@UMEC,@UMEC,,,TWSE LISTED,Electronic Parts/Components,55.3,53.1,56.2,51.9,8285593,458.19,52.32,52.52,5.7,5.29,5.74,7.59,7.8,67.3,67.3,67.3,67.3,67.3,-16.49,-16.49,-16.49,17.83,17.83,True,False,False,True,False,False,False,False,False,2026-10-05
2414,2414.TW,@UT,@UT,,,TWSE LISTED,Electronic Products Distributi,53.1,53.2,53.2,52.5,145011,7.7,53.1,53.08,-0.0,0.04,0.57,-0.38,0.38,67.7,67.7,67.7,67.7,67.7,-21.42,-21.42,-21.42,21.57,21.57,False,False,False,False,False,False,False,False,False,2026-10-05
2415,2415.TW,@CX TECH,@CX TECH,,,TWSE LISTED,Electronic Parts/Components,27.9,27.55,28.05,27.5,168842,4.71,27.4,27.22,1.82,2.5,1.82,2.57,3.33,38.47,38.47,51.28,38.47,38.47,-27.1,-27.1,-45.3,27.49,27.49,True,False,False,False,False,False,False,False,False,2026-10-05
2417,2417.TW,@AVERMEDIA,@AVERMEDIA,,,TWSE LISTED,Computer and Peripheral Equipm,38.5,39.2,39.3,38.5,508705,19.59,38.89,39.0,-1.0,-1.28,-1.28,-2.04,-1.41,58.8,61.2,106.75,58.8,61.2,-33.16,-35.78,-63.19,34.52,37.09,False,False,False,False,False,False,False,False,False,2026-10-05
2419,2419.TW,@H.T.,@H.T.,,,TWSE LISTED,Communications and Internet,27.6,28.15,28.25,27.35,3159561,87.2,28.93,29.01,-4.6,-4.86,-5.8,-7.07,-3.66,39.85,41.6,56.5,39.85,41.6,-29.11,-32.09,-50.0,30.74,33.65,False,False,False,False,False,False,False,False,False,2026-10-05
2420,2420.TW,@ZIPPY,@ZIPPY,,,TWSE LISTED,Electronic Parts/Components,57.7,58.3,59.0,57.6,407205,23.5,56.56,55.13,2.02,4.66,-0.86,4.91,7.05,66.1,80.0,80.0,66.1,80.0,-10.74,-26.25,-26.25,12.71,27.87,False,False,False,False,False,False,False,False,False,2026-10-05
2421,2421.TW,@SUNON,@SUNON,,,TWSE LISTED,Electronic Parts/Components,169.5,167.0,172.0,167.0,3536920,599.51,164.7,165.4,2.91,2.48,2.11,5.61,1.5,184.0,195.0,195.0,184.0,195.0,-6.52,-11.79,-11.79,7.88,13.08,True,False,False,False,False,False,False,True,False,2026-10-05
2423,2423.TW,@GW,@GW,,,TWSE LISTED,Other Electronic Industry,72.6,73.1,73.8,72.0,83000,6.03,72.02,72.8,0.81,-0.27,1.11,0.69,0.41,87.9,87.9,87.9,87.9,87.9,-16.04,-16.04,-16.04,17.41,17.41,False,False,False,False,False,False,False,False,False,2026-10-05
2424,2424.TW,@LUNG HWA,@LUNG HWA,,,TWSE LISTED,Communications and Internet,8.6,8.28,8.88,8.27,43000,0.37,8.32,8.242,3.37,4.34,2.14,3.61,4.88,43.75,111.0,111.0,43.75,111.0,-79.7,-92.0,-92.0,80.34,92.25,False,False,True,False,False,False,False,False,False,2026-10-05
2425,2425.TW,@CHAINTECH,@CHAINTECH,,,TWSE LISTED,Computer and Peripheral Equipm,37.25,38.3,38.3,37.25,515000,19.18,37.59,37.43,-0.9,-0.48,-1.97,-0.67,0.81,52.9,53.1,62.0,52.9,53.1,-27.6,-27.87,-38.23,29.58,29.85,False,False,False,False,False,False,False,False,False,2026-10-05
2426,2426.TW,@TYNTEK,@TYNTEK,,,TWSE LISTED,Optoelectronic Industry,114.0,108.0,114.0,108.0,27138927,3093.84,104.96,102.01,8.61,11.75,9.62,9.62,17.65,111.5,111.5,111.5,114.0,114.0,2.24,2.24,2.24,0.0,0.0,False,False,False,False,True,True,True,True,True,2026-10-05
2427,2427.TW,@MDS,@MDS,,,TWSE LISTED,Information Service Industry,22.8,23.5,23.5,22.6,835865,19.06,23.22,23.42,-1.81,-2.65,-2.56,-2.36,-2.56,27.55,38.8,38.8,27.55,38.8,-14.7,-39.43,-39.43,17.24,41.24,False,False,False,False,False,False,False,False,False,2026-10-05
2428,2428.TW,@THINKING,@THINKING,,,TWSE LISTED,Electronic Parts/Components,262.0,268.0,269.5,261.5,1233247,323.11,257.8,257.2,1.63,1.87,-0.38,4.17,2.75,363.5,363.5,363.5,363.5,363.5,-25.86,-25.86,-25.86,27.92,27.92,False,False,False,False,False,False,False,False,False,2026-10-05
2429,2429.TW,@PWT,@PWT,,,TWSE LISTED,Optoelectronic Industry,30.05,30.65,30.65,30.05,374130,11.24,30.61,30.86,-1.83,-2.62,-1.96,-2.91,-1.48,80.9,157.5,157.5,80.9,157.5,-62.11,-80.54,-80.54,62.86,80.92,False,False,False,False,False,False,False,False,False,2026-10-05
2430,2430.TW,@TKE,@TKE,,,TWSE LISTED,Electronic Products Distributi,17.5,17.95,17.95,17.5,49049,0.86,17.98,18.06,-2.67,-3.1,-2.51,-4.11,-4.11,23.35,41.0,74.83,23.35,41.0,-23.13,-56.22,-76.01,25.05,57.32,False,False,False,False,False,False,False,False,False,2026-10-05
2431,2431.TW,@LIEN CHANG,@LIEN CHANG,,,TWSE LISTED,Electronic Parts/Components,10.0,10.15,10.15,10.0,72000,0.72,10.09,10.125,-0.89,-1.23,-1.48,-1.48,-0.5,17.65,21.25,21.25,17.65,21.25,-42.49,-52.24,-52.24,43.34,52.94,False,False,False,False,False,False,False,False,False,2026-10-05
2433,2433.TW,@HUXEN,@HUXEN,,,TWSE LISTED,Other Electronic Industry,40.0,40.0,40.0,39.9,32025,1.28,40.13,40.24,-0.32,-0.6,0.0,-1.11,-0.25,47.6,54.0,57.3,47.6,54.0,-15.97,-25.93,-30.19,15.97,25.93,False,False,False,False,False,False,False,False,False,2026-10-05
2434,2434.TW,@MOSPEC,@MOSPEC,,,TWSE LISTED,Semiconductor Industry,61.2,63.2,64.9,61.2,424020,25.95,63.46,63.93,-3.56,-4.27,-2.86,-6.42,-6.13,90.8,90.8,101.33,90.8,90.8,-28.52,-28.52,-35.95,32.6,32.6,False,False,False,False,False,False,False,False,False,2026-10-05
2436,2436.TW,@WELTREND,@WELTREND,,,TWSE LISTED,Semiconductor Industry,73.2,76.6,77.0,73.2,7169639,524.82,74.72,72.45,-2.03,1.04,-3.68,-1.74,1.1,84.4,84.4,115.5,84.4,84.4,-8.77,-8.77,-33.33,13.27,13.27,False,False,False,False,False,False,False,False,False,2026-10-05
2438,2438.TW,@ENLIGHT,@ENLIGHT,,,TWSE LISTED,Optoelectronic Industry,20.1,19.75,20.1,19.4,99000,1.99,19.93,20.05,0.85,0.25,0.5,1.01,3.08,29.15,86.1,86.1,29.15,86.1,-31.05,-76.66,-76.66,31.05,76.66,True,True,False,True,False,False,False,False,False,2026-10-05
2439,2439.TW,@MERRY,@MERRY,,,TWSE LISTED,Communications and Internet,75.3,76.4,76.5,75.0,1501323,113.05,76.58,77.4,-1.67,-2.71,-0.53,-2.59,-3.71,110.5,148.5,253.27,110.5,148.5,-30.77,-48.48,-69.8,31.86,49.29,False,False,False,False,False,False,False,False,False,2026-10-05
2440,2440.TW,@SPACE SHUTTLE,@SPACE SHUTTLE,,,TWSE LISTED,Electronic Parts/Components,14.5,14.55,14.65,14.4,292308,4.24,14.4,14.385,0.69,0.8,-0.34,0.69,1.05,22.55,22.55,30.6,22.55,22.55,-35.03,-35.03,-52.12,35.7,35.7,False,False,False,False,False,False,False,False,False,2026-10-05
2441,2441.TW,@GTK,@GTK,,,TWSE LISTED,Semiconductor Industry,124.0,128.5,129.0,123.5,3359134,416.53,124.5,124.95,-0.4,-0.76,-1.98,-1.2,0.0,156.0,156.0,156.0,156.0,156.0,-17.31,-17.31,-17.31,20.51,20.51,False,False,False,False,False,False,False,False,False,2026-10-05
2442,2442.TW,@JEAN,@JEAN,,,TWSE LISTED,Building Material&Construction,14.0,14.3,14.3,13.95,1291940,18.09,14.25,14.395,-1.75,-2.74,-1.41,-2.78,-2.1,23.9,34.4,34.4,23.9,34.4,-40.17,-58.44,-58.44,41.42,59.31,False,False,False,False,False,False,False,False,False,2026-10-05
2444,2444.TW,@ABOCOM,@ABOCOM,,,TWSE LISTED,Communications and Internet,16.2,17.4,17.8,16.0,5495205,89.02,15.73,14.94,2.99,8.43,-1.82,1.89,9.46,16.5,19.7,43.0,17.8,19.7,7.88,-9.64,-58.6,8.99,17.77,False,False,False,False,True,False,False,True,False,2026-10-05
2449,2449.TW,@KYEC,@KYEC,,,TWSE LISTED,Semiconductor Industry,294.0,300.5,303.5,294.0,17828037,5241.44,294.9,299.95,-0.31,-1.98,-0.51,-0.17,-5.47,350.0,350.0,350.0,350.0,350.0,-13.29,-13.29,-13.29,16.0,16.0,False,False,False,False,False,False,False,False,False,2026-10-05
2450,2450.TW,@SENAO,@SENAO,,,TWSE LISTED,Communications and Internet,28.15,28.3,28.3,28.15,107100,3.01,28.21,28.25,-0.21,-0.35,-0.18,-0.18,-0.35,32.0,40.8,59.3,32.0,40.8,-11.56,-30.64,-52.28,12.03,31.0,False,False,False,False,False,False,False,False,False,2026-10-05
2451,2451.TW,@TRANSCEND,@TRANSCEND,,,TWSE LISTED,Semiconductor Industry,289.5,290.0,292.0,284.0,1806159,522.88,288.8,286.7,0.24,0.98,-0.17,0.17,1.76,383.0,383.0,383.0,383.0,383.0,-23.76,-23.76,-23.76,24.41,24.41,False,False,False,True,False,False,False,False,False,2026-10-05
2453,2453.TW,@SYSCOM,@SYSCOM,,,TWSE LISTED,Information Service Industry,53.2,53.8,53.8,53.2,214001,11.38,53.42,53.85,-0.41,-1.21,-0.56,-0.75,-0.56,65.6,79.0,84.0,65.6,79.0,-17.99,-31.9,-35.95,18.9,32.66,False,False,False,False,False,False,False,False,False,2026-10-05
2454,2454.TW,@MEDIATEK,@MEDIATEK,,,TWSE LISTED,Semiconductor Industry,5165.0,4980.0,5165.0,4980.0,6769561,34964.78,4985.0,5029.5,3.61,2.69,4.34,4.98,-2.27,5480.0,5480.0,5480.0,5480.0,5480.0,-5.75,-5.75,-5.75,5.75,5.75,False,False,False,True,False,False,False,True,True,2026-10-05
2455,2455.TW,@VPEC,@VPEC,,,TWSE LISTED,Communications and Internet,606.0,590.0,607.0,575.0,2236001,1355.02,565.4,560.8,7.18,8.06,4.48,9.78,9.39,590.0,590.0,590.0,607.0,607.0,2.88,2.88,2.88,0.16,0.16,False,False,False,False,True,True,True,True,True,2026-10-05
2457,2457.TW,@PHIHONG,@PHIHONG,,,TWSE LISTED,Electronic Parts/Components,22.2,22.6,22.65,22.15,994638,22.08,22.2,22.155,0.0,0.2,-1.11,-1.55,1.14,40.6,65.9,85.12,40.6,65.9,-44.21,-65.63,-73.39,45.32,66.31,False,False,True,True,False,False,False,False,False,2026-10-05
2458,2458.TW,@ELAN,@ELAN,,,TWSE LISTED,Semiconductor Industry,134.0,135.5,135.5,132.0,3109480,416.67,136.8,134.25,-2.05,-0.19,-2.9,-2.55,-2.55,196.5,196.5,228.5,196.5,196.5,-31.04,-31.04,-40.7,31.81,31.81,False,False,False,False,False,False,False,False,False,2026-10-05
2459,2459.TW,@AUDIX,@AUDIX,,,TWSE LISTED,Other Electronic Industry,64.9,65.2,65.3,64.7,104000,6.75,64.9,65.16,0.0,-0.4,0.15,-0.15,-0.46,72.0,78.6,78.6,72.0,78.6,-9.31,-16.92,-16.92,9.86,17.43,False,False,False,False,False,False,False,True,False,2026-10-05
2460,2460.TW,@GEM,@GEM,,,TWSE LISTED,Electronic Parts/Components,30.5,30.8,31.1,30.3,230002,7.02,30.46,30.345,0.13,0.51,-0.97,-0.16,0.99,42.0,42.45,44.5,42.0,42.45,-25.95,-26.74,-30.11,27.38,28.15,False,False,False,True,False,False,False,False,False,2026-10-05
2461,2461.TW,@K LASER,@K LASER,,,TWSE LISTED,Other Electronic Industry,16.95,17.35,17.4,16.9,542615,9.2,17.39,17.51,-2.53,-3.2,-2.31,-5.04,-4.78,21.0,26.5,29.45,21.0,26.5,-17.14,-34.34,-40.92,19.29,36.04,False,False,False,False,False,False,False,False,False,2026-10-05
2462,2462.TW,@LINE TEK,@LINE TEK,,,TWSE LISTED,Electronic Parts/Components,20.7,20.0,21.2,19.8,937030,19.4,20.04,19.96,3.29,3.71,4.55,3.76,1.72,29.1,42.7,44.25,29.1,42.7,-27.15,-50.35,-52.09,28.87,51.52,False,False,False,True,False,False,False,False,False,2026-10-05
2464,2464.TW,@MIRLE,@MIRLE,,,TWSE LISTED,Other Electronic Industry,191.0,200.0,209.5,191.0,22874260,4368.98,192.9,193.5,-0.98,-1.29,-2.3,-0.78,-2.3,224.0,224.0,224.0,224.0,224.0,-6.47,-6.47,-6.47,14.73,14.73,False,False,False,False,False,False,False,False,False,2026-10-05
2465,2465.TW,@LEADTEK,@LEADTEK,,,TWSE LISTED,Computer and Peripheral Equipm,90.9,93.3,93.5,90.9,1479425,134.48,92.02,91.29,-1.22,-0.43,-2.15,-0.33,2.25,107.5,173.0,173.0,107.5,173.0,-13.02,-45.95,-45.95,15.44,47.46,False,False,False,False,False,False,False,False,False,2026-10-05
2466,2466.TW,@COSMO,@COSMO,,,TWSE LISTED,Optoelectronic Industry,155.0,150.0,155.0,145.0,4537796,703.36,132.5,122.7,16.98,26.32,9.93,24.5,29.71,141.0,141.0,141.0,155.0,155.0,9.93,9.93,9.93,0.0,0.0,True,False,False,False,True,True,True,True,True,2026-10-05
2467,2467.TW,@C SUN,@C SUN,,,TWSE LISTED,Electronic Parts/Components,577.0,561.0,587.0,557.0,1219405,703.6,551.0,538.8,4.72,7.09,4.53,7.05,9.07,692.0,692.0,692.0,692.0,692.0,-15.17,-15.17,-15.17,16.62,16.62,True,False,False,False,False,False,False,False,False,2026-10-05
2468,2468.TW,@FIS,@FIS,,,TWSE LISTED,Information Service Industry,41.5,43.65,43.9,41.3,4529998,187.99,44.59,45.39,-6.93,-8.57,-8.49,-8.79,-10.27,49.45,86.2,86.2,49.45,86.2,-11.22,-49.07,-49.07,16.08,51.86,False,False,False,False,False,False,False,False,False,2026-10-05
2471,2471.TW,@ARES,@ARES,,,TWSE LISTED,Information Service Industry,50.7,52.0,52.0,50.7,219452,11.13,51.44,51.89,-1.44,-2.29,-1.36,-2.12,-1.36,56.2,71.5,71.5,56.2,71.5,-7.47,-27.27,-27.27,9.79,29.09,False,False,False,False,False,False,False,True,False,2026-10-05
2472,2472.TW,@LELON,@LELON,,,TWSE LISTED,Electronic Parts/Components,227.0,236.0,237.5,227.0,3276866,743.85,221.7,219.0,2.39,3.65,-0.87,6.32,3.89,488.0,488.0,488.0,488.0,488.0,-51.33,-51.33,-51.33,53.48,53.48,False,False,False,False,False,False,False,False,False,2026-10-05
2474,2474.TW,@CATCHER,@CATCHER,,,TWSE LISTED,Other Electronic Industry,207.0,208.0,208.0,206.0,1441218,298.33,206.7,207.95,0.15,-0.46,0.0,0.24,0.24,266.0,266.0,399.0,266.0,266.0,-21.8,-21.8,-47.87,22.18,22.18,False,False,False,False,False,False,False,False,False,2026-10-05
2476,2476.TW,@GS,@GS,,,TWSE LISTED,Electronic Parts/Components,128.5,127.5,128.5,125.5,1771756,227.67,125.1,124.2,2.72,3.46,1.98,4.05,4.9,140.0,140.0,140.0,140.0,140.0,-8.21,-8.21,-8.21,8.21,8.21,False,False,False,False,False,False,False,True,True,2026-10-05
2477,2477.TW,@MEILOON,@MEILOON,,,TWSE LISTED,Other Electronic Industry,22.65,22.75,22.85,22.65,36248,0.82,22.95,22.935,-1.31,-1.24,-0.44,-2.16,-1.74,27.3,40.8,56.62,27.3,40.8,-16.3,-44.0,-59.65,17.03,44.49,False,False,False,False,False,False,False,False,False,2026-10-05
2478,2478.TW,@TA-I,@TA-I,,,TWSE LISTED,Electronic Parts/Components,126.5,130.0,132.0,126.0,4720794,597.18,123.1,121.55,2.76,4.07,-0.39,5.42,5.42,256.5,256.5,256.5,256.5,256.5,-48.54,-48.54,-48.54,50.68,50.68,False,False,False,False,False,False,False,False,False,2026-10-05
2480,2480.TW,@STARK,@STARK,,,TWSE LISTED,Information Service Industry,166.5,161.0,170.0,159.5,765007,127.37,161.5,162.15,3.1,2.68,3.1,4.06,3.42,167.0,185.0,185.0,170.0,185.0,1.8,-8.11,-8.11,2.06,10.0,False,False,True,True,True,False,False,True,True,2026-10-05
2481,2481.TW,@PANJIT,@PANJIT,,,TWSE LISTED,Semiconductor Industry,180.5,178.5,191.5,178.5,55264143,9975.18,176.0,173.5,2.56,4.03,3.44,4.94,3.44,232.5,232.5,232.5,232.5,232.5,-17.63,-17.63,-17.63,22.37,22.37,False,False,False,False,False,False,False,False,False,2026-10-05
2482,2482.TW,@UIC,@UIC,,,TWSE LISTED,Other Electronic Industry,16.3,16.3,16.5,16.15,96156,1.57,16.32,16.25,-0.12,0.31,0.62,-0.91,0.31,20.95,46.8,79.8,20.95,46.8,-21.24,-64.74,-79.32,22.2,65.17,False,False,False,False,False,False,False,False,False,2026-10-05
2483,2483.TW,@ECE,@ECE,,,TWSE LISTED,Electronic Parts/Components,40.7,38.0,40.7,37.4,3906005,158.97,36.51,34.59,11.48,17.66,10.0,13.85,25.04,73.0,73.0,73.0,73.0,73.0,-44.25,-44.25,-44.25,44.25,44.25,True,False,False,False,False,False,False,False,False,2026-10-05
2484,2484.TW,@SIWARD,@SIWARD,,,TWSE LISTED,Electronic Parts/Components,86.4,87.5,94.8,85.7,33785977,2919.11,82.48,76.81,4.75,12.49,-0.12,10.77,18.68,102.0,102.0,102.0,102.0,102.0,-7.06,-7.06,-7.06,15.29,15.29,False,False,False,False,False,False,False,False,False,2026-10-05
2485,2485.TW,@ZINWELL,@ZINWELL,,,TWSE LISTED,Communications and Internet,44.6,41.95,45.3,41.45,18215570,812.41,41.57,40.65,7.29,9.72,7.99,6.95,13.92,86.9,86.9,86.9,86.9,86.9,-47.87,-47.87,-47.87,48.68,48.68,False,False,False,False,False,False,False,False,False,2026-10-05
2486,2486.TW,@I-CHIUN,@I-CHIUN,,,TWSE LISTED,Optoelectronic Industry,247.0,248.0,253.0,245.0,4844078,1196.49,243.5,238.9,1.44,3.39,0.82,2.92,5.56,318.0,318.0,318.0,318.0,318.0,-20.44,-20.44,-20.44,22.33,22.33,False,False,False,False,False,False,False,False,False,2026-10-05
2488,2488.TW,@HANPIN,@HANPIN,,,TWSE LISTED,Other Electronic Industry,48.95,48.9,49.3,48.7,48102,2.35,48.86,48.885,0.18,0.13,0.2,0.2,0.2,55.4,61.6,61.6,55.4,61.6,-11.01,-19.97,-19.97,11.64,20.54,False,False,False,True,False,False,False,False,False,2026-10-05
2489,2489.TW,@AMTRAN,@AMTRAN,,,TWSE LISTED,Optoelectronic Industry,40.4,41.65,42.05,40.15,16198973,654.44,41.02,41.605,-1.51,-2.9,-1.82,-3.35,-0.98,57.7,57.7,57.7,57.7,57.7,-27.12,-27.12,-27.12,29.98,29.98,False,False,False,False,False,False,False,False,False,2026-10-05
2491,2491.TW,@FOCL,@FOCL,,,TWSE LISTED,Optoelectronic Industry,40.05,41.65,41.7,39.8,1092859,43.77,40.6,40.41,-1.35,-0.89,-3.38,-1.84,1.26,56.4,56.4,56.4,56.4,56.4,-26.06,-26.06,-26.06,28.99,28.99,False,False,False,False,False,False,False,False,False,2026-10-05
2492,2492.TW,@WTC,@WTC,1088.18,,TWSE LISTED,Electronic Parts/Components,368.5,377.5,396.0,365.0,94143130,34691.74,332.1,320.7,10.96,14.9,1.94,23.04,18.3,645.0,645.0,645.0,645.0,645.0,-38.6,-38.6,-38.6,42.87,42.87,True,False,False,False,False,False,False,False,False,2026-10-05
2493,2493.TW,@AMPOC,@AMPOC,,,TWSE LISTED,Electronic Parts/Components,208.0,200.0,211.0,197.5,3274819,681.16,199.0,195.3,4.52,6.5,5.85,5.32,8.9,337.0,337.0,337.0,337.0,337.0,-37.39,-37.39,-37.39,38.28,38.28,False,False,False,False,False,False,False,False,False,2026-10-05
2495,2495.TW,@INFORTREND,@INFORTREND,,,TWSE LISTED,Computer and Peripheral Equipm,38.45,39.0,39.1,38.35,1007500,38.74,38.69,38.695,-0.62,-0.63,0.13,-1.54,-1.54,55.6,55.6,55.6,55.6,55.6,-29.68,-29.68,-29.68,30.85,30.85,False,False,False,False,False,False,False,False,False,2026-10-05
2496,2496.TW,@SPC,@SPC,,,TWSE LISTED,Others,54.8,55.1,55.1,54.6,14100,0.77,55.02,55.0,-0.4,-0.36,-0.54,-0.36,-0.9,68.0,95.14,271.46,68.0,95.14,-18.97,-42.09,-79.7,19.41,42.4,False,False,False,False,False,False,False,False,False,2026-10-05
2497,2497.TW,@E-LEAD,@E-LEAD,,,TWSE LISTED,Automobile,44.05,44.2,44.55,43.6,225250,9.92,44.01,43.88,0.09,0.39,0.0,-0.68,0.57,70.8,90.7,116.94,70.8,90.7,-37.08,-50.88,-61.9,37.78,51.43,False,False,False,True,False,False,False,False,False,2026-10-05
2498,2498.TW,@HTC,@HTC,,,TWSE LISTED,Communications and Internet,42.05,42.9,43.2,42.05,6592700,277.22,42.91,41.775,-2.0,0.66,-1.98,-1.98,0.6,52.4,76.9,97.3,52.4,76.9,-17.56,-43.82,-55.6,19.75,45.32,False,False,False,False,False,False,False,False,False,2026-10-05
2501,2501.TW,@CATHAY RED,@CATHAY RED,,,TWSE LISTED,Building Material&Construction,20.35,20.9,20.9,20.3,4551596,92.62,20.9,21.175,-2.63,-3.9,-2.4,-3.55,-3.55,28.4,42.3,42.3,28.4,42.3,-26.41,-50.59,-50.59,28.35,51.89,False,False,False,False,False,False,False,False,False,2026-10-05
2504,2504.TW,@GBM,@GBM,1088.18,,TWSE LISTED,Building Material&Construction,30.95,30.65,31.05,30.45,2057488,63.68,30.67,30.92,0.91,0.1,0.98,0.98,0.16,40.1,58.4,58.4,40.1,58.4,-22.57,-46.83,-46.83,22.82,47.0,False,False,False,True,False,False,False,False,False,2026-10-05
2505,2505.TW,@KY,@KY,,,TWSE LISTED,Building Material&Construction,17.0,16.9,17.0,16.75,670799,11.4,17.0,17.015,0.0,-0.09,0.0,0.0,-0.87,21.0,32.15,61.04,21.0,32.15,-19.05,-47.12,-72.15,19.05,47.12,False,False,False,False,False,False,False,False,False,2026-10-05
2506,2506.TW,@PCC,@PCC,,,TWSE LISTED,Building Material&Construction,8.38,8.49,8.49,8.33,139528,1.17,8.406,8.382,-0.31,-0.02,0.0,-0.59,-0.36,9.34,13.95,14.5,9.34,13.95,-9.1,-39.14,-41.45,10.28,39.93,False,False,False,False,False,False,False,False,False,2026-10-05
2509,2509.TW,@CHAINQUI,@CHAINQUI,,,TWSE LISTED,Building Material&Construction,13.95,14.0,14.2,13.95,154684,2.16,14.14,14.375,-1.34,-2.96,-1.06,-2.45,-2.79,17.15,27.65,27.65,17.15,27.65,-17.2,-48.64,-48.64,18.66,49.55,False,False,False,False,False,False,False,False,False,2026-10-05
2511,2511.TW,@PHD,@PHD,,,TWSE LISTED,Building Material&Construction,8.25,8.28,8.29,8.25,848318,7.0,8.302,8.355,-0.63,-1.26,-0.36,-1.08,-1.67,8.73,14.2,14.6,8.73,14.2,-5.04,-41.62,-43.22,5.5,41.9,False,False,False,False,False,False,False,True,False,2026-10-05
2514,2514.TW,@LONG BON,@LONG BON,,,TWSE LISTED,Others,11.25,11.4,11.55,11.25,109812,1.24,11.46,11.565,-1.83,-2.72,-0.88,-3.85,-1.75,15.4,27.8,27.8,15.4,27.8,-25.0,-58.45,-58.45,26.95,59.53,False,False,False,False,False,False,False,False,False,2026-10-05
2515,2515.TW,@BES,@BES,,,TWSE LISTED,Building Material&Construction,11.8,11.9,11.9,11.8,4622878,54.55,11.87,11.91,-0.59,-0.92,-0.84,-0.84,-1.26,17.76,17.76,17.76,17.76,17.76,-33.0,-33.0,-33.0,33.56,33.56,False,False,False,False,False,False,False,False,False,2026-10-05
2516,2516.TW,@NEW ASIA,@NEW ASIA,,,TWSE LISTED,Building Material&Construction,14.85,15.05,15.15,14.8,187608,2.79,15.06,14.985,-1.39,-0.9,-1.33,-3.26,-3.88,15.65,26.4,26.4,15.65,26.4,-3.19,-42.61,-42.61,5.11,43.75,False,False,False,False,False,False,False,True,False,2026-10-05
2520,2520.TW,@KINDOM,@KINDOM,,,TWSE LISTED,Building Material&Construction,36.65,36.95,36.95,36.45,803492,29.45,36.77,37.17,-0.33,-1.4,-0.81,0.41,-1.74,39.6,62.36,62.36,39.6,62.36,-6.69,-40.75,-40.75,7.45,41.23,False,False,False,False,False,False,False,True,False,2026-10-05
2524,2524.TW,@KTC,@KTC,,,TWSE LISTED,Building Material&Construction,33.65,34.3,34.6,33.65,101001,3.4,34.3,34.95,-1.9,-3.72,-1.9,-3.03,-3.44,44.0,139.5,139.5,44.0,139.5,-21.36,-75.2,-75.2,23.52,75.88,False,False,False,False,False,False,False,False,False,2026-10-05
2527,2527.TW,@HUNG CHING,@HUNG CHING,,,TWSE LISTED,Building Material&Construction,51.8,50.9,53.3,50.8,1762354,91.29,49.76,48.6,4.1,6.58,4.54,3.6,8.03,52.0,63.2,63.2,53.3,63.2,2.5,-15.66,-15.66,2.81,18.04,False,False,False,False,True,False,False,True,False,2026-10-05
2528,2528.TW,@CROWELL,@CROWELL,,,TWSE LISTED,Building Material&Construction,19.05,19.25,19.4,18.95,608077,11.58,19.25,19.63,-1.04,-2.95,-1.04,-1.8,-2.56,27.13,47.2,47.2,27.13,47.2,-28.49,-58.9,-58.9,29.78,59.64,False,False,False,False,False,False,False,False,False,2026-10-05
2530,2530.TW,@DELPHA,@DELPHA,,,TWSE LISTED,Building Material&Construction,19.85,20.05,20.05,19.7,858000,17.03,20.02,20.18,-0.85,-1.64,-1.0,-1.0,-1.49,30.2,60.7,60.7,30.2,60.7,-33.61,-66.97,-66.97,34.27,67.3,False,False,False,False,False,False,False,False,False,2026-10-05
2534,2534.TW,@HSC,@HSC,,,TWSE LISTED,Building Material&Construction,16.55,16.7,16.85,16.55,296283,4.9,16.79,16.85,-1.43,-1.78,-0.9,-2.36,-0.9,21.0,31.3,55.01,21.0,31.3,-19.76,-46.17,-69.37,21.19,47.12,False,False,False,False,False,False,False,False,False,2026-10-05
2535,2535.TW,@DA-CIN,@DA-CIN,,,TWSE LISTED,Building Material&Construction,88.3,88.7,88.8,87.9,276939,24.45,88.8,89.36,-0.56,-1.19,-0.23,-1.01,-1.67,98.6,98.6,98.6,98.6,98.6,-9.94,-9.94,-9.94,10.45,10.45,False,False,False,False,False,False,False,False,False,2026-10-05
2536,2536.TW,@HONG PU,@HONG PU,,,TWSE LISTED,Building Material&Construction,18.35,18.95,18.95,18.25,692617,12.71,18.91,19.155,-2.96,-4.2,-2.39,-4.18,-4.43,26.2,40.95,40.95,26.2,40.95,-27.67,-53.72,-53.72,29.96,55.19,False,False,False,False,False,False,False,False,False,2026-10-05
2537,2537.TW,@WE & WIN,@WE & WIN,,,TWSE LISTED,Building Material&Construction,10.9,11.05,11.05,10.9,2214002,24.13,11.11,11.24,-1.89,-3.02,-1.36,-3.11,-4.39,12.4,29.75,29.75,12.4,29.75,-10.89,-62.86,-62.86,12.1,63.36,False,False,False,False,False,False,False,False,False,2026-10-05
2538,2538.TW,@KEETAI,@KEETAI,,,TWSE LISTED,Building Material&Construction,8.67,8.86,8.87,8.66,647096,5.61,8.8,8.702,-1.48,-0.37,-2.25,-2.8,-0.46,11.35,22.91,22.91,11.35,22.91,-21.85,-61.28,-61.28,23.61,62.15,False,False,False,False,False,False,False,False,False,2026-10-05
2539,2539.TW,@SAKURAD,@SAKURAD,,,TWSE LISTED,Building Material&Construction,33.5,33.9,34.05,33.45,1675031,56.11,34.01,34.6,-1.5,-3.18,-1.47,-2.33,-2.76,41.39,51.57,51.57,41.39,51.57,-17.74,-33.97,-33.97,19.07,35.04,False,False,False,False,False,False,False,False,False,2026-10-05
2540,2540.TW,@JSL,@JSL,,,TWSE LISTED,Building Material&Construction,47.45,48.0,48.5,47.4,490720,23.28,48.1,48.835,-1.35,-2.84,-1.45,-2.06,-3.16,61.8,108.01,108.01,61.8,108.01,-21.52,-55.1,-55.1,23.22,56.07,False,False,False,False,False,False,False,False,False,2026-10-05
2542,2542.TW,@HIGHWEALTH,@HIGHWEALTH,,,TWSE LISTED,Building Material&Construction,38.05,38.85,38.85,38.0,11814578,449.54,38.49,41.12,-1.14,-7.47,-1.81,-1.55,-3.67,49.0,58.27,58.27,49.0,58.27,-20.71,-33.33,-33.33,22.35,34.7,False,False,False,False,False,False,False,False,False,2026-10-05
2543,2543.TW,@HWANG CHANG,@HWANG CHANG,,,TWSE LISTED,Building Material&Construction,38.05,38.5,38.5,38.0,836502,31.83,38.25,38.37,-0.52,-0.83,-0.78,-1.17,-0.26,81.6,98.29,98.29,81.6,98.29,-52.82,-60.83,-60.83,53.37,61.29,False,False,False,False,False,False,False,False,False,2026-10-05
2545,2545.TW,@HUANG HSIANG,@HUANG HSIANG,,,TWSE LISTED,Building Material&Construction,34.0,34.0,34.35,33.95,154001,5.24,34.1,34.265,-0.29,-0.77,0.15,-1.31,-0.58,39.9,79.4,79.4,39.9,79.4,-13.91,-56.74,-56.74,14.79,57.18,False,False,False,False,False,False,False,False,False,2026-10-05
2546,2546.TW,@KEDGE,@KEDGE,,,TWSE LISTED,Building Material&Construction,106.0,105.5,107.0,105.5,121940,12.93,105.6,105.7,0.38,0.28,0.95,0.95,-0.47,120.0,120.0,120.0,120.0,120.0,-10.83,-10.83,-10.83,11.67,11.67,False,False,False,True,False,False,False,False,False,2026-10-05
2547,2547.TW,@RADIUM,@RADIUM,,,TWSE LISTED,Building Material&Construction,9.66,9.76,9.76,9.64,2069975,20.0,9.768,9.865,-1.11,-2.08,-1.02,-1.33,-1.63,11.8,14.7,17.84,11.8,14.7,-17.29,-33.61,-45.28,18.14,34.29,False,False,False,False,False,False,False,False,False,2026-10-05
2548,2548.TW,@HUAKU,@HUAKU,,,TWSE LISTED,Building Material&Construction,91.5,92.3,92.3,91.5,1348697,123.41,91.92,93.07,-0.46,-1.69,-1.08,-0.11,-1.82,126.19,158.32,158.32,126.19,158.32,-26.86,-41.7,-41.7,27.49,42.2,False,False,False,False,False,False,False,False,False,2026-10-05
2597,2597.TW,@REC,@REC,,,TWSE LISTED,Building Material&Construction,163.5,166.5,166.5,163.5,345020,56.41,166.3,167.95,-1.68,-2.65,-1.21,-2.68,-2.39,205.0,205.0,205.0,205.0,205.0,-18.78,-18.78,-18.78,20.24,20.24,False,False,False,False,False,False,False,False,False,2026-10-05
2601,2601.TW,@FSC,@FSC,,,TWSE LISTED,Shipping & Transportation,6.45,7.01,7.02,6.36,8039136,51.85,6.938,7.003,-7.04,-7.9,-8.65,-8.65,-8.65,9.89,12.07,31.66,9.89,12.07,-29.03,-41.82,-77.83,34.79,46.54,False,False,False,False,False,False,False,False,False,2026-10-05
2603,2603.TW,@EMC,@EMC,,,TWSE LISTED,Shipping & Transportation,234.5,240.5,240.5,234.0,8761287,2054.52,238.0,240.1,-1.47,-2.33,-2.29,-2.09,-3.5,256.5,265.0,582.5,256.5,265.0,-6.24,-9.25,-58.71,8.58,11.51,False,False,False,False,False,False,False,True,False,2026-10-05
2605,2605.TW,@SNC,@SNC,,,TWSE LISTED,Shipping & Transportation,35.15,35.85,35.9,35.05,5633445,198.02,35.45,36.13,-0.85,-2.71,-1.68,-1.13,-3.7,46.25,46.25,58.8,46.25,46.25,-22.38,-22.38,-38.95,24.0,24.0,False,False,False,False,False,False,False,False,False,2026-10-05
2606,2606.TW,@U-MING,@U-MING,1087.58,,TWSE LISTED,Shipping & Transportation,74.3,75.9,75.9,74.2,2299301,170.84,74.14,75.55,0.22,-1.65,-2.11,0.95,-3.13,81.7,81.7,96.4,81.7,81.7,-7.1,-7.1,-21.27,9.06,9.06,False,False,False,False,False,False,False,True,True,2026-10-05
2607,2607.TW,@EITC,@EITC,,,TWSE LISTED,Shipping & Transportation,53.2,53.6,53.7,53.1,209756,11.16,53.48,53.54,-0.52,-0.64,-0.56,-1.12,-0.93,59.2,77.0,104.0,59.2,77.0,-9.29,-30.26,-48.37,10.14,30.91,False,False,False,False,False,False,False,False,False,2026-10-05
2608,2608.TW,@KERRY TJ,@KERRY TJ,,,TWSE LISTED,Shipping & Transportation,28.7,28.8,28.95,28.7,173142,4.97,28.69,28.77,0.03,-0.24,-0.35,0.35,0.0,33.4,48.1,80.4,33.4,48.1,-13.32,-39.81,-63.99,14.07,40.33,False,False,False,False,False,False,False,False,False,2026-10-05
2609,2609.TW,@YMTC,@YMTC,1087.58,,TWSE LISTED,Shipping & Transportation,58.7,59.5,59.6,58.7,13469233,790.64,59.0,59.74,-0.51,-1.74,-1.68,-1.18,-1.51,69.9,87.8,234.5,69.9,87.8,-14.74,-32.12,-74.58,16.02,33.14,False,False,False,False,False,False,False,False,False,2026-10-05
2610,2610.TW,@CAL,@CAL,1087.58,,TWSE LISTED,Shipping & Transportation,20.1,20.4,20.4,20.1,13660050,274.57,20.26,20.295,-0.79,-0.96,-1.23,-1.71,-0.99,24.75,27.2,31.95,24.75,27.2,-17.58,-25.0,-36.15,18.79,26.1,False,False,False,False,False,False,False,False,False,2026-10-05
2611,2611.TW,@TSI,@TSI,,,TWSE LISTED,Shipping & Transportation,15.2,14.45,15.65,14.45,2280622,34.67,14.48,14.375,4.97,5.74,6.29,4.83,8.19,18.45,35.85,41.82,18.45,35.85,-15.18,-56.35,-62.58,17.62,57.6,False,False,False,False,False,False,False,False,False,2026-10-05
2612,2612.TW,@CMT,@CMT,,,TWSE LISTED,Shipping & Transportation,61.6,63.1,63.1,61.4,263001,16.2,61.7,62.21,-0.16,-0.98,-2.07,-0.32,-0.96,70.7,78.6,92.7,70.7,78.6,-10.75,-19.72,-31.93,12.87,21.63,False,False,False,False,False,False,False,False,False,2026-10-05
2613,2613.TW,@CCTC,@CCTC,,,TWSE LISTED,Shipping & Transportation,21.85,22.15,22.15,21.8,277050,6.05,22.11,22.175,-1.18,-1.47,-1.35,-2.46,-1.58,30.0,49.7,52.4,30.0,49.7,-26.17,-55.43,-57.73,27.17,56.04,False,False,False,False,False,False,False,False,False,2026-10-05
2614,2614.TW,@EMIC,@EMIC,,,TWSE LISTED,Others,17.685,18.056,18.056,17.361,5151183,91.1,17.713,17.278,-0.16,2.36,-0.78,-0.52,4.66,21.48,22.41,112.32,21.48,22.41,-15.95,-19.42,-83.92,17.67,21.07,False,False,False,False,False,False,False,False,False,2026-10-05
2615,2615.TW,@WANHAI,@WANHAI,,,TWSE LISTED,Shipping & Transportation,110.5,114.0,114.0,110.5,7686596,849.37,112.2,114.4,-1.52,-3.41,-2.21,-3.07,-4.33,134.5,134.5,279.05,134.5,134.5,-15.24,-15.24,-59.15,17.84,17.84,False,False,False,False,False,False,False,False,False,2026-10-05
2616,2616.TW,@SLC,@SLC,,,TWSE LISTED,"Oil, Gas and Electricity Indu",13.15,13.2,13.25,13.15,146324,1.92,13.23,13.255,-0.6,-0.79,-0.38,-1.13,-0.38,23.9,30.8,40.5,23.9,30.8,-44.56,-56.98,-67.28,44.98,57.31,False,False,False,False,False,False,False,False,False,2026-10-05
2617,2617.TW,@TNC,@TNC,,,TWSE LISTED,Shipping & Transportation,32.1,31.6,32.4,31.5,1344939,43.17,31.49,32.245,1.94,-0.45,1.74,2.07,-2.13,34.75,40.25,78.0,34.75,40.25,-6.76,-19.5,-58.46,7.63,20.25,False,False,False,False,False,False,False,True,False,2026-10-05
2618,2618.TW,@EVAAIR,@EVAAIR,,,TWSE LISTED,Shipping & Transportation,41.9,42.7,42.7,41.9,9487247,397.52,42.16,42.185,-0.62,-0.68,-1.06,-2.22,-0.24,45.65,48.3,48.3,45.65,48.3,-6.46,-11.59,-11.59,8.21,13.25,False,False,False,False,False,False,False,True,False,2026-10-05
2630,2630.TW,@AACL,@AACL,,,TWSE LISTED,Shipping & Transportation,46.15,47.0,47.0,46.15,745400,34.4,46.63,46.72,-1.03,-1.22,-1.39,-1.91,-0.32,62.3,79.9,79.9,62.3,79.9,-24.56,-41.18,-41.18,25.92,42.24,False,False,False,False,False,False,False,False,False,2026-10-05
2633,2633.TW,@THSRC,@THSRC,,,TWSE LISTED,Shipping & Transportation,25.65,25.85,25.85,25.65,2971040,76.21,25.66,25.65,-0.04,-0.0,-0.39,0.0,0.39,28.15,31.05,47.0,28.15,31.05,-8.17,-16.75,-45.0,8.88,17.39,False,False,False,False,False,False,False,True,False,2026-10-05
2634,2634.TW,@AIDC,@AIDC,,,TWSE LISTED,Shipping & Transportation,64.6,67.0,67.0,64.6,10135410,654.75,64.42,63.91,0.28,1.08,-2.12,0.94,2.38,76.5,76.5,76.5,76.5,76.5,-12.42,-12.42,-12.42,15.56,15.56,False,False,False,False,False,False,False,False,False,2026-10-05
2636,2636.TW,@T3EX,@T3EX,,,TWSE LISTED,Shipping & Transportation,70.2,70.8,70.8,70.1,242000,16.99,70.76,70.89,-0.79,-0.97,-0.85,-2.09,-2.36,78.9,124.0,316.53,78.9,124.0,-10.27,-42.9,-77.63,11.03,43.39,False,False,False,False,False,False,False,False,False,2026-10-05
2637,2637.TW,@WISDOM,@WISDOM,,,TWSE LISTED,Shipping & Transportation,97.7,99.6,99.6,97.7,1165613,113.88,96.64,98.92,1.1,-1.23,-1.11,1.35,-2.79,108.0,108.0,121.0,108.0,108.0,-7.78,-7.78,-17.69,9.54,9.54,False,False,False,False,False,False,False,True,True,2026-10-05
2642,2642.TW,@PELICAN,@PELICAN,,,TWSE LISTED,Shipping & Transportation,20.15,20.25,20.3,20.1,46007,0.93,20.29,20.345,-0.69,-0.96,-0.49,-1.23,-1.23,26.75,48.7,152.5,26.75,48.7,-24.11,-58.32,-86.69,24.67,58.62,False,False,False,False,False,False,False,False,False,2026-10-05
2645,2645.TW,@EGAT,@EGAT,,,TWSE LISTED,Shipping & Transportation,172.0,174.0,174.0,171.5,1154357,198.55,172.9,173.0,-0.52,-0.58,-0.86,-0.58,0.0,258.0,258.0,258.0,258.0,258.0,-32.56,-32.56,-32.56,33.33,33.33,False,False,False,False,False,False,False,False,False,2026-10-05
2646,2646.TW,@STARLUX AIR,@STARLUX AIR,,,TWSE LISTED,Shipping & Transportation,20.05,20.15,20.2,20.05,2945443,59.06,20.1,20.22,-0.25,-0.84,-0.25,-0.5,-0.74,23.75,33.4,45.82,23.75,33.4,-14.95,-39.52,-55.91,15.58,39.97,False,False,False,False,False,False,False,False,False,2026-10-05
2701,2701.TW,@WANHWA,@WANHWA,,,TWSE LISTED,Tourism and Hospitality,10.2,10.25,10.35,10.2,48263,0.49,10.26,10.295,-0.58,-0.92,-0.49,-0.97,-0.49,11.2,13.85,15.6,11.2,13.85,-7.59,-25.27,-33.65,8.93,26.35,False,False,False,False,False,False,False,True,False,2026-10-05
2702,2702.TW,@HG,@HG,,,TWSE LISTED,Tourism and Hospitality,12.1,12.3,12.3,12.1,29111,0.35,12.31,12.58,-1.71,-3.82,-0.82,-1.22,-5.84,18.1,22.7,30.24,18.1,22.7,-32.04,-45.81,-59.32,33.15,46.7,False,False,False,False,False,False,False,False,False,2026-10-05
2704,2704.TW,@AMBH,@AMBH,,,TWSE LISTED,Tourism and Hospitality,44.6,44.95,45.35,44.5,109001,4.86,45.03,45.18,-0.95,-1.28,-0.78,-1.87,-1.0,49.7,84.0,84.0,49.7,84.0,-8.75,-46.01,-46.01,10.26,46.9,False,False,False,False,False,False,False,False,False,2026-10-05
2705,2705.TW,@LEOFOO,@LEOFOO,,,TWSE LISTED,Tourism and Hospitality,15.05,15.1,15.1,15.0,154874,2.33,15.09,15.16,-0.27,-0.73,-0.33,-0.33,-0.66,18.2,22.45,28.45,18.2,22.45,-17.03,-32.74,-46.92,17.31,32.96,False,False,False,False,False,False,False,False,False,2026-10-05
2706,2706.TW,@FIRST HOTEL,@FIRST HOTEL,,,TWSE LISTED,Tourism and Hospitality,12.05,12.1,12.2,12.05,96126,1.16,12.13,12.125,-0.66,-0.62,-0.41,-1.23,-0.41,13.35,16.95,20.65,13.35,16.95,-8.61,-28.02,-40.92,9.74,28.91,False,False,False,False,False,False,False,True,False,2026-10-05
2707,2707.TW,@GFRT,@GFRT,,,TWSE LISTED,Tourism and Hospitality,174.5,175.0,175.5,174.5,86341,15.07,175.2,176.25,-0.4,-0.99,-0.29,-0.57,-1.13,202.0,258.5,338.5,202.0,258.5,-13.12,-32.11,-48.15,13.61,32.5,False,False,False,False,False,False,False,False,False,2026-10-05
2712,2712.TW,@FGH,@FGH,,,TWSE LISTED,Tourism and Hospitality,13.4,13.5,13.5,13.2,21272,0.29,13.42,13.44,-0.15,-0.3,0.0,-1.11,0.37,18.25,39.0,60.0,18.25,39.0,-26.03,-65.38,-77.5,26.58,65.64,False,False,False,False,False,False,False,False,False,2026-10-05
2722,2722.TW,@CHATEAU,@CHATEAU,,,TWSE LISTED,Tourism and Hospitality,21.55,21.55,21.85,21.4,85063,1.83,21.39,21.28,0.75,1.27,0.94,0.7,2.13,26.85,69.76,113.21,26.85,69.76,-18.62,-68.68,-80.7,19.74,69.11,False,False,False,False,False,False,False,False,False,2026-10-05
2723,2723.TW,@GOURMET,@GOURMET,,,TWSE LISTED,Tourism and Hospitality,76.3,77.5,77.8,76.3,173003,13.2,77.02,77.9,-0.93,-2.05,-1.29,-1.42,-2.8,84.0,108.0,397.64,84.0,108.0,-7.38,-27.96,-80.43,9.17,29.35,False,False,False,False,False,False,False,True,False,2026-10-05
2727,2727.TW,@WOWPRIME,@WOWPRIME,1087.76,,TWSE LISTED,Tourism and Hospitality,233.5,234.0,234.5,232.0,170153,39.73,234.7,231.75,-0.51,0.76,-0.21,-1.06,0.65,253.0,265.0,340.15,253.0,265.0,-7.31,-11.51,-31.06,7.71,11.89,False,False,False,False,False,False,False,True,False,2026-10-05
2731,2731.TW,@LIONTRAVEL,@LIONTRAVEL,1087.76,,TWSE LISTED,Tourism and Hospitality,144.5,143.5,144.5,142.5,295031,42.63,143.9,143.8,0.42,0.49,0.7,0.0,0.35,185.0,185.0,201.5,185.0,185.0,-21.89,-21.89,-28.29,21.89,21.89,False,False,False,True,False,False,False,False,False,2026-10-05
2739,2739.TW,@MY HUMBLE HOUSE,@MY HUMBLE HOUSE,,,TWSE LISTED,Tourism and Hospitality,36.25,36.2,36.95,35.9,56003,2.03,36.34,36.595,-0.25,-0.94,0.28,-0.82,-0.41,39.15,81.9,86.0,39.15,81.9,-5.62,-54.88,-57.03,7.41,55.74,False,False,False,False,False,False,False,True,False,2026-10-05
2748,2748.TW,@FDC,@FDC,,,TWSE LISTED,Tourism and Hospitality,38.6,39.5,39.5,38.6,64329,2.48,38.84,38.815,-0.62,-0.55,-1.03,-0.52,-0.52,45.35,92.5,130.0,45.35,92.5,-12.9,-57.3,-69.62,14.88,58.27,False,False,False,False,False,False,False,False,False,2026-10-05
2753,2753.TW,@BAFANG,@BAFANG,,,TWSE LISTED,Tourism and Hospitality,183.5,185.0,185.0,182.5,82106,15.07,182.2,181.15,0.71,1.3,-0.81,1.94,1.94,186.67,210.95,249.05,186.67,210.95,-0.89,-12.3,-25.72,1.7,13.01,False,False,False,False,False,False,False,True,False,2026-10-05
2762,2762.TW,@WORLD GYM,@WORLD GYM,1087.76,,TWSE LISTED,Sports and Leisure,78.5,78.6,78.9,78.4,66001,5.18,78.74,79.29,-0.3,-1.0,-0.13,-0.88,-0.63,91.2,133.0,133.0,91.2,133.0,-13.49,-40.68,-40.68,13.93,40.98,False,False,False,False,False,False,False,False,False,2026-10-05
2801,2801.TW,@CHANG HWA BANK,@CHANG HWA 银行,,,TWSE LISTED,Financial & Insurance,27.2,27.95,27.95,27.2,17522281,476.61,27.49,27.88,-1.05,-2.44,-1.45,-1.45,-1.98,29.75,29.75,29.75,29.75,29.75,-6.05,-6.05,-6.05,8.57,8.57,False,False,False,False,False,False,False,True,True,2026-10-05
2812,2812.TW,@T.C.C.B.,@T.C.C.B.,,,TWSE LISTED,Financial & Insurance,18.55,18.8,18.8,18.5,29868168,554.05,18.75,18.97,-1.07,-2.21,-1.07,-1.59,-2.37,19.87,21.8,21.8,19.87,21.8,-5.38,-13.76,-13.76,6.64,14.91,False,False,False,False,False,False,False,True,False,2026-10-05
2816,2816.TW,@UNION INS.,@UNION INS.,,,TWSE LISTED,Financial & Insurance,39.7,40.1,40.1,39.65,231230,9.18,39.84,40.13,-0.35,-1.07,0.0,-1.49,-1.12,41.4,42.0,42.0,41.4,42.0,-3.14,-4.52,-4.52,4.11,5.48,False,False,False,False,False,False,False,True,True,2026-10-05
2820,2820.TW,@CBF,@CBF,,,TWSE LISTED,Financial & Insurance,16.6,16.7,16.7,16.6,2707967,44.95,16.75,17.025,-0.9,-2.5,-0.6,-1.48,-2.35,18.05,18.05,18.05,18.05,18.05,-7.48,-7.48,-7.48,8.03,8.03,False,False,False,False,False,False,False,True,True,2026-10-05
2832,2832.TW,@TFMI,@TFMI,,,TWSE LISTED,Financial & Insurance,56.3,56.6,57.1,56.3,140500,7.91,56.7,57.43,-0.71,-1.97,-0.71,-1.05,-2.09,61.9,61.9,61.9,61.9,61.9,-7.75,-7.75,-7.75,9.05,9.05,False,False,False,False,False,False,False,True,True,2026-10-05
2834,2834.TW,@TBB,@TBB,,,TWSE LISTED,Financial & Insurance,17.3,17.6,17.6,17.3,33138319,573.29,17.52,17.83,-1.26,-2.97,-0.86,-2.54,-3.08,18.8,18.8,18.8,18.8,18.8,-6.38,-6.38,-6.38,7.98,7.98,False,False,False,False,False,False,False,True,True,2026-10-05
2836,2836.TW,@B.O.K,@B.O.K,,,TWSE LISTED,Financial & Insurance,11.95,12.1,12.1,11.95,1615576,19.31,12.02,12.135,-0.58,-1.52,-0.42,-1.24,-1.65,12.94,12.94,13.97,12.94,12.94,-6.46,-6.46,-13.36,7.62,7.62,False,False,False,False,False,False,False,True,True,2026-10-05
2838,2838.TW,@UBOT,@UBOT,,,TWSE LISTED,Financial & Insurance,20.2,20.45,20.45,20.2,2326023,46.99,20.48,20.91,-1.37,-3.4,-0.98,-1.94,-3.81,23.49,23.49,23.49,23.49,23.49,-12.94,-12.94,-12.94,14.01,14.01,False,False,False,False,False,False,False,False,False,2026-10-05
2845,2845.TW,@FEIB,@FEIB,,,TWSE LISTED,Financial & Insurance,12.8,12.9,12.95,12.8,10602091,135.71,13.0,13.225,-1.54,-3.21,-0.78,-2.29,-3.76,13.85,15.77,15.77,13.85,15.77,-6.5,-17.86,-17.86,7.58,18.81,False,False,False,False,False,False,False,True,False,2026-10-05
2849,2849.TW,@ENTIE BANK,@ENTIE 银行,,,TWSE LISTED,Financial & Insurance,15.55,15.7,16.1,15.55,156001,2.43,15.69,15.86,-0.89,-1.95,1.3,-3.12,-0.64,16.3,16.3,17.35,16.3,16.3,-1.23,-1.23,-7.2,4.6,4.6,False,False,False,False,False,False,False,True,True,2026-10-05
2850,2850.TW,@SK INSURANCE,@SK 保险,,,TWSE LISTED,Financial & Insurance,159.5,159.0,159.5,157.5,147006,23.45,159.8,159.35,-0.19,0.09,0.63,-2.15,1.27,169.0,169.0,169.0,169.0,169.0,-5.62,-5.62,-5.62,5.62,5.62,False,False,False,False,False,False,False,True,True,2026-10-05
2851,2851.TW,@CENTRAL RE,@CENTRAL RE,,,TWSE LISTED,Financial & Insurance,45.6,45.95,46.5,45.6,1344817,61.32,46.38,46.99,-1.68,-2.96,-0.76,-3.39,-4.0,48.5,48.5,48.5,48.5,48.5,-4.12,-4.12,-4.12,5.98,5.98,False,False,False,False,False,False,False,True,True,2026-10-05
2852,2852.TW,@FIRST INS,@FIRST INS,,,TWSE LISTED,Financial & Insurance,27.5,27.55,27.55,27.4,351206,9.66,27.63,27.9,-0.47,-1.43,0.0,-1.26,-1.61,30.3,31.0,31.0,30.3,31.0,-9.08,-11.13,-11.13,9.24,11.29,False,False,False,False,False,False,False,True,False,2026-10-05
2855,2855.TW,@PSC,@PSC,,,TWSE LISTED,Financial & Insurance,58.2,58.0,59.0,57.9,3135584,182.49,56.86,56.73,2.36,2.59,1.04,2.83,0.69,59.8,59.8,59.8,59.8,59.8,-1.34,-1.34,-1.34,2.68,2.68,False,False,False,False,False,False,False,True,True,2026-10-05
2880,2880.TW,@HNFHC,@HNFHC,,,TWSE LISTED,Financial & Insurance,44.6,46.0,46.05,44.4,8412747,375.21,44.99,45.735,-0.87,-2.48,-0.56,-1.65,-2.51,48.3,48.3,48.3,48.3,48.3,-4.66,-4.66,-4.66,7.66,7.66,False,False,False,False,False,False,False,True,True,2026-10-05
2881,2881.TW,@FUBON FINANCIAL,@FUBON 金融,,,TWSE LISTED,Financial & Insurance,152.0,152.5,153.0,151.0,11000006,1672.0,151.1,151.8,0.6,0.13,1.0,0.66,1.33,156.5,156.5,156.5,156.5,156.5,-2.24,-2.24,-2.24,2.88,2.88,False,False,False,True,False,False,False,True,True,2026-10-05
2882,2882.TW,@CATHAY FHC,@CATHAY FHC,,,TWSE LISTED,Financial & Insurance,111.5,113.0,113.0,111.5,13860253,1545.42,111.2,111.35,0.27,0.13,0.0,0.45,0.9,117.5,117.5,117.5,117.5,117.5,-3.83,-3.83,-3.83,5.11,5.11,False,False,False,False,False,False,False,True,True,2026-10-05
2883,2883.TW,@KGI FINANCIAL,@KGI 金融,1087.76,,TWSE LISTED,Financial & Insurance,37.3,37.9,37.95,37.2,33455141,1247.88,37.87,38.67,-1.51,-3.54,-0.13,-3.99,-4.24,40.8,40.8,40.8,40.8,40.8,-6.99,-6.99,-6.99,8.58,8.58,False,False,False,False,False,False,False,True,True,2026-10-05
2884,2884.TW,@E.S.F.H,@E.S.F.H,,,TWSE LISTED,Financial & Insurance,44.8,45.75,45.75,44.8,19206176,860.44,45.05,45.51,-0.55,-1.56,-1.21,-0.11,-1.75,47.35,47.35,47.35,47.35,47.35,-3.38,-3.38,-3.38,5.39,5.39,False,False,False,False,False,False,False,True,True,2026-10-05
2885,2885.TW,@YUANTA GROUP,@YUANTA 集团,,,TWSE LISTED,Financial & Insurance,68.2,67.9,68.5,67.5,13910597,948.7,67.92,68.94,0.41,-1.07,2.1,-0.44,-1.45,71.7,71.7,71.7,71.7,71.7,-4.46,-4.46,-4.46,4.88,4.88,False,False,False,False,False,False,False,True,True,2026-10-05
2886,2886.TW,@MEGA FHC,@MEGA FHC,,,TWSE LISTED,Financial & Insurance,48.55,49.6,49.6,48.55,13745349,667.34,48.9,49.68,-0.72,-2.27,-0.61,-1.22,-2.12,53.7,53.7,53.7,53.7,53.7,-7.64,-7.64,-7.64,9.59,9.59,False,False,False,False,False,False,False,True,True,2026-10-05
2887,2887.TW,@TS HOLDINGS,@TS 控股,1087.76,,TWSE LISTED,Financial & Insurance,40.85,40.75,41.35,40.5,36276255,1481.88,41.28,42.295,-1.04,-3.42,0.74,-2.62,-3.88,44.8,44.8,44.8,44.8,44.8,-7.7,-7.7,-7.7,8.82,8.82,False,False,False,False,False,False,False,True,True,2026-10-05
2889,2889.TW,@IBF,@IBF,,,TWSE LISTED,Financial & Insurance,16.0,16.15,16.15,15.9,11227015,179.63,16.23,16.54,-1.42,-3.26,-0.62,-3.03,-3.32,17.64,17.64,17.64,17.64,17.64,-8.46,-8.46,-8.46,9.31,9.31,False,False,False,False,False,False,False,True,True,2026-10-05
2890,2890.TW,@SINOPAC HOLDINGS,@SINOPAC 控股,,,TWSE LISTED,Financial & Insurance,44.05,45.0,45.2,44.05,17331410,763.45,43.98,44.645,0.16,-1.33,0.0,-0.45,-2.44,46.35,46.35,46.35,46.35,46.35,-2.48,-2.48,-2.48,4.96,4.96,False,False,False,False,False,False,False,True,True,2026-10-05
2891,2891.TW,@CTBC HOLDING,@CTBC HOLDING,1087.76,,TWSE LISTED,Financial & Insurance,67.4,68.4,68.4,67.3,16188293,1091.09,67.94,68.66,-0.79,-1.84,0.15,-1.46,-1.61,73.6,73.6,73.6,73.6,73.6,-7.07,-7.07,-7.07,8.42,8.42,False,False,False,False,False,False,False,True,True,2026-10-05
2892,2892.TW,@FFHC,@FFHC,,,TWSE LISTED,Financial & Insurance,38.05,39.0,39.0,38.05,12932375,492.08,38.51,39.135,-1.19,-2.77,-1.3,-1.55,-3.67,40.95,40.95,40.95,40.95,40.95,-4.76,-4.76,-4.76,7.08,7.08,False,False,False,False,False,False,False,True,True,2026-10-05
2897,2897.TW,@O-BANK,@O-银行,,,TWSE LISTED,Financial & Insurance,10.6,10.75,10.75,10.55,5013201,53.14,10.79,10.955,-1.76,-3.24,-0.93,-2.75,-4.07,11.35,11.35,11.35,11.35,11.35,-5.29,-5.29,-5.29,6.61,6.61,False,False,False,False,False,False,False,True,True,2026-10-05
2901,2901.TW,@SHIN SHIN,@SHIN SHIN,,,TWSE LISTED,Trading & Consumers Goods,25.0,25.5,25.5,24.3,39000,0.97,24.56,23.99,1.79,4.21,-0.2,3.52,7.07,26.8,30.05,36.8,26.8,30.05,-4.85,-15.14,-30.71,6.72,16.81,False,False,False,False,False,False,False,True,False,2026-10-05
2903,2903.TW,@FEDS,@FEDS,,,TWSE LISTED,Trading & Consumers Goods,21.75,21.9,21.9,21.75,1357920,29.53,21.91,22.08,-0.73,-1.49,-0.23,-1.81,-1.58,24.5,35.95,35.95,24.5,35.95,-10.61,-39.08,-39.08,11.22,39.5,False,False,False,False,False,False,False,False,False,2026-10-05
2904,2904.TW,@POCS,@POCS,,,TWSE LISTED,Others,12.55,12.6,12.6,12.5,8912,0.11,12.61,12.59,-0.48,-0.32,-0.4,-0.4,0.0,17.85,19.95,31.25,17.85,19.95,-29.41,-36.84,-59.69,29.69,37.09,False,False,False,False,False,False,False,False,False,2026-10-05
2905,2905.TW,@MERCURIES,@MERCURIES,,,TWSE LISTED,Trading & Consumers Goods,17.65,17.9,17.9,17.65,558019,9.85,17.96,18.25,-1.73,-3.29,-0.84,-3.55,-3.55,19.0,21.75,27.51,19.0,21.75,-5.79,-17.7,-34.93,7.11,18.85,False,False,False,False,False,False,False,True,False,2026-10-05
2906,2906.TW,@COLLINS,@COLLINS,,,TWSE LISTED,Trading & Consumers Goods,13.25,13.35,13.4,13.25,100347,1.33,13.35,13.485,-0.75,-1.74,-1.12,-1.12,-1.85,16.1,24.7,29.85,16.1,24.7,-16.77,-45.75,-55.11,17.7,46.36,False,False,False,False,False,False,False,False,False,2026-10-05
2908,2908.TW,@TEST RITE,@TEST RITE,,,TWSE LISTED,Trading & Consumers Goods,22.2,22.1,22.25,22.05,304016,6.75,22.03,22.075,0.77,0.57,0.45,0.68,0.23,22.6,22.6,28.0,22.6,22.6,-1.55,-1.55,-20.54,1.77,1.77,False,False,False,True,False,False,False,True,True,2026-10-05
2910,2910.TW,@TONLIN,@TONLIN,,,TWSE LISTED,Trading & Consumers Goods,23.35,23.55,23.6,23.35,6002,0.14,23.37,23.535,-0.09,-0.79,0.65,-1.06,-0.85,31.1,31.1,52.9,31.1,31.1,-24.12,-24.12,-55.39,24.92,24.92,False,False,False,False,False,False,False,False,False,2026-10-05
2911,2911.TW,@LES ENPHANTS,@LES ENPHANTS,,,TWSE LISTED,Trading & Consumers Goods,6.04,6.06,6.11,6.0,76292,0.46,6.06,6.127,-0.33,-1.42,0.5,-0.66,-0.98,10.5,13.83,28.61,10.5,13.83,-41.81,-55.83,-78.64,42.48,56.34,False,False,False,False,False,False,False,False,False,2026-10-05
2912,2912.TW,@PCSC,@PCSC,,,TWSE LISTED,Trading & Consumers Goods,211.0,211.5,212.0,210.0,1098497,231.78,211.7,212.95,-0.33,-0.92,0.24,-0.71,-0.71,250.0,306.0,378.0,250.0,306.0,-15.2,-30.72,-43.92,15.6,31.05,False,False,False,False,False,False,False,False,False,2026-10-05
2913,2913.TW,@TTC,@TTC,,,TWSE LISTED,Trading & Consumers Goods,10.9,11.0,11.0,10.9,1474906,16.08,11.03,11.035,-1.18,-1.22,-0.91,-2.24,-1.36,13.9,24.25,33.0,13.9,24.25,-20.86,-54.64,-66.67,21.58,55.05,False,False,False,False,False,False,False,False,False,2026-10-05
2915,2915.TW,@RUENTEX IND.LTD,@RUENTEX IND.LTD,,,TWSE LISTED,Trading & Consumers Goods,56.9,57.5,57.6,56.6,1566267,89.12,58.0,58.77,-1.9,-3.18,-1.04,-3.23,-5.17,62.5,83.7,120.64,62.5,83.7,-7.84,-31.18,-52.26,8.96,32.02,False,False,False,False,False,False,False,True,False,2026-10-05
2923,2923.TW,@SINO HORIZON,@SINO HORIZON,1087.76,,TWSE LISTED,Building Material&Construction,24.25,24.65,25.65,24.2,118228,2.87,24.59,25.27,-1.38,-4.04,1.25,-4.72,-0.21,44.15,44.15,44.15,44.15,44.15,-41.9,-41.9,-41.9,45.07,45.07,False,False,False,False,False,False,False,False,False,2026-10-05
2929,2929.TW,@TOPBI,@TOPBI,,,TWSE LISTED,Trading & Consumers Goods,5.81,5.75,5.99,5.75,137154,0.8,5.812,5.809,-0.03,0.02,0.17,-0.34,-0.51,8.6,16.7,93.65,8.6,16.7,-30.35,-64.13,-93.6,32.44,65.21,False,False,False,False,False,False,False,False,False,2026-10-05
2939,2939.TW,@VITAFOSS-KY,@VITAFOSS-KY,,,TWSE LISTED,Trading & Consumers Goods,23.45,22.9,23.9,22.9,102000,2.39,22.02,20.965,6.49,11.85,3.99,7.08,19.64,28.0,38.8,310.0,28.0,38.8,-14.64,-38.4,-92.29,16.25,39.56,True,True,False,False,False,False,False,False,False,2026-10-05
2945,2945.TW,@SIMPLE MART,@SIMPLE MART,,,TWSE LISTED,Trading & Consumers Goods,39.95,40.0,40.0,39.95,7004,0.28,39.9,40.07,0.13,-0.3,-0.12,0.25,0.13,45.7,49.3,120.38,45.7,49.3,-12.47,-18.86,-66.77,12.58,18.97,False,False,False,False,False,False,False,False,False,2026-10-05
3002,3002.TW,@AHOKU,@AHOKU,,,TWSE LISTED,Computer and Peripheral Equipm,19.2,20.0,20.0,19.2,288022,5.53,19.31,19.41,-0.57,-1.08,-2.54,-0.52,1.59,25.5,31.9,31.9,25.5,31.9,-21.57,-37.3,-37.3,24.71,39.81,False,False,False,False,False,False,False,False,False,2026-10-05
3003,3003.TW,@KST,@KST,,,TWSE LISTED,Electronic Parts/Components,59.8,60.2,60.9,59.6,550102,32.9,59.94,59.45,-0.23,0.59,-0.33,-0.99,-0.5,74.0,102.5,109.0,74.0,102.5,-17.7,-40.59,-44.13,19.19,41.66,False,False,False,False,False,False,False,False,False,2026-10-05
3004,3004.TW,@NAFCO,@NAFCO,,,TWSE LISTED,Iron & Steel,120.5,124.5,124.5,120.5,710600,85.63,119.9,118.9,0.5,1.35,-0.82,1.26,2.99,163.0,164.0,164.0,163.0,164.0,-23.62,-24.09,-24.09,26.07,26.52,False,False,False,False,False,False,False,False,False,2026-10-05
3005,3005.TW,@GETAC,@GETAC,,,TWSE LISTED,Computer and Peripheral Equipm,117.0,117.5,117.5,116.5,1182691,138.37,117.1,117.55,-0.09,-0.47,-0.43,0.43,0.43,139.5,167.5,167.5,139.5,167.5,-15.77,-29.85,-29.85,16.13,30.15,False,False,False,False,False,False,False,False,False,2026-10-05
3006,3006.TW,@ESMT,@ESMT,,,TWSE LISTED,Semiconductor Industry,282.0,277.0,283.0,267.5,14150869,3990.55,283.9,282.3,-0.67,-0.11,-1.23,-1.4,2.55,319.0,319.0,319.0,319.0,319.0,-11.29,-11.29,-11.29,11.6,11.6,False,False,False,False,False,False,False,False,False,2026-10-05
3008,3008.TW,@LARGAN,@LARGAN,,,TWSE LISTED,Optoelectronic Industry,6730.0,6490.0,6850.0,6460.0,2271235,15285.41,6238.0,6286.0,7.89,7.06,7.0,13.2,7.77,7995.0,7995.0,7995.0,7995.0,7995.0,-14.32,-14.32,-14.32,15.82,15.82,True,False,False,False,False,False,False,False,False,2026-10-05
3010,3010.TW,@WAH LEE,@WAH LEE,,,TWSE LISTED,Electronic Products Distributi,130.0,129.0,131.5,127.5,967096,125.72,126.9,126.0,2.44,3.17,1.56,3.59,3.17,151.0,157.0,157.0,151.0,157.0,-12.91,-16.24,-16.24,13.91,17.2,True,False,False,False,False,False,False,False,False,2026-10-05
3011,3011.TW,@JH,@JH,,,TWSE LISTED,Electronic Parts/Components,9.8,9.88,9.88,9.72,348000,3.41,9.954,9.982,-1.55,-1.82,-0.71,-3.45,-2.0,16.05,39.9,43.1,16.05,39.9,-38.44,-75.24,-77.08,38.94,75.44,False,False,False,False,False,False,False,False,False,2026-10-05
3013,3013.TW,@UNEEC,@UNEEC,,,TWSE LISTED,Computer and Peripheral Equipm,93.0,94.2,94.5,92.5,2729233,253.82,90.1,86.83,3.22,7.11,0.32,7.14,10.06,130.77,169.23,169.23,130.77,169.23,-27.74,-44.16,-44.16,28.88,45.05,False,False,False,False,False,False,False,False,False,2026-10-05
3014,3014.TW,@ITE,@ITE,,,TWSE LISTED,Semiconductor Industry,146.5,143.0,147.0,141.0,5298882,776.29,143.2,141.35,2.3,3.64,2.81,3.53,4.27,171.0,185.0,185.0,171.0,185.0,-14.04,-20.54,-20.54,14.33,20.81,True,False,True,True,False,False,False,False,False,2026-10-05
3015,3015.TW,@FSP,@FSP,,,TWSE LISTED,Electronic Parts/Components,53.8,54.4,54.9,53.6,299000,16.09,54.34,53.6,-0.99,0.37,-1.1,-2.54,0.94,74.8,74.8,74.8,74.8,74.8,-26.6,-26.6,-26.6,28.07,28.07,False,False,False,False,False,False,False,False,False,2026-10-05
3016,3016.TW,@EPI,@EPI,,,TWSE LISTED,Semiconductor Industry,181.5,186.0,189.5,178.0,5102260,926.06,174.3,154.65,4.13,17.36,0.55,7.4,13.44,182.0,182.0,182.0,189.5,189.5,4.12,4.12,4.12,4.22,4.22,False,False,False,False,True,True,True,True,True,2026-10-05
3017,3017.TW,@AVC,@AVC,1087.76,,TWSE LISTED,Computer and Peripheral Equipm,3585.0,3570.0,3690.0,3420.0,4324317,15502.68,3474.0,3463.0,3.2,3.52,4.22,4.37,0.84,3600.0,3600.0,3600.0,3690.0,3690.0,2.5,2.5,2.5,2.85,2.85,False,False,False,True,True,True,True,True,True,2026-10-05
3018,3018.TW,@LUNG MING,@LUNG MING,,,TWSE LISTED,Other Electronic Industry,11.95,11.95,11.95,11.6,50151,0.6,12.03,12.005,-0.67,-0.46,-0.42,-0.42,-0.42,18.9,35.5,175.13,18.9,35.5,-36.77,-66.34,-93.18,36.77,66.34,False,False,False,False,False,False,False,False,False,2026-10-05
3019,3019.TW,@ASIA,@ASIA,,,TWSE LISTED,Optoelectronic Industry,141.5,140.0,143.0,140.0,4613163,652.76,137.9,136.75,2.61,3.47,1.8,3.66,4.81,172.0,218.0,218.0,172.0,218.0,-16.86,-34.4,-34.4,17.73,35.09,True,True,False,False,False,False,False,False,False,2026-10-05
3021,3021.TW,@WELLTEND,@WELLTEND,,,TWSE LISTED,Electronic Parts/Components,27.75,28.7,28.7,27.5,752000,20.87,28.43,27.185,-2.39,2.08,-1.6,-2.46,2.97,40.0,40.45,40.45,40.0,40.45,-28.25,-29.05,-29.05,30.63,31.4,False,False,False,False,False,False,False,False,False,2026-10-05
3022,3022.TW,@IEI,@IEI,,,TWSE LISTED,Computer and Peripheral Equipm,92.0,92.0,92.6,91.5,738550,67.95,92.28,92.05,-0.3,-0.05,0.55,-0.33,-1.18,116.5,122.0,122.0,116.5,122.0,-20.52,-24.1,-24.1,21.03,24.59,False,False,False,False,False,False,False,False,False,2026-10-05
3023,3023.TW,@SINBON,@SINBON,,,TWSE LISTED,Electronic Parts/Components,322.5,317.5,327.5,317.5,1478514,476.82,311.6,314.95,3.5,2.4,3.37,5.05,3.7,353.5,353.5,387.0,353.5,353.5,-7.36,-7.36,-15.37,8.77,8.77,True,False,False,False,False,False,False,True,True,2026-10-05
3024,3024.TW,@ACTION,@ACTION,,,TWSE LISTED,Optoelectronic Industry,13.75,14.0,14.0,13.7,1299220,17.86,14.05,14.365,-2.14,-4.28,-1.79,-3.17,-5.82,18.4,25.15,25.15,18.4,25.15,-23.91,-44.33,-44.33,25.27,45.33,False,False,False,False,False,False,False,False,False,2026-10-05
3025,3025.TW,@LOOP,@LOOP,,,TWSE LISTED,Communications and Internet,55.9,55.4,57.3,55.3,537116,30.02,54.94,53.46,1.75,4.56,0.9,5.67,6.68,85.0,91.0,91.0,85.0,91.0,-32.59,-37.03,-37.03,34.24,38.57,False,False,False,False,False,False,False,False,False,2026-10-05
3026,3026.TW,@HOLY STONE,@HOLY STONE,,,TWSE LISTED,Electronic Parts/Components,817.0,855.0,861.0,817.0,9329745,7622.4,818.2,803.7,-0.15,1.65,-2.16,3.29,0.86,1045.0,1045.0,1045.0,1045.0,1045.0,-17.61,-17.61,-17.61,21.82,21.82,False,False,False,False,False,False,False,False,False,2026-10-05
3027,3027.TW,@BILLION,@BILLION,1087.76,,TWSE LISTED,Communications and Internet,18.8,18.6,19.0,18.6,153001,2.88,18.68,18.595,0.64,1.1,1.08,-0.53,1.35,29.1,50.8,58.4,29.1,50.8,-34.71,-62.6,-67.47,35.4,62.99,False,False,False,False,False,False,False,False,False,2026-10-05
3028,3028.TW,@ZENITRON,@ZENITRON,,,TWSE LISTED,Electronic Products Distributi,63.4,64.1,64.8,63.4,1307022,82.87,62.9,62.56,0.79,1.34,0.0,0.79,1.44,88.3,88.3,88.3,88.3,88.3,-26.61,-26.61,-26.61,28.2,28.2,False,False,False,False,False,False,False,False,False,2026-10-05
3029,3029.TW,@ZERO ONE,@ZERO ONE,,,TWSE LISTED,Information Service Industry,117.5,119.0,119.0,117.0,1055348,124.0,118.4,119.75,-0.76,-1.88,-0.42,-2.08,-2.08,126.0,174.0,174.0,126.0,174.0,-5.56,-31.61,-31.61,6.75,32.47,False,False,False,False,False,False,False,True,False,2026-10-05
3030,3030.TW,@TRI,@TRI,,,TWSE LISTED,Other Electronic Industry,305.5,309.5,312.0,302.0,3360715,1026.7,289.9,278.75,5.38,9.6,1.83,9.5,13.15,457.5,457.5,457.5,457.5,457.5,-31.8,-31.8,-31.8,33.22,33.22,True,True,False,False,False,False,False,False,False,2026-10-05
3031,3031.TW,@BRIGHT,@BRIGHT,,,TWSE LISTED,Optoelectronic Industry,32.9,32.8,34.7,32.1,7680105,252.68,31.65,30.225,3.95,8.85,0.3,6.82,8.05,36.85,36.85,36.85,36.85,36.85,-5.83,-5.83,-5.83,10.72,10.72,False,False,False,False,False,False,False,False,False,2026-10-05
3032,3032.TW,@COMPUCASE,@COMPUCASE,1087.87,,TWSE LISTED,Electronic Parts/Components,79.3,80.0,80.9,78.2,451030,35.77,78.84,78.64,0.58,0.84,-0.13,1.28,0.38,96.2,123.0,123.0,96.2,123.0,-15.9,-34.23,-34.23,17.57,35.53,False,False,False,True,False,False,False,False,False,2026-10-05
3033,3033.TW,@WEIKENG,@WEIKENG,,,TWSE LISTED,Electronic Products Distributi,42.4,42.75,42.9,42.35,2217001,94.0,42.36,42.015,0.09,0.92,0.0,-0.47,1.44,59.4,59.4,59.4,59.4,59.4,-27.78,-27.78,-27.78,28.62,28.62,False,False,False,False,False,False,False,False,False,2026-10-05
3034,3034.TW,@NOVATEK,@NOVATEK,1087.87,,TWSE LISTED,Semiconductor Industry,543.0,543.0,546.0,538.0,2344601,1273.12,542.6,546.4,0.07,-0.62,1.12,-0.55,0.0,606.0,646.0,656.0,606.0,646.0,-9.9,-15.48,-16.77,10.4,15.94,False,False,False,False,False,False,False,False,False,2026-10-05
3035,3035.TW,@FARADAY,@FARADAY,,,TWSE LISTED,Semiconductor Industry,216.0,220.5,223.5,215.0,6355232,1372.73,213.0,206.0,1.41,4.85,0.23,2.61,4.6,245.0,459.5,459.5,245.0,459.5,-8.78,-51.36,-51.36,11.84,52.99,True,True,False,False,False,False,False,False,False,2026-10-05
3036,3036.TW,@WT,@WT,,,TWSE LISTED,Electronic Products Distributi,213.5,213.5,216.0,212.0,5940135,1268.22,210.5,208.25,1.43,2.52,0.0,3.89,3.14,308.0,308.0,308.0,308.0,308.0,-29.87,-29.87,-29.87,30.68,30.68,False,False,False,False,False,False,False,False,False,2026-10-05
3037,3037.TW,@UNIMICRON,@UNIMICRON,,,TWSE LISTED,Electronic Parts/Components,1325.0,1325.0,1420.0,1310.0,26275010,34814.39,1237.0,1165.1,7.11,13.72,1.53,12.77,11.81,1305.0,1305.0,1305.0,1420.0,1420.0,8.81,8.81,8.81,6.69,6.69,True,False,False,False,True,True,True,True,True,2026-10-05
3038,3038.TW,@EDT,@EDT,,,TWSE LISTED,Optoelectronic Industry,20.4,20.7,20.7,20.4,210011,4.28,20.61,20.44,-1.02,-0.2,-1.21,-1.92,0.49,25.4,37.4,44.8,25.4,37.4,-18.5,-44.65,-53.79,19.69,45.45,False,False,False,False,False,False,False,False,False,2026-10-05
3040,3040.TW,@G.V.,@G.V.,,,TWSE LISTED,Others,33.9,34.95,34.95,33.25,212016,7.19,33.79,34.41,0.33,-1.48,-0.15,0.15,-3.42,57.4,77.0,77.0,57.4,77.0,-39.11,-54.61,-54.61,40.94,55.97,False,False,False,False,False,False,False,False,False,2026-10-05
3041,3041.TW,@ALI,@ALI,,,TWSE LISTED,Semiconductor Industry,24.15,25.15,25.15,24.05,608804,14.7,24.31,23.88,-0.66,1.13,-2.62,-0.82,4.09,32.5,59.08,73.83,32.5,59.08,-22.62,-57.43,-65.94,25.69,59.13,False,False,False,False,False,False,False,False,False,2026-10-05
3042,3042.TW,@TXC,@TXC,,,TWSE LISTED,Electronic Parts/Components,222.0,232.0,235.5,221.0,35048520,7780.77,217.9,204.2,1.88,8.72,-3.69,5.71,9.36,250.0,250.0,250.0,250.0,250.0,-5.8,-5.8,-5.8,11.2,11.2,False,False,False,False,False,False,False,False,False,2026-10-05
3043,3043.TW,@PCM,@PCM,,,TWSE LISTED,Other Electronic Industry,20.85,20.6,21.0,20.6,120500,2.51,20.46,20.6,1.91,1.21,0.48,2.46,1.21,26.85,47.3,74.75,26.85,47.3,-21.79,-55.6,-71.91,22.35,55.92,False,False,False,False,False,False,False,False,False,2026-10-05
3044,3044.TW,@TRIPOD,@TRIPOD,,,TWSE LISTED,Electronic Parts/Components,557.0,549.0,564.0,547.0,2850202,1587.56,534.8,533.6,4.15,4.39,2.77,6.1,3.53,598.0,598.0,598.0,598.0,598.0,-5.69,-5.69,-5.69,6.86,6.86,True,False,False,False,False,False,False,True,True,2026-10-05
3045,3045.TW,@TWM,@TWM,1081.52,,TWSE LISTED,Communications and Internet,122.5,123.0,123.5,122.0,7109161,870.87,121.4,122.4,0.91,0.08,0.41,2.51,0.0,125.5,125.5,125.5,125.5,125.5,-1.59,-1.59,-1.59,2.39,2.39,False,False,False,True,False,False,False,True,True,2026-10-05
3046,3046.TW,@AOPEN,@AOPEN,1087.87,,TWSE LISTED,Computer and Peripheral Equipm,53.8,53.8,54.4,53.7,176019,9.47,53.68,53.79,0.22,0.02,-0.19,0.37,0.0,64.0,75.6,104.32,64.0,75.6,-15.0,-28.04,-47.85,15.94,28.84,False,False,False,True,False,False,False,False,False,2026-10-05
3047,3047.TW,@EDIMAX,@EDIMAX,,,TWSE LISTED,Communications and Internet,14.4,14.75,14.75,14.35,689541,9.93,14.57,14.595,-1.17,-1.34,-1.71,-2.37,-1.03,20.5,48.5,48.5,20.5,48.5,-28.05,-69.59,-69.59,29.76,70.31,False,False,False,False,False,False,False,False,False,2026-10-05
3048,3048.TW,@EDOM,@EDOM,,,TWSE LISTED,Electronic Products Distributi,53.6,54.5,54.8,53.5,2367347,126.89,52.58,51.78,1.94,3.51,-0.19,3.68,3.28,81.9,81.9,81.9,81.9,81.9,-33.09,-33.09,-33.09,34.55,34.55,False,False,False,False,False,False,False,False,False,2026-10-05
3049,3049.TW,@HANNSTOUCH,@HANNSTOUCH,,,TWSE LISTED,Optoelectronic Industry,12.25,12.6,12.9,12.25,6262209,76.71,12.36,12.395,-0.89,-1.17,-1.61,-3.16,0.0,18.0,18.0,19.55,18.0,18.0,-28.33,-28.33,-34.02,31.94,31.94,False,False,False,False,False,False,False,False,False,2026-10-05
3050,3050.TW,@U-TECH,@U-TECH,,,TWSE LISTED,Optoelectronic Industry,11.65,11.7,11.7,11.5,525001,6.12,11.72,11.63,-0.6,0.17,0.43,-2.51,1.3,15.3,29.75,29.75,15.3,29.75,-23.53,-60.67,-60.67,23.86,60.84,False,False,False,False,False,False,False,False,False,2026-10-05
3051,3051.TW,@OPTIMAX,@OPTIMAX,,,TWSE LISTED,Optoelectronic Industry,22.9,23.7,23.7,22.8,941371,21.56,23.09,22.89,-0.82,0.04,-2.97,-1.72,2.69,31.4,46.75,46.75,31.4,46.75,-24.52,-49.3,-49.3,27.07,51.02,False,False,False,False,False,False,False,False,False,2026-10-05
3052,3052.TW,@APEX,@APEX,,,TWSE LISTED,Building Material&Construction,10.45,10.45,10.5,10.45,88002,0.92,10.42,10.395,0.29,0.53,0.0,0.48,0.48,12.15,14.61,14.61,12.15,14.61,-13.58,-28.12,-28.13,13.99,28.46,False,False,False,False,False,False,False,False,False,2026-10-05
3054,3054.TW,@LIWANLI,@LIWANLI,,,TWSE LISTED,Electronic Products Distributi,60.1,59.8,60.3,58.7,181000,10.88,59.52,58.91,0.97,2.02,0.67,1.18,2.91,96.0,96.0,96.0,96.0,96.0,-37.19,-37.19,-37.19,37.4,37.4,True,True,False,True,False,False,False,False,False,2026-10-05
3055,3055.TW,@SPIROX CORP.,@SPIROX CORP.,,,TWSE LISTED,Electronic Products Distributi,216.5,221.0,222.0,213.0,877405,189.96,211.1,202.35,2.56,6.99,0.23,3.34,8.79,226.0,226.0,226.0,226.0,226.0,-1.77,-1.77,-1.77,4.2,4.2,True,True,False,False,False,False,False,True,True,2026-10-05
3056,3056.TW,@FU HUA,@FU HUA,,,TWSE LISTED,Building Material&Construction,13.6,13.7,13.75,13.6,637596,8.67,13.75,14.02,-1.09,-3.0,-0.73,-1.81,-3.2,18.15,30.33,30.33,18.15,30.33,-24.24,-54.67,-54.67,25.07,55.16,False,False,False,False,False,False,False,False,False,2026-10-05
3057,3057.TW,@PROMISE,@PROMISE,,,TWSE LISTED,Computer and Peripheral Equipm,15.6,15.8,15.95,15.6,89461,1.4,15.93,16.1,-2.07,-3.11,-0.64,-3.7,-1.27,25.2,27.5,47.98,25.2,27.5,-36.71,-42.0,-66.76,38.1,43.27,False,False,False,False,False,False,False,False,False,2026-10-05
3058,3058.TW,@LEI,@LEI,,,TWSE LISTED,Electronic Parts/Components,8.12,8.28,8.28,8.12,462006,3.75,8.16,8.199,-0.49,-0.96,-0.73,-0.98,-1.22,11.2,25.4,30.77,11.2,25.4,-26.07,-67.4,-73.09,27.5,68.03,False,False,False,False,False,False,False,False,False,2026-10-05
3059,3059.TW,@ALTEK,@ALTEK,,,TWSE LISTED,Optoelectronic Industry,38.25,39.05,39.05,38.2,1209869,46.28,38.37,38.18,-0.31,0.18,-1.16,-1.29,1.06,54.5,64.9,64.9,54.5,64.9,-28.35,-39.83,-39.83,29.82,41.06,False,False,False,False,False,False,False,False,False,2026-10-05
3060,3060.TW,@MIN AIK,@MIN AIK,,,TWSE LISTED,Computer and Peripheral Equipm,28.5,29.3,29.7,28.5,1909752,54.43,28.25,27.46,0.88,3.79,-1.38,1.42,7.34,42.2,42.2,42.2,42.2,42.2,-29.62,-29.62,-29.62,32.46,32.46,False,False,False,False,False,False,False,False,False,2026-10-05
3062,3062.TW,@CYBERTAN,@CYBERTAN,,,TWSE LISTED,Communications and Internet,22.7,22.65,23.05,22.6,2031510,46.12,22.5,22.32,0.89,1.7,0.22,-0.87,3.42,34.1,41.15,41.15,34.1,41.15,-32.4,-43.99,-43.99,33.43,44.84,False,False,False,False,False,False,False,False,False,2026-10-05
3090,3090.TW,@NDB,@NDB,,,TWSE LISTED,Electronic Parts/Components,173.0,179.0,180.0,172.5,6721893,1162.89,167.5,166.15,3.28,4.12,-0.29,7.45,4.85,365.0,365.0,365.0,365.0,365.0,-50.68,-50.68,-50.68,52.6,52.6,False,False,False,False,False,False,False,False,False,2026-10-05
3092,3092.TW,@HOTRON,@HOTRON,,,TWSE LISTED,Electronic Parts/Components,24.1,24.15,24.6,23.95,283316,6.83,24.02,23.485,0.33,2.62,0.63,-3.6,5.93,40.5,40.5,78.99,40.5,40.5,-39.26,-39.26,-68.86,40.49,40.49,False,False,False,False,False,False,False,False,False,2026-10-05
3094,3094.TW,@DAVICOM,@DAVICOM,,,TWSE LISTED,Semiconductor Industry,69.0,70.4,73.5,68.7,24151935,1666.48,65.66,59.8,5.09,15.38,-1.85,12.01,27.07,73.0,73.0,73.0,73.5,73.5,0.68,0.68,0.68,6.12,6.12,False,False,False,False,True,True,True,True,True,2026-10-05
3130,3130.TW,@104,@104,,,TWSE LISTED,Digital and Cloud Services,209.0,209.5,209.5,208.0,38206,7.99,209.3,209.1,-0.14,-0.05,-0.24,0.0,0.24,228.5,250.5,250.5,228.5,250.5,-8.32,-16.37,-16.37,8.53,16.57,False,False,False,False,False,False,False,True,False,2026-10-05
3135,3135.TW,@GOLDKEY TECH.,@GOLDKEY TECH.,,,TWSE LISTED,Semiconductor Industry,157.0,161.0,161.5,157.0,551913,86.65,157.5,158.8,-0.32,-1.13,-1.26,-0.63,0.32,253.89,253.89,253.89,253.89,253.89,-36.39,-36.39,-36.39,38.16,38.16,False,False,False,False,False,False,False,False,False,2026-10-05
3138,3138.TW,@AUDEN,@AUDEN,,,TWSE LISTED,Communications and Internet,105.0,101.5,105.0,100.0,999117,104.91,100.52,100.96,4.46,4.0,5.53,3.96,5.63,239.0,239.0,510.55,239.0,239.0,-56.07,-56.07,-79.43,56.07,56.07,False,False,False,True,False,False,False,False,False,2026-10-05
3149,3149.TW,@G-TECH,@G-TECH,,,TWSE LISTED,Optoelectronic Industry,79.5,78.8,80.0,77.8,15985187,1270.82,74.48,69.19,6.74,14.9,2.85,7.43,25.59,109.0,109.0,109.0,109.0,109.0,-26.61,-26.61,-26.61,27.06,27.06,True,True,False,False,False,False,False,False,False,2026-10-05
3164,3164.TW,@GENMONT,@GENMONT,,,TWSE LISTED,Biotechnology and Medical Care,16.55,16.7,16.7,16.5,34200,0.57,16.54,16.29,0.06,1.6,0.3,0.0,1.53,18.7,25.35,36.6,18.7,25.35,-10.7,-34.12,-54.37,11.5,34.71,False,False,False,False,False,False,False,False,False,2026-10-05
3167,3167.TW,@TA LIANG,@TA LIANG,,,TWSE LISTED,Electric Machinery,996.0,984.0,1005.0,970.0,1320646,1315.36,948.4,908.5,5.02,9.63,1.53,12.29,4.95,1015.0,1015.0,1015.0,1015.0,1015.0,-0.99,-0.99,-0.99,1.87,1.87,True,False,False,False,False,False,False,True,True,2026-10-05
3168,3168.TW,@DATA IMAGE,@DATA IMAGE,,,TWSE LISTED,Optoelectronic Industry,42.4,43.1,43.1,42.1,63000,2.67,42.7,42.605,-0.7,-0.48,-1.62,-0.93,0.59,52.3,78.3,78.3,52.3,78.3,-17.59,-44.96,-44.96,18.93,45.85,False,False,False,False,False,False,False,False,False,2026-10-05
3189,3189.TW,@KINSUS,@KINSUS,,,TWSE LISTED,Semiconductor Industry,1095.0,1055.0,1150.0,1030.0,29513825,32317.64,1016.0,951.6,7.78,15.07,4.29,12.89,13.83,1070.0,1070.0,1070.0,1150.0,1150.0,7.48,7.48,7.48,4.78,4.78,True,False,False,False,True,True,True,True,True,2026-10-05
3209,3209.TW,@ALLTEK,@ALLTEK,,,TWSE LISTED,Electronic Products Distributi,46.1,46.4,46.4,45.85,919373,42.38,45.68,45.745,0.92,0.78,0.0,1.65,0.66,79.71,79.71,79.71,79.71,79.71,-41.79,-41.79,-41.79,42.17,42.17,False,False,False,False,False,False,False,False,False,2026-10-05
3229,3229.TW,@CHEER TIME,@CHEER TIME,,,TWSE LISTED,Electronic Parts/Components,56.8,59.6,60.1,56.8,1235516,70.18,58.06,58.6,-2.17,-3.07,-3.4,-3.07,0.71,72.9,72.9,84.06,72.9,72.9,-17.56,-17.56,-28.5,22.09,22.09,False,False,False,False,False,False,False,False,False,2026-10-05
3231,3231.TW,@WISTRON,@WISTRON,,,TWSE LISTED,Computer and Peripheral Equipm,189.5,188.5,191.5,187.5,47854762,9068.48,187.3,185.45,1.17,2.18,1.61,2.71,2.71,206.0,206.0,206.0,206.0,206.0,-7.04,-7.04,-7.04,8.01,8.01,False,False,False,False,False,False,False,True,True,2026-10-05
3257,3257.TW,@CHAMPION,@CHAMPION,,,TWSE LISTED,Semiconductor Industry,50.7,50.5,51.4,50.2,347400,17.61,49.92,49.355,1.56,2.73,0.8,2.22,4.11,78.2,82.5,91.4,78.2,82.5,-34.27,-37.7,-43.76,35.17,38.55,True,True,False,False,False,False,False,False,False,2026-10-05
3266,3266.TW,@SUNTY,@SUNTY,,,TWSE LISTED,Building Material&Construction,13.9,13.85,14.0,13.8,74249,1.03,13.9,13.94,-0.0,-0.29,0.36,-0.71,-0.71,14.35,28.8,28.8,14.35,28.8,-2.44,-51.39,-51.39,3.14,51.74,False,False,False,False,False,False,False,True,False,2026-10-05
3296,3296.TW,@POWERTECH,@POWERTECH,,,TWSE LISTED,Electronic Parts/Components,28.55,28.5,28.9,28.25,107000,3.05,28.37,28.285,0.63,0.94,0.18,0.53,2.15,31.6,38.25,38.25,31.6,38.25,-8.54,-24.44,-24.44,9.65,25.36,False,False,False,True,False,False,False,True,False,2026-10-05
3305,3305.TW,@SHENMAO,@SHENMAO,,,TWSE LISTED,Other Electronic Industry,109.0,110.0,110.0,108.0,1025152,111.74,106.6,104.6,2.25,4.21,1.4,2.83,5.83,169.5,169.5,169.5,169.5,169.5,-35.1,-35.1,-35.1,35.69,35.69,False,False,False,False,False,False,False,False,False,2026-10-05
3308,3308.TW,@BESTEC,@BESTEC,,,TWSE LISTED,Electronic Parts/Components,22.45,23.0,23.0,22.3,65156,1.46,22.53,22.13,-0.36,1.45,-1.97,0.45,4.18,27.5,63.85,79.99,27.5,63.85,-16.36,-63.98,-71.25,18.36,64.84,False,False,False,False,False,False,False,False,False,2026-10-05
3311,3311.TW,@SILITECH,@SILITECH,,,TWSE LISTED,Communications and Internet,49.5,52.2,52.2,49.0,12198331,603.82,44.7,41.14,10.74,20.32,-0.3,20.58,30.09,49.65,49.65,69.36,52.2,52.2,5.14,5.14,-24.74,5.17,5.17,False,False,False,False,True,True,False,True,True,2026-10-05
3312,3312.TW,@GMI,@GMI,,,TWSE LISTED,Electronic Products Distributi,51.7,52.4,52.7,51.6,779003,40.27,51.64,52.0,0.12,-0.58,-0.77,-0.58,2.38,73.2,110.5,110.5,73.2,110.5,-28.01,-52.31,-52.31,29.37,53.21,False,False,False,False,False,False,False,False,False,2026-10-05
3321,3321.TW,@UNIFLEX,@UNIFLEX,,,TWSE LISTED,Electronic Parts/Components,18.2,18.35,18.45,18.2,163002,2.97,18.25,18.22,-0.27,-0.11,-0.82,-0.27,0.0,28.1,47.1,108.44,28.1,47.1,-34.34,-60.83,-82.99,35.23,61.36,False,False,False,False,False,False,False,False,False,2026-10-05
3338,3338.TW,@TAISOL,@TAISOL,,,TWSE LISTED,Electronic Parts/Components,70.1,69.6,70.3,69.0,930219,65.21,68.58,68.02,2.22,3.06,1.59,3.09,3.7,94.3,96.5,106.0,94.3,96.5,-25.45,-27.15,-33.68,25.66,27.36,False,False,False,False,False,False,False,False,False,2026-10-05
3346,3346.TW,@LASTER TECH,@LASTER TECH,,,TWSE LISTED,Automobile,23.85,24.15,24.15,23.3,620002,14.79,23.96,23.79,-0.46,0.25,-0.62,-1.24,1.06,30.9,56.2,129.21,30.9,56.2,-21.84,-57.03,-81.31,22.82,57.56,False,False,False,False,False,False,False,False,False,2026-10-05
3356,3356.TW,@GEOVISION,@GEOVISION,,,TWSE LISTED,Optoelectronic Industry,67.4,66.8,67.6,66.2,396029,26.69,66.3,66.739,1.66,0.99,0.9,2.12,3.37,79.42,106.93,106.93,79.42,106.93,-14.89,-36.78,-36.78,15.14,36.97,False,False,False,True,False,False,False,False,False,2026-10-05
3376,3376.TW,@SZS,@SZS,,,TWSE LISTED,Electronic Parts/Components,171.5,175.5,175.5,171.0,2292855,393.22,173.1,175.25,-0.92,-2.14,-1.44,-1.72,-1.44,250.0,302.5,302.5,250.0,302.5,-29.8,-41.98,-41.98,31.4,43.31,False,False,False,False,False,False,False,False,False,2026-10-05
3380,3380.TW,@ALPHA,@ALPHA,,,TWSE LISTED,Communications and Internet,31.3,31.75,31.9,31.2,2496273,78.13,31.66,31.715,-1.14,-1.31,-2.03,-2.64,-0.95,43.95,43.95,48.8,43.95,43.95,-27.42,-27.42,-34.63,28.78,28.78,False,False,False,False,False,False,False,False,False,2026-10-05
3406,3406.TW,@GSEO,@GSEO,,,TWSE LISTED,Optoelectronic Industry,1055.0,971.0,1055.0,971.0,5131140,5413.35,947.6,939.1,11.33,12.34,9.78,18.54,17.09,1140.0,1140.0,1140.0,1140.0,1140.0,-7.46,-7.46,-7.46,7.46,7.46,True,False,False,False,False,False,False,True,True,2026-10-05
3413,3413.TW,@FITI,@FITI,,,TWSE LISTED,Semiconductor Industry,295.0,294.5,298.0,293.0,845086,249.3,292.4,288.7,0.89,2.18,1.03,1.37,2.43,383.5,403.0,403.0,383.5,403.0,-22.29,-26.05,-26.05,23.08,26.8,False,False,False,False,False,False,False,False,False,2026-10-05
3416,3416.TW,@WINMATE,@WINMATE,,,TWSE LISTED,Computer and Peripheral Equipm,168.5,168.0,169.5,166.0,415010,69.93,165.1,163.5,2.06,3.06,1.51,3.69,4.66,190.52,201.0,201.0,190.52,201.0,-11.03,-15.67,-15.67,11.56,16.17,False,False,False,False,False,False,False,False,False,2026-10-05
3419,3419.TW,@WHAYU,@WHAYU,,,TWSE LISTED,Communications and Internet,12.05,12.15,12.2,11.75,152006,1.83,11.98,11.51,0.58,4.69,-0.82,0.0,12.09,17.95,20.75,32.4,17.95,20.75,-32.03,-41.2,-62.35,32.87,41.93,False,False,False,False,False,False,False,False,False,2026-10-05
3432,3432.TW,@TAI TWUN,@TAI TWUN,,,TWSE LISTED,Electronic Parts/Components,14.7,15.0,15.0,14.65,39000,0.57,14.81,14.895,-0.74,-1.31,-1.34,-1.34,0.68,23.35,32.2,54.19,23.35,32.2,-35.76,-53.42,-72.32,37.04,54.35,False,False,False,False,False,False,False,False,False,2026-10-05
3437,3437.TW,@AOT,@AOT,,,TWSE LISTED,Optoelectronic Industry,21.9,22.3,23.35,21.9,2712869,59.41,22.19,22.08,-1.31,-0.82,-1.13,-2.45,-0.45,31.3,40.0,50.0,31.3,40.0,-25.4,-41.62,-53.3,30.03,45.25,False,False,False,False,False,False,False,False,False,2026-10-05
3443,3443.TW,@GUC,@GUC,,,TWSE LISTED,Semiconductor Industry,8600.0,8150.0,8690.0,8150.0,649615,5586.69,8073.0,8041.5,6.53,6.95,8.86,6.97,0.88,8545.0,8545.0,8545.0,8690.0,8690.0,1.7,1.7,1.7,1.04,1.04,False,False,False,False,True,True,True,True,True,2026-10-05
3447,3447.TW,@XAVI,@XAVI,,,TWSE LISTED,Communications and Internet,27.6,28.0,28.05,27.2,79000,2.18,27.54,27.815,0.22,-0.77,-0.54,0.18,1.1,53.6,101.0,101.0,53.6,101.0,-47.67,-72.23,-72.23,48.51,72.67,False,False,False,False,False,False,False,False,False,2026-10-05
3450,3450.TW,@ELASER,@ELASER,,,TWSE LISTED,Semiconductor Industry,548.0,557.0,574.0,545.0,11647876,6383.04,530.8,529.6,3.24,3.47,0.92,4.78,6.82,653.0,653.0,653.0,653.0,653.0,-12.1,-12.1,-12.1,16.08,16.08,False,False,False,False,False,False,False,False,False,2026-10-05
3481,3481.TW,@INX,@INX,,,TWSE LISTED,Optoelectronic Industry,52.3,54.0,56.2,52.3,358999158,18775.66,52.37,51.015,-0.13,2.52,-0.95,-4.39,5.55,72.6,72.6,72.6,72.6,72.6,-22.59,-22.59,-22.59,27.96,27.96,False,False,False,False,False,False,False,False,False,2026-10-05
3494,3494.TW,@HITI,@HITI,,,TWSE LISTED,Computer and Peripheral Equipm,7.05,6.97,7.07,6.96,59000,0.42,7.084,7.134,-0.48,-1.18,-0.56,-0.7,-0.84,11.65,20.6,50.68,11.65,20.6,-39.31,-65.68,-86.05,39.48,65.78,False,False,False,False,False,False,False,False,False,2026-10-05
3501,3501.TW,@WELL SHIN,@WELL SHIN,,,TWSE LISTED,Electronic Parts/Components,37.8,37.75,37.9,37.6,129080,4.88,37.66,37.885,0.37,-0.22,0.4,0.4,-0.26,61.4,81.8,81.8,61.4,81.8,-38.27,-53.67,-53.67,38.44,53.79,False,False,False,False,False,False,False,False,False,2026-10-05
3504,3504.TW,@YOUNG OPTICS,@YOUNG OPTICS,,,TWSE LISTED,Optoelectronic Industry,84.7,81.2,85.3,81.2,2590461,219.41,80.72,79.7,4.93,6.27,5.74,7.08,7.9,97.8,97.8,169.0,97.8,97.8,-12.78,-12.78,-49.53,13.39,13.39,False,False,False,False,False,False,False,False,False,2026-10-05
3515,3515.TW,@ASROCK,@ASROCK,,,TWSE LISTED,Computer and Peripheral Equipm,217.5,218.0,221.5,217.0,356000,77.43,214.4,213.3,1.45,1.97,0.46,2.59,3.08,273.5,360.0,360.0,273.5,360.0,-19.01,-38.47,-38.47,20.48,39.58,True,False,False,False,False,False,False,False,False,2026-10-05
3518,3518.TW,@PT TECH.,@PT TECH.,,,TWSE LISTED,Other Electronic Industry,48.75,48.45,48.75,46.8,8753453,426.73,42.39,37.32,15.0,30.63,9.92,18.61,43.38,45.15,45.15,50.3,48.75,48.75,7.97,7.97,-3.08,0.0,0.0,False,False,False,False,True,True,False,True,True,2026-10-05
3528,3528.TW,@ANSTEK,@ANSTEK,,,TWSE LISTED,Electronic Products Distributi,86.9,89.3,89.5,86.9,262257,22.79,86.58,85.38,0.37,1.78,-2.14,1.52,2.24,142.5,142.5,142.5,142.5,142.5,-37.19,-37.19,-37.19,39.02,39.02,False,False,False,False,False,False,False,False,False,2026-10-05
3530,3530.TW,@SOI,@SOI,,,TWSE LISTED,Semiconductor Industry,58.9,59.4,59.6,58.5,239020,14.08,59.0,58.8,-0.17,0.17,-1.01,-0.51,1.03,85.5,147.5,282.99,85.5,147.5,-30.29,-59.59,-78.94,31.11,60.07,False,False,False,False,False,False,False,False,False,2026-10-05
3532,3532.TW,@FST,@FST,,,TWSE LISTED,Semiconductor Industry,469.5,487.0,492.5,468.5,5888254,2764.54,468.8,456.35,0.15,2.88,-1.26,-0.32,3.76,552.0,552.0,552.0,552.0,552.0,-10.78,-10.78,-10.78,14.95,14.95,False,False,False,False,False,False,False,False,False,2026-10-05
3533,3533.TW,@LOTES,@LOTES,,,TWSE LISTED,Electronic Parts/Components,1875.0,1860.0,1895.0,1850.0,1427593,2676.74,1813.0,1736.5,3.42,7.98,1.08,5.93,10.95,2955.0,2955.0,2955.0,2955.0,2955.0,-35.87,-35.87,-35.87,36.55,36.55,False,False,False,False,False,False,False,False,False,2026-10-05
3535,3535.TW,@FAVITE,@FAVITE,,,TWSE LISTED,Optoelectronic Industry,92.7,94.0,94.0,92.3,1036438,96.08,91.74,89.72,1.05,3.32,-0.22,0.76,4.86,151.0,151.0,151.0,151.0,151.0,-37.75,-37.75,-37.75,38.61,38.61,False,False,False,False,False,False,False,False,False,2026-10-05
3543,3543.TW,@JOCHU,@JOCHU,,,TWSE LISTED,Optoelectronic Industry,54.0,51.7,54.6,51.7,5230077,282.42,51.5,48.555,4.85,11.21,5.88,5.47,18.16,58.8,58.8,58.8,58.8,58.8,-7.14,-7.14,-7.14,8.16,8.16,False,False,False,False,False,False,False,True,True,2026-10-05
3545,3545.TW,@FOCALTECH,@FOCALTECH,,,TWSE LISTED,Semiconductor Industry,50.4,52.5,52.5,50.4,649755,32.75,51.44,51.48,-2.02,-2.1,-2.14,-2.7,-1.18,63.5,136.0,298.0,63.5,136.0,-17.32,-61.4,-82.38,20.63,62.94,False,False,False,False,False,False,False,False,False,2026-10-05
3550,3550.TW,@COPARTNER,@COPARTNER,,,TWSE LISTED,Electronic Parts/Components,25.1,25.85,25.85,25.1,1531560,38.44,25.74,24.86,-2.49,0.97,-2.71,-3.09,5.24,39.7,39.7,39.7,39.7,39.7,-34.89,-34.89,-34.89,36.78,36.78,False,False,False,False,False,False,False,False,False,2026-10-05
3557,3557.TW,@JIAWEI,@JIAWEI,,,TWSE LISTED,Household,24.15,25.4,25.4,23.9,73047,1.76,23.51,23.255,2.72,3.85,-1.43,5.0,5.69,38.35,78.0,112.21,38.35,78.0,-33.77,-67.44,-77.36,37.03,69.04,False,False,False,False,False,False,False,False,False,2026-10-05
3563,3563.TW,@MACHVISION,@MACHVISION,,,TWSE LISTED,Optoelectronic Industry,767.0,768.0,775.0,756.0,1365575,1047.4,776.4,744.6,-1.21,3.01,0.92,-4.96,-0.26,997.0,997.0,997.0,997.0,997.0,-22.27,-22.27,-22.27,23.07,23.07,False,False,False,False,False,False,False,False,False,2026-10-05
3576,3576.TW,@URE,@URE,,,TWSE LISTED,Optoelectronic Industry,18.85,19.55,19.65,18.8,22752035,428.88,18.87,18.275,-0.11,3.15,-2.58,-4.31,3.29,28.0,28.0,32.86,28.0,28.0,-29.82,-29.82,-40.19,32.68,32.68,False,False,False,False,False,False,False,False,False,2026-10-05
3583,3583.TW,@SCIENTECH,@SCIENTECH,,,TWSE LISTED,Semiconductor Industry,744.0,739.0,757.0,733.0,1149236,855.03,718.4,708.9,3.56,4.95,3.19,5.23,6.59,1010.0,1010.0,1010.0,1010.0,1010.0,-25.05,-25.05,-25.05,26.34,26.34,False,False,False,False,False,False,False,False,False,2026-10-05
3588,3588.TW,@LD,@LD,,,TWSE LISTED,Semiconductor Industry,57.0,58.6,58.8,56.8,497398,28.35,56.4,54.51,1.06,4.57,-2.06,5.75,8.78,80.0,120.1,155.19,80.0,120.1,-26.5,-51.04,-62.11,28.75,52.54,False,False,False,False,False,False,False,False,False,2026-10-05
3591,3591.TW,@EDISON OPTO,@EDISON OPTO,,,TWSE LISTED,Optoelectronic Industry,27.8,28.5,29.65,27.7,2102016,58.44,27.37,26.267,1.57,5.84,-1.77,1.28,12.78,33.34,37.24,37.24,33.34,37.24,-11.07,-20.39,-20.39,16.62,25.35,False,False,False,False,False,False,False,False,False,2026-10-05
3592,3592.TW,@RAYDIUM,@RAYDIUM,,,TWSE LISTED,Semiconductor Industry,239.0,239.0,240.5,237.0,636020,152.01,235.7,230.45,1.4,3.71,0.0,0.63,6.46,292.0,506.0,699.0,292.0,506.0,-17.64,-52.47,-65.59,18.15,52.77,False,False,False,False,False,False,False,False,False,2026-10-05
3593,3593.TW,@LOGAH,@LOGAH,,,TWSE LISTED,Electronic Parts/Components,10.75,10.6,10.95,10.4,11000,0.12,10.84,10.082,-0.83,6.63,0.94,-2.27,13.16,20.4,36.08,51.56,20.4,36.08,-46.32,-69.65,-78.76,47.3,70.21,False,False,False,False,False,False,False,False,False,2026-10-05
3596,3596.TW,@ARCADYAN,@ARCADYAN,,,TWSE LISTED,Communications and Internet,156.0,155.0,156.5,153.5,827567,129.1,153.9,154.0,1.36,1.3,1.3,1.96,1.63,214.0,253.0,253.0,214.0,253.0,-26.87,-38.14,-38.14,27.1,38.34,False,False,True,True,False,False,False,False,False,2026-10-05
3605,3605.TW,@ACES,@ACES,,,TWSE LISTED,Electronic Parts/Components,168.0,171.5,172.0,164.5,10175927,1709.56,173.9,172.75,-3.39,-2.75,-1.47,-1.47,-8.45,190.5,190.5,190.5,190.5,190.5,-9.71,-9.71,-9.71,11.81,11.81,False,False,False,False,False,False,False,False,False,2026-10-05
3607,3607.TW,@COXON,@COXON,,,TWSE LISTED,Electronic Parts/Components,13.8,13.95,13.95,13.75,93000,1.28,13.88,13.845,-0.58,-0.33,-1.08,-1.43,0.36,19.55,23.9,36.95,19.55,23.9,-28.64,-41.63,-62.25,29.41,42.26,False,False,False,False,False,False,False,False,False,2026-10-05
3617,3617.TW,@CYBERPOWER,@CYBERPOWER,,,TWSE LISTED,Other Electronic Industry,241.5,245.0,245.0,240.5,216031,52.17,242.1,243.5,-0.25,-0.82,-0.82,-0.21,-0.41,267.5,401.5,401.5,267.5,401.5,-8.41,-38.98,-38.98,9.72,39.85,False,False,False,False,False,False,False,True,False,2026-10-05
3622,3622.TW,@YFO,@YFO,,,TWSE LISTED,Optoelectronic Industry,46.2,46.0,46.7,45.55,266457,12.31,45.77,45.5,0.94,1.54,0.43,0.22,4.52,73.8,87.3,87.3,73.8,87.3,-36.72,-46.51,-46.51,37.4,47.08,False,False,False,False,False,False,False,False,False,2026-10-05
3645,3645.TW,@TMT,@TMT,,,TWSE LISTED,Electronic Parts/Components,76.0,74.6,77.2,73.5,6894064,523.95,74.44,72.66,2.1,4.6,2.7,0.93,3.68,121.5,121.5,121.5,121.5,121.5,-36.46,-36.46,-36.46,37.45,37.45,False,False,False,False,False,False,False,False,False,2026-10-05
3652,3652.TW,@UNITECH ELEC.,@UNITECH ELEC.,,,TWSE LISTED,Computer and Peripheral Equipm,35.7,35.25,36.5,35.2,180001,6.43,34.63,34.47,3.09,3.57,2.29,4.39,4.69,43.4,56.0,56.0,43.4,56.0,-15.9,-34.82,-34.82,17.74,36.25,True,False,False,False,False,False,False,False,False,2026-10-05
3653,3653.TW,@JENTECH,@JENTECH,,,TWSE LISTED,Electronic Parts/Components,7205.0,6800.0,7440.0,6760.0,1069346,7704.64,6915.0,6505.0,4.19,10.76,5.96,5.96,4.12,7160.0,7160.0,7160.0,7440.0,7440.0,3.91,3.91,3.91,3.16,3.16,False,False,False,False,True,True,True,True,True,2026-10-05
3661,3661.TW,@ALCHIP,@ALCHIP,,,TWSE LISTED,Semiconductor Industry,3950.0,3875.0,4000.0,3870.0,2778475,10974.98,3790.0,3740.0,4.22,5.61,3.67,5.61,4.77,5640.0,5640.0,5640.0,5640.0,5640.0,-29.08,-29.08,-29.08,29.96,29.96,True,False,False,False,False,False,False,False,False,2026-10-05
3665,3665.TW,@BHI(BIZLINK),@BHI(BIZLINK),,,TWSE LISTED,Other Electronic Industry,2485.0,2560.0,2560.0,2445.0,5159772,12822.03,2524.0,2405.5,-1.55,3.3,-2.17,-4.24,6.2,3010.0,3010.0,3010.0,3010.0,3010.0,-14.95,-14.95,-14.95,17.44,17.44,False,False,False,False,False,False,False,False,False,2026-10-05
3669,3669.TW,@AVER,@AVER,,,TWSE LISTED,Communications and Internet,32.8,33.5,33.5,32.6,112002,3.67,32.97,32.755,-0.52,0.14,-1.2,-0.61,1.71,44.4,62.0,158.0,44.4,62.0,-24.55,-45.97,-78.8,26.13,47.1,False,False,False,False,False,False,False,False,False,2026-10-05
3673,3673.TW,@TPK,@TPK,,,TWSE LISTED,Optoelectronic Industry,76.8,80.8,81.0,76.6,28712528,2205.12,74.98,70.11,2.43,9.54,-4.71,1.72,17.07,98.9,98.9,136.5,98.9,98.9,-18.1,-18.1,-40.66,22.35,22.35,False,False,False,False,False,False,False,False,False,2026-10-05
3679,3679.TW,@NISHOKU,@NISHOKU,,,TWSE LISTED,Electronic Parts/Components,108.5,108.0,108.5,107.5,27015,2.93,108.3,108.5,0.18,0.0,0.46,0.46,-0.46,130.0,164.0,171.5,130.0,164.0,-16.54,-33.84,-36.73,16.54,33.84,False,False,False,True,False,False,False,False,False,2026-10-05
3686,3686.TW,@DANEN,@DANEN,,,TWSE LISTED,Semiconductor Industry,15.75,15.85,15.85,15.35,102036,1.61,15.75,15.395,0.0,2.31,-0.63,-3.37,6.42,24.0,34.0,38.76,24.0,34.0,-33.96,-53.38,-59.11,34.38,53.68,False,False,False,False,False,False,False,False,False,2026-10-05
3694,3694.TW,@AZUREWAVE,@AZUREWAVE,,,TWSE LISTED,Communications and Internet,51.2,52.3,52.3,51.2,503021,25.75,51.2,50.87,0.0,0.65,-0.97,-0.58,1.79,72.9,110.0,110.0,72.9,110.0,-28.26,-52.45,-52.45,29.77,53.45,False,False,False,False,False,False,False,False,False,2026-10-05
3701,3701.TW,@FICG,@FICG,,,TWSE LISTED,Computer and Peripheral Equipm,60.9,60.9,60.9,60.9,4261692,259.54,50.87,46.225,19.72,31.75,9.93,32.68,47.64,79.8,79.8,97.16,79.8,79.8,-23.68,-23.68,-37.32,23.68,23.68,True,True,False,False,False,False,False,False,False,2026-10-05
3702,3702.TW,@WPG,@WPG,,,TWSE LISTED,Electronic Products Distributi,119.0,121.0,121.0,118.5,3945683,469.54,117.2,115.9,1.54,2.67,0.0,4.39,1.28,130.5,130.5,130.5,130.5,130.5,-7.28,-7.28,-7.28,8.81,8.81,False,False,False,False,False,False,False,True,True,2026-10-05
3703,3703.TW,@CHC,@CHC,,,TWSE LISTED,Building Material&Construction,19.4,19.5,19.55,19.4,923613,17.92,19.52,19.685,-0.61,-1.45,-0.77,-1.02,-1.77,24.95,42.65,42.65,24.95,42.65,-21.64,-54.16,-54.16,22.24,54.51,False,False,False,False,False,False,False,False,False,2026-10-05
3704,3704.TW,@ZYXEL GROUP,@ZYXEL 集团,,,TWSE LISTED,Communications and Internet,40.05,40.75,40.75,40.0,1337685,53.57,40.28,40.68,-0.57,-1.55,-1.23,-1.11,-1.11,51.4,56.7,68.0,51.4,56.7,-20.72,-28.13,-40.07,22.08,29.37,False,False,False,False,False,False,False,False,False,2026-10-05
3705,3705.TW,@Y.S.H.,@Y.S.H.,,,TWSE LISTED,Biotechnology and Medical Care,56.6,56.8,57.0,56.5,180088,10.19,56.44,56.51,0.28,0.16,0.53,-0.18,1.07,58.5,69.9,69.9,58.5,69.9,-2.56,-18.45,-18.45,3.25,19.03,False,False,False,True,False,False,False,True,False,2026-10-05
3706,3706.TW,@MHC,@MHC,,,TWSE LISTED,Computer and Peripheral Equipm,80.4,82.0,82.0,80.3,6367786,511.97,80.4,79.87,0.0,0.66,-1.11,1.39,2.42,94.09,99.09,99.09,94.09,99.09,-12.85,-17.25,-17.25,14.55,18.86,False,False,False,False,False,False,False,False,False,2026-10-05
3708,3708.TW,@SWANCOR,@SWANCOR,,,TWSE LISTED,Green Energy and Environmental Services,96.3,100.5,100.5,96.2,516002,49.69,98.2,98.32,-1.93,-2.05,-3.02,-2.63,-3.41,140.5,163.0,192.0,140.5,163.0,-28.47,-38.34,-47.66,31.46,40.92,False,False,False,False,False,False,False,False,False,2026-10-05
3711,3711.TW,@ASEH,@ASEH,,,TWSE LISTED,Semiconductor Industry,742.0,747.0,758.0,729.0,16787556,12456.37,711.0,694.1,4.36,6.9,4.07,5.55,6.15,729.0,729.0,729.0,758.0,758.0,3.98,3.98,3.98,2.11,2.11,True,False,False,False,True,True,True,True,True,2026-10-05
3712,3712.TW,@FITH,@FITH,,,TWSE LISTED,Computer and Peripheral Equipm,20.6,20.8,20.8,20.45,481693,9.92,20.63,20.69,-0.15,-0.43,0.0,-0.24,-0.48,30.0,76.5,76.5,30.0,76.5,-30.67,-72.81,-72.81,31.33,73.07,False,False,False,False,False,False,False,False,False,2026-10-05
3714,3714.TW,@ENNOSTAR,@ENNOSTAR,,,TWSE LISTED,Optoelectronic Industry,68.2,72.0,72.8,68.0,21163795,1443.37,69.16,68.6,-1.39,-0.58,-3.67,-2.43,0.89,87.1,87.1,104.0,87.1,87.1,-16.42,-16.42,-30.0,21.7,21.7,False,False,False,False,False,False,False,False,False,2026-10-05
3715,3715.TW,@DYNAMIC HOLDING,@DYNAMIC HOLDING,,,TWSE LISTED,Electronic Parts/Components,133.0,134.0,136.0,130.0,12861590,1710.59,128.5,125.65,3.5,5.85,2.7,5.14,8.13,203.5,203.5,203.5,203.5,203.5,-33.17,-33.17,-33.17,34.64,34.64,True,True,False,False,False,False,False,False,False,2026-10-05
3716,3716.TW,@CENRA INC.,@CENRA INC.,,,TWSE LISTED,Biotechnology and Medical Care,33.7,33.9,33.95,33.7,317506,10.7,33.95,33.915,-0.74,-0.63,-0.59,-1.61,-0.74,37.65,44.55,44.55,37.65,44.55,-9.83,-23.79,-23.79,10.49,24.35,False,False,False,False,False,False,False,False,False,2026-10-05
3717,3717.TW,@EOI HOLDING,@EOI HOLDING,,,TWSE LISTED,Automobile,27.75,26.6,28.25,26.25,16026621,444.74,27.42,26.375,1.2,5.21,4.91,0.18,9.47,31.5,31.5,31.5,31.5,31.5,-10.32,-10.32,-10.32,11.9,11.9,False,False,False,True,False,False,False,False,False,2026-10-05
4104,4104.TW,@EXCELSIOR,@EXCELSIOR,,,TWSE LISTED,Biotechnology and Medical Care,71.9,72.9,72.9,71.8,143950,10.35,72.46,72.35,-0.77,-0.62,-1.37,-1.1,0.0,80.35,89.07,92.43,80.35,89.07,-9.27,-18.15,-21.13,10.52,19.28,False,False,False,False,False,False,False,False,False,2026-10-05
4106,4106.TW,@WELLELL,@WELLELL,,,TWSE LISTED,Biotechnology and Medical Care,24.15,24.15,24.15,23.9,101000,2.44,24.2,24.3,-0.21,-0.62,0.0,-0.82,-0.21,25.9,30.6,53.0,25.9,30.6,-6.76,-21.08,-54.43,6.76,21.08,False,False,False,False,False,False,False,True,False,2026-10-05
4108,4108.TW,@PHYTOHEALTH,@PHYTOHEALTH,,,TWSE LISTED,Biotechnology and Medical Care,11.3,11.35,11.5,11.3,84272,0.95,11.4,11.42,-0.88,-1.05,-0.44,-1.74,-1.31,15.25,24.0,39.81,15.25,24.0,-24.59,-52.08,-71.11,25.9,52.92,False,False,False,False,False,False,False,False,False,2026-10-05
4119,4119.TW,@SCI,@SCI,,,TWSE LISTED,Biotechnology and Medical Care,54.3,55.6,55.6,54.3,98665,5.36,55.3,56.29,-1.81,-3.54,-2.34,-2.16,-4.23,60.7,100.5,117.7,60.7,100.5,-8.4,-44.68,-52.76,10.54,45.97,False,False,False,False,False,False,False,False,False,2026-10-05
4133,4133.TW,@ABNOVA,@ABNOVA,,,TWSE LISTED,Biotechnology and Medical Care,20.3,20.4,20.4,20.25,89004,1.81,20.5,20.52,-0.98,-1.07,-0.73,-1.69,-0.25,29.15,38.85,163.0,29.15,38.85,-30.02,-47.49,-87.48,30.36,47.75,False,False,False,False,False,False,False,False,False,2026-10-05
4137,4137.TW,@CHLITINA-KY,@CHLITINA-KY,,,TWSE LISTED,Biotechnology and Medical Care,75.8,75.8,76.3,75.6,61004,4.62,76.34,77.08,-0.71,-1.66,0.0,-1.94,-0.52,118.0,208.0,344.5,118.0,208.0,-35.34,-63.32,-77.85,35.76,63.56,False,False,False,False,False,False,False,False,False,2026-10-05
4142,4142.TW,@ADIM,@ADIM,,,TWSE LISTED,Biotechnology and Medical Care,17.9,18.1,18.1,17.9,616138,11.03,18.07,17.945,-0.94,-0.25,-0.56,-1.92,0.0,21.5,36.6,79.8,21.5,36.6,-15.81,-50.55,-77.32,16.74,51.09,False,False,False,False,False,False,False,False,False,2026-10-05
4148,4148.TW,@ACBT,@ACBT,,,TWSE LISTED,Biotechnology and Medical Care,31.75,32.0,32.5,31.5,97304,3.09,31.8,32.19,-0.16,-1.37,0.79,-0.78,-2.01,44.9,53.33,140.95,44.9,53.33,-27.62,-39.06,-76.94,29.29,40.47,False,False,False,False,False,False,False,False,False,2026-10-05
4155,4155.TW,@OK BIOTECH,@OK BIOTECH,,,TWSE LISTED,Biotechnology and Medical Care,14.75,14.85,14.95,14.7,193063,2.85,14.74,14.815,0.07,-0.44,-0.67,0.68,-0.67,16.5,28.2,40.44,16.5,28.2,-9.39,-46.99,-63.03,10.61,47.7,False,False,False,False,False,False,False,False,False,2026-10-05
4164,4164.TW,@CHC,@CHC,,,TWSE LISTED,Biotechnology and Medical Care,26.95,27.15,27.15,26.55,460000,12.4,27.06,26.765,-0.41,0.69,-0.19,-1.46,2.08,38.8,65.8,75.7,38.8,65.8,-30.03,-58.74,-64.13,30.54,59.04,False,False,False,False,False,False,False,False,False,2026-10-05
4169,4169.TW,@TCM,@TCM,,,TWSE LISTED,Biotechnology and Medical Care,149.0,150.5,150.5,148.0,129000,19.22,150.4,151.1,-0.93,-1.39,-1.65,-1.97,0.34,290.0,290.0,290.0,290.0,290.0,-48.1,-48.1,-48.1,48.62,48.62,False,False,False,False,False,False,False,False,False,2026-10-05
4178,4178.TW,@STEMCYTE,@STEMCYTE,,,TWSE LISTED,Biotechnology and Medical Care,17.65,18.35,18.35,17.6,157200,2.77,17.45,17.075,1.15,3.37,-1.94,5.69,6.97,33.95,43.0,43.0,33.95,43.0,-45.95,-57.33,-57.33,48.01,58.95,False,False,False,False,False,False,False,False,False,2026-10-05
4190,4190.TW,@JDS,@JDS,,,TWSE LISTED,Biotechnology and Medical Care,24.3,24.6,24.65,24.3,11004,0.27,24.72,24.935,-1.7,-2.55,0.0,-2.61,-2.99,30.8,67.6,152.5,30.8,67.6,-19.97,-63.54,-83.84,21.1,64.05,False,False,False,False,False,False,False,False,False,2026-10-05
4306,4306.TW,@YC,@YC,,,TWSE LISTED,Plastic,14.3,14.5,14.5,14.3,824993,11.8,14.51,14.57,-1.45,-1.85,-1.04,-2.72,-1.38,16.85,22.79,22.79,16.85,22.79,-13.95,-36.39,-36.39,15.13,37.26,False,False,False,False,False,False,False,False,False,2026-10-05
4414,4414.TW,@ROO HSING,@ROO HSING,,,TWSE LISTED,Textile,8.09,8.1,8.18,8.08,144290,1.17,8.11,8.191,-0.25,-1.23,-0.12,-0.61,-1.46,12.5,15.94,88.09,12.5,15.94,-34.56,-48.69,-90.71,35.28,49.25,False,False,False,False,False,False,False,False,False,2026-10-05
4426,4426.TW,@LI CHENG,@LI CHENG,,,TWSE LISTED,Textile,7.53,7.6,7.63,7.53,69071,0.52,7.596,7.655,-0.87,-1.63,-0.53,-1.05,-2.96,10.3,22.7,88.39,10.3,22.7,-25.92,-66.39,-91.37,26.89,66.83,False,False,False,False,False,False,False,False,False,2026-10-05
4438,4438.TW,@QVE,@QVE,,,TWSE LISTED,Textile,56.4,56.8,56.8,56.3,50000,2.82,56.76,56.63,-0.63,-0.41,-0.18,-1.05,-1.05,75.5,118.0,203.99,75.5,118.0,-24.77,-51.86,-72.16,25.3,52.2,False,False,False,False,False,False,False,False,False,2026-10-05
4439,4439.TW,@TST GROUP,@TST 集团,,,TWSE LISTED,Textile,96.0,95.8,96.9,95.8,5000,0.48,96.88,96.59,-0.91,-0.61,0.21,-2.44,-0.41,114.0,138.5,180.83,114.0,138.5,-15.0,-30.04,-46.41,15.79,30.69,False,False,False,False,False,False,False,False,False,2026-10-05
4440,4440.TW,@YI SHIN,@YI SHIN,,,TWSE LISTED,Textile,17.65,17.5,17.75,17.45,74000,1.31,17.53,17.535,0.68,0.66,1.15,0.57,1.15,20.1,28.0,57.2,20.1,28.0,-11.69,-36.61,-68.97,12.19,36.96,False,False,False,True,False,False,False,False,False,2026-10-05
4441,4441.TW,@GGF,@GGF,,,TWSE LISTED,Textile,169.5,169.5,173.0,169.5,53000,8.98,170.2,170.65,-0.41,-0.67,-0.29,-1.17,-0.88,280.0,315.0,315.0,280.0,315.0,-38.21,-45.08,-45.08,39.46,46.19,False,False,False,False,False,False,False,False,False,2026-10-05
4526,4526.TW,@TONGTAI,@TONGTAI,,,TWSE LISTED,Electric Machinery,33.5,34.4,34.6,33.5,1984220,66.47,33.68,32.715,-0.53,2.4,-2.33,-1.62,5.51,46.3,46.3,46.3,46.3,46.3,-25.27,-25.27,-25.27,27.65,27.65,False,False,False,False,False,False,False,False,False,2026-10-05
4532,4532.TW,@RECHI,@RECHI,,,TWSE LISTED,Electric Machinery,24.55,24.75,24.8,24.5,763050,18.73,24.8,24.905,-1.01,-1.43,-0.81,-1.21,-2.58,30.4,32.0,38.0,30.4,32.0,-18.42,-22.5,-34.74,19.24,23.28,False,False,False,False,False,False,False,False,False,2026-10-05
4536,4536.TW,@TOPKEY,@TOPKEY,,,TWSE LISTED,Sports and Leisure,160.5,161.0,161.0,159.5,181001,29.05,161.1,163.3,-0.37,-1.71,0.0,-0.31,-2.73,177.5,234.0,251.0,177.5,234.0,-9.3,-31.2,-35.86,9.58,31.41,False,False,False,False,False,False,False,True,False,2026-10-05
4540,4540.TW,@TBI MOTION,@TBI MOTION,,,TWSE LISTED,Electric Machinery,60.6,62.3,62.3,60.6,1517300,91.95,61.62,60.73,-1.66,-0.21,-0.66,-2.42,1.0,81.9,81.9,162.59,81.9,81.9,-23.93,-23.93,-61.68,26.01,26.01,False,False,False,False,False,False,False,False,False,2026-10-05
4545,4545.TW,@MAP,@MAP,,,TWSE LISTED,Electronic Parts/Components,39.8,39.7,42.0,39.7,534001,21.25,38.67,36.095,2.92,10.26,0.76,1.79,20.24,46.0,78.0,78.0,46.0,78.0,-8.7,-46.15,-46.15,13.48,48.97,True,True,False,False,False,False,False,False,False,2026-10-05
4551,4551.TW,@GLOBAL PMX,@GLOBAL PMX,,,TWSE LISTED,Automobile,186.0,191.5,192.0,178.5,5534130,1029.35,179.7,170.0,3.51,9.41,0.0,6.59,13.76,291.5,291.5,291.5,291.5,291.5,-34.13,-34.13,-34.13,36.19,36.19,False,False,False,False,False,False,False,False,False,2026-10-05
4552,4552.TW,@LIDA,@LIDA,,,TWSE LISTED,Electric Machinery,15.6,15.65,15.75,15.6,80000,1.25,15.61,15.73,-0.06,-0.83,-0.32,-1.27,0.0,25.25,40.0,108.62,25.25,40.0,-37.62,-60.62,-85.5,38.22,61.0,False,False,False,False,False,False,False,False,False,2026-10-05
4555,4555.TW,@CHELIC,@CHELIC,,,TWSE LISTED,Electric Machinery,41.4,42.25,42.25,41.05,232000,9.6,41.93,42.18,-1.26,-1.85,-1.9,-1.78,-0.6,61.5,69.0,88.0,61.5,69.0,-31.3,-38.77,-51.99,32.68,40.0,False,False,False,False,False,False,False,False,False,2026-10-05
4557,4557.TW,@YUSIN,@YUSIN,,,TWSE LISTED,Automobile,50.4,50.3,50.6,50.2,53000,2.67,50.28,50.015,0.24,0.77,0.2,0.2,1.2,80.5,147.5,147.5,80.5,147.5,-37.14,-65.69,-65.69,37.39,65.83,False,False,False,False,False,False,False,False,False,2026-10-05
4560,4560.TW,@STRONG H,@STRONG H,,,TWSE LISTED,Electric Machinery,29.85,29.8,29.9,29.45,154001,4.6,29.67,29.36,0.61,1.67,0.0,-0.17,1.02,37.5,42.7,86.3,37.5,42.7,-20.27,-29.98,-65.35,20.4,30.09,False,False,True,False,False,False,False,False,False,2026-10-05
4562,4562.TW,@YHT,@YHT,,,TWSE LISTED,Electric Machinery,30.0,30.45,30.65,29.9,134000,4.02,30.44,30.47,-1.45,-1.54,-0.99,-3.07,0.0,45.55,85.6,85.6,45.55,85.6,-32.71,-64.19,-64.19,34.14,64.95,False,False,False,False,False,False,False,False,False,2026-10-05
4564,4564.TW,@MOSA,@MOSA,,,TWSE LISTED,Electric Machinery,15.95,16.3,16.3,15.9,868169,13.85,16.23,16.095,-1.73,-0.9,-2.15,-2.74,-0.62,22.5,29.5,74.64,22.5,29.5,-27.56,-44.75,-78.16,29.11,45.93,False,False,False,False,False,False,False,False,False,2026-10-05
4566,4566.TW,@GLOBAL TEK,@GLOBAL TEK,,,TWSE LISTED,Electric Machinery,77.5,78.6,78.6,74.7,4362080,338.06,75.16,71.31,3.11,8.68,2.24,4.59,4.31,80.0,115.0,115.0,80.0,115.0,-1.75,-31.65,-31.65,3.12,32.61,True,False,False,False,False,False,False,True,False,2026-10-05
4569,4569.TW,@SIXXON,@SIXXON,,,TWSE LISTED,Automobile,157.0,156.0,158.0,154.5,100100,15.72,155.9,155.5,0.71,0.96,0.64,-0.32,1.29,212.5,327.0,327.0,212.5,327.0,-25.65,-51.68,-51.68,26.12,51.99,False,False,True,True,False,False,False,False,False,2026-10-05
4571,4571.TW,@KHGEARS,@KHGEARS,,,TWSE LISTED,Electric Machinery,154.0,154.5,156.0,153.5,104010,16.02,153.6,152.65,0.26,0.88,0.0,0.33,0.98,241.5,278.0,278.0,241.5,278.0,-35.4,-43.88,-43.88,36.23,44.6,False,False,False,False,False,False,False,False,False,2026-10-05
4572,4572.TW,@DPI,@DPI,,,TWSE LISTED,Electric Machinery,138.5,139.5,139.5,138.5,11002,1.52,138.8,139.35,-0.22,-0.61,-0.72,0.0,-0.72,157.0,194.02,194.02,157.0,194.02,-11.15,-28.1,-28.1,11.78,28.62,False,False,False,False,False,False,False,False,False,2026-10-05
4576,4576.TW,@HMC,@HMC,,,TWSE LISTED,Electric Machinery,235.0,239.0,243.5,235.0,1857567,436.53,236.7,233.75,-0.72,0.53,0.43,-0.42,4.44,291.0,291.0,291.0,291.0,291.0,-16.32,-16.32,-16.32,19.24,19.24,False,False,False,False,False,False,False,False,False,2026-10-05
4581,4581.TW,@WKG,@WKG,,,TWSE LISTED,Automobile,48.0,48.4,48.4,47.65,7015,0.34,47.95,48.105,0.1,-0.22,0.0,-0.41,0.52,53.4,77.9,82.5,53.4,77.9,-9.36,-37.87,-41.33,10.11,38.38,False,False,True,False,False,False,False,False,False,2026-10-05
4583,4583.TW,@APEXDYNA,@APEXDYNA,,,TWSE LISTED,Electric Machinery,419.0,418.0,424.0,417.5,118005,49.44,423.3,427.05,-1.02,-1.89,-0.83,-1.76,-2.33,843.0,995.0,995.0,843.0,995.0,-49.7,-57.39,-57.39,50.3,57.89,False,False,False,False,False,False,False,False,False,2026-10-05
4585,4585.TW,@TRI,@TRI,,,TWSE LISTED,Other Electronic Industry,291.0,295.0,295.0,291.0,161101,46.88,292.2,294.85,-0.41,-1.31,-0.85,-0.34,-0.68,418.0,825.0,825.0,418.0,825.0,-29.43,-64.24,-64.24,30.38,64.73,False,False,False,False,False,False,False,False,False,2026-10-05
4588,4588.TW,@ARCH METER,@ARCH METER,,,TWSE LISTED,Other Electronic Industry,55.8,55.7,55.8,54.3,69000,3.85,55.68,55.56,0.22,0.43,0.54,-0.36,1.82,76.1,149.5,149.5,76.1,149.5,-26.68,-62.68,-62.68,26.68,62.68,False,False,False,True,False,False,False,False,False,2026-10-05
4720,4720.TW,@TEX YEAR,@TEX YEAR,,,TWSE LISTED,Chemical Industry,23.0,21.7,23.0,20.15,9793663,225.25,20.29,19.705,13.36,16.72,9.79,19.17,20.73,30.05,30.05,30.05,30.05,30.05,-23.46,-23.46,-23.46,23.46,23.46,False,False,True,False,False,False,False,False,False,2026-10-05
4722,4722.TW,@QPC,@QPC,,,TWSE LISTED,Chemical Industry,224.0,239.0,244.0,218.0,6278026,1406.28,208.8,198.7,7.28,12.73,-2.61,17.59,21.74,313.0,313.0,313.0,313.0,313.0,-22.04,-22.04,-22.04,28.43,28.43,False,False,False,False,False,False,False,False,False,2026-10-05
4736,4736.TW,@TAIDOC,@TAIDOC,,,TWSE LISTED,Biotechnology and Medical Care,128.5,130.5,130.5,128.5,122000,15.68,129.3,130.7,-0.62,-1.68,-0.77,-1.15,-0.77,134.5,157.52,281.46,134.5,157.52,-2.97,-17.16,-53.63,4.46,18.43,False,False,False,False,False,False,False,True,False,2026-10-05
4737,4737.TW,@BIONIME,@BIONIME,,,TWSE LISTED,Biotechnology and Medical Care,55.3,56.8,56.8,55.2,44000,2.43,55.6,57.26,-0.54,-3.42,-1.78,-0.18,-1.78,72.9,81.92,88.92,72.9,81.92,-22.09,-30.66,-36.12,24.14,32.49,False,False,False,False,False,False,False,False,False,2026-10-05
4739,4739.TW,@COREMAX,@COREMAX,,,TWSE LISTED,Chemical Industry,87.4,89.2,89.2,87.0,1224089,106.99,87.04,83.63,0.41,4.51,-1.47,-1.13,9.94,134.5,134.5,175.25,134.5,134.5,-33.68,-33.68,-49.1,35.02,35.02,False,False,False,False,False,False,False,False,False,2026-10-05
4746,4746.TW,@FRMSL,@FRMSL,,,TWSE LISTED,Biotechnology and Medical Care,47.35,48.55,48.6,47.25,763172,36.14,48.22,48.165,-1.8,-1.69,-1.56,-3.27,-1.46,62.5,121.0,121.0,62.5,121.0,-22.24,-59.83,-59.83,24.24,60.87,False,False,False,False,False,False,False,False,False,2026-10-05
4755,4755.TW,@SAN FU,@SAN FU,,,TWSE LISTED,Chemical Industry,121.0,125.0,125.0,121.0,246000,29.77,119.6,117.2,1.17,3.24,-0.82,2.54,4.76,180.0,180.0,241.5,180.0,180.0,-30.56,-30.56,-48.24,32.78,32.78,False,False,False,False,False,False,False,False,False,2026-10-05
4763,4763.TW,@ACE,@ACE,,,TWSE LISTED,Chemical Industry,46.35,47.35,47.6,46.1,6171823,286.06,47.22,47.68,-1.84,-2.79,-1.7,-5.21,0.54,56.5,115.0,115.0,56.5,115.0,-15.75,-58.61,-58.61,17.96,59.7,False,False,False,False,False,False,False,False,False,2026-10-05
4764,4764.TW,@DBC,@DBC,,,TWSE LISTED,Chemical Industry,196.5,209.5,209.5,195.0,3017052,592.85,191.4,193.1,2.66,1.76,-3.44,3.97,7.38,369.2,369.2,369.2,369.2,369.2,-43.26,-43.26,-43.26,46.78,46.78,False,False,False,False,False,False,False,False,False,2026-10-05
4766,4766.TW,@NAN PAO,@NAN PAO,,,TWSE LISTED,Chemical Industry,346.5,355.0,355.0,346.5,134026,46.44,344.7,344.0,0.52,0.73,-1.84,1.76,0.87,398.0,445.0,445.0,398.0,445.0,-10.8,-20.22,-20.22,12.94,22.13,False,False,False,False,False,False,False,False,False,2026-10-05
4770,4770.TW,@ASC,@ASC,,,TWSE LISTED,Chemical Industry,274.5,278.5,282.0,269.0,878294,241.09,279.2,271.1,-1.68,1.25,-1.26,-2.66,-2.49,295.0,466.0,466.0,295.0,466.0,-4.41,-39.48,-39.48,6.95,41.09,False,False,False,False,False,False,False,True,False,2026-10-05
4771,4771.TW,@VF,@VF,,,TWSE LISTED,Biotechnology and Medical Care,207.5,216.0,216.0,206.0,192200,39.88,212.2,214.1,-2.21,-3.08,-3.04,-3.26,-2.12,221.5,384.5,384.5,221.5,384.5,-2.48,-43.82,-43.82,6.32,46.03,False,False,False,False,False,False,False,True,False,2026-10-05
4807,4807.TW,@RH,@RH,,,TWSE LISTED,Trading & Consumers Goods,31.1,30.05,31.75,30.05,302000,9.39,29.92,30.06,3.94,3.46,2.98,5.96,6.14,45.9,45.9,128.5,45.9,45.9,-30.83,-30.83,-75.29,32.24,32.24,True,False,False,True,False,False,False,False,False,2026-10-05
4904,4904.TW,@FAR EASTONE,@FAR EASTONE,,,TWSE LISTED,Communications and Internet,105.5,106.0,106.0,104.0,6033747,636.56,104.9,105.4,0.57,0.09,-0.47,1.93,0.0,113.5,113.5,113.5,113.5,113.5,-6.61,-6.61,-6.61,7.05,7.05,False,False,False,True,False,False,False,True,True,2026-10-05
4906,4906.TW,@GEMTEK,@GEMTEK,,,TWSE LISTED,Communications and Internet,42.15,42.5,44.0,42.0,18466398,778.36,41.4,39.695,1.81,6.18,0.72,-0.35,11.95,55.8,55.8,55.8,55.8,55.8,-21.15,-21.15,-21.15,24.46,24.46,False,False,False,False,False,False,False,False,False,2026-10-05
4912,4912.TW,@Lemtech-KY,@Lemtech-KY,,,TWSE LISTED,Electronic Parts/Components,109.5,106.0,115.5,106.0,1601536,175.37,103.86,100.83,5.43,8.6,3.3,9.5,13.12,117.0,162.38,182.25,117.0,162.38,-1.28,-28.87,-36.63,6.41,32.57,False,False,False,False,False,False,False,True,False,2026-10-05
4915,4915.TW,@PRIMAX,@PRIMAX,,,TWSE LISTED,Electronic Parts/Components,63.7,65.0,65.0,63.6,1912600,121.83,64.02,64.4,-0.5,-1.09,-1.09,0.31,-0.62,84.0,115.5,115.5,84.0,115.5,-22.62,-43.72,-43.72,24.17,44.85,False,False,False,False,False,False,False,False,False,2026-10-05
4916,4916.TW,@PARPRO,@PARPRO,,,TWSE LISTED,Computer and Peripheral Equipm,105.0,105.5,106.5,104.0,3824413,401.56,103.6,103.9,1.35,1.06,0.48,0.96,2.44,127.5,127.5,127.5,127.5,127.5,-16.47,-16.47,-16.47,17.65,17.65,False,False,False,False,False,False,False,False,False,2026-10-05
4919,4919.TW,@NTC,@NTC,,,TWSE LISTED,Semiconductor Industry,155.5,162.5,162.5,154.0,31016553,4823.07,148.9,140.0,4.43,11.07,-4.6,12.27,14.34,230.0,230.0,230.0,230.0,230.0,-29.35,-29.35,-29.35,32.39,32.39,False,False,False,False,False,False,False,False,False,2026-10-05
4927,4927.TW,@APEX,@APEX,,,TWSE LISTED,Electronic Parts/Components,52.9,52.2,52.9,51.8,8424754,445.67,46.62,45.035,13.47,17.46,9.87,18.88,21.05,65.9,65.9,138.0,65.9,65.9,-19.73,-19.73,-61.67,19.73,19.73,False,False,False,False,False,False,False,False,False,2026-10-05
4930,4930.TW,@STAR COMGISTIC,@STAR COMGISTIC,,,TWSE LISTED,Electrical & Cable,15.9,15.85,15.9,15.75,7178,0.11,15.89,15.955,0.06,-0.34,0.32,0.0,-0.93,23.0,38.0,61.86,23.0,38.0,-30.87,-58.16,-74.3,30.87,58.16,False,False,False,False,False,False,False,False,False,2026-10-05
4934,4934.TW,@TAINERGY,@TAINERGY,,,TWSE LISTED,Optoelectronic Industry,14.8,15.1,15.25,14.8,937362,13.87,14.63,14.45,1.16,2.42,0.34,-1.0,4.59,22.7,32.55,42.2,22.7,32.55,-32.82,-53.15,-63.86,34.8,54.53,False,False,False,False,False,False,False,False,False,2026-10-05
4935,4935.TW,@GLT,@GLT,,,TWSE LISTED,Optoelectronic Industry,33.75,34.2,34.2,33.4,247000,8.34,33.7,33.54,0.15,0.63,-0.3,-1.32,2.43,43.25,79.5,152.0,43.25,79.5,-20.92,-56.98,-77.5,21.97,57.55,False,False,False,True,False,False,False,False,False,2026-10-05
4938,4938.TW,@PEGATRON,@PEGATRON,,,TWSE LISTED,Computer and Peripheral Equipm,88.7,90.1,90.3,88.7,4372295,387.82,89.74,90.24,-1.16,-1.71,-0.56,-1.22,-2.85,102.5,122.0,122.0,102.5,122.0,-11.9,-25.98,-25.98,13.46,27.3,False,False,False,False,False,False,False,False,False,2026-10-05
4942,4942.TW,@CHIA CHANG,@CHIA CHANG,,,TWSE LISTED,Optoelectronic Industry,31.35,31.5,31.55,31.35,261000,8.18,31.7,31.555,-1.1,-0.65,-0.48,-1.72,-0.95,40.1,48.05,55.8,40.1,48.05,-21.32,-34.34,-43.46,21.82,34.76,False,False,False,False,False,False,False,False,False,2026-10-05
4943,4943.TW,@CONCRAFT,@CONCRAFT,,,TWSE LISTED,Electronic Parts/Components,6.72,6.98,6.98,6.64,34002,0.23,6.794,6.925,-1.09,-2.96,0.45,-2.75,-3.86,13.8,30.0,849.62,13.8,30.0,-49.42,-76.73,-99.18,51.3,77.6,False,False,False,False,False,False,False,False,False,2026-10-05
4949,4949.TW,@WIN WIN,@WIN WIN,,,TWSE LISTED,Optoelectronic Industry,82.5,78.5,84.5,78.0,2910065,240.08,77.68,76.38,6.2,8.01,6.18,8.13,10.59,112.5,112.5,112.5,112.5,112.5,-24.89,-24.89,-24.89,26.67,26.67,False,False,False,False,False,False,False,False,False,2026-10-05
4952,4952.TW,@GENERALPLUS,@GENERALPLUS,,,TWSE LISTED,Semiconductor Industry,50.3,51.0,51.6,50.0,258000,12.98,49.87,49.27,0.86,2.09,-0.98,1.82,2.76,61.7,78.0,96.9,61.7,78.0,-16.37,-33.85,-46.75,18.48,35.51,False,False,False,False,False,False,False,False,False,2026-10-05
4956,4956.TW,@EPILEDS,@EPILEDS,,,TWSE LISTED,Optoelectronic Industry,45.55,46.1,49.0,45.05,12622463,574.95,46.34,45.14,-1.7,0.91,-1.83,-2.04,2.36,60.1,60.1,60.1,60.1,60.1,-18.47,-18.47,-18.47,24.21,24.21,False,False,False,False,False,False,False,False,False,2026-10-05
4958,4958.TW,@ZDT,@ZDT,,,TWSE LISTED,Electronic Parts/Components,576.0,582.0,590.0,568.0,55509217,31973.31,530.5,503.3,8.58,14.44,2.67,13.61,21.14,659.0,659.0,659.0,659.0,659.0,-10.47,-10.47,-10.47,12.59,12.59,True,True,False,False,False,False,False,False,False,2026-10-05
4960,4960.TW,@CMMT,@CMMT,,,TWSE LISTED,Optoelectronic Industry,24.0,24.6,24.6,23.85,5118953,122.85,24.06,23.525,-0.25,2.02,-2.24,-1.64,6.9,48.0,48.0,48.0,48.0,48.0,-48.75,-48.75,-48.75,50.0,50.0,False,False,False,False,False,False,False,False,False,2026-10-05
4961,4961.TW,@FITIPOWER,@FITIPOWER,,,TWSE LISTED,Semiconductor Industry,184.0,184.5,186.0,181.5,908096,167.09,183.8,182.35,0.11,0.9,0.27,1.66,1.94,189.0,302.0,601.62,189.0,302.0,-1.59,-38.41,-69.08,2.65,39.07,False,False,False,True,False,False,False,True,False,2026-10-05
4967,4967.TW,@TEAM,@TEAM,,,TWSE LISTED,Semiconductor Industry,269.5,273.0,273.5,269.0,2493075,671.88,272.3,273.15,-1.03,-1.34,-1.28,-2.0,-1.1,323.0,323.0,323.0,323.0,323.0,-15.33,-15.33,-15.33,16.56,16.56,False,False,False,False,False,False,False,False,False,2026-10-05
4968,4968.TW,@RICHWAVE,@RICHWAVE,,,TWSE LISTED,Semiconductor Industry,99.1,101.5,101.5,99.0,629413,62.37,98.2,95.29,0.92,4.0,-2.36,2.59,7.14,134.0,254.5,489.65,134.0,254.5,-24.25,-60.12,-79.27,26.04,61.06,False,False,False,False,False,False,False,False,False,2026-10-05
4976,4976.TW,@CALIN,@CALIN,,,TWSE LISTED,Optoelectronic Industry,37.4,36.7,38.15,36.7,2688550,100.55,36.21,36.08,3.29,3.66,3.03,4.47,6.25,44.9,60.2,122.53,44.9,60.2,-15.03,-36.63,-68.86,16.7,37.87,True,True,False,False,False,False,False,False,False,2026-10-05
4977,4977.TW,@PCL,@PCL,,,TWSE LISTED,Communications and Internet,175.0,179.0,180.5,174.5,4440349,777.06,171.7,171.3,1.92,2.16,-0.28,3.55,3.86,273.0,273.0,273.0,273.0,273.0,-33.88,-33.88,-33.88,35.9,35.9,False,False,False,False,False,False,False,False,False,2026-10-05
4989,4989.TW,@LCYT,@LCYT,,,TWSE LISTED,Electronic Parts/Components,70.2,65.5,70.2,63.5,19207544,1348.37,63.14,61.76,11.18,13.67,9.86,15.08,18.18,125.0,125.0,125.0,125.0,125.0,-43.84,-43.84,-43.84,43.84,43.84,True,True,False,False,False,False,False,False,False,2026-10-05
4994,4994.TW,@X-LEGEND,@X-LEGEND,,,TWSE LISTED,Information Service Industry,81.3,79.8,82.5,79.8,21000,1.71,81.6,81.98,-0.37,-0.83,0.37,-0.61,-1.45,110.0,148.5,190.0,110.0,148.5,-25.0,-44.44,-56.58,26.09,45.25,False,False,False,False,False,False,False,False,False,2026-10-05
4999,4999.TW,@SINHER,@SINHER,,,TWSE LISTED,Electronic Parts/Components,17.9,17.85,18.0,17.8,43001,0.77,17.79,17.85,0.62,0.28,0.28,0.28,-0.28,25.8,37.7,63.3,25.8,37.7,-30.23,-52.25,-71.56,30.62,52.52,False,False,False,True,False,False,False,False,False,2026-10-05
5007,5007.TW,@SAN SHING,@SAN SHING,,,TWSE LISTED,Iron & Steel,55.8,56.4,56.4,55.8,24000,1.34,55.98,55.79,-0.32,0.02,-0.18,-1.06,0.36,63.0,63.0,66.7,63.0,63.0,-10.48,-10.48,-15.44,11.43,11.43,False,False,False,False,False,False,False,False,False,2026-10-05
5203,5203.TW,@CYBERLINK,@CYBERLINK,,,TWSE LISTED,Information Service Industry,60.2,57.7,61.9,57.5,481130,28.96,58.66,58.49,2.63,2.92,3.97,3.08,3.26,90.0,145.0,145.0,90.0,145.0,-31.22,-57.31,-57.31,33.11,58.48,False,False,False,True,False,False,False,False,False,2026-10-05
5215,5215.TW,@KO JA,@KO JA,,,TWSE LISTED,Computer and Peripheral Equipm,37.65,38.25,38.25,37.65,31000,1.17,37.77,37.84,-0.32,-0.5,-1.57,-0.66,-0.79,51.2,76.8,180.43,51.2,76.8,-25.29,-50.2,-78.8,26.46,50.98,False,False,False,False,False,False,False,False,False,2026-10-05
5222,5222.TW,@TRANSCOM,@TRANSCOM,,,TWSE LISTED,Semiconductor Industry,105.5,107.0,107.0,105.0,166441,17.56,106.1,105.9,-0.57,-0.38,-1.86,-0.94,0.48,140.0,157.28,159.83,140.0,157.28,-23.57,-31.97,-33.05,24.65,32.92,False,False,False,False,False,False,False,False,False,2026-10-05
5225,5225.TW,@EASTECH,@EASTECH,,,TWSE LISTED,Other Electronic Industry,54.4,55.3,55.3,54.0,249026,13.55,55.22,55.52,-1.48,-2.02,-1.98,-1.81,-3.2,115.0,160.5,160.5,115.0,160.5,-51.91,-65.55,-65.55,52.7,66.11,False,False,False,False,False,False,False,False,False,2026-10-05
5234,5234.TW,@DAXIN,@DAXIN,,,TWSE LISTED,Optoelectronic Industry,307.0,319.5,319.5,307.0,456019,140.0,310.4,302.55,-1.1,1.47,-1.6,-0.49,4.78,499.5,499.5,499.5,499.5,499.5,-36.04,-36.04,-36.04,38.54,38.54,False,False,False,False,False,False,False,False,False,2026-10-05
5236,5236.TW,@SUNPLUSIT,@SUNPLUSIT,,,TWSE LISTED,Semiconductor Industry,134.0,136.0,137.5,133.5,137004,18.36,135.9,135.55,-1.4,-1.14,-1.11,-2.55,-1.11,194.0,210.87,239.6,194.0,210.87,-29.12,-34.79,-42.61,30.93,36.45,False,False,False,False,False,False,False,False,False,2026-10-05
5243,5243.TW,@ESON,@ESON,,,TWSE LISTED,Optoelectronic Industry,95.7,95.4,97.1,94.7,1884101,180.31,92.6,90.82,3.35,5.37,1.92,4.59,7.41,143.5,143.5,143.5,143.5,143.5,-32.33,-32.33,-32.33,33.31,33.31,True,False,False,False,False,False,False,False,False,2026-10-05
5244,5244.TW,@BRIGHTEK,@BRIGHTEK,,,TWSE LISTED,Optoelectronic Industry,37.45,38.25,38.25,37.3,344050,12.88,36.43,36.26,2.8,3.28,-1.06,5.2,4.76,50.8,59.0,59.0,50.8,59.0,-24.7,-35.17,-35.17,26.28,36.53,False,False,False,False,False,False,False,False,False,2026-10-05
5258,5258.TW,@CASTLES,@CASTLES,,,TWSE LISTED,Computer and Peripheral Equipm,41.5,42.2,42.25,41.5,241525,10.02,41.87,41.97,-0.88,-1.12,-1.19,-2.12,0.24,68.4,146.19,146.19,68.4,146.19,-38.23,-71.1,-71.1,39.33,71.61,False,False,False,False,False,False,False,False,False,2026-10-05
5269,5269.TW,@ASMEDIA,@ASMEDIA,,,TWSE LISTED,Semiconductor Industry,1475.0,1475.0,1480.0,1460.0,277411,409.18,1469.0,1475.0,0.41,0.0,1.03,1.03,-0.34,1660.0,2570.0,2570.0,1660.0,2570.0,-10.84,-42.41,-42.41,11.14,42.61,False,False,False,True,False,False,False,False,False,2026-10-05
5283,5283.TW,@HERAN,@HERAN,,,TWSE LISTED,Electrical & Cable,52.1,53.8,53.8,51.9,133635,6.96,52.6,53.46,-0.95,-2.54,-0.76,-1.33,-1.7,56.3,84.05,106.32,56.3,84.05,-4.44,-35.99,-49.4,7.46,38.01,False,False,False,False,False,False,False,True,False,2026-10-05
5284,5284.TW,@JPP,@JPP,,,TWSE LISTED,Others,301.0,295.0,302.5,294.5,262040,78.87,298.4,298.75,0.87,0.75,2.56,0.5,1.86,480.0,480.0,480.0,480.0,480.0,-36.98,-36.98,-36.98,37.29,37.29,False,False,False,True,False,False,False,False,False,2026-10-05
5285,5285.TW,@JIH LIN,@JIH LIN,,,TWSE LISTED,Semiconductor Industry,100.0,99.6,101.5,97.2,4686609,468.66,94.76,93.44,5.53,7.02,1.01,10.99,11.23,115.5,115.5,143.5,115.5,115.5,-12.12,-12.12,-29.27,13.42,13.42,True,False,False,False,False,False,False,False,False,2026-10-05
5288,5288.TW,@EUROCHARM,@EUROCHARM,,,TWSE LISTED,Electric Machinery,187.0,188.0,189.0,185.0,209000,39.08,187.1,188.0,-0.05,-0.53,-0.8,1.91,-0.27,202.0,241.0,241.0,202.0,241.0,-6.44,-21.58,-21.58,7.43,22.41,False,False,False,False,False,False,False,True,False,2026-10-05
5292,5292.TW,@DTECH,@DTECH,,,TWSE LISTED,Green Energy and Environmental Services,247.0,240.0,251.0,240.0,339800,83.93,234.5,226.45,5.33,9.07,2.92,7.39,13.56,246.82,246.82,246.82,251.0,251.0,1.69,1.69,1.69,1.59,1.59,True,True,False,False,True,True,True,True,True,2026-10-05
5306,5306.TW,@KMC,@KMC,,,TWSE LISTED,Sports and Leisure,87.6,88.0,88.0,87.1,74100,6.49,88.28,88.57,-0.77,-1.1,-0.45,-1.35,-1.24,100.0,162.5,255.0,100.0,162.5,-12.0,-45.85,-65.49,12.4,46.09,False,False,False,False,False,False,False,False,False,2026-10-05
5388,5388.TW,@SERCOMM,@SERCOMM,,,TWSE LISTED,Communications and Internet,71.7,72.5,72.5,71.7,1523474,109.23,71.6,72.28,0.14,-0.8,-0.14,0.28,-2.32,95.0,151.5,151.5,95.0,151.5,-23.68,-52.15,-52.15,24.53,52.67,False,False,False,False,False,False,False,False,False,2026-10-05
5434,5434.TW,@TOPCO,@TOPCO,,,TWSE LISTED,Electronic Products Distributi,620.0,598.0,623.0,593.0,1481420,918.48,573.0,556.0,8.2,11.51,6.35,11.71,14.39,602.0,602.0,602.0,623.0,623.0,3.49,3.49,3.49,0.48,0.48,True,False,False,False,True,True,True,True,True,2026-10-05
5469,5469.TW,@HSB,@HSB,,,TWSE LISTED,Electronic Parts/Components,78.4,77.0,78.4,76.2,3762289,294.96,75.3,74.11,4.12,5.79,3.29,5.95,7.4,109.0,115.0,115.0,109.0,115.0,-28.07,-31.83,-31.83,28.07,31.83,True,True,False,False,False,False,False,False,False,2026-10-05
5471,5471.TW,@SONIX,@SONIX,,,TWSE LISTED,Semiconductor Industry,52.6,54.0,54.0,52.5,910181,47.88,52.7,52.34,-0.19,0.5,-1.68,0.57,1.74,69.1,69.1,119.0,69.1,69.1,-21.85,-21.85,-54.62,23.88,23.88,False,False,False,False,False,False,False,False,False,2026-10-05
5484,5484.TW,@EVERFOCUS,@EVERFOCUS,,,TWSE LISTED,Optoelectronic Industry,38.7,38.85,39.1,38.7,320025,12.38,39.16,39.37,-1.17,-1.7,-0.9,-2.27,-1.9,58.9,118.5,118.5,58.9,118.5,-33.62,-67.0,-67.0,34.3,67.34,False,False,False,False,False,False,False,False,False,2026-10-05
5515,5515.TW,@CHIEN KUO,@CHIEN KUO,,,TWSE LISTED,Building Material&Construction,51.2,51.1,51.5,50.4,376736,19.29,51.68,51.195,-0.93,0.01,0.2,-1.35,-2.85,56.4,56.4,56.4,56.4,56.4,-8.69,-8.69,-8.69,9.22,9.22,False,False,False,False,False,False,False,True,True,2026-10-05
5519,5519.TW,@LD,@LD,,,TWSE LISTED,Building Material&Construction,24.8,25.15,25.15,24.8,433150,10.74,25.06,25.395,-1.04,-2.34,-1.0,-1.98,-1.0,33.86,58.0,58.0,33.86,58.0,-25.72,-56.64,-56.64,26.75,57.24,False,False,False,False,False,False,False,False,False,2026-10-05
5521,5521.TW,@KSECO,@KSECO,,,TWSE LISTED,Building Material&Construction,10.75,10.7,10.75,10.6,2685013,28.86,10.64,10.625,1.03,1.18,0.47,1.42,2.38,28.0,28.0,28.0,28.0,28.0,-61.61,-61.61,-61.61,61.61,61.61,True,False,False,True,False,False,False,False,False,2026-10-05
5522,5522.TW,@FARGLORY,@FARGLORY,,,TWSE LISTED,Building Material&Construction,60.1,60.5,60.7,60.0,738065,44.36,60.62,61.03,-0.86,-1.52,-0.66,-1.48,-0.99,83.9,98.7,98.7,83.9,98.7,-27.65,-38.5,-38.5,28.37,39.11,False,False,False,False,False,False,False,False,False,2026-10-05
5525,5525.TW,@SWEETEN,@SWEETEN,,,TWSE LISTED,Building Material&Construction,21.75,22.0,22.05,21.7,82000,1.78,21.88,22.09,-0.59,-1.54,-0.23,-1.14,-1.14,28.3,41.57,41.57,28.3,41.57,-22.08,-46.96,-46.96,23.14,47.68,False,False,False,False,False,False,False,False,False,2026-10-05
5531,5531.TW,@SHINING,@SHINING,,,TWSE LISTED,Building Material&Construction,6.69,6.86,6.86,6.69,915201,6.12,6.846,6.917,-2.28,-3.28,-2.48,-3.32,-4.15,9.15,14.75,20.1,9.15,14.75,-25.03,-53.49,-65.87,26.89,54.64,False,False,False,False,False,False,False,False,False,2026-10-05
5533,5533.TW,@FOUNDING,@FOUNDING,,,TWSE LISTED,Building Material&Construction,13.85,13.9,13.95,13.85,160000,2.22,13.89,13.985,-0.29,-0.97,-0.36,-0.72,-0.36,14.85,28.95,28.95,14.85,28.95,-6.06,-51.81,-51.81,6.73,52.16,False,False,False,False,False,False,False,True,False,2026-10-05
5534,5534.TW,@CHONG HONG,@CHONG HONG,,,TWSE LISTED,Building Material&Construction,71.8,73.0,73.0,71.3,2142312,153.82,72.9,73.84,-1.51,-2.76,-1.64,-1.78,-2.84,87.8,150.5,150.5,87.8,150.5,-16.86,-51.5,-51.5,18.22,52.29,False,False,False,False,False,False,False,False,False,2026-10-05
5538,5538.TW,@TONG MING,@TONG MING,,,TWSE LISTED,Iron & Steel,37.2,36.0,37.2,35.95,160000,5.95,36.12,35.74,2.99,4.09,3.91,2.62,5.38,38.75,40.9,67.9,38.75,40.9,-4.0,-9.05,-45.21,4.0,9.05,False,False,False,False,False,False,False,True,True,2026-10-05
5546,5546.TW,@YGI,@YGI,,,TWSE LISTED,Building Material&Construction,14.0,13.8,14.0,13.8,5000,0.07,14.01,14.215,-0.07,-1.51,1.82,-2.44,-2.78,23.85,42.55,90.0,23.85,42.55,-41.3,-67.1,-84.44,41.3,67.1,False,False,False,False,False,False,False,False,False,2026-10-05
5607,5607.TW,@FARGLORY FTZ,@FARGLORY FTZ,,,TWSE LISTED,Shipping & Transportation,51.8,51.8,52.0,51.4,578500,29.97,51.96,52.22,-0.31,-0.8,0.0,-1.15,-0.77,58.4,59.01,69.11,58.4,59.01,-10.96,-11.87,-24.76,11.3,12.21,False,False,False,False,False,False,False,False,False,2026-10-05
5608,5608.TW,@S. W.,@S. W.,,,TWSE LISTED,Shipping & Transportation,16.8,17.45,17.45,16.75,2540789,42.69,16.92,17.0,-0.71,-1.18,-2.04,-0.88,-1.18,19.75,25.15,71.47,19.75,25.15,-11.65,-30.62,-75.58,14.94,33.2,False,False,False,False,False,False,False,False,False,2026-10-05
5706,5706.TW,@PHX TOUR,@PHX TOUR,,,TWSE LISTED,Tourism and Hospitality,44.0,44.2,44.3,43.95,74500,3.28,44.08,44.14,-0.18,-0.32,-0.34,-0.34,0.23,57.2,73.33,111.26,57.2,73.33,-22.55,-39.59,-60.18,23.08,40.0,False,False,False,False,False,False,False,False,False,2026-10-05
5871,5871.TW,@CHAILEASE,@CHAILEASE,,,TWSE LISTED,Others,105.5,106.5,107.0,105.5,3948855,416.6,106.6,107.85,-1.03,-2.18,-0.47,-1.4,-1.4,122.06,183.93,249.04,122.06,183.93,-12.34,-41.82,-57.03,13.57,42.64,False,False,False,False,False,False,False,False,False,2026-10-05
5876,5876.TW,@SCSB,@SCSB,,,TWSE LISTED,Financial & Insurance,48.65,49.65,49.65,48.55,4684618,227.91,48.8,49.06,-0.31,-0.84,-0.61,-1.02,-0.61,50.0,50.0,55.78,50.0,50.0,-0.7,-0.7,-11.0,2.7,2.7,False,False,False,False,False,False,False,True,True,2026-10-05
5880,5880.TW,@TCFHC,@TCFHC,,,TWSE LISTED,Financial & Insurance,25.9,26.4,26.4,25.85,13366364,346.19,26.04,26.495,-0.54,-2.25,-0.96,-0.77,-2.08,27.6,27.6,27.6,27.6,27.6,-4.35,-4.35,-4.35,6.16,6.16,False,False,False,False,False,False,False,True,True,2026-10-05
5906,5906.TW,@TAINAN CAYMAN,@TAINAN CAYMAN,,,TWSE LISTED,Trading & Consumers Goods,38.95,38.95,39.6,38.95,6000,0.23,40.43,40.84,-3.66,-4.63,-2.62,-5.0,-4.77,50.76,76.03,79.86,50.76,76.03,-21.99,-47.92,-50.41,23.27,48.77,False,False,False,False,False,False,False,False,False,2026-10-05
5907,5907.TW,@GORG,@GORG,,,TWSE LISTED,Trading & Consumers Goods,4.75,4.78,4.82,4.68,252000,1.2,4.78,4.809,-0.63,-1.23,0.0,-1.25,-1.66,6.64,14.3,39.65,6.64,14.3,-27.41,-66.29,-87.84,28.46,66.78,False,False,False,False,False,False,False,False,False,2026-10-05
6005,6005.TW,@CSC,@CSC,,,TWSE LISTED,Financial & Insurance,33.0,32.3,33.1,32.25,14098004,465.23,32.12,32.13,2.74,2.71,3.12,2.96,3.12,40.27,40.27,40.27,40.27,40.27,-17.81,-17.81,-17.81,18.06,18.06,False,False,False,False,False,False,False,False,False,2026-10-05
6024,6024.TW,@CFC,@CFC,,,TWSE LISTED,Financial & Insurance,59.7,59.9,60.0,59.6,171500,10.24,60.0,60.57,-0.5,-1.44,-0.17,-1.16,-1.81,63.8,63.8,63.8,63.8,63.8,-5.96,-5.96,-5.96,6.43,6.43,False,False,False,False,False,False,False,True,True,2026-10-05
6108,6108.TW,@APCB INC.,@APCB INC.,,,TWSE LISTED,Electronic Parts/Components,25.65,26.1,26.1,25.3,1520046,38.99,25.16,24.57,1.95,4.4,-0.19,2.4,5.12,26.6,26.6,33.8,26.6,26.6,-1.88,-1.88,-22.78,3.57,3.57,False,False,False,False,False,False,False,True,True,2026-10-05
6112,6112.TW,@METAAGE,@METAAGE,,,TWSE LISTED,Information Service Industry,44.9,47.65,48.0,44.85,2778614,124.76,47.13,48.145,-4.73,-6.74,-5.77,-6.56,-5.87,53.1,77.7,82.6,53.1,77.7,-9.6,-38.22,-41.89,15.44,42.21,False,False,False,False,False,False,False,False,False,2026-10-05
6115,6115.TW,@I-SHENG,@I-SHENG,,,TWSE LISTED,Electronic Parts/Components,44.1,44.35,44.35,44.05,118050,5.21,44.03,44.255,0.16,-0.35,0.23,0.23,0.11,50.1,59.5,59.5,50.1,59.5,-11.48,-25.46,-25.46,11.98,25.88,False,False,False,False,False,False,False,False,False,2026-10-05
6116,6116.TW,@HANNSTAR,@HANNSTAR,,,TWSE LISTED,Optoelectronic Industry,15.9,16.3,17.5,15.8,125846262,2000.96,15.77,15.3,0.82,3.92,-0.93,-2.75,6.71,22.7,22.7,30.7,22.7,22.7,-22.91,-22.91,-43.0,29.96,29.96,False,False,False,False,False,False,False,False,False,2026-10-05
6117,6117.TW,@IN WIN,@IN WIN,,,TWSE LISTED,Computer and Peripheral Equipm,62.5,63.0,63.0,62.0,165010,10.31,62.18,61.89,0.51,0.99,0.48,0.48,1.3,95.9,163.5,163.5,95.9,163.5,-34.31,-61.47,-61.47,34.83,61.77,False,False,False,False,False,False,False,False,False,2026-10-05
6120,6120.TW,@DARWIN,@DARWIN,,,TWSE LISTED,Optoelectronic Industry,14.35,15.4,15.6,14.25,14521986,208.39,14.35,13.545,0.0,5.94,-5.9,0.0,12.55,16.5,21.78,51.33,16.5,21.78,-5.45,-28.37,-69.61,13.03,34.11,False,False,False,False,False,False,False,False,False,2026-10-05
6128,6128.TW,@GPI,@GPI,,,TWSE LISTED,Computer and Peripheral Equipm,19.0,19.1,19.3,19.0,71000,1.35,19.15,19.205,-0.78,-1.07,-1.04,-1.04,-1.3,27.15,43.65,49.0,27.15,43.65,-28.91,-55.78,-60.61,30.02,56.47,False,False,False,False,False,False,False,False,False,2026-10-05
6133,6133.TW,@GBE,@GBE,,,TWSE LISTED,Electronic Parts/Components,29.25,29.35,30.25,28.55,6944126,203.12,29.15,28.04,0.34,4.32,0.52,-1.18,12.72,31.0,31.0,32.35,31.0,31.0,-2.42,-2.42,-6.49,5.65,5.65,False,False,False,False,False,False,False,True,True,2026-10-05
6136,6136.TW,@FTC,@FTC,,,TWSE LISTED,Communications and Internet,25.2,25.25,25.35,25.1,542101,13.66,25.15,24.99,0.2,0.84,-0.4,0.6,1.2,29.5,29.5,29.5,29.5,29.5,-14.07,-14.07,-14.07,14.58,14.58,False,False,False,False,False,False,False,False,False,2026-10-05
6139,6139.TW,@L & K,@L & K,,,TWSE LISTED,Other Electronic Industry,790.0,795.0,803.0,781.0,3733459,2949.43,762.4,746.7,3.62,5.8,1.94,4.5,4.91,987.0,987.0,987.0,987.0,987.0,-18.64,-18.64,-18.64,19.96,19.96,True,False,False,False,False,False,False,False,False,2026-10-05
6141,6141.TW,@PLOTECH,@PLOTECH,,,TWSE LISTED,Electronic Parts/Components,51.2,51.5,52.7,51.0,1891001,96.82,51.82,51.235,-1.2,-0.07,0.39,-1.16,-1.16,59.9,59.9,59.9,59.9,59.9,-12.02,-12.02,-12.02,14.52,14.52,False,False,False,False,False,False,False,False,False,2026-10-05
6142,6142.TW,@CAMEO,@CAMEO,,,TWSE LISTED,Communications and Internet,9.06,9.28,9.28,9.01,515210,4.67,9.174,9.097,-1.24,-0.41,-0.88,-4.03,0.0,12.05,13.95,19.85,12.05,13.95,-22.99,-33.48,-53.25,24.81,35.05,False,False,False,False,False,False,False,False,False,2026-10-05
6152,6152.TW,@PRIME,@PRIME,,,TWSE LISTED,Communications and Internet,17.25,16.0,17.25,15.8,8467945,146.07,15.76,15.505,9.45,11.25,9.87,12.75,15.0,22.2,22.2,22.2,22.2,22.2,-22.3,-22.3,-22.3,22.3,22.3,True,True,False,False,False,False,False,False,False,2026-10-05
6153,6153.TW,@CAREER TECH.,@CAREER TECH.,,,TWSE LISTED,Electronic Parts/Components,17.85,18.1,18.25,17.85,2626525,46.88,17.89,17.52,-0.22,1.88,-0.56,-1.92,3.78,25.8,26.2,71.84,25.8,26.2,-29.26,-30.34,-74.6,30.81,31.87,False,False,False,False,False,False,False,False,False,2026-10-05
6155,6155.TW,@KC,@KC,,,TWSE LISTED,Electronic Parts/Components,71.0,72.9,73.6,69.9,5239768,372.02,68.08,62.66,4.29,13.31,-2.07,12.16,17.94,103.0,103.0,103.0,103.0,103.0,-28.54,-28.54,-28.54,31.07,31.07,False,False,False,False,False,False,False,False,False,2026-10-05
6164,6164.TW,@LEDTECH,@LEDTECH,,,TWSE LISTED,Optoelectronic Industry,13.85,13.3,13.85,13.2,2680997,37.13,12.8,12.535,8.2,10.49,9.92,9.92,13.06,17.4,22.94,26.12,17.4,22.94,-20.4,-39.62,-46.99,20.4,39.62,False,False,False,False,False,False,False,False,False,2026-10-05
6165,6165.TW,@LANG,@LANG,,,TWSE LISTED,Digital and Cloud Services,48.6,49.55,49.55,48.6,247025,12.01,49.29,49.37,-1.4,-1.56,-1.62,-2.8,-0.72,55.0,64.2,91.2,55.0,64.2,-9.91,-22.82,-45.67,11.64,24.3,False,False,False,False,False,False,False,False,False,2026-10-05
6166,6166.TW,@ADLINK,@ADLINK,,,TWSE LISTED,Computer and Peripheral Equipm,129.5,131.5,134.5,129.0,1301100,168.49,131.5,128.3,-1.52,0.94,-0.38,-2.63,-1.89,174.0,174.0,174.0,174.0,174.0,-22.7,-22.7,-22.7,25.57,25.57,False,False,False,False,False,False,False,False,False,2026-10-05
6168,6168.TW,@HARVATEK CORPOR,@HARVATEK CORPOR,,,TWSE LISTED,Optoelectronic Industry,47.1,47.15,50.6,44.7,31682943,1492.27,46.11,44.13,2.15,6.73,2.39,4.09,7.05,48.0,48.0,48.0,50.6,50.6,5.42,5.42,5.42,6.92,6.92,False,False,False,False,True,True,True,True,True,2026-10-05
6176,6176.TW,@ROEC,@ROEC,,,TWSE LISTED,Optoelectronic Industry,92.3,92.7,92.8,92.1,968168,89.36,91.48,92.41,0.9,-0.12,0.0,1.21,0.54,182.67,299.33,299.33,182.67,299.33,-49.2,-69.0,-69.0,49.47,69.16,False,False,False,False,False,False,False,False,False,2026-10-05
6177,6177.TW,"@DA-LI CO.,LTD.","@DA-LI CO.,LTD.",,,TWSE LISTED,Building Material&Construction,45.3,46.5,46.5,45.15,1700102,77.01,46.13,46.645,-1.8,-2.88,-1.52,-2.48,-1.95,56.6,69.82,69.82,56.6,69.82,-17.84,-33.4,-33.4,19.96,35.12,False,False,False,False,False,False,False,False,False,2026-10-05
6183,6183.TW,@TRADE-VAN,@TRADE-VAN,,,TWSE LISTED,Information Service Industry,91.4,91.7,91.8,91.1,18013,1.65,91.54,91.43,-0.15,-0.03,-0.33,-0.44,0.11,100.0,112.0,112.0,100.0,112.0,-8.2,-18.04,-18.04,8.6,18.39,False,False,False,False,False,False,False,True,False,2026-10-05
6184,6184.TW,@DAFENG TV LTD.,@DAFENG TV LTD.,,,TWSE LISTED,Others,40.1,40.15,40.25,39.85,86000,3.45,40.21,40.345,-0.27,-0.61,-0.12,-0.5,-0.5,49.35,61.7,61.7,49.35,61.7,-18.44,-34.76,-34.76,18.74,35.01,False,False,False,False,False,False,False,False,False,2026-10-05
6189,6189.TW,@PROMATE,@PROMATE,,,TWSE LISTED,Electronic Products Distributi,49.4,50.1,50.2,49.3,441386,21.8,50.02,49.28,-1.24,0.24,-1.0,-1.98,0.41,60.5,94.58,94.58,60.5,94.58,-17.02,-46.93,-46.93,18.35,47.77,False,False,False,False,False,False,False,False,False,2026-10-05
6191,6191.TW,@GBM,@GBM,,,TWSE LISTED,Electronic Parts/Components,85.9,85.6,86.8,85.1,2685438,230.68,84.4,83.78,1.78,2.53,1.42,2.26,4.37,121.5,149.5,149.5,121.5,149.5,-28.56,-41.94,-41.94,29.3,42.54,True,True,False,False,False,False,False,False,False,2026-10-05
6192,6192.TW,@LUMAX,@LUMAX,,,TWSE LISTED,Other Electronic Industry,110.5,110.5,111.0,110.0,140010,15.47,109.8,110.3,0.64,0.18,0.91,0.91,0.0,136.0,136.0,136.0,136.0,136.0,-18.38,-18.38,-18.38,18.75,18.75,False,False,False,True,False,False,False,False,False,2026-10-05
6196,6196.TW,@MIC,@MIC,,,TWSE LISTED,Other Electronic Industry,679.0,628.0,679.0,622.0,2891600,1963.4,605.6,575.2,12.12,18.05,9.87,16.07,20.18,619.0,619.0,619.0,679.0,679.0,9.69,9.69,9.69,0.0,0.0,True,False,False,False,True,True,True,True,True,2026-10-05
6197,6197.TW,@JPC,@JPC,,,TWSE LISTED,Electronic Parts/Components,345.0,346.0,353.5,342.0,2720297,938.5,331.9,325.6,3.95,5.96,1.62,5.83,7.81,405.0,405.0,405.0,405.0,405.0,-12.72,-12.72,-12.72,14.81,14.81,True,False,False,False,False,False,False,False,False,2026-10-05
6201,6201.TW,@YAHORNG,@YAHORNG,,,TWSE LISTED,Other Electronic Industry,44.05,44.5,44.5,44.05,58000,2.55,44.36,44.725,-0.7,-1.51,-0.79,-1.23,-1.45,56.9,69.9,69.9,56.9,69.9,-21.79,-36.34,-36.34,22.58,36.98,False,False,False,False,False,False,False,False,False,2026-10-05
6202,6202.TW,@HOLTEK,@HOLTEK,,,TWSE LISTED,Semiconductor Industry,60.8,63.5,64.1,60.8,4210134,255.98,60.22,58.94,0.96,3.16,-3.8,3.75,4.47,81.0,81.0,151.5,81.0,81.0,-20.86,-20.86,-57.69,24.94,24.94,False,False,False,False,False,False,False,False,False,2026-10-05
6205,6205.TW,@COXOC,@COXOC,,,TWSE LISTED,Electronic Parts/Components,72.6,75.5,75.8,72.3,1641199,119.15,72.1,70.53,0.69,2.93,-1.49,1.82,-1.36,104.5,104.5,104.5,104.5,104.5,-27.46,-27.46,-27.46,30.53,30.53,False,False,False,False,False,False,False,False,False,2026-10-05
6206,6206.TW,@FLYTECH,@FLYTECH,,,TWSE LISTED,Computer and Peripheral Equipm,137.5,137.5,139.0,135.5,530065,72.88,139.2,139.5,-1.22,-1.43,0.36,-1.43,-1.08,159.0,183.0,183.0,159.0,183.0,-12.58,-24.04,-24.04,13.52,24.86,False,False,False,False,False,False,False,False,False,2026-10-05
6209,6209.TW,@KINKO,@KINKO,,,TWSE LISTED,Optoelectronic Industry,87.9,84.3,89.4,84.2,18257203,1604.81,83.54,81.22,5.22,8.22,4.77,7.59,10.01,104.5,104.5,104.5,104.5,104.5,-14.45,-14.45,-14.45,15.89,15.89,True,True,False,False,False,False,False,False,False,2026-10-05
6213,6213.TW,@ITEQ,@ITEQ,,,TWSE LISTED,Electronic Parts/Components,751.0,690.0,751.0,682.0,19634497,14745.51,663.8,604.5,13.14,24.23,9.96,20.55,26.22,700.0,700.0,700.0,751.0,751.0,7.29,7.29,7.29,0.0,0.0,True,True,False,False,True,True,True,True,True,2026-10-05
6214,6214.TW,@SYSTEX,@SYSTEX,,,TWSE LISTED,Information Service Industry,188.5,189.0,189.5,188.5,456547,86.06,188.6,190.0,-0.05,-0.79,0.0,0.27,-1.05,195.0,195.0,195.0,195.0,195.0,-2.82,-2.82,-2.82,3.33,3.33,False,False,False,False,False,False,False,True,True,2026-10-05
6215,6215.TW,@AUROTEK,@AUROTEK,,,TWSE LISTED,Other Electronic Industry,97.8,98.3,100.5,97.8,601170,58.79,97.52,97.61,0.29,0.19,0.0,0.1,1.03,138.0,164.0,164.0,138.0,164.0,-27.17,-38.72,-38.72,29.13,40.37,False,False,False,False,False,False,False,False,False,2026-10-05
6224,6224.TW,@PTTC.,@PTTC.,,,TWSE LISTED,Electronic Parts/Components,79.7,83.0,83.0,79.7,713007,56.83,80.44,82.68,-0.92,-3.6,-1.36,1.14,-3.04,97.5,97.5,188.0,97.5,97.5,-14.87,-14.87,-55.85,18.26,18.26,False,False,False,False,False,False,False,False,False,2026-10-05
6225,6225.TW,@AIPLEX,@AIPLEX,,,TWSE LISTED,Optoelectronic Industry,69.2,70.0,70.4,67.0,283783,19.64,64.14,58.55,7.89,18.19,1.32,13.63,37.3,80.0,80.0,80.0,80.0,80.0,-12.0,-12.0,-12.0,13.5,13.5,True,True,False,False,False,False,False,False,False,2026-10-05
6226,6226.TW,@PARA LIGHT,@PARA LIGHT,,,TWSE LISTED,Optoelectronic Industry,43.0,47.0,49.8,43.0,36268331,1559.54,45.61,44.915,-5.72,-4.26,-7.33,-4.66,-2.27,51.7,51.7,51.7,51.7,51.7,-3.68,-3.68,-3.68,16.83,16.83,False,False,False,False,False,False,False,False,False,2026-10-05
6230,6230.TW,@NCCI,@NCCI,,,TWSE LISTED,Computer and Peripheral Equipm,113.0,111.5,113.0,110.5,27020,3.05,112.0,112.05,0.89,0.85,1.35,0.0,0.0,190.5,403.5,403.5,190.5,403.5,-40.68,-72.0,-72.0,40.68,72.0,False,False,False,True,False,False,False,False,False,2026-10-05
6235,6235.TW,@WAFFER,@WAFFER,,,TWSE LISTED,Computer and Peripheral Equipm,38.35,39.35,39.35,38.25,569149,21.83,38.96,38.855,-1.57,-1.3,-2.54,-1.92,-0.9,64.8,152.0,183.0,64.8,152.0,-39.27,-74.11,-78.5,40.82,74.77,False,False,False,False,False,False,False,False,False,2026-10-05
6239,6239.TW,@PTI,@PTI,,,TWSE LISTED,Semiconductor Industry,297.5,311.0,311.0,296.5,23396685,6960.51,293.7,291.05,1.29,2.22,-3.41,2.76,3.66,387.0,387.0,387.0,387.0,387.0,-19.64,-19.64,-19.64,23.13,23.13,False,False,False,False,False,False,False,False,False,2026-10-05
6243,6243.TW,@ENE,@ENE,,,TWSE LISTED,Semiconductor Industry,40.2,41.1,41.15,40.05,407195,16.37,40.07,39.51,0.32,1.75,-2.19,1.77,1.77,55.5,90.4,90.4,55.5,90.4,-25.86,-54.48,-54.48,27.57,55.53,False,False,False,False,False,False,False,False,False,2026-10-05
6257,6257.TW,@SIGURD,@SIGURD,,,TWSE LISTED,Semiconductor Industry,260.0,270.0,275.0,253.5,19965782,5191.1,252.9,249.85,2.81,4.06,0.97,2.36,7.0,279.5,279.5,279.5,279.5,279.5,-1.61,-1.61,-1.61,6.98,6.98,True,False,False,False,False,False,False,True,True,2026-10-05
6269,6269.TW,@FLEXIUM,@FLEXIUM,,,TWSE LISTED,Electronic Parts/Components,65.1,66.7,66.9,65.1,2990347,194.67,65.42,64.99,-0.49,0.17,-1.51,-1.36,0.46,91.8,101.5,153.0,91.8,101.5,-27.12,-34.09,-56.27,29.08,35.86,False,False,False,False,False,False,False,False,False,2026-10-05
6271,6271.TW,@THEIL,@THEIL,,,TWSE LISTED,Semiconductor Industry,238.5,240.0,242.0,236.0,4954578,1181.67,231.4,230.2,3.07,3.61,1.71,5.3,4.15,302.0,302.0,302.0,302.0,302.0,-19.87,-19.87,-19.87,21.03,21.03,True,False,False,False,False,False,False,False,False,2026-10-05
6272,6272.TW,@WIESON,@WIESON,,,TWSE LISTED,Electronic Parts/Components,25.25,26.25,26.25,25.25,133000,3.36,25.46,25.705,-0.82,-1.77,-2.32,-1.37,-0.2,46.0,68.3,68.3,46.0,68.3,-42.93,-61.57,-61.57,45.11,63.03,False,False,False,False,False,False,False,False,False,2026-10-05
6277,6277.TW,@ATEN,@ATEN,,,TWSE LISTED,Computer and Peripheral Equipm,77.1,77.1,78.0,77.1,110005,8.48,77.12,77.76,-0.03,-0.85,0.0,0.13,-0.9,88.6,88.6,103.0,88.6,88.6,-11.96,-11.96,-24.27,12.98,12.98,False,False,False,False,False,False,False,False,False,2026-10-05
6278,6278.TW,@TSMT,@TSMT,,,TWSE LISTED,Optoelectronic Industry,220.0,218.5,222.0,211.5,12121400,2666.71,217.5,211.25,1.15,4.14,1.38,0.92,3.77,254.5,254.5,254.5,254.5,254.5,-12.77,-12.77,-12.77,13.56,13.56,False,False,False,False,False,False,False,False,False,2026-10-05
6281,6281.TW,@E-LIFE,@E-LIFE,,,TWSE LISTED,Electronic Products Distributi,50.7,50.7,50.9,50.7,44244,2.24,50.98,51.0,-0.55,-0.59,-0.39,-0.59,-0.59,63.7,88.4,88.5,63.7,88.4,-20.09,-42.42,-42.49,20.41,42.65,False,False,False,False,False,False,False,False,False,2026-10-05
6282,6282.TW,@ACBEL,@ACBEL,,,TWSE LISTED,Electronic Parts/Components,44.45,44.9,45.1,44.3,8256200,366.99,43.69,43.35,1.74,2.54,0.57,1.72,3.73,70.8,70.8,70.8,70.8,70.8,-36.3,-36.3,-36.3,37.22,37.22,False,False,False,False,False,False,False,False,False,2026-10-05
6283,6283.TW,@SOE,@SOE,,,TWSE LISTED,Other Electronic Industry,18.9,19.2,19.2,18.9,76000,1.44,19.13,18.95,-1.2,-0.26,-1.31,-3.08,0.27,26.65,38.45,76.2,26.65,38.45,-27.95,-50.07,-74.8,29.08,50.85,False,False,False,False,False,False,False,False,False,2026-10-05
6285,6285.TW,@WNC,@WNC,,,TWSE LISTED,Communications and Internet,249.5,242.0,250.5,240.0,8578932,2140.44,238.3,235.45,4.7,5.97,4.83,5.72,4.83,336.5,336.5,336.5,336.5,336.5,-25.56,-25.56,-25.56,25.85,25.85,False,False,False,False,False,False,False,False,False,2026-10-05
6405,6405.TW,@ONANO,@ONANO,,,TWSE LISTED,Optoelectronic Industry,41.9,42.7,43.75,41.35,2038000,85.39,45.03,43.23,-6.95,-3.08,-1.41,-16.37,1.09,89.1,89.1,89.1,89.1,89.1,-50.9,-50.9,-50.9,52.97,52.97,False,False,False,False,False,False,False,False,False,2026-10-05
6409,6409.TW,@VOLTRONIC,@VOLTRONIC,,,TWSE LISTED,Other Electronic Industry,891.0,904.0,907.0,890.0,199207,177.49,890.4,890.4,0.07,0.07,0.56,-1.76,1.37,1380.0,2385.0,2385.0,1380.0,2385.0,-34.28,-61.97,-61.97,35.43,62.64,False,False,False,True,False,False,False,False,False,2026-10-05
6412,6412.TW,@CHICONY POWER,@CHICONY POWER,,,TWSE LISTED,Electronic Parts/Components,75.1,75.8,76.6,75.0,682200,51.23,74.72,74.49,0.51,0.82,0.13,0.4,0.67,112.0,196.0,196.0,112.0,196.0,-31.61,-60.92,-60.92,32.95,61.68,False,False,False,False,False,False,False,False,False,2026-10-05
6414,6414.TW,@ENNOCONN,@ENNOCONN,,,TWSE LISTED,Computer and Peripheral Equipm,407.5,405.5,410.5,402.0,1172533,477.81,400.3,387.05,1.8,5.28,1.49,3.95,8.96,522.0,522.0,522.0,522.0,522.0,-21.36,-21.36,-21.36,21.93,21.93,False,False,False,False,False,False,False,False,False,2026-10-05
6415,6415.TW,@SILERGY,@SILERGY,,,TWSE LISTED,Semiconductor Industry,442.0,435.0,452.0,428.5,2446699,1081.44,419.6,424.45,5.34,4.13,4.0,8.07,3.88,694.0,694.0,1372.5,694.0,694.0,-34.87,-34.87,-67.07,36.31,36.31,True,False,False,False,False,False,False,False,False,2026-10-05
6416,6416.TW,@CASWELL,@CASWELL,,,TWSE LISTED,Communications and Internet,119.5,117.5,122.0,115.5,909001,108.63,117.6,117.7,1.62,1.53,1.7,4.37,2.58,124.0,166.5,196.0,124.0,166.5,-1.61,-26.73,-37.76,3.63,28.23,False,False,False,True,False,False,False,True,False,2026-10-05
6426,6426.TW,@APOGEE,@APOGEE,,,TWSE LISTED,Communications and Internet,357.5,362.0,371.0,353.0,3432221,1227.02,351.5,364.15,1.71,-1.83,-1.11,3.62,-8.1,412.0,412.0,412.0,412.0,412.0,-9.95,-9.95,-9.95,13.23,13.23,False,False,False,False,False,False,False,False,False,2026-10-05
6431,6431.TW,@KL,@KL,,,TWSE LISTED,Biotechnology and Medical Care,16.9,17.0,17.05,16.6,66000,1.12,17.34,17.305,-2.54,-2.34,-0.88,-3.98,-1.46,30.25,32.0,40.05,30.25,32.0,-43.64,-46.72,-57.43,44.13,47.19,False,False,False,False,False,False,False,False,False,2026-10-05
6438,6438.TW,@SAA,@SAA,,,TWSE LISTED,Other Electronic Industry,167.5,170.5,171.5,167.0,1013364,169.74,165.2,158.8,1.39,5.48,-0.3,2.13,6.35,193.0,249.89,249.89,193.0,249.89,-11.14,-31.37,-31.37,13.21,32.97,False,False,False,False,False,False,False,False,False,2026-10-05
6442,6442.TW,@EZCONN,@EZCONN,,,TWSE LISTED,Communications and Internet,1705.0,1675.0,1755.0,1620.0,3843411,6553.02,1560.0,1545.5,9.29,10.32,4.92,14.43,11.44,2540.0,2540.0,2540.0,2540.0,2540.0,-30.91,-30.91,-30.91,32.87,32.87,False,False,False,False,False,False,False,False,False,2026-10-05
6443,6443.TW,@TSEC,@TSEC,,,TWSE LISTED,Optoelectronic Industry,28.2,29.05,29.1,28.1,8119326,228.96,28.22,27.9,-0.07,1.08,-1.91,-1.91,-0.18,56.5,56.5,56.5,56.5,56.5,-48.5,-48.5,-48.5,50.09,50.09,False,False,False,False,False,False,False,False,False,2026-10-05
6446,6446.TW,@PEC,@PEC,,,TWSE LISTED,Biotechnology and Medical Care,1190.0,1175.0,1205.0,1165.0,1500223,1785.27,1187.0,1175.5,0.25,1.23,2.15,-2.06,3.03,1645.0,1645.0,1645.0,1645.0,1645.0,-26.75,-26.75,-26.75,27.66,27.66,False,False,False,True,False,False,False,False,False,2026-10-05
6449,6449.TW,@APAQ,@APAQ,,,TWSE LISTED,Electronic Parts/Components,227.0,230.0,233.0,224.0,1660165,376.86,219.3,216.0,3.51,5.09,1.11,8.35,8.35,483.5,483.5,483.5,483.5,483.5,-51.81,-51.81,-51.81,53.05,53.05,False,False,False,False,False,False,False,False,False,2026-10-05
6451,6451.TW,@SHUNSIN,@SHUNSIN,,,TWSE LISTED,Semiconductor Industry,432.0,436.5,446.0,425.0,2487373,1074.55,422.2,424.15,2.32,1.85,0.7,2.73,4.85,756.0,756.0,756.0,756.0,756.0,-41.01,-41.01,-41.01,42.86,42.86,False,False,False,False,False,False,False,False,False,2026-10-05
6456,6456.TW,@GIS,@GIS,,,TWSE LISTED,Optoelectronic Industry,90.6,92.9,93.6,87.1,17994271,1630.28,90.56,82.36,0.04,10.0,-2.48,-1.52,11.44,95.7,95.7,379.0,95.7,95.7,-2.19,-2.19,-75.3,5.33,5.33,False,False,False,False,False,False,False,True,True,2026-10-05
6464,6464.TW,@TOP MSO,@TOP MSO,,,TWSE LISTED,Others,77.2,77.0,77.5,77.0,15007,1.16,76.62,77.06,0.76,0.18,1.18,0.52,0.26,80.6,82.98,123.37,80.6,82.98,-3.85,-6.6,-37.18,4.22,6.96,False,False,False,True,False,False,False,True,True,2026-10-05
6472,6472.TW,@BORA,@BORA,,,TWSE LISTED,Biotechnology and Medical Care,420.5,424.5,424.5,420.0,281756,118.48,423.4,425.95,-0.68,-1.28,0.0,-0.83,-0.24,633.0,812.64,812.64,633.0,812.64,-32.94,-47.76,-47.76,33.57,48.26,False,False,False,False,False,False,False,False,False,2026-10-05
6477,6477.TW,@ANJI,@ANJI,,,TWSE LISTED,Optoelectronic Industry,34.05,34.6,34.6,34.05,645981,22.0,34.63,34.76,-1.67,-2.04,-1.59,-4.35,0.15,45.1,48.5,74.81,45.1,48.5,-23.28,-28.66,-53.75,24.5,29.79,False,False,False,False,False,False,False,False,False,2026-10-05
6491,6491.TW,@PEGAVISION,@PEGAVISION,,,TWSE LISTED,Biotechnology and Medical Care,403.0,421.5,423.0,399.5,663126,267.24,413.5,408.4,-2.54,-1.32,-4.95,-2.42,0.25,428.0,548.0,669.32,428.0,548.0,-1.17,-22.81,-36.8,5.84,26.46,False,False,False,False,False,False,False,True,False,2026-10-05
6504,6504.TW,@NAN LIU,@NAN LIU,,,TWSE LISTED,Others,37.05,37.55,37.55,36.95,32000,1.19,37.19,37.125,-0.38,-0.2,-1.33,0.27,0.0,52.8,89.2,334.5,52.8,89.2,-28.88,-57.9,-88.77,29.83,58.46,False,False,False,False,False,False,False,False,False,2026-10-05
6505,6505.TW,@FPCC,@FPCC,,,TWSE LISTED,"Oil, Gas and Electricity Indu",98.6,100.5,101.0,97.7,19996400,1971.65,96.88,92.11,1.78,7.05,-1.4,1.34,13.07,103.0,103.0,151.0,103.0,103.0,-1.94,-1.94,-33.11,4.27,4.27,False,False,False,False,False,False,False,True,True,2026-10-05
6515,6515.TW,@WINWAY,@WINWAY,,,TWSE LISTED,Semiconductor Industry,6205.0,6115.0,6280.0,6015.0,529262,3284.07,5930.0,5949.0,4.64,4.3,2.22,4.64,6.07,11490.0,11490.0,11490.0,11490.0,11490.0,-45.34,-45.34,-45.34,46.0,46.0,False,False,False,False,False,False,False,False,False,2026-10-05
6525,6525.TW,@GEM,@GEM,,,TWSE LISTED,Semiconductor Industry,140.0,143.5,147.5,139.5,2467360,345.43,137.0,135.25,2.19,3.51,0.36,3.32,4.87,221.0,221.0,221.0,221.0,221.0,-33.26,-33.26,-33.26,36.65,36.65,True,False,False,False,False,False,False,False,False,2026-10-05
6526,6526.TW,@AIROHA,@AIROHA,,,TWSE LISTED,Semiconductor Industry,841.0,855.0,885.0,828.0,1343381,1129.78,831.8,801.8,1.11,4.89,0.72,0.12,0.12,862.0,862.0,862.0,885.0,885.0,2.67,2.67,2.67,4.97,4.97,False,False,True,False,True,True,True,True,True,2026-10-05
6531,6531.TW,@AP MEMORY,@AP MEMORY,,,TWSE LISTED,Semiconductor Industry,1055.0,1015.0,1090.0,995.0,4740869,5001.62,968.8,967.4,8.9,9.06,5.5,13.81,6.24,1305.0,1305.0,1305.0,1305.0,1305.0,-16.48,-16.48,-16.48,19.16,19.16,True,False,False,False,False,False,False,False,False,2026-10-05
6533,6533.TW,@ANDES,@ANDES,,,TWSE LISTED,Semiconductor Industry,336.0,351.0,351.5,332.0,5854346,1967.06,338.3,300.7,-0.68,11.74,-4.55,0.75,21.74,366.5,573.0,642.0,366.5,573.0,-4.09,-38.66,-45.25,8.32,41.36,False,False,False,False,False,False,False,True,False,2026-10-05
6541,6541.TW,@TANVEX,@TANVEX,,,TWSE LISTED,Biotechnology and Medical Care,31.45,30.05,31.75,29.6,762333,23.98,30.47,30.905,3.22,1.76,6.25,1.13,3.8,56.8,82.0,461.3,56.8,82.0,-44.1,-61.28,-93.12,44.63,61.65,False,False,False,True,False,False,False,False,False,2026-10-05
6550,6550.TW,@PG,@PG,,,TWSE LISTED,Biotechnology and Medical Care,16.2,16.75,16.8,16.2,900248,14.58,17.14,18.118,-5.48,-10.58,-3.28,-9.24,-15.16,69.2,157.53,446.25,69.2,157.53,-75.72,-89.34,-96.24,76.59,89.72,False,False,False,False,False,False,False,False,False,2026-10-05
6552,6552.TW,@JMC,@JMC,,,TWSE LISTED,Semiconductor Industry,24.95,24.75,25.25,24.75,71280,1.78,24.9,24.7,0.2,1.01,1.22,-0.2,1.22,38.0,64.8,188.55,38.0,64.8,-33.55,-61.03,-86.61,34.34,61.5,False,False,False,False,False,False,False,False,False,2026-10-05
6558,6558.TW,@SYNERGY,@SYNERGY,,,TWSE LISTED,Other Electronic Industry,25.4,25.6,25.75,25.35,199001,5.05,25.33,24.84,0.28,2.25,-0.39,1.6,3.67,41.55,67.2,83.6,41.55,67.2,-38.03,-61.68,-69.2,38.87,62.2,False,False,False,False,False,False,False,False,False,2026-10-05
6573,6573.TW,@HY,@HY,,,TWSE LISTED,Semiconductor Industry,16.55,16.3,17.55,16.3,475050,7.86,16.3,16.28,1.53,1.66,1.53,0.61,4.09,29.8,29.8,82.02,29.8,29.8,-41.11,-41.11,-78.6,44.46,44.46,False,False,False,False,False,False,False,False,False,2026-10-05
6579,6579.TW,@AAEON,@AAEON,,,TWSE LISTED,Computer and Peripheral Equipm,158.0,160.5,160.5,158.0,253015,39.98,158.7,155.5,-0.44,1.61,-0.32,-0.63,2.93,189.5,193.38,225.77,189.5,193.38,-15.3,-17.0,-28.91,16.62,18.29,False,False,False,False,False,False,False,False,False,2026-10-05
6581,6581.TW,@TSU,@TSU,,,TWSE LISTED,Green Energy and Environmental Services,108.0,108.5,109.0,108.0,10000,1.08,108.1,108.6,-0.09,-0.55,0.0,-0.46,-0.46,115.0,125.5,160.0,115.0,125.5,-5.22,-13.15,-31.87,6.09,13.94,False,False,False,False,False,False,False,True,False,2026-10-05
6582,6582.TW,@SHIN FOONG,@SHIN FOONG,,,TWSE LISTED,Rubber,31.35,31.4,31.4,31.2,21000,0.66,31.19,31.165,0.51,0.59,-0.16,0.8,1.13,38.6,76.5,373.0,38.6,76.5,-18.65,-58.95,-91.58,18.78,59.02,False,False,False,False,False,False,False,False,False,2026-10-05
6585,6585.TW,@DINGZING,@DINGZING,,,TWSE LISTED,Others,103.5,104.5,105.0,103.0,92238,9.55,103.6,104.65,-0.1,-1.1,-0.96,-0.48,-1.9,151.5,237.5,237.5,151.5,237.5,-30.69,-55.79,-55.79,31.68,56.42,False,False,False,False,False,False,False,False,False,2026-10-05
6589,6589.TW,@EIRGENIX,@EIRGENIX,,,TWSE LISTED,Biotechnology and Medical Care,50.7,51.8,51.8,50.2,483050,24.49,51.78,52.05,-2.09,-2.59,-0.2,-5.06,-1.36,67.6,111.0,195.0,67.6,111.0,-23.37,-53.33,-73.44,25.0,54.32,False,False,False,False,False,False,False,False,False,2026-10-05
6591,6591.TW,@SUN MAX,@SUN MAX,,,TWSE LISTED,Computer and Peripheral Equipm,42.9,42.6,44.1,42.0,98000,4.2,42.92,43.75,-0.05,-1.94,0.82,0.12,-2.94,77.3,101.21,121.55,77.3,101.21,-42.95,-56.43,-63.72,44.5,57.61,False,False,False,False,False,False,False,False,False,2026-10-05
6592,6592.TW,@HOTAI FINANCE,@HOTAI FINANCE,,,TWSE LISTED,Others,55.4,56.3,56.3,55.1,1262470,69.94,56.5,57.39,-1.95,-3.47,-1.6,-2.64,-3.82,65.44,118.27,140.5,65.44,118.27,-13.96,-52.4,-59.93,15.34,53.16,False,False,False,False,False,False,False,False,False,2026-10-05
6598,6598.TW,@APPLIED BIOCODE,@APPLIED BIOCODE,,,TWSE LISTED,Biotechnology and Medical Care,26.8,27.0,27.75,26.8,161040,4.32,27.06,27.4,-0.96,-2.19,-1.65,-2.19,-1.83,31.9,33.6,182.5,31.9,33.6,-13.01,-17.41,-84.79,15.99,20.24,False,False,False,False,False,False,False,False,False,2026-10-05
6605,6605.TW,@DEPO,@DEPO,,,TWSE LISTED,Automobile,135.5,137.0,137.0,135.0,224018,30.35,137.3,138.25,-1.31,-1.99,-0.73,-1.45,-2.17,173.0,277.5,277.5,173.0,277.5,-20.81,-50.63,-50.63,21.68,51.17,False,False,False,False,False,False,False,False,False,2026-10-05
6606,6606.TW,@KENT,@KENT,,,TWSE LISTED,Electric Machinery,24.85,24.85,25.5,24.85,111356,2.77,24.93,25.095,-0.32,-0.98,-1.58,0.2,-1.0,28.45,37.8,37.8,28.45,37.8,-10.37,-32.54,-32.54,12.65,34.26,False,False,False,False,False,False,False,False,False,2026-10-05
6614,6614.TW,@IISI,@IISI,,,TWSE LISTED,Digital and Cloud Services,35.3,35.5,35.5,35.15,64000,2.26,35.29,35.48,0.03,-0.51,-0.28,0.0,-0.84,51.2,91.3,91.3,51.2,91.3,-30.66,-61.12,-61.12,31.05,61.34,False,False,True,False,False,False,False,False,False,2026-10-05
6625,6625.TW,@BINLIVE,@BINLIVE,,,TWSE LISTED,Others,73.7,73.8,74.0,73.4,76000,5.6,73.88,74.09,-0.24,-0.53,-0.14,-0.41,-0.41,91.0,115.45,195.15,91.0,115.45,-18.68,-35.91,-62.08,19.01,36.17,False,False,False,False,False,False,False,False,False,2026-10-05
6641,6641.TW,@GSD-KY,@GSD-KY,,,TWSE LISTED,Green Energy and Environmental Services,17.05,17.0,17.05,16.95,22000,0.38,16.98,16.965,0.41,0.5,0.29,0.29,0.59,28.3,45.3,85.54,28.3,45.3,-39.75,-62.36,-80.07,39.75,62.36,False,False,True,True,False,False,False,False,False,2026-10-05
6655,6655.TW,@KD,@KD,,,TWSE LISTED,Others,125.5,125.0,126.5,125.0,7000,0.88,125.0,124.6,0.4,0.72,0.4,0.4,0.8,141.0,158.0,176.0,141.0,158.0,-10.28,-19.94,-28.12,10.99,20.57,False,False,False,False,False,False,False,False,False,2026-10-05
6657,6657.TW,@ENERGENESIS,@ENERGENESIS,,,TWSE LISTED,Biotechnology and Medical Care,33.0,32.75,33.0,32.5,96000,3.17,32.73,32.925,0.82,0.23,0.3,0.92,0.61,59.7,85.6,100.92,59.7,85.6,-44.72,-61.45,-67.3,44.72,61.45,False,False,True,True,False,False,False,False,False,2026-10-05
6658,6658.TW,@SYNPOWER,@SYNPOWER,,,TWSE LISTED,Other Electronic Industry,200.0,190.0,200.0,188.0,1575489,315.1,184.9,180.55,8.17,10.77,9.89,10.8,11.73,260.0,260.0,260.0,260.0,260.0,-23.08,-23.08,-23.08,23.08,23.08,True,False,False,False,False,False,False,False,False,2026-10-05
6666,6666.TW,@LLF-KY,@LLF-KY,,,TWSE LISTED,Biotechnology and Medical Care,45.35,45.0,45.7,44.5,32000,1.45,45.6,45.28,-0.55,0.15,-0.33,-0.44,1.11,47.0,75.2,216.0,47.0,75.2,-2.77,-39.23,-78.84,3.51,39.69,False,False,False,False,False,False,False,True,False,2026-10-05
6668,6668.TW,@ZHONG YANG,@ZHONG YANG,,,TWSE LISTED,Optoelectronic Industry,48.25,47.4,51.0,47.15,6111354,294.87,47.48,48.085,1.62,0.34,1.9,2.55,1.47,54.1,79.7,253.55,54.1,79.7,-5.73,-36.01,-79.89,10.81,39.46,True,False,True,True,False,False,False,False,False,2026-10-05
6669,6669.TW,@WIWYNN,@WIWYNN,,,TWSE LISTED,Computer and Peripheral Equipm,2150.0,2115.0,2170.0,2095.0,2728522,5866.32,2107.0,2116.0,2.04,1.61,3.12,2.87,1.65,2875.0,2875.0,2875.0,2875.0,2875.0,-24.52,-24.52,-24.52,25.22,25.22,False,False,False,True,False,False,False,False,False,2026-10-05
6670,6670.TW,@FSP,@FSP,,,TWSE LISTED,Sports and Leisure,270.0,271.0,272.0,270.0,95000,25.65,271.3,272.15,-0.48,-0.79,-0.18,-0.74,-1.1,304.5,383.5,383.5,304.5,383.5,-10.67,-29.07,-29.07,11.33,29.6,False,False,False,False,False,False,False,False,False,2026-10-05
6671,6671.TW,@SAN NENG-KY,@SAN NENG-KY,,,TWSE LISTED,Household,23.3,23.4,23.4,22.85,7000,0.16,22.93,22.93,1.61,1.61,1.53,2.64,1.97,40.4,48.15,53.0,40.4,48.15,-42.08,-51.4,-55.85,42.33,51.61,True,False,False,True,False,False,False,False,False,2026-10-05
6672,6672.TW,@VENTEC,@VENTEC,,,TWSE LISTED,Electronic Parts/Components,451.0,444.0,457.5,435.0,13145443,5928.59,400.0,355.85,12.75,26.74,2.73,22.22,33.63,439.0,439.0,439.0,457.5,457.5,4.21,4.21,4.21,1.42,1.42,True,False,False,False,True,True,True,True,True,2026-10-05
6674,6674.TW,@CBN,@CBN,,,TWSE LISTED,Communications and Internet,18.3,18.35,18.35,18.25,93000,1.7,18.3,17.96,-0.0,1.89,-0.27,0.27,-0.27,22.15,32.45,56.5,22.15,32.45,-17.16,-43.45,-67.52,17.38,43.61,False,False,False,False,False,False,False,False,False,2026-10-05
6689,6689.TW,@ECV,@ECV,,,TWSE LISTED,Digital and Cloud Services,63.1,64.7,64.7,63.1,264050,16.66,64.26,64.55,-1.81,-2.25,-2.62,-2.62,-1.25,88.5,141.5,425.0,88.5,141.5,-26.89,-54.28,-84.78,28.7,55.41,False,False,False,False,False,False,False,False,False,2026-10-05
6691,6691.TW,@YANKEY,@YANKEY,,,TWSE LISTED,Other Electronic Industry,794.0,752.0,794.0,747.0,1880420,1493.05,728.2,687.1,9.04,15.56,7.15,10.43,19.04,759.0,759.0,759.0,794.0,794.0,4.61,4.61,4.61,0.0,0.0,True,False,False,False,True,True,True,True,True,2026-10-05
6695,6695.TW,@ICATCHTEK,@ICATCHTEK,,,TWSE LISTED,Semiconductor Industry,52.7,55.6,55.6,52.7,541070,28.51,54.32,52.3,-2.98,0.76,-3.13,-4.18,5.61,69.0,99.5,99.5,69.0,99.5,-19.42,-44.12,-44.12,23.62,47.04,False,False,False,False,False,False,False,False,False,2026-10-05
6698,6698.TW,@FINEMAT,@FINEMAT,,,TWSE LISTED,Other Electronic Industry,31.35,31.65,31.65,31.15,165000,5.17,32.49,32.165,-3.51,-2.53,-0.95,-5.86,-1.1,48.45,61.0,103.49,48.45,61.0,-34.67,-48.11,-69.42,35.29,48.61,False,False,False,False,False,False,False,False,False,2026-10-05
6706,6706.TW,@FITTECH,@FITTECH,,,TWSE LISTED,Optoelectronic Industry,151.5,156.0,156.5,151.5,2243952,339.96,152.3,151.1,-0.53,0.26,-1.94,1.0,5.94,225.0,225.0,259.0,225.0,225.0,-30.44,-30.44,-39.58,32.67,32.67,False,False,False,False,False,False,False,False,False,2026-10-05
6715,6715.TW,@LINTES,@LINTES,,,TWSE LISTED,Electronic Parts/Components,480.5,453.5,485.0,444.5,2609410,1253.82,455.3,454.05,5.53,5.83,7.02,8.71,2.56,569.0,569.0,569.0,569.0,569.0,-14.76,-14.76,-14.76,15.55,15.55,False,False,False,True,False,False,False,False,False,2026-10-05
6719,6719.TW,@UPI,@UPI,,,TWSE LISTED,Semiconductor Industry,191.5,191.5,196.0,190.5,831205,159.18,187.9,186.15,1.92,2.87,1.06,2.68,4.08,326.5,326.5,1015.0,326.5,326.5,-39.97,-39.97,-80.69,41.35,41.35,True,False,False,False,False,False,False,False,False,2026-10-05
6722,6722.TW,@WHETRON,@WHETRON,,,TWSE LISTED,Other Electronic Industry,33.05,32.7,34.1,32.7,99031,3.27,32.57,32.64,1.47,1.26,1.69,1.69,1.85,58.2,71.3,71.3,58.2,71.3,-41.41,-52.17,-52.17,43.21,53.65,False,False,False,False,False,False,False,False,False,2026-10-05
6742,6742.TW,@VTI,@VTI,,,TWSE LISTED,Optoelectronic Industry,60.2,58.9,63.2,57.9,2889399,173.94,56.8,55.53,5.99,8.41,4.33,6.93,10.05,74.9,93.8,145.58,74.9,93.8,-15.62,-32.62,-56.59,19.63,35.82,False,False,False,False,False,False,False,False,False,2026-10-05
6743,6743.TW,@AMPACS,@AMPACS,,,TWSE LISTED,Other Electronic Industry,35.6,35.5,36.0,34.95,967918,34.46,33.5,31.72,6.27,12.23,0.42,11.77,16.34,36.45,76.8,152.12,36.45,76.8,-1.23,-53.13,-76.33,2.33,53.65,True,True,False,False,False,False,False,True,False,2026-10-05
6753,6753.TW,@LUNGTEH,@LUNGTEH,,,TWSE LISTED,Shipping & Transportation,131.0,134.0,134.0,131.0,398132,52.16,132.6,132.85,-1.21,-1.39,-1.5,-1.87,-1.13,169.0,214.0,214.0,169.0,214.0,-20.71,-37.38,-37.38,22.49,38.79,False,False,False,False,False,False,False,False,False,2026-10-05
6754,6754.TW,@RICH HONOUR,@RICH HONOUR,,,TWSE LISTED,Household,41.0,40.8,41.5,39.5,67100,2.75,41.24,41.56,-0.58,-1.35,-0.73,-1.2,-1.2,48.3,94.9,94.9,48.3,94.9,-14.08,-56.27,-56.27,15.11,56.8,False,False,False,False,False,False,False,False,False,2026-10-05
6756,6756.TW,@VLI,@VLI,,,TWSE LISTED,Semiconductor Industry,98.2,97.2,98.6,96.2,107036,10.51,98.16,97.92,0.04,0.29,1.13,-0.51,0.72,115.5,296.0,625.0,115.5,296.0,-14.63,-66.69,-84.22,14.98,66.82,False,False,False,True,False,False,False,False,False,2026-10-05
6757,6757.TW,@TTW,@TTW,,,TWSE LISTED,Shipping & Transportation,53.0,53.5,53.5,53.0,427007,22.63,53.44,53.72,-0.82,-1.34,-0.75,-1.85,-0.75,73.0,109.0,109.0,73.0,109.0,-26.71,-50.92,-50.92,27.4,51.38,False,False,False,False,False,False,False,False,False,2026-10-05
6768,6768.TW,@SPG-KY,@SPG-KY,,,TWSE LISTED,Sports and Leisure,63.1,64.2,64.2,63.1,154000,9.72,63.06,62.87,0.06,0.37,-0.94,0.64,0.48,109.5,173.5,173.5,109.5,173.5,-41.37,-63.0,-63.0,42.37,63.63,False,False,False,False,False,False,False,False,False,2026-10-05
6770,6770.TW,@PSMC,@PSMC,,,TWSE LISTED,Semiconductor Industry,75.8,77.9,78.1,75.2,124903855,9467.71,74.88,73.8,1.23,2.71,-0.92,0.66,5.28,94.5,94.5,94.5,94.5,94.5,-17.35,-17.35,-17.35,19.79,19.79,False,False,False,False,False,False,False,False,False,2026-10-05
6776,6776.TW,@WEBLINK,@WEBLINK,,,TWSE LISTED,Electronic Products Distributi,52.4,53.0,53.1,52.3,62000,3.25,52.54,52.45,-0.27,-0.1,-0.57,-0.95,0.38,75.5,75.5,75.5,75.5,75.5,-29.67,-29.67,-29.67,30.6,30.6,False,False,False,False,False,False,False,False,False,2026-10-05
6781,6781.TW,@AES-KY,@AES-KY,,,TWSE LISTED,Electronic Parts/Components,1050.0,1040.0,1055.0,1030.0,438527,460.45,1026.0,1018.5,2.34,3.09,2.44,2.94,4.48,1370.0,1555.0,2015.0,1370.0,1555.0,-22.99,-32.15,-47.64,23.36,32.48,False,False,False,False,False,False,False,False,False,2026-10-05
6782,6782.TW,@VISCO,@VISCO,,,TWSE LISTED,Biotechnology and Medical Care,229.0,236.5,236.5,228.5,211094,48.34,235.8,237.8,-2.88,-3.7,-2.97,-5.37,-1.93,256.0,304.5,388.5,256.0,304.5,-7.62,-22.33,-39.12,10.55,24.79,False,False,False,False,False,False,False,False,False,2026-10-05
6789,6789.TW,@VISERA,@VISERA,,,TWSE LISTED,Semiconductor Industry,488.0,496.5,499.0,488.0,1075184,524.69,488.0,476.0,0.0,2.52,-0.51,-1.21,4.83,642.0,642.0,642.0,642.0,642.0,-22.27,-22.27,-22.27,23.99,23.99,False,False,False,False,False,False,False,False,False,2026-10-05
6790,6790.TW,@YFYCPG,@YFYCPG,,,TWSE LISTED,Paper & Pulp,37.25,37.5,37.55,37.25,155500,5.79,37.56,37.68,-0.83,-1.14,-0.67,-1.46,-1.19,41.25,58.3,78.3,41.25,58.3,-8.97,-35.59,-52.04,9.7,36.11,False,False,False,False,False,False,False,True,False,2026-10-05
6792,6792.TW,@UNICTRON,@UNICTRON,,,TWSE LISTED,Communications and Internet,58.5,58.9,59.3,58.2,42011,2.46,58.96,59.06,-0.78,-0.95,-0.51,-1.85,-0.51,76.5,104.5,229.0,76.5,104.5,-22.48,-43.25,-74.1,23.53,44.02,False,False,False,False,False,False,False,False,False,2026-10-05
6794,6794.TW,@UNICOCELL,@UNICOCELL,,,TWSE LISTED,Biotechnology and Medical Care,76.0,79.0,79.6,76.0,116039,8.82,74.34,74.48,2.23,2.04,-3.68,5.85,4.25,93.2,96.0,104.0,93.2,96.0,-14.59,-17.08,-23.46,18.45,20.83,False,False,False,False,False,False,False,False,False,2026-10-05
6796,6796.TW,@MIIS,@MIIS,,,TWSE LISTED,Biotechnology and Medical Care,57.0,57.7,58.4,56.5,70050,3.99,54.5,52.85,4.59,7.85,-1.21,7.55,10.89,99.0,115.0,137.12,99.0,115.0,-41.01,-49.22,-57.41,42.42,50.43,False,False,False,False,False,False,False,False,False,2026-10-05
6799,6799.TW,@M3TEK,@M3TEK,,,TWSE LISTED,Semiconductor Industry,91.8,92.1,93.1,90.7,283100,25.99,91.54,88.52,0.28,3.71,0.11,0.11,6.0,118.0,228.0,361.5,118.0,228.0,-21.1,-59.17,-74.25,22.2,59.74,False,False,False,False,False,False,False,False,False,2026-10-05
6805,6805.TW,@FOSITEK,@FOSITEK,,,TWSE LISTED,Electronic Parts/Components,2450.0,2350.0,2510.0,2340.0,2489314,6098.82,2424.0,2446.0,1.07,0.16,6.06,-0.2,-3.16,2750.0,2750.0,2750.0,2750.0,2750.0,-8.73,-8.73,-8.73,10.91,10.91,False,False,False,True,False,False,False,False,False,2026-10-05
6807,6807.TW,@FY-KY,@FY-KY,,,TWSE LISTED,Household,32.05,32.0,32.05,31.6,7000,0.22,32.12,32.475,-0.22,-1.31,0.0,-0.77,-2.44,47.95,100.0,100.0,47.95,100.0,-33.16,-67.95,-67.95,33.16,67.95,False,False,False,False,False,False,False,False,False,2026-10-05
6830,6830.TW,@MSS,@MSS,,,TWSE LISTED,Other Electronic Industry,550.0,576.0,588.0,549.0,1690486,929.77,538.8,544.2,2.08,1.07,0.55,3.19,1.85,1000.0,1000.0,1000.0,1000.0,1000.0,-41.2,-41.2,-41.2,45.0,45.0,False,False,False,False,False,False,False,False,False,2026-10-05
6831,6831.TW,@MICROLOOPS,@MICROLOOPS,,,TWSE LISTED,Computer and Peripheral Equipm,489.0,488.0,502.0,484.0,709002,346.7,481.6,498.05,1.54,-1.82,1.66,3.71,-1.71,970.0,970.0,970.0,970.0,970.0,-48.25,-48.25,-48.25,49.59,49.59,True,False,False,False,False,False,False,False,False,2026-10-05
6834,6834.TW,@EVEROHMS,@EVEROHMS,,,TWSE LISTED,Electronic Parts/Components,125.5,132.5,134.0,122.0,10742128,1348.14,117.631,114.531,6.69,9.58,-4.2,18.38,11.24,143.0,143.0,143.0,143.0,143.0,-6.29,-6.29,-6.29,12.24,12.24,False,False,False,False,False,False,False,False,False,2026-10-05
6835,6835.TW,@CMI,@CMI,,,TWSE LISTED,Electronic Parts/Components,32.0,33.95,33.95,31.8,65000,2.08,31.27,31.265,2.33,2.35,2.89,2.56,2.24,41.5,58.9,81.0,41.5,58.9,-18.19,-42.36,-58.09,22.89,45.67,False,False,False,False,False,False,False,False,False,2026-10-05
6838,6838.TW,@FRMSP,@FRMSP,,,TWSE LISTED,Biotechnology and Medical Care,25.3,25.05,25.3,24.55,182199,4.61,25.57,25.105,-1.06,0.78,0.0,-1.94,-0.78,33.3,66.9,68.0,33.3,66.9,-24.02,-62.18,-62.79,24.02,62.18,False,False,False,False,False,False,False,False,False,2026-10-05
6861,6861.TW,@INCX,@INCX,,,TWSE LISTED,Biotechnology and Medical Care,295.5,295.0,311.0,294.0,1941945,573.84,296.4,277.7,-0.3,6.41,-0.17,-5.74,5.72,490.0,490.0,490.0,490.0,490.0,-36.53,-36.53,-36.53,39.69,39.69,False,False,False,False,False,False,False,False,False,2026-10-05
6862,6862.TW,@TRIO-KY,@TRIO-KY,,,TWSE LISTED,Electronic Parts/Components,140.5,144.0,145.0,140.0,134015,18.83,140.1,139.25,0.29,0.9,-1.06,1.81,1.08,248.0,284.0,284.0,248.0,284.0,-41.53,-48.94,-48.94,43.35,50.53,False,False,False,False,False,False,False,False,False,2026-10-05
6863,6863.TW,@ARIZON RFID,@ARIZON RFID,,,TWSE LISTED,Communications and Internet,96.1,95.7,96.3,95.4,42000,4.04,95.82,96.48,0.29,-0.39,0.1,0.84,-1.23,142.5,323.0,323.0,142.5,323.0,-32.42,-70.19,-70.19,32.56,70.25,True,False,False,False,False,False,False,False,False,2026-10-05
6869,6869.TW,@J&V ENERGY,@J&V 能源,,,TWSE LISTED,Green Energy and Environmental Services,68.6,71.1,71.1,68.5,466069,31.97,70.26,69.87,-2.36,-1.82,-2.7,-4.59,-1.29,123.5,330.0,330.0,123.5,330.0,-42.43,-78.45,-78.45,44.45,79.21,False,False,False,False,False,False,False,False,False,2026-10-05
6885,6885.TW,@BRIM,@BRIM,,,TWSE LISTED,Biotechnology and Medical Care,29.3,30.4,30.6,29.3,1122039,32.88,30.84,30.84,-4.99,-4.99,-3.62,-8.44,-5.94,33.0,80.5,88.28,33.0,80.5,-7.27,-61.99,-65.34,11.21,63.6,False,False,False,False,False,False,False,False,False,2026-10-05
6887,6887.TW,@BORETECH-KY,@BORETECH-KY,,,TWSE LISTED,Green Energy and Environmental Services,37.55,38.85,39.55,36.6,76000,2.85,38.12,38.465,-1.5,-2.38,-3.47,-1.44,-3.59,64.2,102.0,102.0,64.2,102.0,-38.4,-61.23,-61.23,41.51,63.19,False,False,False,False,False,False,False,False,False,2026-10-05
6890,6890.TW,@LAI YIH,@LAI YIH,,,TWSE LISTED,Sports and Leisure,147.0,149.0,149.0,147.0,82000,12.05,147.5,147.6,-0.34,-0.41,0.0,-0.68,0.34,285.5,538.0,538.0,285.5,538.0,-47.81,-72.3,-72.3,48.51,72.68,False,False,False,False,False,False,False,False,False,2026-10-05
6901,6901.TW,@DIAMOND BIOFUND,@DIAMOND BIOFUND,,,TWSE LISTED,Others,18.0,17.5,18.45,17.45,6617417,119.11,17.15,16.35,4.96,10.09,5.88,6.82,14.65,22.4,57.2,200.19,22.4,57.2,-17.63,-67.74,-90.78,19.64,68.53,False,False,False,False,False,False,False,False,False,2026-10-05
6902,6902.TW,@GOGOLOOK,@GOGOLOOK,,,TWSE LISTED,Digital and Cloud Services,147.5,151.0,152.0,144.0,417113,61.52,154.8,158.45,-4.72,-6.91,-1.67,-7.23,-16.43,183.0,220.0,282.5,183.0,220.0,-16.94,-30.91,-46.19,19.4,32.95,False,False,False,False,False,False,False,False,False,2026-10-05
6906,6906.TW,@GROUNDHOG,@GROUNDHOG,,,TWSE LISTED,Digital and Cloud Services,82.7,84.6,84.6,81.9,39001,3.23,83.54,82.98,-1.01,-0.34,-1.19,-1.08,-0.36,114.5,230.5,230.5,114.5,230.5,-26.11,-63.3,-63.3,27.77,64.12,False,False,False,False,False,False,False,False,False,2026-10-05
6909,6909.TW,@TCT,@TCT,,,TWSE LISTED,Semiconductor Industry,43.95,44.9,45.0,43.75,507045,22.28,43.17,42.57,1.81,3.24,-0.9,2.57,5.9,71.5,71.5,71.5,71.5,71.5,-37.06,-37.06,-37.06,38.53,38.53,False,False,False,False,False,False,False,False,False,2026-10-05
6914,6914.TW,@PSS,@PSS,,,TWSE LISTED,Others,118.5,119.0,121.0,118.0,129030,15.29,118.7,119.75,-0.17,-1.04,0.0,-0.42,-1.66,129.17,207.5,207.5,129.17,207.5,-6.32,-41.69,-41.69,8.26,42.89,False,False,False,False,False,False,False,True,False,2026-10-05
6916,6916.TW,@WINSTAR,@WINSTAR,,,TWSE LISTED,Optoelectronic Industry,19.05,19.05,19.5,18.9,75100,1.43,18.7,18.47,1.87,3.14,1.33,1.87,4.1,23.6,34.3,39.42,23.6,34.3,-17.37,-43.15,-50.53,19.28,44.46,False,False,False,False,False,False,False,False,False,2026-10-05
6918,6918.TW,@A PLUS BIOTECH,@A PLUS BIOTECH,,,TWSE LISTED,Biotechnology and Medical Care,73.8,74.0,74.0,73.6,26000,1.92,73.92,74.39,-0.16,-0.79,0.27,-0.67,-0.54,87.8,136.0,136.0,87.8,136.0,-15.72,-45.59,-45.59,15.95,45.74,False,False,False,False,False,False,False,False,False,2026-10-05
6919,6919.TW,@CALIWAY,@CALIWAY,,,TWSE LISTED,Biotechnology and Medical Care,78.8,80.2,80.9,78.8,3468820,273.34,79.26,80.85,-0.58,-2.54,-1.38,-0.25,-1.62,181.0,277.0,277.0,181.0,277.0,-55.3,-70.79,-70.79,56.46,71.55,False,False,False,False,False,False,False,False,False,2026-10-05
6923,6923.TW,@CTRT,@CTRT,,,TWSE LISTED,Green Energy and Environmental Services,73.5,74.6,75.6,73.5,80000,5.88,74.62,75.55,-1.5,-2.71,-1.47,-2.26,-3.16,113.0,132.0,145.5,113.0,132.0,-33.1,-42.73,-48.04,34.96,44.32,False,False,False,False,False,False,False,False,False,2026-10-05
6928,6928.TW,@UTI,@UTI,,,TWSE LISTED,Computer and Peripheral Equipm,45.7,45.9,47.15,45.65,93001,4.25,45.91,46.13,-0.46,-0.93,-0.33,-0.65,0.66,62.9,129.0,129.0,62.9,129.0,-25.04,-63.45,-63.45,27.34,64.57,False,False,False,False,False,False,False,False,False,2026-10-05
6931,6931.TW,@QING SONG,@QING SONG,,,TWSE LISTED,Biotechnology and Medical Care,38.05,38.4,38.5,38.0,50580,1.92,38.6,38.785,-1.42,-1.9,-0.91,-2.19,-1.81,63.5,114.43,114.43,63.5,114.43,-39.37,-66.36,-66.36,40.08,66.75,False,False,False,False,False,False,False,False,False,2026-10-05
6933,6933.TW,@AMAX,@AMAX,,,TWSE LISTED,Computer and Peripheral Equipm,384.0,379.0,396.0,370.0,2102196,807.24,381.3,361.95,0.71,6.09,1.32,3.5,-0.26,413.0,413.0,413.0,413.0,413.0,-4.12,-4.12,-4.12,7.02,7.02,False,False,False,False,False,False,False,True,True,2026-10-05
6934,6934.TW,@HCMED,@HCMED,,,TWSE LISTED,Biotechnology and Medical Care,74.4,71.5,74.5,71.5,91000,6.77,74.98,74.78,-0.77,-0.51,0.68,-1.2,-1.46,175.0,175.0,175.0,175.0,175.0,-57.43,-57.43,-57.43,57.49,57.49,False,False,False,False,False,False,False,False,False,2026-10-05
6937,6937.TW,@SKYTECH,@SKYTECH,,,TWSE LISTED,Semiconductor Industry,302.5,306.5,306.5,298.0,346071,104.69,304.7,302.95,-0.72,-0.15,-0.33,-1.79,0.67,358.5,414.0,414.0,358.5,414.0,-14.5,-25.97,-25.97,15.62,26.93,False,False,False,False,False,False,False,False,False,2026-10-05
6944,6944.TW,@MEGA UNION,@MEGA UNION,,,TWSE LISTED,Green Energy and Environmental Services,814.0,802.0,820.0,791.0,527969,429.77,792.8,759.7,2.67,7.15,1.88,5.03,7.11,857.69,857.69,857.69,857.69,857.69,-4.39,-4.39,-4.39,5.09,5.09,False,False,False,False,False,False,False,True,True,2026-10-05
6947,6947.TW,@TECHZONE,@TECHZONE,,,TWSE LISTED,Green Energy and Environmental Services,68.7,68.3,69.9,68.3,294070,20.2,68.22,67.99,0.7,1.04,0.59,0.44,2.23,97.8,97.8,97.8,97.8,97.8,-28.53,-28.53,-28.53,29.75,29.75,False,False,False,False,False,False,False,False,False,2026-10-05
6952,6952.TW,@DWS,@DWS,,,TWSE LISTED,Others,38.75,38.9,38.9,38.1,15000,0.58,38.81,38.755,-0.15,-0.01,-0.39,-0.13,0.65,47.75,85.0,104.58,47.75,85.0,-18.53,-54.24,-62.8,18.85,54.41,False,False,False,False,False,False,False,False,False,2026-10-05
6957,6957.TW,@HORIZON,@HORIZON,,,TWSE LISTED,Others,410.0,386.0,413.0,380.5,913065,374.36,375.9,334.55,9.07,22.55,8.75,10.51,33.55,400.0,400.0,400.0,413.0,413.0,3.25,3.25,3.25,0.73,0.73,False,False,False,False,True,True,True,True,True,2026-10-05
6958,6958.TW,@INFINITE,@INFINITE,,,TWSE LISTED,Others,16.65,17.2,17.2,16.6,73100,1.22,17.14,17.325,-2.86,-3.9,-2.06,-4.86,-3.76,19.47,50.96,67.27,19.47,50.96,-11.67,-66.25,-74.43,14.49,67.33,False,False,False,False,False,False,False,False,False,2026-10-05
6962,6962.TW,@ITH-KY,@ITH-KY,,,TWSE LISTED,Semiconductor Industry,33.9,33.9,34.45,33.65,2874135,97.43,32.95,32.175,2.88,5.36,1.5,4.47,7.79,41.4,67.6,67.6,41.4,67.6,-16.79,-49.04,-49.04,18.12,49.85,True,True,False,False,False,False,False,False,False,2026-10-05
6965,6965.TW,@CJ,@CJ,,,TWSE LISTED,Sports and Leisure,59.8,61.6,61.7,59.7,126000,7.53,62.62,65.91,-4.5,-9.27,-2.92,-6.12,-10.88,94.3,225.0,225.0,94.3,225.0,-34.57,-72.58,-72.58,36.59,73.42,False,False,False,False,False,False,False,False,False,2026-10-05
6994,6994.TW,@FWP,@FWP,,,TWSE LISTED,Green Energy and Environmental Services,31.95,32.6,33.25,31.0,3162075,101.03,29.25,28.37,9.23,12.62,-0.31,20.57,19.22,105.0,166.5,166.5,105.0,166.5,-68.33,-80.03,-80.03,69.57,80.81,False,False,False,False,False,False,False,False,False,2026-10-05
7689,7689.TW,@CLIMAX,@CLIMAX,,,TWSE LISTED,Communications and Internet,164.0,164.0,167.5,162.0,235050,38.55,160.8,160.25,1.99,2.34,1.86,2.82,3.47,321.0,321.0,321.0,321.0,321.0,-47.82,-47.82,-47.82,48.91,48.91,False,False,False,False,False,False,False,False,False,2026-10-05
7705,7705.TW,@MERCURIES F&B,@MERCURIES F&B,,,TWSE LISTED,Tourism and Hospitality,29.85,29.55,29.9,29.5,52001,1.55,29.8,29.89,0.17,-0.13,0.0,0.0,-0.17,40.45,138.0,138.0,40.45,138.0,-26.08,-78.33,-78.33,26.21,78.37,False,False,True,False,False,False,False,False,False,2026-10-05
7711,7711.TW,@ASROCK RACK,@ASROCK RACK,,,TWSE LISTED,Computer and Peripheral Equipm,634.0,615.0,665.0,609.0,1807494,1145.95,593.2,570.2,6.88,11.19,3.93,13.21,16.97,675.0,675.0,675.0,675.0,675.0,-1.48,-1.48,-1.48,6.07,6.07,False,False,False,False,False,False,False,True,True,2026-10-05
7721,7721.TW,@MICROPROGRAM,@MICROPROGRAM,,,TWSE LISTED,Digital and Cloud Services,63.0,63.4,64.2,62.2,24000,1.51,62.44,62.14,0.9,1.38,-0.47,1.29,2.11,93.0,94.2,94.2,93.0,94.2,-30.97,-31.85,-31.85,32.26,33.12,False,False,True,False,False,False,False,False,False,2026-10-05
7722,7722.TW,@LINEPAY,@LINEPAY,,,TWSE LISTED,Digital and Cloud Services,262.0,260.5,264.0,260.5,33072,8.66,259.8,260.6,0.85,0.54,0.77,1.16,0.77,542.86,980.95,980.95,542.86,980.95,-51.37,-73.09,-73.09,51.74,73.29,False,False,False,True,False,False,False,False,False,2026-10-05
7732,7732.TW,@KING SHING,@KING SHING,,,TWSE LISTED,Automobile,32.7,33.2,33.2,32.25,30000,0.98,33.12,33.66,-1.27,-2.85,0.0,-2.39,-2.39,42.5,59.0,59.0,42.5,59.0,-21.88,-43.73,-43.73,23.06,44.58,False,False,False,False,False,False,False,False,False,2026-10-05
7736,7736.TW,@HUSHAN,@HUSHAN,,,TWSE LISTED,Automobile,71.0,69.9,73.8,69.9,182373,12.95,69.24,68.95,2.54,2.97,1.72,3.65,3.35,96.4,148.5,148.5,96.4,148.5,-23.44,-50.3,-50.3,26.35,52.19,True,False,False,False,False,False,False,False,False,2026-10-05
7749,7749.TW,@IGO-KY,@IGO-KY,,,TWSE LISTED,Semiconductor Industry,399.0,400.5,404.0,393.0,233004,92.97,395.0,389.05,1.01,2.56,0.38,2.05,0.88,560.0,716.0,716.0,560.0,716.0,-27.86,-43.58,-43.58,28.75,44.27,False,False,False,False,False,False,False,False,False,2026-10-05
7750,7750.TW,@SYNTEC,@SYNTEC,,,TWSE LISTED,Electric Machinery,2070.0,1885.0,2070.0,1885.0,247045,511.38,1945.0,1950.0,6.43,6.15,9.81,8.09,5.08,3070.0,3070.0,3070.0,3070.0,3070.0,-32.57,-32.57,-32.57,32.57,32.57,False,False,False,True,False,False,False,False,False,2026-10-05
7760,7760.TW,@ENJOY,@ENJOY,,,TWSE LISTED,Tourism and Hospitality,32.8,32.8,32.85,32.45,17000,0.56,32.72,32.82,0.24,-0.06,0.92,0.77,-0.61,43.6,69.0,69.0,43.6,69.0,-24.66,-52.39,-52.39,24.77,52.46,False,False,False,False,False,False,False,False,False,2026-10-05
7765,7765.TW,@CHT SECURITY,@CHT SECURITY,,,TWSE LISTED,Digital and Cloud Services,229.0,233.0,233.0,226.5,234005,53.59,234.4,238.0,-2.3,-3.78,-1.51,-3.38,-4.98,289.5,408.5,408.5,289.5,408.5,-19.52,-42.96,-42.96,20.9,43.94,False,False,False,False,False,False,False,False,False,2026-10-05
7768,7768.TW,@PVI,@PVI,,,TWSE LISTED,Semiconductor Industry,306.5,321.0,321.0,305.0,138363,42.41,304.8,299.95,0.56,2.18,-2.08,2.34,0.66,494.0,494.0,494.0,494.0,494.0,-35.02,-35.02,-35.02,37.96,37.96,False,False,False,False,False,False,False,False,False,2026-10-05
7769,7769.TW,@HON,@HON,,,TWSE LISTED,Semiconductor Industry,5815.0,5660.0,5875.0,5610.0,654398,3805.32,5595.0,5831.5,3.93,-0.28,4.21,5.63,2.56,8465.0,8465.0,8465.0,8465.0,8465.0,-30.6,-30.6,-30.6,31.31,31.31,False,False,False,False,False,False,False,False,False,2026-10-05
7780,7780.TW,@DAIKEN,@DAIKEN,,,TWSE LISTED,Food,15.8,16.05,16.1,15.8,1840100,29.07,16.06,16.13,-1.62,-2.05,-1.56,-2.77,-1.56,192.0,192.0,192.0,192.0,192.0,-91.61,-91.61,-91.61,91.77,91.77,False,False,False,False,False,False,False,False,False,2026-10-05
7786,7786.TW,@DFO,@DFO,,,TWSE LISTED,Green Energy and Environmental Services,120.5,117.5,120.5,117.0,222150,26.77,118.9,118.75,1.35,1.47,2.55,0.84,2.12,173.0,296.0,296.0,173.0,296.0,-30.35,-59.29,-59.29,30.35,59.29,False,False,False,True,False,False,False,False,False,2026-10-05
7788,7788.TW,@SONG CHUAN,@SONG CHUAN,,,TWSE LISTED,Electronic Parts/Components,332.5,313.0,335.0,311.5,3039886,1010.76,302.3,296.95,9.99,11.97,8.31,13.1,14.85,347.0,347.0,347.0,347.0,347.0,-3.46,-3.46,-3.46,4.18,4.18,False,False,False,False,False,False,False,True,True,2026-10-05
7791,7791.TW,@LUCKY ROYAL,@LUCKY ROYAL,,,TWSE LISTED,Food,54.3,55.0,55.0,54.0,33297,1.81,54.96,55.45,-1.2,-2.07,-1.27,-1.81,-2.69,72.9,84.5,84.5,72.9,84.5,-24.55,-34.91,-34.91,25.51,35.74,False,False,False,False,False,False,False,False,False,2026-10-05
7795,7795.TW,@EPM,@EPM,,,TWSE LISTED,Electronic Parts/Components,559.0,555.0,574.0,554.0,1298251,725.72,525.4,508.4,6.4,9.95,2.01,14.55,13.97,666.0,666.0,666.0,666.0,666.0,-13.81,-13.81,-13.81,16.07,16.07,True,False,False,False,False,False,False,False,False,2026-10-05
7799,7799.TW,@HNMC,@HNMC,,,TWSE LISTED,Biotechnology and Medical Care,537.0,546.0,550.0,531.0,641832,344.66,532.9,522.75,0.77,2.73,-1.1,-0.37,7.83,582.0,860.0,860.0,582.0,860.0,-5.5,-36.05,-36.05,7.73,37.56,False,False,False,False,False,False,False,True,False,2026-10-05
7818,7818.TW,@KEMFLO,@KEMFLO,,,TWSE LISTED,Green Energy and Environmental Services,60.0,60.0,60.2,59.8,92100,5.53,60.02,60.05,-0.03,-0.08,0.0,-0.17,0.17,126.0,194.0,194.0,126.0,194.0,-52.22,-68.97,-68.97,52.38,69.07,False,False,False,False,False,False,False,False,False,2026-10-05
7821,7821.TW,@MDT,@MDT,,,TWSE LISTED,Automobile,35.15,35.5,35.55,35.1,97885,3.44,35.67,36.695,-1.46,-4.21,-0.57,-2.09,-4.35,76.9,76.9,76.9,76.9,76.9,-53.77,-53.77,-53.77,54.29,54.29,False,False,False,False,False,False,False,False,False,2026-10-05
7822,7822.TW,@V5 TECHNOLOGIES,@V5 科技,,,TWSE LISTED,Semiconductor Industry,990.0,1010.0,1030.0,987.0,199882,197.88,992.8,933.2,-0.28,6.09,-1.0,-0.8,7.61,1875.0,1875.0,1875.0,1875.0,1875.0,-45.07,-45.07,-45.07,47.2,47.2,False,False,False,False,False,False,False,False,False,2026-10-05
7855,7855.TW,@HLC,@HLC,,,TWSE LISTED,Others,41.3,41.5,41.5,41.3,282230,11.66,41.4,41.71,-0.24,-0.98,-0.24,-0.24,-1.31,43.8,43.8,43.8,43.8,43.8,-5.25,-5.25,-5.25,5.71,5.71,False,False,False,False,False,False,False,True,True,2026-10-05
8011,8011.TW,@TTCC,@TTCC,,,TWSE LISTED,Communications and Internet,16.1,16.1,16.25,16.05,331100,5.33,16.03,16.02,0.44,0.5,0.0,0.0,1.26,23.25,35.55,35.55,23.25,35.55,-30.11,-54.29,-54.29,30.75,54.71,False,False,False,False,False,False,False,False,False,2026-10-05
8016,8016.TW,@SITRONIX,@SITRONIX,,,TWSE LISTED,Semiconductor Industry,293.5,293.5,294.0,290.5,427560,125.49,288.4,285.15,1.77,2.93,0.86,3.35,3.53,376.5,376.5,416.5,376.5,376.5,-21.91,-21.91,-29.41,22.05,22.05,True,False,False,False,False,False,False,False,False,2026-10-05
8021,8021.TW,@TOPOINT,@TOPOINT,,,TWSE LISTED,Other Electronic Industry,556.344,556.344,573.233,532.5,11958581,6653.08,513.028,492.614,8.44,12.94,1.27,15.23,15.9,627.0,627.0,627.0,627.0,627.0,-8.58,-8.58,-8.58,11.27,11.27,True,False,False,False,False,False,False,False,False,2026-10-05
8028,8028.TW,@PSI,@PSI,,,TWSE LISTED,Semiconductor Industry,281.5,288.5,290.5,280.5,5984766,1684.71,283.3,272.15,-0.64,3.44,-0.71,-0.35,4.65,365.0,365.0,365.0,365.0,365.0,-20.41,-20.41,-20.41,22.88,22.88,False,False,False,False,False,False,False,False,False,2026-10-05
8033,8033.TW,@TT,@TT,,,TWSE LISTED,Others,173.0,176.0,176.0,172.0,1908298,330.14,173.4,171.7,-0.23,0.76,-1.14,-0.86,2.67,272.0,272.0,272.0,272.0,272.0,-35.29,-35.29,-35.29,36.4,36.4,False,False,False,False,False,False,False,False,False,2026-10-05
8039,8039.TW,@TAIFLEX,@TAIFLEX,,,TWSE LISTED,Electronic Parts/Components,303.5,290.0,308.0,283.0,48628412,14758.72,292.4,277.35,3.8,9.43,2.53,1.0,17.41,364.0,364.0,364.0,364.0,364.0,-15.38,-15.38,-15.38,16.62,16.62,False,False,False,False,False,False,False,False,False,2026-10-05
8045,8045.TW,@TWOWAY,@TWOWAY,,,TWSE LISTED,Communications and Internet,55.5,56.8,57.9,55.5,241003,13.38,54.76,54.19,1.35,2.42,-1.42,2.97,4.13,94.6,185.0,185.0,94.6,185.0,-38.79,-68.7,-68.7,41.33,70.0,False,False,False,False,False,False,False,False,False,2026-10-05
8046,8046.TW,@N.P.C,@N.P.C,,,TWSE LISTED,Electronic Parts/Components,1495.0,1460.0,1550.0,1445.0,14603483,21832.21,1397.0,1276.0,7.02,17.16,2.4,11.57,20.56,1480.0,1480.0,1480.0,1550.0,1550.0,4.73,4.73,4.73,3.55,3.55,True,True,False,False,True,True,True,True,True,2026-10-05
8070,8070.TW,@CHANG WAH,@CHANG WAH,,,TWSE LISTED,Electronic Products Distributi,51.7,51.2,52.7,50.8,4652630,240.54,50.5,50.225,2.38,2.94,1.97,2.99,4.02,66.0,72.0,72.0,66.0,72.0,-20.15,-26.81,-26.81,21.67,28.19,False,False,False,False,False,False,False,False,False,2026-10-05
8072,8072.TW,@AV TECH,@AV TECH,,,TWSE LISTED,Electronic Products Distributi,27.1,27.8,27.8,27.1,200000,5.42,27.65,27.635,-1.99,-1.94,-2.17,-2.69,-4.41,34.6,55.0,55.0,34.6,55.0,-19.65,-49.45,-49.45,21.68,50.73,False,False,False,False,False,False,False,False,False,2026-10-05
8081,8081.TW,@GMT,@GMT,,,TWSE LISTED,Semiconductor Industry,259.0,257.5,259.0,255.5,576070,149.2,255.6,253.8,1.33,2.05,0.78,2.98,1.97,347.5,347.5,347.5,347.5,347.5,-25.47,-25.47,-25.47,25.47,25.47,True,False,False,False,False,False,False,False,False,2026-10-05
8101,8101.TW,@ARIMA COMM.,@ARIMA COMM.,,,TWSE LISTED,Communications and Internet,11.2,9.63,11.2,9.63,26243,0.29,10.94,11.15,2.38,0.45,4.67,1.36,2.28,16.8,35.45,35.45,16.8,35.45,-33.33,-68.41,-68.41,33.33,68.41,False,False,False,True,False,False,False,False,False,2026-10-05
8103,8103.TW,@CVILUX,@CVILUX,,,TWSE LISTED,Electronic Parts/Components,121.5,122.0,126.5,119.5,3774450,458.6,121.0,123.2,0.41,-1.38,0.41,0.0,-1.22,136.5,136.5,136.5,136.5,136.5,-7.33,-7.33,-7.33,10.99,10.99,False,False,False,False,False,False,False,False,False,2026-10-05
8104,8104.TW,@RITDISPLAY,@RITDISPLAY,,,TWSE LISTED,Optoelectronic Industry,31.35,31.85,31.85,31.35,304092,9.53,31.66,31.315,-0.98,0.11,-1.26,-2.34,0.97,47.8,60.22,104.84,47.8,60.22,-33.37,-47.11,-69.62,34.41,47.94,False,False,False,False,False,False,False,False,False,2026-10-05
8105,8105.TW,@GIANTPLUS,@GIANTPLUS,,,TWSE LISTED,Optoelectronic Industry,15.3,15.85,16.1,15.25,3632700,55.58,15.52,15.255,-1.42,0.29,-1.92,-6.42,3.03,25.75,25.75,26.15,25.75,25.75,-37.48,-37.48,-38.43,40.58,40.58,False,False,False,False,False,False,False,False,False,2026-10-05
8110,8110.TW,@WALTON,@WALTON,,,TWSE LISTED,Semiconductor Industry,49.2,50.4,50.8,49.1,7354320,361.83,49.09,49.26,0.22,-0.12,-1.5,0.0,0.41,88.0,88.0,88.0,88.0,88.0,-42.27,-42.27,-42.27,44.09,44.09,False,False,False,False,False,False,False,False,False,2026-10-05
8112,8112.TW,@SUPREME,@SUPREME,,,TWSE LISTED,Electronic Products Distributi,84.1,84.6,84.6,83.9,5273854,443.53,83.5,83.2,0.72,1.08,0.0,1.57,0.72,104.0,104.0,104.0,104.0,104.0,-18.65,-18.65,-18.65,19.13,19.13,False,False,False,False,False,False,False,False,False,2026-10-05
8114,8114.TW,@POSIFLEX,@POSIFLEX,,,TWSE LISTED,Computer and Peripheral Equipm,179.0,180.0,180.0,178.5,132025,23.63,178.7,177.85,0.17,0.65,0.28,0.0,0.85,276.5,382.0,382.0,276.5,382.0,-34.9,-52.88,-52.88,35.26,53.14,False,False,False,False,False,False,False,False,False,2026-10-05
8131,8131.TW,@FATC,@FATC,,,TWSE LISTED,Semiconductor Industry,63.5,64.1,64.1,63.0,1929210,122.5,62.74,62.09,1.21,2.27,0.0,1.44,3.42,87.1,87.1,87.1,87.1,87.1,-26.41,-26.41,-26.41,27.1,27.1,False,False,False,False,False,False,False,False,False,2026-10-05
8150,8150.TW,@CHIPMOS,@CHIPMOS,,,TWSE LISTED,Semiconductor Industry,124.0,133.0,133.0,123.0,97511807,12091.46,117.1,110.7,5.89,12.01,-2.36,8.3,10.71,127.0,127.0,127.0,133.0,133.0,4.72,4.72,4.72,6.77,6.77,False,False,False,False,True,True,True,True,True,2026-10-05
8163,8163.TW,@DARFON,@DARFON,,,TWSE LISTED,Computer and Peripheral Equipm,30.7,31.3,31.4,30.7,757290,23.25,30.58,30.33,0.39,1.22,-1.6,1.49,2.16,47.8,74.6,95.8,47.8,74.6,-34.31,-57.91,-67.22,35.77,58.85,False,False,False,False,False,False,False,False,False,2026-10-05
8201,8201.TW,@BESTA,@BESTA,,,TWSE LISTED,Other Electronic Industry,16.35,17.9,17.95,16.0,1093167,17.87,16.35,14.35,0.0,13.94,-4.39,1.87,22.93,17.8,21.5,26.3,17.95,21.5,0.84,-16.51,-31.75,8.91,23.95,False,False,False,False,True,False,False,True,False,2026-10-05
8210,8210.TW,@CHENBRO,@CHENBRO,,,TWSE LISTED,Computer and Peripheral Equipm,890.0,849.0,907.0,845.0,4777572,4252.04,857.8,877.8,3.75,1.39,5.83,6.46,-0.78,1590.0,1590.0,1590.0,1590.0,1590.0,-42.96,-42.96,-42.96,44.03,44.03,False,False,False,True,False,False,False,False,False,2026-10-05
8213,8213.TW,@TPT,@TPT,,,TWSE LISTED,Electronic Parts/Components,33.85,34.5,34.75,33.85,273725,9.27,33.88,33.51,-0.09,1.01,-1.17,-1.88,2.27,43.8,45.55,55.2,43.8,45.55,-20.66,-23.71,-37.05,22.72,25.69,False,False,False,False,False,False,False,False,False,2026-10-05
8215,8215.TW,@BMC,@BMC,,,TWSE LISTED,Optoelectronic Industry,28.6,29.75,29.75,28.5,2066363,59.1,29.01,28.655,-1.41,-0.19,-3.7,-3.54,2.51,33.4,37.9,46.35,33.4,37.9,-10.93,-21.5,-35.81,14.37,24.54,False,False,False,False,False,False,False,False,False,2026-10-05
8222,8222.TW,@AERO WIN,@AERO WIN,,,TWSE LISTED,Electric Machinery,35.4,36.0,36.0,35.25,345001,12.21,35.49,35.435,-0.25,-0.1,0.0,-1.12,0.71,46.55,69.5,69.6,46.55,69.5,-22.66,-48.2,-48.28,23.95,49.06,False,False,False,False,False,False,False,False,False,2026-10-05
8249,8249.TW,@CSI,@CSI,,,TWSE LISTED,Electronic Parts/Components,40.5,41.0,42.25,40.5,312564,12.66,39.89,39.615,1.53,2.23,-1.22,2.53,2.92,64.6,76.9,76.9,64.6,76.9,-34.6,-45.06,-45.06,37.31,47.33,False,False,False,False,False,False,False,False,False,2026-10-05
8261,8261.TW,@APEC,@APEC,,,TWSE LISTED,Semiconductor Industry,205.0,193.0,205.0,192.0,15490021,3175.45,185.1,180.9,10.75,13.32,9.92,16.48,16.48,380.5,380.5,380.5,380.5,380.5,-46.12,-46.12,-46.12,46.12,46.12,True,False,False,False,False,False,False,False,False,2026-10-05
8271,8271.TW,@APACER,@APACER,,,TWSE LISTED,Semiconductor Industry,200.5,203.5,203.5,200.5,1080079,216.56,201.1,201.7,-0.3,-0.59,-0.99,-0.74,0.25,271.0,271.0,271.0,271.0,271.0,-24.91,-24.91,-24.91,26.01,26.01,False,False,False,False,False,False,False,False,False,2026-10-05
8341,8341.TW,@SF,@SF,,,TWSE LISTED,Green Energy and Environmental Services,73.8,74.2,74.2,73.8,279000,20.59,74.18,74.48,-0.51,-0.91,-0.54,-0.81,-0.94,96.6,120.5,274.23,96.6,120.5,-23.19,-38.42,-72.94,23.6,38.76,False,False,False,False,False,False,False,False,False,2026-10-05
8367,8367.TW,@CS,@CS,,,TWSE LISTED,Shipping & Transportation,40.75,41.0,41.0,40.75,12100,0.49,40.54,40.545,0.52,0.51,0.25,0.74,0.37,47.2,54.4,87.5,47.2,54.4,-13.14,-24.63,-53.14,13.67,25.09,False,False,False,False,False,False,False,False,False,2026-10-05
8374,8374.TW,@ACE PILLAR,@ACE PILLAR,,,TWSE LISTED,Electric Machinery,76.9,77.4,78.6,76.9,179100,13.77,77.0,76.73,-0.13,0.22,-0.9,-0.9,2.12,118.5,169.0,169.0,118.5,169.0,-33.67,-53.49,-53.49,35.11,54.5,False,False,False,False,False,False,False,False,False,2026-10-05
8404,8404.TW,@PAIHO SHIH,@PAIHO SHIH,,,TWSE LISTED,Others,13.0,13.1,13.2,13.0,686229,8.92,13.17,13.405,-1.29,-3.02,-1.14,-1.89,-4.06,25.25,34.24,56.43,25.25,34.24,-47.72,-61.45,-76.61,48.51,62.03,False,False,False,False,False,False,False,False,False,2026-10-05
8411,8411.TW,@KINGCAN,@KINGCAN,,,TWSE LISTED,Others,11.7,11.5,11.75,11.45,158162,1.85,11.8,12.085,-0.85,-3.19,0.86,-1.68,-3.31,13.3,15.8,33.67,13.3,15.8,-11.65,-25.63,-65.1,12.03,25.95,False,False,False,False,False,False,False,False,False,2026-10-05
8422,8422.TW,@CLEANAWAY,@CLEANAWAY,,,TWSE LISTED,Green Energy and Environmental Services,25.3,25.55,25.55,25.2,5126630,129.7,25.56,25.725,-1.02,-1.65,-0.78,-2.32,-0.98,51.9,51.9,51.9,51.9,51.9,-50.77,-50.77,-50.77,51.25,51.25,False,False,False,False,False,False,False,False,False,2026-10-05
8429,8429.TW,@JINLI,@JINLI,,,TWSE LISTED,Trading & Consumers Goods,5.9,5.91,5.98,5.9,115200,0.68,5.894,5.893,0.1,0.12,0.0,-0.17,0.17,8.13,14.45,41.26,8.13,14.45,-26.45,-58.62,-85.5,27.43,59.17,False,False,False,False,False,False,False,False,False,2026-10-05
8438,8438.TW,@AMIA,@AMIA,,,TWSE LISTED,Green Energy and Environmental Services,81.0,85.2,85.2,80.5,827000,66.99,81.38,77.36,-0.47,4.71,-3.8,0.25,5.74,112.0,112.0,112.0,112.0,112.0,-23.93,-23.93,-23.93,27.68,27.68,False,False,False,False,False,False,False,False,False,2026-10-05
8442,8442.TW,@WW,@WW,,,TWSE LISTED,Others,45.95,46.35,46.4,45.85,28000,1.29,45.57,45.6,0.83,0.77,0.11,0.77,3.37,73.5,135.0,135.0,73.5,135.0,-36.87,-65.63,-65.63,37.48,65.96,False,False,False,False,False,False,False,False,False,2026-10-05
8443,8443.TW,@ASO,@ASO,,,TWSE LISTED,Trading & Consumers Goods,11.15,11.0,11.15,11.0,5001,0.06,11.11,11.17,0.36,-0.18,1.36,0.0,-0.45,12.25,12.85,20.5,12.25,12.85,-8.98,-13.23,-45.61,8.98,13.23,False,False,False,False,False,False,False,True,False,2026-10-05
8454,8454.TW,@MOMO,@MOMO,,,TWSE LISTED,Digital and Cloud Services,234.5,241.5,241.5,234.0,471759,110.63,237.8,240.9,-1.39,-2.66,-1.88,-2.49,-1.88,467.0,498.87,1504.84,467.0,498.87,-48.29,-51.59,-83.95,49.79,52.99,False,False,False,False,False,False,False,False,False,2026-10-05
8462,8462.TW,@POWER WIND,@POWER WIND,,,TWSE LISTED,Sports and Leisure,157.5,158.0,158.5,157.5,24010,3.78,157.4,158.65,0.06,-0.72,0.32,-0.63,-0.32,181.0,181.0,266.2,181.0,181.0,-12.43,-12.43,-40.46,12.98,12.98,False,False,False,False,False,False,False,False,False,2026-10-05
8463,8463.TW,@RTM,@RTM,,,TWSE LISTED,Others,21.0,21.2,21.4,20.9,160000,3.36,21.12,21.155,-0.57,-0.73,-0.94,-1.18,-0.94,27.7,34.5,52.4,27.7,34.5,-22.74,-37.97,-59.16,24.19,39.13,False,False,False,False,False,False,False,False,False,2026-10-05
8464,8464.TW,@NIEN MADE,@NIEN MADE,,,TWSE LISTED,Household,362.5,367.0,367.0,361.0,111055,40.26,365.0,368.7,-0.68,-1.68,0.42,-1.09,-2.68,438.0,525.0,525.0,438.0,525.0,-16.21,-30.1,-30.1,17.24,30.95,False,False,False,False,False,False,False,False,False,2026-10-05
8466,8466.TW,@M.J.,@M.J.,,,TWSE LISTED,Others,15.15,15.05,15.2,15.05,5000,0.08,15.14,15.345,0.07,-1.27,0.66,0.33,-2.88,24.05,68.0,141.5,24.05,68.0,-36.8,-77.65,-89.26,37.01,77.72,False,False,False,False,False,False,False,False,False,2026-10-05
8467,8467.TW,@BONNY,@BONNY,,,TWSE LISTED,Sports and Leisure,88.3,88.3,88.3,86.5,7000,0.62,88.06,88.71,0.27,-0.46,0.11,0.68,-0.79,197.5,351.0,351.0,197.5,351.0,-55.29,-74.84,-74.84,55.29,74.84,True,False,False,False,False,False,False,False,False,2026-10-05
8473,8473.TW,@FOREST WATER,@FOREST WATER,,,TWSE LISTED,Green Energy and Environmental Services,40.35,39.0,40.75,38.75,599490,24.19,39.52,39.195,2.1,2.95,3.59,1.51,2.41,51.72,53.97,64.19,51.72,53.97,-21.21,-24.5,-36.52,21.99,25.24,False,False,False,True,False,False,False,False,False,2026-10-05
8476,8476.TW,@TESC,@TESC,,,TWSE LISTED,Green Energy and Environmental Services,20.2,20.2,20.9,20.2,307000,6.2,20.09,19.82,0.55,1.92,1.0,0.5,3.59,25.05,65.69,71.99,25.05,65.69,-16.57,-68.18,-70.97,19.36,69.25,False,False,False,False,False,False,False,False,False,2026-10-05
8478,8478.TW,@OCEANALEXANDER,@OCEANALEXANDER,,,TWSE LISTED,Sports and Leisure,139.5,141.0,141.0,139.5,58000,8.09,140.4,140.2,-0.64,-0.5,-1.06,-1.06,0.0,198.0,458.0,668.0,198.0,458.0,-28.79,-69.21,-78.89,29.55,69.54,False,False,False,False,False,False,False,False,False,2026-10-05
8481,8481.TW,@TRANSART,@TRANSART,,,TWSE LISTED,Others,40.65,41.5,41.5,40.45,12000,0.49,40.7,40.855,-0.12,-0.5,0.25,-0.73,-0.73,44.5,57.0,95.0,44.5,57.0,-6.74,-27.19,-56.32,8.65,28.68,False,False,False,False,False,False,False,True,False,2026-10-05
8482,8482.TW,@SHANE GLOBAL,@SHANE GLOBAL,,,TWSE LISTED,Household,48.35,46.9,48.35,46.9,8050,0.39,48.31,48.005,0.08,0.72,0.52,-1.73,2.76,56.3,128.5,152.5,56.3,128.5,-14.12,-62.37,-68.3,14.12,62.37,False,False,False,True,False,False,False,False,False,2026-10-05
8488,8488.TW,@JYPKG,@JYPKG,,,TWSE LISTED,Others,9.84,9.99,10.2,9.8,89000,0.88,9.834,9.904,0.06,-0.65,1.03,-1.11,-0.1,11.45,18.73,49.36,11.45,18.73,-10.92,-45.54,-79.34,14.06,47.46,False,False,False,False,False,False,False,False,False,2026-10-05
8499,8499.TW,@TOP BRIGHT,@TOP BRIGHT,,,TWSE LISTED,Other Electronic Industry,256.0,254.5,256.5,252.0,31000,7.94,256.3,255.2,-0.12,0.31,0.59,-0.78,0.59,346.0,410.0,410.0,346.0,410.0,-25.87,-37.44,-37.44,26.01,37.56,False,False,False,False,False,False,False,False,False,2026-10-05
8926,8926.TW,@TCC,@TCC,,,TWSE LISTED,"Oil, Gas and Electricity Indu",59.1,59.5,59.9,59.0,1851978,109.45,58.9,58.97,0.34,0.22,0.17,-0.17,0.51,84.3,84.3,84.3,84.3,84.3,-28.94,-28.94,-28.94,29.89,29.89,False,False,False,False,False,False,False,False,False,2026-10-05
8940,8940.TW,@NEW PALACE,@NEW PALACE,,,TWSE LISTED,Tourism and Hospitality,14.95,15.15,15.15,14.8,12000,0.18,14.99,14.99,-0.27,-0.27,0.67,-0.99,-0.33,22.9,34.9,38.8,22.9,34.9,-33.84,-56.59,-60.95,34.72,57.16,False,False,False,False,False,False,False,False,False,2026-10-05
8996,8996.TW,@KAORI,@KAORI,,,TWSE LISTED,Electric Machinery,1595.0,1555.0,1600.0,1540.0,1521360,2426.57,1572.0,1552.0,1.46,2.77,5.63,-0.62,4.25,1680.0,1680.0,1680.0,1680.0,1680.0,-4.76,-4.76,-4.76,5.06,5.06,False,False,False,True,False,False,False,True,True,2026-10-05
9103,9103.TW,@MEDTECS,@MEDTECS,,,TWSE LISTED,,4.89,4.95,4.95,4.89,818000,4.0,4.944,4.962,-1.09,-1.45,-1.21,-1.81,-1.61,6.6,10.0,78.0,6.6,10.0,-25.0,-50.5,-93.65,25.91,51.1,False,False,False,False,False,False,False,False,False,2026-10-05
9105,9105.TW,@CCET,@CCET,,,TWSE LISTED,,8.32,8.48,8.48,8.32,15145299,126.01,8.472,8.422,-1.79,-1.21,-0.95,-2.46,-1.3,13.9,13.9,13.9,13.9,13.9,-38.99,-38.99,-38.99,40.14,40.14,False,False,False,False,False,False,False,False,False,2026-10-05
9110,9110.TW,@VMEP HOLDINGS,@VMEP 控股,,,TWSE LISTED,,2.95,2.99,2.99,2.8,13000,0.04,2.95,2.908,0.0,1.44,-1.01,-1.34,4.61,3.96,8.7,9.44,3.96,8.7,-24.49,-65.63,-68.33,25.51,66.09,False,False,False,True,False,False,False,False,False,2026-10-05
9136,9136.TW,@JU TENG,@JU TENG,,,TWSE LISTED,,9.37,9.39,9.39,9.26,129000,1.21,9.23,9.323,1.52,0.5,-0.11,2.52,1.96,18.9,18.9,18.9,18.9,18.9,-50.32,-50.32,-50.32,50.42,50.42,False,False,False,True,False,False,False,False,False,2026-10-05
9802,9802.TW,@FULGENT SUN,@FULGENT SUN,,,TWSE LISTED,Sports and Leisure,64.2,64.4,64.6,64.2,295000,18.94,64.58,64.28,-0.59,-0.12,-0.31,-0.93,0.78,104.0,161.0,205.0,104.0,161.0,-37.88,-59.88,-68.49,38.27,60.12,False,False,False,False,False,False,False,False,False,2026-10-05
9902,9902.TW,@TIDEHOLD,@TIDEHOLD,,,TWSE LISTED,Others,12.95,13.15,13.15,12.95,139289,1.8,13.09,13.22,-1.07,-2.04,-0.77,-1.89,-1.89,18.4,24.9,24.9,18.4,24.9,-28.53,-47.19,-47.19,29.62,47.99,False,False,False,False,False,False,False,False,False,2026-10-05
9904,9904.TW,@PCC,@PCC,,,TWSE LISTED,Sports and Leisure,24.3,24.8,24.8,24.3,14821676,360.17,24.72,24.76,-1.7,-1.86,-1.62,-2.61,-2.61,32.4,44.75,45.45,32.4,44.75,-23.46,-44.58,-45.43,25.0,45.7,False,False,False,False,False,False,False,False,False,2026-10-05
9905,9905.TW,@GCM,@GCM,,,TWSE LISTED,Others,21.25,21.35,21.4,21.25,70000,1.49,21.3,21.26,-0.23,-0.05,-0.23,-0.47,0.24,22.55,24.75,31.2,22.55,24.75,-5.1,-13.54,-31.41,5.76,14.14,False,False,False,False,False,False,False,True,False,2026-10-05
9906,9906.TW,@HSIN BA BA,@HSIN BA BA,,,TWSE LISTED,Building Material&Construction,38.85,39.55,39.6,38.6,93040,3.61,39.48,40.0,-1.6,-2.88,-1.77,-1.52,-1.89,51.36,230.22,230.22,51.36,230.22,-22.9,-82.8,-82.8,24.36,83.12,False,False,False,False,False,False,False,False,False,2026-10-05
9907,9907.TW,@TON YI,@TON YI,,,TWSE LISTED,Others,14.8,14.9,14.95,14.8,1464810,21.68,14.84,14.875,-0.27,-0.5,-1.0,-0.67,-0.34,19.5,21.45,21.45,19.5,21.45,-23.33,-30.3,-30.3,24.1,31.0,False,False,False,False,False,False,False,False,False,2026-10-05
9908,9908.TW,@GTG,@GTG,,,TWSE LISTED,"Oil, Gas and Electricity Indu",28.95,29.0,29.05,28.95,79010,2.29,28.95,28.97,0.0,-0.07,0.0,-0.17,0.0,35.1,35.1,35.2,35.1,35.1,-17.24,-17.24,-17.47,17.52,17.52,False,False,False,False,False,False,False,False,False,2026-10-05
9910,9910.TW,@FT,@FT,,,TWSE LISTED,Sports and Leisure,66.7,68.0,68.0,66.5,2510500,167.45,68.24,68.6,-2.26,-2.77,-1.62,-3.05,-3.89,117.5,192.0,227.23,117.5,192.0,-42.13,-64.58,-70.07,43.23,65.26,False,False,False,False,False,False,False,False,False,2026-10-05
9911,9911.TW,@TAIWAN SAKURA,@TAIWAN SAKURA,,,TWSE LISTED,Household,81.3,81.5,81.5,81.1,351185,28.55,81.46,81.52,-0.2,-0.27,-0.12,-0.25,-0.12,92.8,98.8,98.8,92.8,98.8,-12.18,-17.51,-17.51,12.39,17.71,False,False,False,False,False,False,False,False,False,2026-10-05
9912,9912.TW,@AIC,@AIC,,,TWSE LISTED,Computer and Peripheral Equipm,13.1,13.85,13.85,13.05,39262,0.51,12.98,12.975,0.92,0.96,2.34,0.0,1.55,14.5,15.5,15.5,14.5,15.5,-4.48,-10.65,-10.65,9.66,15.48,False,False,False,False,False,False,False,True,False,2026-10-05
9914,9914.TW,@MIC,@MIC,,,TWSE LISTED,Sports and Leisure,66.4,68.3,68.3,66.4,1829036,121.45,67.68,67.33,-1.89,-1.38,-2.78,-2.78,-0.45,98.7,259.5,368.0,98.7,259.5,-30.8,-73.68,-81.44,32.73,74.41,False,False,False,False,False,False,False,False,False,2026-10-05
9917,9917.TW,@TAIWAN SECOM,@TAIWAN SECOM,,,TWSE LISTED,Others,106.5,106.0,106.5,105.5,355551,37.87,106.0,106.35,0.47,0.14,0.47,0.95,0.47,117.14,142.38,142.38,117.14,142.38,-9.09,-25.2,-25.2,9.09,25.2,False,False,False,True,False,False,False,True,False,2026-10-05
9918,9918.TW,@S.S.N.G,@S.S.N.G,,,TWSE LISTED,"Oil, Gas and Electricity Indu",42.8,43.2,43.3,42.8,16000,0.68,42.97,42.96,-0.4,-0.37,-0.93,-0.81,0.23,61.3,61.3,61.3,61.3,61.3,-29.36,-29.36,-29.36,30.18,30.18,False,False,False,False,False,False,False,False,False,2026-10-05
9919,9919.TW,@KNH,@KNH,,,TWSE LISTED,Others,13.9,13.85,14.0,13.85,208100,2.89,13.83,13.895,0.51,0.04,0.0,0.36,0.36,21.45,34.5,51.4,21.45,34.5,-34.73,-59.42,-72.76,35.2,59.71,False,False,False,True,False,False,False,False,False,2026-10-05
9921,9921.TW,@GIANT,@GIANT,,,TWSE LISTED,Sports and Leisure,89.1,91.4,91.8,88.8,1412164,125.82,91.9,91.14,-3.05,-2.24,-2.52,-4.3,-1.66,113.5,248.0,373.59,113.5,248.0,-19.12,-62.98,-75.43,21.5,64.07,False,False,False,False,False,False,False,False,False,2026-10-05
9924,9924.TW,@TAIWAN FU HSING,@TAIWAN FU HSING,,,TWSE LISTED,Household,37.9,37.8,38.2,37.8,101545,3.85,38.0,37.96,-0.26,-0.16,-0.13,-0.79,0.26,52.9,76.75,76.75,52.9,76.75,-27.79,-50.23,-50.23,28.36,50.62,False,False,False,False,False,False,False,False,False,2026-10-05
9925,9925.TW,@SKS,@SKS,,,TWSE LISTED,Others,39.4,39.55,39.55,39.35,833055,32.82,39.49,39.575,-0.23,-0.44,-0.25,-0.38,-0.63,41.6,42.85,44.8,41.6,42.85,-4.93,-7.7,-11.72,5.29,8.05,False,False,False,False,False,False,False,True,True,2026-10-05
9926,9926.TW,@S.H.,@S.H.,,,TWSE LISTED,"Oil, Gas and Electricity Indu",48.85,48.8,49.3,48.65,10000,0.49,48.93,49.06,-0.16,-0.43,0.1,-0.51,-0.1,57.2,57.2,57.8,57.2,57.2,-13.81,-13.81,-14.71,14.6,14.6,False,False,False,False,False,False,False,False,False,2026-10-05
9927,9927.TW,@TMI,@TMI,,,TWSE LISTED,Others,62.1,62.9,62.9,61.9,196447,12.2,65.8,68.0,-5.62,-8.68,-1.27,-11.41,-11.54,71.5,121.58,121.58,71.5,121.58,-12.03,-48.27,-48.27,13.15,48.92,False,False,False,False,False,False,False,False,False,2026-10-05
9928,9928.TW,@CTV,@CTV,,,TWSE LISTED,Others,18.0,18.65,18.65,17.85,52000,0.94,17.92,17.77,0.45,1.29,0.0,1.41,2.56,19.3,36.3,36.3,19.3,36.3,-3.37,-48.62,-48.62,6.74,50.41,False,False,False,False,False,False,False,True,False,2026-10-05
9929,9929.TW,@CHOICE,@CHOICE,,,TWSE LISTED,Others,11.05,11.35,11.35,11.0,21000,0.23,11.04,11.04,0.09,0.09,0.0,-0.45,1.38,15.0,19.5,33.0,15.0,19.5,-24.33,-41.79,-65.61,26.33,43.33,False,False,False,True,False,False,False,False,False,2026-10-05
9930,9930.TW,@CHC,@CHC,,,TWSE LISTED,Green Energy and Environmental Services,59.4,59.8,59.9,59.4,102500,6.09,59.96,60.38,-0.93,-1.62,-0.67,-1.33,-1.66,72.6,82.0,82.0,72.6,82.0,-17.49,-26.95,-26.95,18.18,27.56,False,False,False,False,False,False,False,False,False,2026-10-05
9931,9931.TW,@HSIN KAO,@HSIN KAO,,,TWSE LISTED,"Oil, Gas and Electricity Indu",33.85,34.0,34.0,33.7,18000,0.61,33.94,33.95,-0.27,-0.29,0.0,-1.02,0.15,51.3,51.3,51.3,51.3,51.3,-33.72,-33.72,-33.72,34.02,34.02,False,False,False,False,False,False,False,False,False,2026-10-05
9933,9933.TW,@CTCI,@CTCI,,,TWSE LISTED,Others,46.35,48.75,48.75,45.9,22930707,1062.84,42.97,42.15,7.87,9.96,1.2,13.88,13.05,45.8,49.59,49.59,48.75,49.59,6.44,-1.7,-1.7,4.92,6.54,True,False,False,False,True,False,False,True,True,2026-10-05
9934,9934.TW,@GUIC,@GUIC,,,TWSE LISTED,Household,9.69,9.86,9.86,9.68,949127,9.2,9.82,9.829,-1.32,-1.41,-1.42,-1.82,-1.52,12.05,20.65,25.5,12.05,20.65,-18.17,-52.25,-61.33,19.59,53.08,False,False,False,False,False,False,False,False,False,2026-10-05
9935,9935.TW,@CF,@CF,,,TWSE LISTED,Household,18.3,18.3,18.4,18.25,138001,2.53,18.29,18.28,0.05,0.11,0.0,0.0,0.27,21.3,36.8,50.24,21.3,36.8,-13.62,-50.0,-63.38,14.08,50.27,False,False,False,True,False,False,False,False,False,2026-10-05
9937,9937.TW,@NPC,@NPC,,,TWSE LISTED,"Oil, Gas and Electricity Indu",54.4,56.1,56.1,54.4,21001,1.14,54.34,54.3,0.11,0.18,0.37,-0.18,0.37,65.0,71.0,85.0,65.0,71.0,-13.69,-20.99,-34.0,16.31,23.38,False,False,False,False,False,False,False,False,False,2026-10-05
9938,9938.TW,@TAIWAN PAIHO,@TAIWAN PAIHO,,,TWSE LISTED,Others,37.9,38.2,38.2,37.9,783167,29.68,38.23,38.2,-0.86,-0.79,-0.92,-0.92,-0.39,54.5,86.6,141.0,54.5,86.6,-29.91,-55.89,-72.91,30.46,56.24,False,False,False,False,False,False,False,False,False,2026-10-05
9939,9939.TW,@HON CHUAN,@HON CHUAN,,,TWSE LISTED,Others,126.5,124.5,126.5,123.0,877806,111.04,125.2,125.4,1.04,0.88,1.61,0.4,1.61,145.5,178.5,178.5,145.5,178.5,-13.06,-29.13,-29.13,13.06,29.13,False,False,False,True,False,False,False,False,False,2026-10-05
9940,9940.TW,@SINYI,@SINYI,,,TWSE LISTED,Others,19.9,20.1,20.1,19.9,267158,5.32,20.01,20.21,-0.55,-1.53,-1.0,-1.0,-0.75,23.25,37.65,39.61,23.25,37.65,-13.55,-46.61,-49.26,14.41,47.14,False,False,False,False,False,False,False,False,False,2026-10-05
9941,9941.TW,@TAC,@TAC,,,TWSE LISTED,Others,75.9,77.0,77.0,75.3,1790165,135.87,77.34,78.53,-1.86,-3.35,-1.04,-2.57,-4.17,87.25,179.27,186.74,87.25,179.27,-11.75,-57.05,-58.77,13.01,57.66,False,False,False,False,False,False,False,False,False,2026-10-05
9942,9942.TW,@MAO SHUN,@MAO SHUN,,,TWSE LISTED,Others,113.0,114.0,114.5,112.5,87000,9.83,113.7,114.05,-0.62,-0.92,-0.44,-1.31,-0.88,126.0,142.0,163.0,126.0,142.0,-9.13,-19.37,-29.75,10.32,20.42,False,False,False,False,False,False,False,False,False,2026-10-05
9943,9943.TW,@HOLIDAY,@HOLIDAY,,,TWSE LISTED,Tourism and Hospitality,50.5,50.5,50.7,50.3,42047,2.12,50.4,50.44,0.2,0.12,0.0,0.2,0.0,60.9,94.8,113.0,60.9,94.8,-16.75,-46.52,-55.13,17.08,46.73,False,False,False,True,False,False,False,False,False,2026-10-05
9944,9944.TW,@SHINIH,@SHINIH,,,TWSE LISTED,Others,17.25,17.25,17.25,17.05,33006,0.57,17.16,17.2,0.52,0.29,0.88,0.29,0.0,18.6,24.05,28.65,18.6,24.05,-7.26,-28.27,-39.79,7.26,28.27,False,False,False,True,False,False,False,True,False,2026-10-05
9945,9945.TW,@RUENTEX DEVELOP,@RUENTEX DEVELOP,,,TWSE LISTED,Others,28.65,29.0,29.1,28.55,5737300,164.37,29.1,29.21,-1.55,-1.92,-1.55,-2.72,-4.18,30.85,53.8,59.78,30.85,53.8,-5.67,-45.91,-51.32,7.13,46.75,False,False,False,False,False,False,False,True,False,2026-10-05
9946,9946.TW,@SAN FAR,@SAN FAR,,,TWSE LISTED,Building Material&Construction,16.7,16.95,16.95,16.55,288590,4.82,16.85,17.015,-0.89,-1.85,-0.89,-1.76,-2.34,21.85,49.55,49.55,21.85,49.55,-22.43,-65.79,-65.79,23.57,66.3,False,False,False,False,False,False,False,False,False,2026-10-05
9955,9955.TW,@SDTI,@SDTI,,,TWSE LISTED,Green Energy and Environmental Services,22.9,23.2,23.2,22.85,156270,3.58,22.96,23.12,-0.26,-0.95,-0.43,-0.87,-0.43,41.55,42.1,42.1,41.55,42.1,-44.16,-44.89,-44.89,44.89,45.61,False,False,False,False,False,False,False,False,False,2026-10-05
9958,9958.TW,@CIS,@CIS,,,TWSE LISTED,Iron & Steel,89.8,91.5,91.5,89.8,1196845,107.48,91.66,91.94,-2.03,-2.33,-1.75,-3.44,-2.6,151.0,373.5,373.5,151.0,373.5,-39.4,-75.5,-75.5,40.53,75.96,False,False,False,False,False,False,False,False,False,2026-10-05
