code,yahoo,name_en,name_zh,market_cap_100m_hkd,board_lot,category,sub_category,price,open,high,low,volume,turnover_proxy,ma5,ma10,dev5,dev10,gain1,gain3,gain5,year_prev_high,three_year_prev_high,history_prev_high,year_high,three_year_high,year_high_breakout,three_year_high_breakout,all_time_high_breakout,year_high_distance,three_year_high_distance,consecutive_3d_gain,consecutive_5d_gain,break_pullback_ma5,break_ma5_pullback_ma10,new_year_high,new_3y_high,new_all_time_high,near_year_high_10pct,near_3y_high_10pct,base_date,main_business
1101,1101.TW,TCC,台泥,1895.84,,TWSE LISTED,水泥工業,25.2,25.0,25.3,24.8,26776891,674.78,25.48,25.23,-1.1,-0.12,0.8,-1.37,-0.4,26.95,35.5,53.37,26.95,35.5,-6.12,-28.73,-52.59,6.49,29.01,False,False,False,False,False,False,False,True,False,2026-10-06,水泥工業
1102,1102.TW,ACC,亞泥,1257.26,,TWSE LISTED,水泥工業,35.45,35.1,35.6,34.95,6913200,245.07,35.53,35.53,-0.23,-0.23,0.85,-0.56,0.42,38.05,48.4,54.3,38.05,48.4,-6.44,-26.45,-34.44,6.83,26.76,False,False,False,False,False,False,False,True,False,2026-10-06,水泥工業
1103,1103.TW,CHC,嘉泥,109.11,,TWSE LISTED,水泥工業,13.1,13.05,13.1,13.05,214529,2.81,13.15,13.12,-0.38,-0.15,0.38,-0.76,0.77,14.35,19.4,27.6,14.35,19.4,-8.71,-32.47,-52.53,8.71,32.47,False,False,False,False,False,False,False,True,False,2026-10-06,水泥工業
1104,1104.TW,UCC,環泥,182.66,,TWSE LISTED,水泥工業,26.6,26.7,26.7,26.45,376452,10.01,26.61,26.625,-0.04,-0.09,0.38,-0.37,0.19,30.95,36.42,36.42,30.95,36.42,-13.73,-26.69,-26.69,14.05,26.97,False,False,False,False,False,False,False,False,False,2026-10-06,水泥工業
1108,1108.TW,LUCKY CEMENT,幸福,44.93,,TWSE LISTED,水泥工業,11.1,11.05,11.1,10.95,131000,1.45,11.12,11.095,-0.18,0.05,0.45,-0.45,0.91,15.4,17.55,20.15,15.4,17.55,-27.92,-36.75,-44.91,27.92,36.75,False,False,False,False,False,False,False,False,False,2026-10-06,水泥工業
1109,1109.TW,HsingTa,信大,45.37,,TWSE LISTED,水泥工業,13.3,13.2,13.35,13.2,65115,0.87,13.28,13.31,0.15,-0.08,0.76,0.0,0.0,16.0,21.05,31.5,16.0,21.05,-16.56,-36.58,-57.62,16.87,36.82,False,False,False,False,False,False,False,False,False,2026-10-06,水泥工業
1110,1110.TW,SE CEMENT,東泥,82.08,,TWSE LISTED,水泥工業,14.35,14.45,14.45,14.05,339030,4.87,14.47,14.68,-0.83,-2.25,0.0,-2.05,0.0,17.25,25.1,25.1,17.25,25.1,-16.23,-42.43,-42.43,16.81,42.83,False,False,False,False,False,False,False,False,False,2026-10-06,水泥工業
1201,1201.TW,WEI CHUAN,味全,57.44,,TWSE LISTED,食品工業,11.35,11.45,11.45,11.3,477943,5.42,11.51,11.575,-1.39,-1.94,-0.44,-2.16,-1.3,14.75,19.75,36.45,14.75,19.75,-22.37,-42.03,-68.59,23.05,42.53,False,False,False,False,False,False,False,False,False,2026-10-06,食品工業
1203,1203.TW,VE WONG,味王,105.48,,TWSE LISTED,食品工業,43.95,42.1,43.95,41.9,26203,1.15,43.39,43.44,1.29,1.17,3.41,0.11,1.5,50.8,59.5,59.5,50.8,59.5,-13.48,-26.13,-26.13,13.48,26.13,False,False,False,True,False,False,False,False,False,2026-10-06,食品工業
1210,1210.TW,GREATWALL,大成,459.02,,TWSE LISTED,食品工業,51.3,51.2,51.4,51.0,759362,38.96,51.62,51.85,-0.62,-1.06,-0.58,-0.77,-0.58,59.5,66.9,66.9,59.5,66.9,-13.61,-23.17,-23.17,13.78,23.32,False,False,False,False,False,False,False,False,False,2026-10-06,食品工業
1213,1213.TW,OCEANIC Bev.,大飲,4.08,,TWSE LISTED,食品工業,7.2,7.2,7.2,7.2,3273,0.02,7.19,7.234,0.14,-0.47,0.0,2.86,-1.23,10.75,17.45,18.2,10.75,17.45,-33.02,-58.74,-60.44,33.02,58.74,False,False,False,False,False,False,False,False,False,2026-10-06,食品工業
1215,1215.TW,CPE,卜蜂,306.58,,TWSE LISTED,食品工業,104.0,104.0,104.5,103.5,290323,30.19,104.7,105.25,-0.67,-1.19,0.0,-1.42,-1.42,163.5,163.5,163.5,163.5,163.5,-36.09,-36.09,-36.09,36.39,36.39,False,False,False,False,False,False,False,False,False,2026-10-06,食品工業
1216,1216.TW,UNI-PRESIDENT,統一,4187.65,,TWSE LISTED,食品工業,73.7,72.8,73.9,72.8,12760640,940.46,73.44,74.03,0.35,-0.45,1.38,-0.27,-0.27,80.7,92.8,92.8,80.7,92.8,-8.43,-20.37,-20.37,8.67,20.58,False,False,False,False,False,False,False,True,False,2026-10-06,食品工業
1217,1217.TW,AGV,愛之味,48.81,,TWSE LISTED,食品工業,9.87,9.93,9.93,9.86,352240,3.48,9.918,9.931,-0.48,-0.61,0.0,-0.9,-0.3,10.85,13.4,14.95,10.85,13.4,-8.48,-25.9,-33.58,9.03,26.34,False,False,False,False,False,False,False,True,False,2026-10-06,食品工業
1218,1218.TW,TAISUN,泰山,72.0,,TWSE LISTED,食品工業,14.4,14.4,14.45,14.35,252363,3.63,14.47,14.455,-0.48,-0.38,0.0,-0.69,-0.35,19.65,23.7,47.95,19.65,23.7,-26.46,-39.03,-69.86,26.72,39.24,False,False,False,False,False,False,False,False,False,2026-10-06,食品工業
1219,1219.TW,FWUSOW,福壽,38.22,,TWSE LISTED,食品工業,11.2,11.2,11.2,11.1,175090,1.96,11.34,11.41,-1.23,-1.84,0.0,-2.18,-1.32,14.85,19.37,28.7,14.85,19.37,-24.58,-42.18,-60.98,24.58,42.18,False,False,False,False,False,False,False,False,False,2026-10-06,食品工業
1220,1220.TW,TAIROUN,台榮,19.3,,TWSE LISTED,食品工業,10.9,10.9,10.9,10.75,81554,0.89,10.87,10.82,0.28,0.74,-0.46,0.46,1.4,13.55,19.85,25.5,13.55,19.85,-19.56,-45.09,-57.25,19.56,45.09,False,False,True,True,False,False,False,False,False,2026-10-06,食品工業
1225,1225.TW,FOPCO,福懋油,57.05,,TWSE LISTED,食品工業,23.55,24.15,24.2,23.55,148011,3.49,24.17,24.365,-2.57,-3.34,-3.29,-2.69,-3.48,36.0,173.93,173.93,36.0,173.93,-32.78,-86.09,-86.09,34.58,86.46,False,False,False,False,False,False,False,False,False,2026-10-06,食品工業
1227,1227.TW,SFC,佳格,251.65,,TWSE LISTED,食品工業,27.5,27.75,27.75,27.45,1528672,42.04,27.88,28.02,-1.36,-1.86,-0.9,-2.14,-1.79,31.25,43.85,79.42,31.25,43.85,-11.2,-36.72,-65.06,12.0,37.29,False,False,False,False,False,False,False,False,False,2026-10-06,食品工業
1229,1229.TW,LHIHC,聯華,722.68,,TWSE LISTED,食品工業,39.45,39.7,39.7,39.4,2065913,81.5,39.84,39.905,-0.98,-1.14,-0.5,-1.87,-0.25,46.76,62.33,62.33,46.76,62.33,-15.11,-36.31,-36.31,15.64,36.71,False,False,False,False,False,False,False,False,False,2026-10-06,食品工業
1231,1231.TW,Lian Hwa Foods,聯華食,255.75,,TWSE LISTED,食品工業,77.9,78.4,78.4,77.5,535095,41.68,79.02,79.4,-1.42,-1.89,-0.76,-2.38,-2.14,89.09,149.59,149.59,89.09,149.59,-12.0,-47.59,-47.59,12.56,47.92,False,False,False,False,False,False,False,False,False,2026-10-06,食品工業
1232,1232.TW,TTET,大統益,244.76,,TWSE LISTED,食品工業,153.0,154.0,154.0,153.0,88104,13.48,153.3,153.85,-0.2,-0.55,-0.33,0.0,-0.65,178.0,178.0,181.5,178.0,178.0,-13.48,-13.48,-15.15,14.04,14.04,False,False,False,False,False,False,False,False,False,2026-10-06,食品工業
1233,1233.TW,Ten Ren,天仁,25.37,,TWSE LISTED,食品工業,28.0,28.0,28.1,27.95,11000,0.31,28.04,28.025,-0.14,-0.09,0.0,-0.36,1.45,33.7,37.1,40.8,33.7,37.1,-16.62,-24.26,-31.13,16.91,24.53,False,False,False,False,False,False,False,False,False,2026-10-06,食品工業
1234,1234.TW,HEY SONG,黑松,130.41,,TWSE LISTED,食品工業,32.45,32.4,32.45,32.1,276104,8.96,32.68,32.855,-0.7,-1.23,0.15,-1.37,-1.37,37.95,45.4,45.4,37.95,45.4,-14.49,-28.52,-28.52,14.49,28.52,False,False,False,False,False,False,False,False,False,2026-10-06,食品工業
1235,1235.TW,ST,興泰,59.78,,TWSE LISTED,食品工業,31.7,30.8,31.7,30.5,21000,0.67,32.05,33.955,-1.09,-6.64,2.92,-3.65,-3.5,45.52,134.13,134.13,45.52,134.13,-30.37,-76.37,-76.37,30.37,76.37,False,False,False,False,False,False,False,False,False,2026-10-06,食品工業
1236,1236.TW,Hunya,宏亞,22.32,,TWSE LISTED,食品工業,25.75,25.5,25.75,25.25,14000,0.36,25.55,25.465,0.78,1.12,0.98,0.98,1.58,28.7,28.7,44.06,28.7,28.7,-10.28,-10.28,-41.56,10.28,10.28,False,False,False,True,False,False,False,False,False,2026-10-06,食品工業
1240,1240.TWO,MORNSUN,茂生農經,25.03,,TPEx LISTED,農業科技業,53.9,53.7,54.3,53.1,31000,1.67,54.04,54.43,-0.26,-0.97,0.0,-0.37,0.19,59.43,63.81,63.81,59.43,63.81,-8.63,-14.9,-14.9,9.3,15.53,False,False,False,False,False,False,False,True,False,2026-10-06,農業科技業
1256,1256.TW,Sunjuice,鮮活果汁-KY,59.4,,TWSE LISTED,食品工業,166.0,168.0,168.0,166.0,33091,5.49,167.7,167.8,-1.01,-1.07,-1.19,-1.48,-1.48,218.5,272.0,514.0,218.5,272.0,-23.11,-38.24,-67.32,24.03,38.97,False,False,False,False,False,False,False,False,False,2026-10-06,食品工業
1259,1259.TWO,AN-SHIN,安心,21.38,,TPEx LISTED,觀光餐旅,66.0,66.0,66.0,66.0,10020,0.66,67.62,67.79,-2.4,-2.64,-2.94,-2.94,-2.94,69.0,77.0,109.0,69.0,77.0,-4.35,-14.29,-39.45,4.35,14.29,False,False,False,False,False,False,False,True,False,2026-10-06,觀光餐旅
1264,1264.TWO,TEHMAG,德麥,92.26,,TPEx LISTED,食品工業,249.0,247.0,255.0,247.0,16010,3.99,246.1,245.3,1.18,1.51,1.01,1.63,2.05,287.0,339.0,339.0,287.0,339.0,-11.15,-24.78,-24.78,13.24,26.55,False,False,False,False,False,False,False,False,False,2026-10-06,食品工業
1268,1268.TWO,Hi-Lai Foods,漢來美食,73.89,,TPEx LISTED,觀光餐旅,175.0,175.5,175.5,174.5,11032,1.93,176.2,175.4,-0.68,-0.23,-0.57,-1.41,-0.28,185.5,185.5,190.0,185.5,185.5,-5.39,-5.39,-7.63,5.66,5.66,False,False,False,False,False,False,False,True,True,2026-10-06,觀光餐旅
1294,1294.TWO,HTB,漢田生技,18.28,,TPEx LISTED,食品工業,49.9,49.7,49.9,49.45,11194,0.56,50.01,50.355,-0.22,-0.9,0.2,-0.6,-0.6,79.42,175.28,175.28,79.42,175.28,-37.17,-71.53,-71.53,37.17,71.53,False,False,False,False,False,False,False,False,False,2026-10-06,食品工業
1295,1295.TWO,SYNBIO,生合,18.2,,TPEx LISTED,食品工業,48.4,48.5,48.8,48.4,24000,1.16,48.27,47.065,0.27,2.84,-1.33,1.26,2.65,90.9,157.5,157.5,90.9,157.5,-46.31,-69.02,-69.02,46.75,69.27,False,False,False,False,False,False,False,False,False,2026-10-06,食品工業
1301,1301.TW,FPC,台塑,4366.9,,TWSE LISTED,塑膠工業,68.6,68.5,69.0,67.5,21476781,1473.31,68.06,66.19,0.79,3.64,0.15,2.69,6.19,71.2,82.0,121.0,71.2,82.0,-3.09,-15.85,-42.98,3.65,16.34,True,False,False,False,False,False,False,True,False,2026-10-06,塑膠工業
1303,1303.TW,NPC,南亞,23237.31,,TWSE LISTED,塑膠工業,293.0,288.0,300.0,274.5,114108853,33433.89,269.7,253.2,8.64,15.72,2.45,15.35,18.62,286.0,286.0,286.0,300.0,300.0,4.9,4.9,4.9,2.33,2.33,True,False,False,False,True,True,True,True,True,2026-10-06,塑膠工業
1304,1304.TW,USI,台聚,148.6,,TWSE LISTED,塑膠工業,12.5,12.6,12.65,12.45,1360588,17.01,12.58,12.455,-0.64,0.36,-0.79,0.4,1.63,19.55,21.1,44.85,19.55,21.1,-35.29,-40.05,-71.79,36.06,40.76,False,False,False,False,False,False,False,False,False,2026-10-06,塑膠工業
1305,1305.TW,CGPC,華夏,72.05,,TWSE LISTED,塑膠工業,12.4,12.4,12.45,12.2,729008,9.04,12.36,12.21,0.32,1.56,0.4,2.06,2.48,20.1,23.95,47.95,20.1,23.95,-38.06,-48.02,-74.04,38.31,48.23,False,False,False,True,False,False,False,False,False,2026-10-06,塑膠工業
1307,1307.TW,SAN FANG,三芳,124.52,,TWSE LISTED,塑膠工業,31.3,30.9,31.8,30.8,587000,18.37,31.28,31.01,0.06,0.94,1.46,-0.48,1.46,38.3,56.2,56.2,38.3,56.2,-16.97,-43.42,-43.42,18.28,44.31,False,False,False,True,False,False,False,False,False,2026-10-06,塑膠工業
1308,1308.TW,APC,亞聚,85.2,,TWSE LISTED,塑膠工業,14.35,14.3,14.45,14.2,715342,10.27,14.35,14.275,0.0,0.53,0.35,1.06,1.77,21.15,24.75,52.6,21.15,24.75,-31.68,-41.62,-72.53,32.15,42.02,False,False,False,True,False,False,False,False,False,2026-10-06,塑膠工業
1309,1309.TW,TTC,台達化,55.86,,TWSE LISTED,塑膠工業,14.05,14.1,14.15,13.9,822735,11.56,14.01,13.89,0.29,1.15,0.0,2.55,2.93,27.0,27.0,47.53,27.0,27.0,-47.59,-47.59,-70.23,47.96,47.96,False,False,False,False,False,False,False,False,False,2026-10-06,塑膠工業
1310,1310.TW,T.S.M.C.,台苯,50.41,,TWSE LISTED,塑膠工業,9.55,9.53,9.63,9.32,2005964,19.16,9.392,9.113,1.68,4.8,0.21,5.88,7.3,13.25,16.7,28.5,13.25,16.7,-27.32,-42.34,-66.21,27.92,42.81,False,False,False,False,False,False,False,False,False,2026-10-06,塑膠工業
1312,1312.TW,GPPC,國喬,223.73,,TWSE LISTED,塑膠工業,14.85,14.6,15.1,14.45,21527830,319.69,14.74,14.665,0.75,1.26,2.41,1.71,2.77,16.5,16.5,35.39,16.5,16.5,-8.48,-8.48,-57.34,10.0,10.0,False,False,False,True,False,False,False,True,True,2026-10-06,塑膠工業
1313,1313.TW,UPC,聯成,165.69,,TWSE LISTED,塑膠工業,12.45,12.5,12.65,12.35,1952437,24.31,12.46,12.315,-0.08,1.1,-0.4,0.4,3.32,14.85,16.45,32.3,14.85,16.45,-14.81,-23.1,-60.84,16.16,24.32,False,False,False,False,False,False,False,False,False,2026-10-06,塑膠工業
1314,1314.TW,CPDC,中石化,331.17,,TWSE LISTED,塑膠工業,8.75,8.66,8.79,8.53,23553328,206.09,8.852,8.879,-1.15,-1.45,0.92,-1.57,0.11,10.7,11.8,17.04,10.7,11.8,-17.85,-25.51,-48.41,18.22,25.85,False,False,False,False,False,False,False,False,False,2026-10-06,塑膠工業
1315,1315.TW,TAH HSIN,達新,68.38,,TWSE LISTED,塑膠工業,69.0,69.1,69.1,68.6,47020,3.24,68.76,68.49,0.35,0.74,0.44,0.44,1.32,69.0,73.9,127.67,69.1,73.9,0.14,-6.5,-45.88,0.14,6.63,False,False,False,False,True,False,False,True,True,2026-10-06,塑膠工業
1316,1316.TW,SUN YAD,上曜,41.57,,TWSE LISTED,建材營造,10.35,10.3,10.5,10.25,2101701,21.75,10.48,10.515,-1.24,-1.57,0.49,-1.43,-0.96,15.35,28.8,30.57,15.35,28.8,-31.6,-63.54,-65.65,32.57,64.06,False,False,False,False,False,False,False,False,False,2026-10-06,建材營造
1319,1319.TW,TYG,東陽,461.94,,TWSE LISTED,汽車工業,78.1,78.1,78.3,77.7,871610,68.07,78.1,78.6,-0.0,-0.64,0.39,-0.64,0.39,116.0,141.5,141.5,116.0,141.5,-32.5,-44.66,-44.66,32.67,44.81,False,False,False,False,False,False,False,False,False,2026-10-06,汽車工業
1321,1321.TW,OPC,大洋,73.51,,TWSE LISTED,塑膠工業,32.35,32.45,32.5,32.2,223000,7.21,32.38,32.43,-0.09,-0.25,0.15,-0.46,0.0,35.3,44.8,44.8,35.3,44.8,-7.93,-27.46,-27.46,8.36,27.79,False,False,False,False,False,False,False,True,False,2026-10-06,塑膠工業
1323,1323.TW,YONYU,永裕,19.62,,TWSE LISTED,塑膠工業,21.5,21.55,21.6,21.3,32100,0.69,21.45,21.385,0.23,0.54,-0.23,0.0,1.42,25.55,31.95,42.0,25.55,31.95,-15.46,-32.39,-48.57,15.85,32.71,False,False,True,True,False,False,False,False,False,2026-10-06,塑膠工業
1324,1324.TW,GLOBE TAPE,地球,7.47,,TWSE LISTED,塑膠工業,9.95,9.9,10.05,9.83,141503,1.41,9.962,9.975,-0.12,-0.25,0.4,-1.0,-0.3,13.25,21.45,21.45,13.25,21.45,-24.15,-53.15,-53.15,24.91,53.61,False,False,False,False,False,False,False,False,False,2026-10-06,塑膠工業
1325,1325.TW,UK,恆大,22.6,,TWSE LISTED,塑膠工業,26.5,26.0,27.9,26.0,1286500,34.09,25.95,25.815,2.12,2.65,3.11,3.11,3.72,36.3,49.35,216.0,36.3,49.35,-23.14,-43.47,-87.08,27.0,46.3,False,False,False,False,False,False,False,False,False,2026-10-06,塑膠工業
1326,1326.TW,FCFC,台化,4278.67,,TWSE LISTED,塑膠工業,73.0,72.2,73.4,70.8,27755051,2026.12,70.74,68.79,3.19,6.12,1.96,7.83,8.15,78.2,78.2,130.0,78.2,78.2,-6.14,-6.14,-43.54,6.65,6.65,False,False,False,False,False,False,False,True,True,2026-10-06,塑膠工業
1336,1336.TWO,TAIHAN,台翰,14.05,,TPEx LISTED,電子零組件業,18.1,18.05,18.55,17.9,342100,6.19,17.96,17.45,0.78,3.72,0.56,-1.09,7.74,18.6,28.75,32.3,18.6,28.75,-0.27,-35.48,-42.57,2.69,37.04,False,False,False,False,False,False,False,True,False,2026-10-06,電子零組件業
1337,1337.TW,Asia Plastic,再生-KY,11.86,,TWSE LISTED,塑膠工業,4.41,4.42,4.42,4.4,134003,0.59,4.438,4.439,-0.63,-0.65,0.0,-1.34,-0.45,6.72,8.29,18.9,6.72,8.29,-34.23,-46.68,-76.61,34.38,46.8,False,False,False,False,False,False,False,False,False,2026-10-06,塑膠工業
1338,1338.TW,Hiroca,廣華-KY,12.58,,TWSE LISTED,汽車工業,15.0,14.95,15.0,14.8,42020,0.63,15.21,14.97,-1.38,0.2,0.33,-1.96,1.69,21.5,45.3,122.5,21.5,45.3,-30.23,-66.89,-87.76,30.23,66.89,False,False,False,False,False,False,False,False,False,2026-10-06,汽車工業
1339,1339.TW,Y.C.C.,昭輝,31.13,,TWSE LISTED,汽車工業,42.0,42.7,42.7,41.55,89033,3.74,42.45,42.56,-1.06,-1.32,-1.64,-1.64,-0.71,47.55,85.1,85.1,47.55,85.1,-10.2,-49.82,-49.82,11.67,50.65,False,False,False,False,False,False,False,False,False,2026-10-06,汽車工業
1340,1340.TW,VICTORY,勝悅-KY,7.83,,TWSE LISTED,塑膠工業,5.12,5.22,5.22,5.1,218050,1.12,5.204,5.214,-1.61,-1.8,-1.92,-2.1,-1.73,7.72,12.7,45.91,7.72,12.7,-32.38,-58.9,-88.63,33.68,59.69,False,False,False,False,False,False,False,False,False,2026-10-06,塑膠工業
1341,1341.TW,FULIN-KY,富林-KY,31.23,,TWSE LISTED,塑膠工業,59.1,58.5,59.1,58.0,13000,0.77,59.28,59.62,-0.3,-0.87,-0.51,0.17,-1.5,63.7,75.0,86.48,63.7,75.0,-7.22,-21.2,-31.66,7.22,21.2,False,False,False,False,False,False,False,True,False,2026-10-06,塑膠工業
1342,1342.TW,CCI Yilan,八貫,78.42,,TWSE LISTED,其他,99.9,99.8,100.5,99.8,84109,8.4,99.94,100.32,-0.04,-0.42,0.1,-0.1,-1.09,122.0,132.73,153.18,122.0,132.73,-17.62,-24.28,-34.39,18.11,24.73,False,False,False,False,False,False,False,False,False,2026-10-06,其他
1402,1402.TW,FENC,遠東新,1493.45,,TWSE LISTED,紡織纖維,27.9,27.8,28.05,27.75,4042293,112.78,27.98,27.94,-0.29,-0.14,0.54,-0.18,0.54,31.65,39.15,39.15,31.65,39.15,-11.37,-28.35,-28.35,11.85,28.74,False,False,False,False,False,False,False,False,False,2026-10-06,紡織纖維
1409,1409.TW,SSFC,新纖,410.27,,TWSE LISTED,紡織纖維,25.35,25.25,25.55,24.7,11735933,297.51,24.98,24.62,1.48,2.97,0.2,3.89,4.11,34.1,34.1,34.1,34.1,34.1,-25.07,-25.07,-25.07,25.66,25.66,True,False,False,False,False,False,False,False,False,2026-10-06,紡織纖維
1410,1410.TW,NYDF,南染,14.94,,TWSE LISTED,紡織纖維,24.1,24.05,24.1,23.85,22378,0.54,24.07,24.145,0.12,-0.19,0.21,-0.21,0.0,34.75,41.05,48.45,34.75,41.05,-30.65,-41.29,-50.26,30.65,41.29,False,False,False,False,False,False,False,False,False,2026-10-06,紡織纖維
1413,1413.TW,H.C.,宏洲,12.26,,TWSE LISTED,紡織纖維,9.28,9.03,9.29,9.0,55664,0.52,9.216,9.228,0.69,0.56,1.98,0.32,2.2,11.3,12.6,17.4,11.3,12.6,-17.79,-26.27,-46.61,17.88,26.35,False,False,False,True,False,False,False,False,False,2026-10-06,紡織纖維
1414,1414.TW,TUNG HO,東和,34.25,,TWSE LISTED,紡織纖維,17.3,17.3,17.35,17.15,39986,0.69,17.37,17.355,-0.4,-0.32,0.0,-0.29,-1.14,21.9,29.06,29.06,21.9,29.06,-20.78,-40.29,-40.29,21.0,40.46,False,False,False,False,False,False,False,False,False,2026-10-06,紡織纖維
1416,1416.TW,KFIC,廣豐,21.78,,TWSE LISTED,其他,11.75,11.85,11.85,11.7,150000,1.76,11.71,11.56,0.34,1.64,-0.84,0.86,3.52,12.35,14.8,30.45,12.35,14.8,-4.05,-19.93,-61.08,4.86,20.61,False,False,False,False,False,False,False,True,False,2026-10-06,其他
1417,1417.TW,CARNIVAL,嘉裕,15.44,,TWSE LISTED,紡織纖維,8.13,8.1,8.13,8.07,68162,0.55,8.13,8.091,0.0,0.48,0.12,0.0,1.12,9.48,12.9,18.3,9.48,12.9,-14.24,-36.98,-55.57,14.24,36.98,False,False,False,False,False,False,False,False,False,2026-10-06,紡織纖維
1418,1418.TW,TongHwa,東華,10.68,,TWSE LISTED,紡織纖維,18.8,18.6,18.8,18.6,11310,0.21,18.55,18.25,1.35,3.01,0.53,1.62,2.73,21.0,43.05,43.05,21.0,43.05,-10.48,-56.33,-56.33,10.48,56.33,False,False,False,False,False,False,False,False,False,2026-10-06,紡織纖維
1419,1419.TW,SHINKO.TEXTILE,新紡,198.93,,TWSE LISTED,紡織纖維,66.3,65.3,66.6,65.2,80224,5.32,65.82,65.84,0.73,0.7,1.53,0.76,1.07,80.8,83.5,83.5,80.8,83.5,-17.57,-20.24,-20.24,17.95,20.6,False,False,False,True,False,False,False,False,False,2026-10-06,紡織纖維
1423,1423.TW,REWARD WOOL,利華,35.33,,TWSE LISTED,紡織纖維,35.45,34.15,35.45,34.15,5816,0.21,35.15,34.94,0.85,1.46,2.75,-0.14,3.2,45.6,46.85,46.85,45.6,46.85,-22.26,-24.33,-24.33,22.26,24.33,False,False,False,True,False,False,False,False,False,2026-10-06,紡織纖維
1432,1432.TW,TAROKO,大魯閣,16.2,,TWSE LISTED,運動休閒,15.0,14.95,15.0,14.9,55006,0.83,14.99,15.0,0.07,0.0,0.33,-0.33,0.33,19.55,25.0,42.48,19.55,25.0,-23.27,-40.0,-64.69,23.27,40.0,False,False,False,True,False,False,False,False,False,2026-10-06,運動休閒
1434,1434.TW,F.T.C,福懋,303.24,,TWSE LISTED,紡織纖維,18.0,17.85,18.05,17.75,1237122,22.27,18.03,17.995,-0.17,0.03,0.84,0.28,0.0,21.0,25.85,40.8,21.0,25.85,-14.05,-30.17,-55.76,14.29,30.37,False,False,False,False,False,False,False,False,False,2026-10-06,紡織纖維
1435,1435.TW,C.F.CORP.,中福,31.24,,TWSE LISTED,其他,22.35,21.5,22.35,21.0,23454,0.52,21.96,22.185,1.78,0.74,3.95,1.59,2.76,33.05,62.5,70.8,33.05,62.5,-32.38,-64.24,-68.43,32.38,64.24,False,False,False,True,False,False,False,False,False,2026-10-06,其他
1436,1436.TW,HUA YU LIEN,華友聯,69.6,,TWSE LISTED,建材營造,35.85,36.25,36.4,35.8,145344,5.21,35.57,36.04,0.79,-0.53,0.7,1.41,0.99,65.4,145.99,145.99,65.4,145.99,-44.34,-75.07,-75.07,45.18,75.44,False,False,False,False,False,False,False,False,False,2026-10-06,建材營造
1437,1437.TW,GTM,勤益控,63.08,,TWSE LISTED,其他,31.25,31.25,31.3,31.2,64128,2.0,31.55,32.075,-0.95,-2.57,0.0,-1.88,-1.88,34.55,39.95,39.95,34.55,39.95,-9.41,-21.65,-21.65,9.55,21.78,False,False,False,False,False,False,False,True,False,2026-10-06,其他
1438,1438.TW,SanDi,三地開發,24.41,,TWSE LISTED,建材營造,21.95,21.55,21.95,21.45,23000,0.5,21.56,21.58,1.81,1.71,2.09,0.69,3.78,32.87,90.76,90.76,32.87,90.76,-33.22,-75.82,-75.82,33.22,75.82,False,False,True,True,False,False,False,False,False,2026-10-06,建材營造
1439,1439.TW,ASCENT,雋揚,26.82,,TWSE LISTED,建材營造,29.15,28.45,29.15,28.45,21924,0.64,29.06,28.735,0.31,1.44,-0.51,0.69,3.55,30.7,36.3,54.5,30.7,36.3,-5.05,-19.7,-46.51,5.05,19.7,False,False,False,True,False,False,False,True,False,2026-10-06,建材營造
1440,1440.TW,TAINAN SPINNING,南紡,223.67,,TWSE LISTED,紡織纖維,13.5,13.4,13.55,13.35,2026087,27.35,13.45,13.395,0.37,0.78,0.75,0.75,1.5,15.85,20.65,35.3,15.85,20.65,-14.51,-34.38,-61.61,14.83,34.62,False,False,False,True,False,False,False,False,False,2026-10-06,紡織纖維
1441,1441.TW,TAH TONG,大東,6.14,,TWSE LISTED,紡織纖維,9.95,9.8,9.95,9.75,9381,0.09,9.89,10.013,0.61,-0.63,1.43,0.81,-1.97,16.5,22.72,33.66,16.5,22.72,-39.7,-56.2,-70.44,39.7,56.2,False,False,False,False,False,False,False,False,False,2026-10-06,紡織纖維
1442,1442.TW,ADVANCETEK,名軒,95.21,,TWSE LISTED,建材營造,26.0,26.1,26.25,25.95,375116,9.75,26.5,27.765,-1.89,-6.36,-0.38,-1.89,-3.35,31.95,88.0,88.0,31.95,88.0,-17.84,-70.17,-70.17,18.62,70.45,False,False,False,False,False,False,False,False,False,2026-10-06,建材營造
1443,1443.TW,LILYTEXTILE,立益物流,31.87,,TWSE LISTED,其他,23.55,22.8,23.55,22.8,26000,0.61,23.25,23.26,1.29,1.25,2.17,0.86,2.39,28.4,37.5,37.5,28.4,37.5,-17.08,-37.2,-37.2,17.08,37.2,False,False,False,True,False,False,False,False,False,2026-10-06,其他
1444,1444.TW,LEALEA,力麗,67.5,,TWSE LISTED,紡織纖維,6.78,6.86,6.86,6.75,595232,4.04,6.904,6.897,-1.8,-1.7,-0.29,-1.74,-2.31,10.25,10.8,15.53,10.25,10.8,-33.07,-36.48,-55.82,33.85,37.22,False,False,False,False,False,False,False,False,False,2026-10-06,紡織纖維
1445,1445.TW,UNIVERSAL,大宇,13.52,,TWSE LISTED,紡織纖維,10.35,9.9,10.35,9.9,143000,1.48,10.086,10.083,2.62,2.65,3.71,3.5,3.5,16.0,27.95,27.95,16.0,27.95,-35.31,-62.97,-62.97,35.31,62.97,False,False,False,True,False,False,False,False,False,2026-10-06,紡織纖維
1446,1446.TW,HONG HO,宏和,18.38,,TWSE LISTED,紡織纖維,13.35,13.35,13.35,13.25,77506,1.03,13.39,13.505,-0.3,-1.15,0.0,-0.74,0.0,18.35,62.0,62.0,18.35,62.0,-27.25,-78.47,-78.47,27.25,78.47,False,False,False,False,False,False,False,False,False,2026-10-06,紡織纖維
1447,1447.TW,LP,力鵬,58.15,,TWSE LISTED,紡織纖維,6.39,6.44,6.44,6.38,434612,2.78,6.524,6.482,-2.05,-1.42,-0.31,-1.84,-1.69,10.75,11.2,16.0,10.75,11.2,-40.09,-42.5,-59.75,40.56,42.95,False,False,False,False,False,False,False,False,False,2026-10-06,紡織纖維
1449,1449.TW,CHIA HER,佳和,15.83,,TWSE LISTED,紡織纖維,12.45,12.5,12.5,12.35,248526,3.09,12.39,12.395,0.48,0.44,0.81,1.22,0.81,17.05,27.65,56.53,17.05,27.65,-26.69,-54.78,-77.89,26.98,54.96,False,False,False,True,False,False,False,False,False,2026-10-06,紡織纖維
1451,1451.TW,NIEN HSING,年興,33.66,,TWSE LISTED,紡織纖維,17.0,17.0,17.05,16.9,102099,1.74,17.01,17.035,-0.06,-0.21,0.0,0.0,0.59,18.75,23.1,57.98,18.75,23.1,-9.07,-26.19,-70.59,9.33,26.41,False,False,False,False,False,False,False,True,False,2026-10-06,紡織纖維
1452,1452.TW,HONG YI,宏益,14.19,,TWSE LISTED,紡織纖維,10.7,10.6,10.7,10.6,28000,0.3,10.72,10.755,-0.19,-0.51,0.94,-0.93,0.0,12.6,17.85,30.7,12.6,17.85,-15.08,-40.06,-65.15,15.08,40.06,False,False,False,False,False,False,False,False,False,2026-10-06,紡織纖維
1453,1453.TW,TA JIANG,大將,12.83,,TWSE LISTED,建材營造,11.0,10.85,11.0,10.85,26020,0.29,10.93,10.91,0.64,0.82,0.92,0.92,1.85,13.59,30.47,32.3,13.59,30.47,-19.07,-63.9,-65.95,19.07,63.9,False,False,False,True,False,False,False,False,False,2026-10-06,建材營造
1454,1454.TW,TTF,台富,15.84,,TWSE LISTED,紡織纖維,12.2,12.05,12.2,12.0,21000,0.26,12.14,12.25,0.49,-0.41,1.24,0.41,0.41,17.4,21.7,21.7,17.4,21.7,-29.89,-43.78,-43.78,29.89,43.78,False,False,False,False,False,False,False,False,False,2026-10-06,紡織纖維
1455,1455.TW,ZIG SHENG,集盛,52.74,,TWSE LISTED,紡織纖維,9.92,9.93,9.99,9.88,605418,6.01,9.914,9.814,0.06,1.08,0.51,0.81,2.48,12.1,15.8,28.7,12.1,15.8,-17.44,-36.77,-65.19,18.02,37.22,False,False,False,False,False,False,False,False,False,2026-10-06,紡織纖維
1456,1456.TW,I-HWA,怡華,13.64,,TWSE LISTED,建材營造,14.55,14.85,15.05,14.55,248026,3.61,14.79,14.59,-1.62,-0.27,-2.02,-1.69,-0.34,16.2,26.5,31.95,16.2,26.5,-7.1,-43.21,-52.9,10.19,45.09,False,False,False,False,False,False,False,False,False,2026-10-06,建材營造
1457,1457.TW,YI JINN,宜進,44.5,,TWSE LISTED,紡織纖維,14.05,14.3,14.3,14.05,216417,3.04,14.31,14.36,-1.82,-2.16,-1.75,-2.77,-1.75,16.4,25.14,25.14,16.4,25.14,-12.8,-43.12,-43.12,14.33,44.12,False,False,False,False,False,False,False,False,False,2026-10-06,紡織纖維
1459,1459.TW,LAN FA,聯發,50.7,,TWSE LISTED,紡織纖維,18.85,22.6,22.6,18.5,6860770,129.33,18.36,17.11,2.67,10.17,-8.27,10.88,17.81,20.55,20.55,24.47,22.6,22.6,9.98,9.98,-7.63,16.59,16.59,False,False,False,False,True,True,False,False,False,2026-10-06,紡織纖維
1460,1460.TW,EVEREST,宏遠,42.23,,TWSE LISTED,紡織纖維,6.08,6.11,6.11,6.05,299712,1.82,6.178,6.23,-1.59,-2.41,-0.65,-2.41,-2.56,8.8,8.8,20.44,8.8,8.8,-30.57,-30.57,-70.11,30.91,30.91,False,False,False,False,False,False,False,False,False,2026-10-06,紡織纖維
1463,1463.TW,CSG,強盛新,30.5,,TWSE LISTED,紡織纖維,17.6,17.7,17.75,17.5,99001,1.74,17.51,17.57,0.51,0.17,0.57,0.57,0.28,19.7,31.2,31.2,19.7,31.2,-9.9,-43.11,-43.11,10.66,43.59,False,False,False,True,False,False,False,False,False,2026-10-06,紡織纖維
1464,1464.TW,DE LICACY,得力,42.17,,TWSE LISTED,紡織纖維,9.91,9.93,9.95,9.91,264603,2.62,9.962,9.967,-0.52,-0.57,-0.2,-0.9,-0.3,12.1,19.01,27.48,12.1,19.01,-17.77,-47.67,-63.8,18.1,47.88,False,False,False,False,False,False,False,False,False,2026-10-06,紡織纖維
1465,1465.TW,WISHER,偉全,11.91,,TWSE LISTED,紡織纖維,11.5,11.65,11.75,11.45,70050,0.81,11.62,11.6,-1.03,-0.86,-1.29,-1.29,-0.43,14.2,16.5,19.85,14.2,16.5,-17.25,-28.79,-40.81,19.01,30.3,False,False,False,False,False,False,False,False,False,2026-10-06,紡織纖維
1466,1466.TW,Acelon,聚隆,15.73,,TWSE LISTED,紡織纖維,14.15,14.45,14.45,14.15,132120,1.87,14.52,14.72,-2.55,-3.87,-1.39,-3.74,-4.71,21.0,21.0,29.5,21.0,21.0,-31.19,-31.19,-51.02,32.62,32.62,False,False,False,False,False,False,False,False,False,2026-10-06,紡織纖維
1467,1467.TW,TEX-RAY,南緯,18.69,,TWSE LISTED,紡織纖維,8.0,8.22,8.22,8.0,342034,2.74,8.162,8.12,-1.98,-1.48,-2.68,0.76,-0.37,10.65,12.55,37.45,10.65,12.55,-22.82,-34.5,-78.05,24.88,36.25,False,False,False,False,False,False,False,False,False,2026-10-06,紡織纖維
1468,1468.TW,CHANG HO,昶和,21.41,,TWSE LISTED,紡織纖維,13.35,13.1,13.35,12.8,92000,1.23,13.35,13.22,0.0,0.98,1.52,-1.48,1.52,14.95,15.8,19.0,14.95,15.8,-10.7,-15.51,-29.74,10.7,15.51,False,False,False,True,False,False,False,False,False,2026-10-06,紡織纖維
1470,1470.TW,EVERTEX,大統新創,21.01,,TWSE LISTED,紡織纖維,24.5,24.1,24.5,24.05,28000,0.69,24.33,24.175,0.7,1.34,1.66,0.41,4.48,24.85,27.6,31.2,24.85,27.6,-1.41,-11.23,-21.47,1.41,11.23,False,False,False,True,False,False,False,True,False,2026-10-06,紡織纖維
1471,1471.TW,SL,首利,14.14,,TWSE LISTED,電子零組件業,9.4,9.46,9.48,9.35,196950,1.85,9.446,9.448,-0.49,-0.51,-0.53,-0.95,1.08,15.55,20.9,23.65,15.55,20.9,-39.04,-54.64,-59.92,39.55,55.02,False,False,False,False,False,False,False,False,False,2026-10-06,電子零組件業
1472,1472.TW,TRIOCEAN,三洋實業,46.45,,TWSE LISTED,建材營造,88.5,87.8,88.7,86.9,116000,10.27,88.1,87.91,0.45,0.67,1.84,-0.34,0.45,99.1,112.0,160.38,99.1,112.0,-10.49,-20.8,-44.69,10.7,20.98,False,False,False,True,False,False,False,False,False,2026-10-06,建材營造
1473,1473.TW,TAINAN,台南,27.84,,TWSE LISTED,紡織纖維,19.05,19.1,19.1,19.05,66728,1.27,19.16,19.315,-0.57,-1.37,-0.26,-1.04,-1.3,27.45,57.0,57.0,27.45,57.0,-30.42,-66.49,-66.49,30.6,66.58,False,False,False,False,False,False,False,False,False,2026-10-06,紡織纖維
1474,1474.TW,HONMYUE,弘裕,12.96,,TWSE LISTED,紡織纖維,9.98,9.97,9.98,9.82,118275,1.18,10.008,10.012,-0.28,-0.32,0.0,-0.7,-0.7,11.65,15.0,22.4,11.65,15.0,-14.33,-33.47,-55.45,14.33,33.47,False,False,False,False,False,False,False,False,False,2026-10-06,紡織纖維
1475,1475.TW,BIG SUNSHINE,業旺,17.13,,TWSE LISTED,紡織纖維,25.95,25.9,26.1,25.5,86000,2.23,26.04,26.085,-0.35,-0.52,-0.57,-0.38,0.58,33.85,74.8,149.95,33.85,74.8,-22.9,-65.11,-82.59,23.34,65.31,False,False,False,False,False,False,False,False,False,2026-10-06,紡織纖維
1476,1476.TW,ECLAT,儒鴻,795.66,,TWSE LISTED,紡織纖維,290.0,277.0,291.0,274.5,2652327,769.17,279.0,277.85,3.94,4.37,4.13,5.65,6.23,441.5,598.0,683.0,441.5,598.0,-34.09,-51.34,-57.39,34.31,51.51,True,True,False,True,False,False,False,False,False,2026-10-06,紡織纖維
1477,1477.TW,Makalot,聚陽,502.02,,TWSE LISTED,紡織纖維,203.5,199.0,205.5,197.5,2189075,445.48,195.1,193.1,4.31,5.39,3.04,6.82,7.11,344.0,458.33,458.33,344.0,458.33,-40.26,-55.16,-55.16,40.84,55.6,True,False,False,False,False,False,False,False,False,2026-10-06,紡織纖維
1503,1503.TW,SEEC,士電,1026.32,,TWSE LISTED,電機機械,197.0,196.0,198.0,195.5,542795,106.93,197.0,196.7,0.0,0.15,0.51,-0.25,1.55,269.5,358.0,358.0,269.5,358.0,-26.53,-44.69,-44.69,26.9,44.97,False,False,False,False,False,False,False,False,False,2026-10-06,電機機械
1504,1504.TW,TECO,東元,1689.65,,TWSE LISTED,電機機械,71.1,69.6,71.4,69.1,7466098,530.84,69.6,69.13,2.16,2.85,3.04,2.89,3.8,95.0,127.5,127.5,95.0,127.5,-24.84,-44.0,-44.0,25.16,44.24,False,False,False,True,False,False,False,False,False,2026-10-06,電機機械
1506,1506.TW,RIGHT WAY,正道,29.05,,TWSE LISTED,電機機械,9.67,9.7,9.79,9.65,108000,1.04,9.644,9.666,0.27,0.04,-0.41,1.79,1.04,13.9,18.8,26.16,13.9,18.8,-29.57,-47.93,-62.57,30.43,48.56,False,False,False,True,False,False,False,False,False,2026-10-06,電機機械
1512,1512.TW,JL,瑞利,6.18,,TWSE LISTED,汽車工業,6.29,6.22,6.4,6.11,58902,0.37,6.198,6.19,1.48,1.62,1.13,1.45,2.78,9.39,14.1,45.09,9.39,14.1,-31.84,-54.61,-85.81,33.01,55.39,False,False,False,True,False,False,False,False,False,2026-10-06,汽車工業
1513,1513.TW,CHEM,中興電,840.2,,TWSE LISTED,電機機械,167.0,167.0,168.0,165.5,1552522,259.27,167.1,166.65,-0.06,0.21,0.3,0.3,0.0,201.0,239.0,239.0,201.0,239.0,-16.42,-29.71,-29.71,16.92,30.13,False,False,False,False,False,False,False,False,False,2026-10-06,電機機械
1514,1514.TW,AEC,亞力,288.32,,TWSE LISTED,電機機械,103.5,102.5,104.0,102.0,1033893,107.01,102.5,102.6,0.98,0.88,1.47,1.47,1.47,146.57,173.43,173.43,146.57,173.43,-29.04,-40.03,-40.03,29.38,40.32,False,False,False,True,False,False,False,False,False,2026-10-06,電機機械
1515,1515.TW,REXON,力山,51.36,,TWSE LISTED,電機機械,28.3,28.65,28.65,28.3,589362,16.68,29.05,29.385,-2.58,-3.69,-1.39,-3.25,-3.41,45.1,61.2,108.0,45.1,61.2,-36.47,-53.19,-73.47,37.25,53.76,False,False,False,False,False,False,False,False,False,2026-10-06,電機機械
1516,1516.TW,FALCON,川飛,4.04,,TWSE LISTED,其他,13.45,13.2,13.85,13.2,30914,0.42,13.54,13.38,-0.66,0.52,-2.18,-0.37,-0.37,26.05,29.01,30.15,26.05,29.01,-46.83,-52.26,-54.06,48.37,53.64,False,False,False,False,False,False,False,False,False,2026-10-06,其他
1517,1517.TW,Lee Chi,利奇,22.44,,TWSE LISTED,電機機械,10.2,10.25,10.3,10.1,301410,3.07,10.34,10.35,-1.35,-1.45,-0.49,-1.92,-1.45,13.5,19.3,35.5,13.5,19.3,-23.7,-46.63,-70.99,24.44,47.15,False,False,False,False,False,False,False,False,False,2026-10-06,電機機械
1519,1519.TW,FE,華城,2418.38,,TWSE LISTED,電機機械,696.0,695.0,699.0,688.0,981649,683.23,692.0,698.1,0.58,-0.3,0.72,1.16,1.16,1013.64,1013.64,1013.64,1013.64,1013.64,-31.04,-31.04,-31.04,31.34,31.34,False,False,True,False,False,False,False,False,False,2026-10-06,電機機械
1521,1521.TW,TA YIH,大億,19.78,,TWSE LISTED,汽車工業,25.95,25.55,25.95,25.5,33001,0.86,25.77,25.745,0.7,0.8,0.97,0.58,1.57,31.15,50.9,87.4,31.15,50.9,-16.69,-49.02,-70.31,16.69,49.02,False,False,False,True,False,False,False,False,False,2026-10-06,汽車工業
1522,1522.TW,TYC,堤維西,79.48,,TWSE LISTED,汽車工業,25.4,25.75,25.75,25.4,436051,11.08,26.12,26.29,-2.76,-3.39,-1.36,-3.97,-4.33,53.8,74.9,74.9,53.8,74.9,-52.14,-65.62,-65.62,52.79,66.09,False,False,False,False,False,False,False,False,False,2026-10-06,汽車工業
1524,1524.TW,GORDON,耿鼎,42.48,,TWSE LISTED,汽車工業,25.7,25.75,25.9,25.65,243030,6.25,25.88,25.99,-0.7,-1.12,-0.39,-0.96,-0.58,36.75,45.75,45.75,36.75,45.75,-29.52,-43.39,-43.39,30.07,43.83,False,False,False,False,False,False,False,False,False,2026-10-06,汽車工業
1525,1525.TW,KSC,江申,46.61,,TWSE LISTED,汽車工業,63.5,63.3,64.9,63.3,16000,1.02,63.58,63.98,-0.13,-0.75,0.32,-0.31,-0.31,72.9,86.3,130.0,72.9,86.3,-10.97,-24.8,-50.08,12.89,26.42,False,False,False,False,False,False,False,False,False,2026-10-06,汽車工業
1526,1526.TW,SUNRACE,日馳,8.97,,TWSE LISTED,電機機械,14.95,14.85,14.95,14.7,37000,0.55,14.96,14.855,-0.07,0.64,0.67,0.0,2.75,24.2,37.6,95.58,24.2,37.6,-38.22,-60.24,-84.36,38.22,60.24,False,False,False,False,False,False,False,False,False,2026-10-06,電機機械
1527,1527.TW,BASSO,鑽全,44.97,,TWSE LISTED,電機機械,32.45,32.7,32.7,32.35,99077,3.22,32.75,32.675,-0.92,-0.69,-1.07,-1.07,-0.46,38.9,49.6,102.0,38.9,49.6,-15.94,-34.07,-67.94,16.58,34.58,False,False,False,False,False,False,False,False,False,2026-10-06,電機機械
1528,1528.TW,ANDERSON,恩德,46.21,,TWSE LISTED,電機機械,24.15,24.45,24.7,24.0,2498054,60.33,24.78,25.37,-2.54,-4.81,0.0,-3.4,-5.29,34.0,34.0,34.0,34.0,34.0,-27.35,-27.35,-27.35,28.97,28.97,False,False,False,False,False,False,False,False,False,2026-10-06,電機機械
1529,1529.TW,LUXE,樂事綠能,31.85,,TWSE LISTED,電機機械,15.7,15.9,15.9,15.55,669563,10.51,15.8,15.83,-0.63,-0.82,0.32,0.32,1.62,27.21,38.28,42.15,27.21,38.28,-41.56,-58.46,-62.27,42.3,58.98,False,False,False,False,False,False,False,False,False,2026-10-06,電機機械
1530,1530.TW,AWEA,亞崴,27.43,,TWSE LISTED,電機機械,26.6,26.75,26.75,25.65,67188,1.79,26.72,26.715,-0.45,-0.43,-0.37,-0.93,0.57,33.76,35.28,39.27,33.76,35.28,-20.77,-24.17,-31.88,21.21,24.59,False,False,False,False,False,False,False,False,False,2026-10-06,電機機械
1531,1531.TW,KAULIN,高林股,20.21,,TWSE LISTED,電機機械,11.1,11.45,11.5,11.1,223007,2.48,11.46,11.59,-3.14,-4.23,-3.06,-4.31,-4.31,13.7,19.0,29.2,13.7,19.0,-16.06,-39.47,-60.62,18.98,41.58,False,False,False,False,False,False,False,False,False,2026-10-06,電機機械
1532,1532.TW,CMP,勤美,91.49,,TWSE LISTED,電機機械,21.65,21.75,21.8,21.55,288085,6.24,21.98,22.195,-1.5,-2.46,0.0,-2.48,-2.04,26.3,58.3,58.3,26.3,58.3,-17.11,-62.61,-62.61,17.68,62.86,False,False,False,False,False,False,False,False,False,2026-10-06,電機機械
1533,1533.TW,MORE,車王電,29.76,,TWSE LISTED,汽車工業,30.2,30.2,30.2,30.1,74000,2.23,30.35,30.415,-0.49,-0.71,0.0,-1.15,-0.66,41.8,59.7,78.9,41.8,59.7,-27.75,-49.41,-61.72,27.75,49.41,False,False,False,False,False,False,False,False,False,2026-10-06,汽車工業
1535,1535.TW,CEC,中宇,57.05,,TWSE LISTED,電機機械,46.1,45.3,46.1,45.15,38035,1.75,45.67,45.705,0.94,0.86,1.77,0.55,1.21,55.5,97.5,97.5,55.5,97.5,-16.94,-52.72,-52.72,16.94,52.72,False,False,False,True,False,False,False,False,False,2026-10-06,電機機械
1536,1536.TW,HOTA,和大,129.44,,TWSE LISTED,汽車工業,46.4,46.2,46.8,46.2,675643,31.35,46.54,46.565,-0.3,-0.35,0.65,-0.54,-0.32,67.8,90.9,155.19,67.8,90.9,-30.97,-48.51,-69.84,31.56,48.95,False,False,False,False,False,False,False,False,False,2026-10-06,汽車工業
1537,1537.TW,KUNG LONG,廣隆,93.14,,TWSE LISTED,電機機械,113.5,113.5,113.5,112.5,100390,11.39,114.3,114.8,-0.7,-1.13,0.0,-1.3,-1.73,130.0,165.0,169.0,130.0,165.0,-12.69,-31.21,-32.84,12.69,31.21,False,False,False,False,False,False,False,False,False,2026-10-06,電機機械
1538,1538.TW,JF,正峰,2.71,,TWSE LISTED,電機機械,8.38,8.38,8.38,8.38,1711,0.01,7.944,8.122,5.49,3.18,3.08,7.02,0.96,27.55,42.5,86.52,27.55,42.5,-69.58,-80.28,-90.31,69.58,80.28,True,False,False,False,False,False,False,False,False,2026-10-06,電機機械
1539,1539.TW,GT,巨庭,10.26,,TWSE LISTED,電機機械,15.7,15.6,15.7,15.55,29000,0.46,15.62,15.59,0.51,0.71,0.32,0.32,1.62,22.0,35.9,50.3,22.0,35.9,-28.64,-56.27,-68.79,28.64,56.27,False,False,False,True,False,False,False,False,False,2026-10-06,電機機械
1540,1540.TW,ROUNDTOP,喬福,16.15,,TWSE LISTED,電機機械,18.9,18.85,19.05,18.85,106001,2.0,19.16,19.315,-1.36,-2.15,-0.26,-3.08,-2.33,28.8,51.8,51.8,28.8,51.8,-33.85,-63.22,-63.22,34.37,63.51,False,False,False,False,False,False,False,False,False,2026-10-06,電機機械
1541,1541.TW,Chang Type,錩泰,16.31,,TWSE LISTED,電機機械,20.7,20.35,20.7,20.35,14000,0.29,20.76,20.96,-0.29,-1.24,0.49,-0.24,-1.43,30.85,39.1,71.0,30.85,39.1,-32.9,-47.06,-70.85,32.9,47.06,False,False,False,False,False,False,False,False,False,2026-10-06,電機機械
1558,1558.TW,ZENG HSING,伸興,70.99,,TWSE LISTED,電機機械,110.0,109.0,111.5,107.5,158000,17.38,111.3,111.7,-1.17,-1.52,0.0,-2.22,-3.51,114.0,119.0,184.25,114.0,119.0,-2.19,-6.3,-39.48,3.51,7.56,False,False,False,False,False,False,False,True,True,2026-10-06,電機機械
1560,1560.TW,KINIK,中砂,1547.98,,TWSE LISTED,電機機械,1030.0,1045.0,1045.0,1020.0,761411,784.25,1009.6,979.4,2.02,5.17,-0.96,3.0,7.74,1060.0,1060.0,1060.0,1060.0,1060.0,-1.42,-1.42,-1.42,2.83,2.83,False,False,False,False,False,False,False,True,True,2026-10-06,電機機械
1563,1563.TW,SAI,巧新,134.18,,TWSE LISTED,汽車工業,79.3,78.0,79.7,76.7,816800,64.77,76.86,75.52,3.17,5.01,2.99,4.2,4.2,97.73,141.33,260.59,97.73,141.33,-18.45,-43.61,-69.42,18.86,43.89,True,False,False,False,False,False,False,False,False,2026-10-06,汽車工業
1565,1565.TWO,St.Shine,精華,48.45,,TPEx LISTED,生技醫療業,96.1,96.2,96.7,96.1,95176,9.15,96.64,96.36,-0.56,-0.27,-0.62,-0.62,0.21,120.5,247.5,1025.0,120.5,247.5,-19.75,-60.93,-90.57,20.25,61.17,False,False,False,False,False,False,False,False,False,2026-10-06,生技醫療業
1568,1568.TW,T.Y.,倉佑,32.37,,TWSE LISTED,汽車工業,31.4,31.45,31.75,31.05,254000,7.98,32.08,31.65,-2.12,-0.79,-0.16,-3.98,-3.09,50.0,50.0,50.4,50.0,50.0,-36.5,-36.5,-37.0,37.2,37.2,False,False,False,False,False,False,False,False,False,2026-10-06,汽車工業
1569,1569.TWO,Bin Chuan,濱川,100.97,,TPEx LISTED,電腦及週邊設備業,70.0,70.0,72.3,68.6,7663655,536.46,66.28,64.96,5.61,7.76,2.19,9.72,7.69,71.0,86.4,86.4,72.3,86.4,1.83,-16.32,-16.32,3.18,18.98,True,False,False,False,True,False,False,True,False,2026-10-06,電腦及週邊設備業
1570,1570.TWO,De Poan,力肯,16.84,,TPEx LISTED,電機機械,32.7,32.3,32.7,32.2,10000,0.33,32.71,32.66,-0.03,0.12,0.62,1.4,-0.91,56.6,56.6,56.6,56.6,56.6,-42.23,-42.23,-42.23,42.23,42.23,False,False,False,False,False,False,False,False,False,2026-10-06,電機機械
1580,1580.TWO,SINMAG,新麥,47.22,,TPEx LISTED,電機機械,95.7,95.7,95.8,95.5,63030,6.03,96.64,96.77,-0.97,-1.11,-0.1,-1.75,-1.44,134.5,165.5,175.85,134.5,165.5,-28.77,-42.11,-45.52,28.85,42.18,False,False,False,False,False,False,False,False,False,2026-10-06,電機機械
1582,1582.TW,SYNCMOLD,信錦,103.3,,TWSE LISTED,電子零組件業,71.6,73.3,74.5,71.6,718151,51.42,71.78,71.11,-0.25,0.69,-1.1,0.7,2.14,123.0,123.0,123.0,123.0,123.0,-39.43,-39.43,-39.43,41.79,41.79,False,False,False,False,False,False,False,False,False,2026-10-06,電子零組件業
1583,1583.TW,GOODWAY,程泰,51.31,,TWSE LISTED,電機機械,46.9,45.65,46.9,45.05,23000,1.08,46.46,46.65,0.95,0.54,2.63,-0.32,-0.11,57.8,73.21,77.98,57.8,73.21,-18.86,-35.94,-39.86,18.86,35.94,False,False,False,True,False,False,False,False,False,2026-10-06,電機機械
1584,1584.TWO,STC,精剛,42.19,,TPEx LISTED,其他,18.15,18.15,18.25,18.0,298001,5.41,18.46,18.28,-1.68,-0.71,0.28,-2.42,0.55,25.8,44.45,44.57,25.8,44.45,-29.26,-58.94,-59.05,29.65,59.17,False,False,False,False,False,False,False,False,False,2026-10-06,其他
1586,1586.TWO,CFTC,和勤,23.05,,TPEx LISTED,電機機械,17.8,17.9,17.9,17.6,263000,4.68,17.86,17.92,-0.34,-0.67,0.0,-0.56,-1.11,31.15,37.59,53.01,31.15,37.59,-42.54,-52.38,-66.23,42.86,52.64,False,False,False,False,False,False,False,False,False,2026-10-06,電機機械
1587,1587.TW,CM,吉茂,18.69,,TWSE LISTED,汽車工業,23.35,23.4,23.65,23.15,59250,1.38,23.78,23.74,-1.81,-1.64,-0.21,-2.1,-2.1,55.9,77.89,77.89,55.9,77.89,-57.69,-69.64,-69.64,58.23,70.02,False,False,False,False,False,False,False,False,False,2026-10-06,汽車工業
1589,1589.TW,YGG,永冠-KY,8.48,,TWSE LISTED,電機機械,5.54,5.54,5.54,5.54,0,0.0,5.54,5.54,0.0,0.0,0.0,0.0,0.0,19.0,65.1,174.43,19.0,65.1,-70.84,-91.49,-96.82,70.84,91.49,False,False,False,False,False,False,False,False,False,2026-10-06,電機機械
1590,1590.TW,AIRTAC,亞德客-KY,2390.0,,TWSE LISTED,電機機械,1195.0,1205.0,1205.0,1170.0,474512,567.04,1188.0,1209.0,0.59,-1.16,1.27,0.84,-1.24,1615.0,1615.0,1615.0,1615.0,1615.0,-25.39,-25.39,-25.39,26.01,26.01,False,False,False,False,False,False,False,False,False,2026-10-06,電機機械
1591,1591.TWO,INMAX,駿吉-KY,15.73,,TPEx LISTED,電機機械,41.35,42.9,42.9,41.05,191000,7.9,41.72,41.35,-0.89,-0.0,-1.19,-0.12,0.61,69.7,84.8,84.8,69.7,84.8,-38.45,-49.41,-49.41,40.67,51.24,False,False,False,False,False,False,False,False,False,2026-10-06,電機機械
1593,1593.TWO,CHI HUA,祺驊,12.59,,TPEx LISTED,運動休閒,31.65,31.3,31.65,31.2,13000,0.41,31.63,31.74,0.06,-0.28,0.8,-0.16,0.0,35.4,63.5,143.45,35.4,63.5,-10.59,-50.16,-77.94,10.59,50.16,False,False,False,False,False,False,False,False,False,2026-10-06,運動休閒
1595,1595.TWO,CBT,川寶,41.32,,TPEx LISTED,半導體業,71.8,73.5,75.3,71.6,1113375,79.94,78.64,76.98,-8.7,-6.73,-2.31,-13.81,-7.47,107.0,107.0,107.0,107.0,107.0,-29.63,-29.63,-29.63,32.9,32.9,False,False,False,False,False,False,False,False,False,2026-10-06,半導體業
1597,1597.TW,cpc,直得,129.43,,TWSE LISTED,電機機械,145.0,146.5,150.0,142.5,913102,132.4,147.9,142.6,-1.96,1.68,-0.34,-6.15,-1.02,221.0,221.0,221.0,221.0,221.0,-32.13,-32.13,-32.13,34.39,34.39,False,False,False,False,False,False,False,False,False,2026-10-06,電機機械
1598,1598.TW,Dyaco,岱宇,35.83,,TWSE LISTED,運動休閒,20.0,20.35,20.35,20.0,170100,3.4,20.38,20.44,-1.86,-2.15,-1.72,-2.68,-1.48,22.5,37.14,150.32,22.5,37.14,-9.56,-45.21,-86.46,11.11,46.15,False,False,False,False,False,False,False,False,False,2026-10-06,運動休閒
1599,1599.TWO,AEON,宏佳騰,16.76,,TPEx LISTED,電機機械,22.95,22.55,23.0,22.55,17047,0.39,23.08,23.085,-0.56,-0.58,-0.65,-0.65,-0.22,30.5,36.25,62.0,30.5,36.25,-24.59,-36.55,-62.9,24.75,36.69,False,False,False,False,False,False,False,False,False,2026-10-06,電機機械
1603,1603.TW,CWCO,華電,58.27,,TWSE LISTED,電器電纜,30.4,30.55,30.7,30.3,82036,2.49,30.52,30.335,-0.39,0.21,0.16,-0.82,1.16,44.2,56.4,56.4,44.2,56.4,-30.54,-45.57,-45.57,31.22,46.1,False,False,False,False,False,False,False,False,False,2026-10-06,電器電纜
1604,1604.TW,SAMPO,聲寶,89.33,,TWSE LISTED,電器電纜,23.25,23.25,23.4,23.25,190250,4.42,23.31,23.395,-0.26,-0.62,0.0,-0.43,-0.21,25.8,30.35,33.0,25.8,30.35,-9.3,-22.9,-29.09,9.88,23.39,False,False,False,False,False,False,False,True,False,2026-10-06,電器電纜
1605,1605.TW,WALSIN,華新,1717.14,,TWSE LISTED,電器電纜,38.75,38.75,39.0,38.25,14059167,544.79,38.57,37.66,0.47,2.89,0.91,0.52,6.6,46.5,46.5,59.4,46.5,46.5,-16.13,-16.13,-34.34,16.67,16.67,False,False,False,False,False,False,False,False,False,2026-10-06,電器電纜
1608,1608.TW,HE,華榮,229.06,,TWSE LISTED,電器電纜,36.2,36.15,36.3,35.8,1224515,44.33,36.1,35.84,0.28,1.0,0.98,0.7,2.84,41.4,47.45,47.45,41.4,47.45,-12.32,-23.5,-23.5,12.56,23.71,False,False,False,True,False,False,False,False,False,2026-10-06,電器電纜
1609,1609.TW,TA YA,大亞,301.15,,TWSE LISTED,電器電纜,38.35,38.4,38.45,38.05,2546611,97.66,38.51,38.28,-0.42,0.18,0.39,-0.9,-0.39,50.0,63.8,63.8,50.0,63.8,-23.1,-39.74,-39.74,23.3,39.89,False,False,False,False,False,False,False,False,False,2026-10-06,電器電纜
1611,1611.TW,CE,中電,36.31,,TWSE LISTED,電器電纜,11.25,11.25,11.35,11.25,330350,3.72,11.37,11.38,-1.06,-1.14,0.0,-1.75,-0.88,15.0,22.55,22.7,15.0,22.55,-24.33,-49.67,-50.0,25.0,50.11,False,False,False,False,False,False,False,False,False,2026-10-06,電器電纜
1612,1612.TW,HONG TAI,宏泰,110.15,,TWSE LISTED,電器電纜,34.85,35.05,35.2,34.85,483000,16.83,35.18,35.13,-0.94,-0.8,-0.43,-0.85,-1.41,42.5,45.4,45.4,42.5,45.4,-17.18,-22.47,-22.47,18.0,23.24,False,False,False,False,False,False,False,False,False,2026-10-06,電器電纜
1614,1614.TW,Taiwan Sanyo,三洋電,84.1,,TWSE LISTED,電器電纜,31.25,30.85,31.35,30.8,34000,1.06,31.1,31.115,0.48,0.43,1.3,0.0,0.64,34.8,52.6,52.6,34.8,52.6,-9.91,-40.4,-40.4,10.2,40.59,False,False,False,True,False,False,False,False,False,2026-10-06,電器電纜
1615,1615.TW,Dah San,大山,83.13,,TWSE LISTED,電器電纜,41.85,42.25,42.3,41.7,161516,6.76,42.45,42.665,-1.41,-1.91,-0.95,-1.99,-1.76,50.99,62.99,62.99,50.99,62.99,-17.04,-32.85,-32.85,17.93,33.56,False,False,False,False,False,False,False,False,False,2026-10-06,電器電纜
1616,1616.TW,EVERTOP,億泰,35.53,,TWSE LISTED,電器電纜,18.3,18.3,18.3,18.15,144200,2.64,18.43,18.405,-0.71,-0.57,0.0,-0.27,0.0,30.9,44.85,44.85,30.9,44.85,-40.78,-59.2,-59.2,40.78,59.2,False,False,False,False,False,False,False,False,False,2026-10-06,電器電纜
1617,1617.TW,JSW,榮星,39.07,,TWSE LISTED,電器電纜,23.05,24.8,24.85,22.8,3457291,79.69,24.02,22.11,-4.04,4.25,-4.36,-7.06,5.25,26.95,32.8,32.8,26.95,32.8,-7.79,-24.24,-24.24,14.47,29.73,False,False,False,False,False,False,False,False,False,2026-10-06,電器電纜
1618,1618.TW,HK,合機,75.05,,TWSE LISTED,電器電纜,38.95,38.9,39.3,38.8,239050,9.31,38.95,38.885,0.0,0.17,0.13,0.39,1.56,52.6,69.8,69.8,52.6,69.8,-25.29,-43.7,-43.7,25.95,44.2,False,False,False,False,False,False,False,False,False,2026-10-06,電器電纜
1623,1623.TW,TEWC,大東電,130.68,,TWSE LISTED,電器電纜,198.0,198.0,198.0,196.0,53003,10.49,198.7,199.25,-0.35,-0.63,0.0,-0.25,0.0,340.0,340.0,340.0,340.0,340.0,-41.76,-41.76,-41.76,41.76,41.76,False,False,False,False,False,False,False,False,False,2026-10-06,電器電纜
1626,1626.TW,AIRMATE,艾美特-KY,14.68,,TWSE LISTED,電器電纜,9.8,9.79,9.8,9.62,22083,0.22,9.684,9.692,1.2,1.11,1.55,0.82,2.08,13.0,17.95,31.79,13.0,17.95,-24.62,-45.4,-69.17,24.62,45.4,False,False,False,True,False,False,False,False,False,2026-10-06,電器電纜
1702,1702.TW,NAMCHOW,南僑,96.18,,TWSE LISTED,食品工業,32.7,32.8,32.8,32.5,109546,3.58,33.03,33.06,-1.0,-1.09,-0.3,-2.24,-0.76,39.45,66.5,70.2,39.45,66.5,-16.86,-50.68,-53.28,17.11,50.83,False,False,False,False,False,False,False,False,False,2026-10-06,食品工業
1707,1707.TW,GKB,葡萄王,124.73,,TWSE LISTED,生技醫療業,84.2,84.5,84.7,84.2,175267,14.76,85.04,85.94,-0.99,-2.02,-0.47,-1.52,-1.98,128.5,163.5,282.0,128.5,163.5,-34.09,-48.2,-69.96,34.47,48.5,False,False,False,False,False,False,False,False,False,2026-10-06,生技醫療業
1708,1708.TW,SESODA,東鹼,142.18,,TWSE LISTED,化學工業,57.1,57.3,57.9,56.4,5782908,330.2,55.5,53.26,2.88,7.21,0.53,6.53,9.81,64.2,64.2,73.1,64.2,64.2,-9.81,-9.81,-20.79,11.06,11.06,True,False,False,False,False,False,False,False,False,2026-10-06,化學工業
1709,1709.TW,FUCC,和益,301.95,,TWSE LISTED,化學工業,63.3,66.2,66.3,58.2,70552838,4465.99,57.54,51.255,10.01,23.5,-1.56,18.98,43.86,64.3,64.3,64.3,66.3,66.3,3.11,3.11,3.11,4.52,4.52,False,False,False,False,True,True,True,True,True,2026-10-06,化學工業
1710,1710.TW,OUCC,東聯,153.23,,TWSE LISTED,化學工業,17.3,17.6,17.7,17.15,3857456,66.73,17.14,16.91,0.93,2.31,-1.14,1.76,4.53,20.15,20.6,36.3,20.15,20.6,-12.16,-14.08,-51.24,14.14,16.02,False,False,False,False,False,False,False,False,False,2026-10-06,化學工業
1711,1711.TW,EVERLIGHT,永光,266.21,,TWSE LISTED,化學工業,48.6,45.0,48.6,44.05,32465396,1577.82,43.45,41.34,11.85,17.56,9.95,19.85,19.85,64.3,64.3,64.3,64.3,64.3,-24.42,-24.42,-24.42,24.42,24.42,True,False,False,False,False,False,False,False,False,2026-10-06,化學工業
1712,1712.TW,SINON,興農,166.94,,TWSE LISTED,化學工業,39.7,39.65,39.95,39.6,290023,11.51,39.72,39.78,-0.05,-0.2,0.13,0.13,0.25,48.2,48.55,48.55,48.2,48.55,-17.12,-17.71,-17.71,17.63,18.23,False,False,False,False,False,False,False,False,False,2026-10-06,化學工業
1713,1713.TW,CCW,國化,68.53,,TWSE LISTED,化學工業,45.4,45.35,45.4,44.65,282300,12.82,43.56,42.545,4.22,6.71,1.34,6.95,8.61,54.5,61.9,61.9,54.5,61.9,-16.7,-26.66,-26.66,16.7,26.66,True,False,False,False,False,False,False,False,False,2026-10-06,化學工業
1714,1714.TW,HO TUNG,和桐,188.45,,TWSE LISTED,化學工業,19.0,18.5,19.2,17.1,99655762,1893.46,17.41,16.64,9.13,14.18,2.7,17.28,20.63,25.0,25.0,25.0,25.0,25.0,-23.2,-23.2,-23.2,24.0,24.0,True,False,False,False,False,False,False,False,False,2026-10-06,化學工業
1717,1717.TW,ETERNAL,長興,887.0,,TWSE LISTED,化學工業,74.9,75.3,75.9,74.1,9217330,690.38,74.24,72.89,0.89,2.76,0.4,1.9,3.31,89.9,89.9,89.9,89.9,89.9,-15.57,-15.57,-15.57,16.69,16.69,True,False,False,False,False,False,False,False,False,2026-10-06,化學工業
1718,1718.TW,CMFC,中纖,191.35,,TWSE LISTED,化學工業,11.35,11.2,11.4,10.8,26290120,298.39,10.95,10.785,3.65,5.24,1.79,6.57,7.58,16.2,16.2,16.2,16.2,16.2,-29.63,-29.63,-29.63,29.94,29.94,True,False,False,False,False,False,False,False,False,2026-10-06,化學工業
1720,1720.TW,S.C.P.C,生達,109.88,,TWSE LISTED,生技醫療業,55.9,55.7,56.2,55.7,113679,6.35,56.02,56.05,-0.21,-0.27,0.18,-0.36,-0.36,60.55,72.18,72.36,60.55,72.18,-7.18,-22.14,-22.34,7.67,22.56,False,False,False,False,False,False,False,True,False,2026-10-06,生技醫療業
1721,1721.TW,SUNKO,國慶科技,53.62,,TWSE LISTED,化學工業,29.0,28.5,30.0,27.4,8645803,250.73,27.39,26.02,5.88,11.45,5.26,9.02,11.11,36.0,36.0,36.0,36.0,36.0,-16.67,-16.67,-16.67,19.44,19.44,True,True,False,False,False,False,False,False,False,2026-10-06,化學工業
1722,1722.TW,TFC,台肥,402.29,,TWSE LISTED,化學工業,41.05,41.0,41.2,40.9,1747401,71.73,41.15,41.4,-0.24,-0.85,0.49,-0.24,-0.24,52.0,70.5,85.0,52.0,70.5,-20.77,-41.56,-51.53,21.06,41.77,False,False,False,False,False,False,False,False,False,2026-10-06,化學工業
1723,1723.TW,CSCC,中碳,191.66,,TWSE LISTED,化學工業,80.9,80.1,81.0,80.0,249280,20.17,80.36,80.44,0.67,0.57,1.0,1.51,1.13,93.9,133.5,167.0,93.9,133.5,-13.74,-39.33,-51.5,13.84,39.4,False,False,False,True,False,False,False,False,False,2026-10-06,化學工業
1725,1725.TW,YJE,元禎,61.82,,TWSE LISTED,化學工業,34.0,34.2,34.45,33.95,85000,2.89,33.93,33.945,0.21,0.16,-0.44,1.49,0.0,45.25,57.8,57.8,45.25,57.8,-23.87,-40.4,-40.4,24.86,41.18,False,False,False,False,False,False,False,False,False,2026-10-06,化學工業
1726,1726.TW,Y.C.P.,永記,123.77,,TWSE LISTED,化學工業,76.4,76.3,76.4,76.0,49000,3.74,76.34,76.46,0.08,-0.08,0.39,-0.13,0.26,81.1,84.2,85.4,81.1,84.2,-5.8,-9.26,-10.54,5.8,9.26,False,False,False,False,False,False,False,True,True,2026-10-06,化學工業
1727,1727.TW,CHCIW,中華化,135.7,,TWSE LISTED,化學工業,106.0,115.5,115.5,106.0,21515088,2280.6,113.5,112.7,-6.61,-5.94,-9.79,-5.36,-10.55,130.0,130.0,130.0,130.0,130.0,-11.15,-11.15,-11.15,18.46,18.46,False,False,False,False,False,False,False,False,False,2026-10-06,化學工業
1730,1730.TW,FARCENT,花仙子,32.38,,TWSE LISTED,化學工業,51.2,51.4,51.5,51.2,21000,1.08,51.2,51.22,0.0,-0.04,0.2,-0.19,0.0,55.0,61.5,97.3,55.0,61.5,-6.36,-16.26,-47.07,6.91,16.75,False,False,False,False,False,False,False,True,False,2026-10-06,化學工業
1731,1731.TW,Maywufa,美吾華,27.78,,TWSE LISTED,生技醫療業,20.9,20.85,20.95,20.85,74076,1.55,20.85,20.885,0.24,0.07,0.48,0.24,0.24,22.3,28.35,28.35,22.3,28.35,-6.05,-26.1,-26.1,6.28,26.28,False,False,False,True,False,False,False,True,False,2026-10-06,生技醫療業
1732,1732.TW,Mao Bao,毛寶,11.1,,TWSE LISTED,化學工業,26.15,26.1,26.8,26.1,281000,7.35,26.08,26.09,0.27,0.23,0.58,0.58,0.77,33.4,38.75,53.8,33.4,38.75,-19.76,-30.84,-50.19,21.71,32.52,False,False,False,False,False,False,False,False,False,2026-10-06,化學工業
1733,1733.TW,ApexBio,五鼎,29.79,,TWSE LISTED,生技醫療業,29.8,30.35,30.4,29.75,136213,4.06,29.93,29.995,-0.43,-0.65,-1.16,-0.17,1.19,33.1,44.45,44.45,33.1,44.45,-8.16,-31.61,-31.61,9.97,32.96,False,False,False,False,False,False,False,True,False,2026-10-06,生技醫療業
1734,1734.TW,SINPHAR,杏輝,64.72,,TWSE LISTED,生技醫療業,32.1,32.0,32.1,31.8,177048,5.68,32.1,32.08,0.0,0.06,0.0,0.0,0.0,32.8,32.8,53.76,32.8,32.8,-2.13,-2.13,-40.29,2.13,2.13,False,False,False,False,False,False,False,True,True,2026-10-06,生技醫療業
1735,1735.TW,EMC,日勝化,23.26,,TWSE LISTED,化學工業,23.4,24.2,24.5,23.1,1333023,31.19,22.05,21.18,6.12,10.48,-3.9,16.13,16.71,33.85,33.85,33.85,33.85,33.85,-27.62,-27.62,-27.62,30.87,30.87,False,False,False,False,False,False,False,False,False,2026-10-06,化學工業
1736,1736.TW,JHT,喬山,365.59,,TWSE LISTED,運動休閒,120.5,124.0,124.5,120.5,557323,67.16,124.8,125.3,-3.45,-3.83,-2.82,-5.49,-5.86,162.5,226.5,226.5,162.5,226.5,-23.38,-45.03,-45.03,25.85,46.8,False,False,False,False,False,False,False,False,False,2026-10-06,運動休閒
1737,1737.TW,Taiyen,臺鹽,59.7,,TWSE LISTED,食品工業,29.85,30.1,30.1,29.8,186557,5.57,29.98,30.05,-0.43,-0.67,-0.5,-0.5,-0.33,32.5,36.35,40.5,32.5,36.35,-7.38,-17.19,-25.68,8.15,17.88,False,False,False,False,False,False,False,True,False,2026-10-06,食品工業
1742,1742.TWO,TWC,台蠟,16.36,,TPEx LISTED,化學工業,17.65,17.8,17.8,17.35,73000,1.29,17.58,17.56,0.4,0.51,1.73,-0.84,-0.28,18.75,20.8,23.54,18.75,20.8,-5.07,-14.42,-24.4,5.87,15.14,False,False,False,True,False,False,False,True,False,2026-10-06,化學工業
1752,1752.TW,NANG KUANG,南光,31.81,,TWSE LISTED,生技醫療業,31.5,31.4,31.55,31.25,62000,1.95,31.42,31.385,0.25,0.37,0.64,0.48,0.48,38.7,4335.0,4335.0,38.7,4335.0,-18.48,-99.27,-99.27,18.6,99.27,False,False,False,True,False,False,False,False,False,2026-10-06,生技醫療業
1760,1760.TW,PBF,寶齡富錦,46.04,,TWSE LISTED,生技醫療業,53.7,53.9,54.0,53.6,91200,4.9,54.28,54.05,-1.07,-0.65,-0.37,-1.65,-0.37,76.4,125.5,255.09,76.4,125.5,-29.32,-56.97,-78.83,29.71,57.21,False,False,False,False,False,False,False,False,False,2026-10-06,生技醫療業
1762,1762.TW,CCSB,中化生,25.92,,TWSE LISTED,生技醫療業,33.7,34.3,34.3,33.55,36003,1.21,33.89,33.8,-0.56,-0.3,0.0,-0.74,0.0,44.75,63.1,102.5,44.75,63.1,-23.35,-45.64,-66.54,24.69,46.59,False,False,False,False,False,False,False,False,False,2026-10-06,生技醫療業
1773,1773.TW,SHINY CHEMICAL,勝一,546.0,,TWSE LISTED,化學工業,182.0,181.5,182.5,175.5,1304623,237.44,173.6,168.85,4.84,7.79,0.83,8.66,8.66,204.0,204.0,204.0,204.0,204.0,-10.54,-10.54,-10.54,10.78,10.78,True,False,False,False,False,False,False,False,False,2026-10-06,化學工業
1776,1776.TW,Headway,展宇,11.12,,TWSE LISTED,化學工業,18.5,18.2,18.5,18.2,29000,0.54,18.27,18.23,1.26,1.48,0.54,2.49,1.65,21.4,27.8,34.97,21.4,27.8,-13.55,-33.45,-47.1,13.55,33.45,True,False,False,True,False,False,False,False,False,2026-10-06,化學工業
1777,1777.TWO,SYN-TECH,生泰,33.67,,TPEx LISTED,生技醫療業,75.5,74.6,75.5,74.6,102132,7.71,74.5,74.37,1.34,1.52,1.48,1.62,2.03,75.9,110.0,117.91,75.9,110.0,-0.53,-31.36,-35.97,0.53,31.36,False,False,False,False,False,False,False,True,False,2026-10-06,生技醫療業
1780,1780.TWO,ABC,立弘,27.05,,TPEx LISTED,食品工業,24.8,24.9,25.1,24.75,68000,1.69,25.17,25.095,-1.47,-1.18,-1.39,-1.78,-1.59,36.85,36.85,36.85,36.85,36.85,-31.89,-31.89,-31.89,32.7,32.7,False,False,False,False,False,False,False,False,False,2026-10-06,食品工業
1781,1781.TWO,H&L,合世,4.73,,TPEx LISTED,生技醫療業,9.98,9.97,9.99,9.97,16001,0.16,9.95,10.014,0.3,-0.34,1.84,-0.1,-0.1,14.5,23.55,52.6,14.5,23.55,-31.1,-57.58,-81.01,31.17,57.62,False,False,False,False,False,False,False,False,False,2026-10-06,生技醫療業
1783,1783.TW,MBI,和康生,34.62,,TWSE LISTED,生技醫療業,38.6,37.9,38.75,37.5,92051,3.55,37.43,37.0,3.13,4.32,4.61,3.35,5.32,48.3,58.3,71.43,48.3,58.3,-19.77,-33.53,-45.75,20.08,33.79,False,False,False,False,False,False,False,False,False,2026-10-06,生技醫療業
1784,1784.TWO,BIONET CORP.,訊聯,31.61,,TPEx LISTED,生技醫療業,59.5,60.0,60.0,59.5,33100,1.97,60.22,60.5,-1.2,-1.65,0.0,-1.49,-2.94,118.0,162.01,162.01,118.0,162.01,-49.15,-62.97,-62.97,49.58,63.27,False,False,False,False,False,False,False,False,False,2026-10-06,生技醫療業
1785,1785.TWO,Solar,光洋科,658.53,,TPEx LISTED,其他電子業,110.5,103.5,112.5,102.0,43366894,4792.04,103.4,100.07,6.87,10.42,7.8,9.41,12.76,185.0,185.0,185.0,185.0,185.0,-39.19,-39.19,-39.19,40.27,40.27,False,False,False,False,False,False,False,False,False,2026-10-06,其他電子業
1786,1786.TW,SVBI,科妍,30.68,,TWSE LISTED,生技醫療業,41.0,41.05,41.35,40.6,289000,11.85,42.35,42.675,-3.19,-3.93,-1.2,-5.2,-3.87,87.5,144.0,144.0,87.5,144.0,-52.74,-71.28,-71.28,53.14,71.53,False,False,False,False,False,False,False,False,False,2026-10-06,生技醫療業
1788,1788.TWO,HCI,杏昌,56.99,,TPEx LISTED,生技醫療業,128.0,127.5,128.0,127.0,31010,3.97,127.9,127.85,0.08,0.12,0.0,0.39,0.0,138.0,147.0,189.07,138.0,147.0,-7.25,-12.93,-32.3,7.25,12.93,False,False,False,True,False,False,False,True,False,2026-10-06,生技醫療業
1789,1789.TW,SPT,神隆,147.47,,TWSE LISTED,生技醫療業,18.65,18.65,18.8,18.55,229986,4.29,18.7,18.755,-0.27,-0.56,0.81,-0.8,0.54,29.1,30.5,45.19,29.1,30.5,-35.4,-38.36,-58.4,35.91,38.85,False,False,False,False,False,False,False,False,False,2026-10-06,生技醫療業
1795,1795.TW,Lotus Pharm,美時,475.47,,TWSE LISTED,生技醫療業,176.0,178.5,178.5,176.0,463096,81.5,177.1,177.05,-0.62,-0.59,-0.85,-0.56,-0.85,364.76,364.76,364.76,364.76,364.76,-51.06,-51.06,-51.06,51.75,51.75,False,False,False,False,False,False,False,False,False,2026-10-06,生技醫療業
1796,1796.TWO,GeneFerm,金穎生技,12.27,,TPEx LISTED,食品工業,29.6,29.8,29.8,29.5,6000,0.18,29.69,29.61,-0.3,-0.03,0.34,-2.31,2.78,47.55,92.7,158.5,47.55,92.7,-37.33,-67.85,-81.2,37.75,68.07,False,False,False,False,False,False,False,False,False,2026-10-06,食品工業
1799,1799.TWO,EASYWELL,易威,69.78,,TPEx LISTED,生技醫療業,28.05,28.8,28.8,27.95,253562,7.11,28.72,28.75,-2.33,-2.43,-1.92,-3.11,-1.23,44.9,233.0,233.0,44.9,233.0,-35.86,-87.64,-87.64,37.53,87.96,False,False,False,False,False,False,False,False,False,2026-10-06,生技醫療業
1802,1802.TW,TGI,台玻,1739.02,,TWSE LISTED,玻璃陶瓷,59.8,60.0,60.7,58.8,23716033,1418.22,59.46,58.98,0.57,1.39,0.84,1.7,3.82,81.2,81.2,81.2,81.2,81.2,-25.25,-25.25,-25.25,26.35,26.35,False,False,False,True,False,False,False,False,False,2026-10-06,玻璃陶瓷
1805,1805.TW,BLG,寶徠,13.43,,TWSE LISTED,建材營造,9.95,9.95,10.0,9.94,61000,0.61,10.008,10.084,-0.58,-1.33,-0.1,-1.49,-1.0,13.0,25.3,25.3,13.0,25.3,-23.08,-60.47,-60.47,23.46,60.67,False,False,False,False,False,False,False,False,False,2026-10-06,建材營造
1806,1806.TW,CHAMPION,冠軍,30.65,,TWSE LISTED,玻璃陶瓷,7.85,7.88,7.93,7.81,284730,2.24,7.912,7.947,-0.78,-1.22,-0.38,-0.88,-1.13,9.49,14.05,19.44,9.49,14.05,-16.44,-43.56,-59.22,17.28,44.13,False,False,False,False,False,False,False,False,False,2026-10-06,玻璃陶瓷
1808,1808.TW,RUN LONG,潤隆,223.97,,TWSE LISTED,建材營造,31.35,31.35,31.6,31.25,469503,14.72,31.53,32.395,-0.57,-3.23,0.0,-1.1,-0.79,37.8,70.2,70.2,37.8,70.2,-16.4,-54.99,-54.99,17.06,55.34,False,False,False,False,False,False,False,False,False,2026-10-06,建材營造
1809,1809.TW,China Glaze,中釉,74.67,,TWSE LISTED,玻璃陶瓷,44.7,46.6,46.6,44.7,2681015,119.84,46.49,44.365,-3.85,0.76,-4.08,-2.3,-0.67,61.8,61.8,61.8,61.8,61.8,-24.6,-24.6,-24.6,27.67,27.67,False,False,False,False,False,False,False,False,False,2026-10-06,玻璃陶瓷
1810,1810.TW,HCG,和成,71.04,,TWSE LISTED,玻璃陶瓷,23.5,23.75,23.8,23.5,1031584,24.24,23.92,23.885,-1.76,-1.61,-0.84,-2.08,-0.84,34.15,34.15,34.15,34.15,34.15,-30.31,-30.31,-30.31,31.19,31.19,False,False,False,False,False,False,False,False,False,2026-10-06,玻璃陶瓷
1813,1813.TWO,Polylite,寶利徠,5.22,,TPEx LISTED,生技醫療業,11.2,11.2,11.2,11.2,1159,0.01,11.26,11.3,-0.53,-0.88,-0.44,-0.88,-0.88,14.2,21.5,32.15,14.2,21.5,-21.13,-47.91,-65.16,21.13,47.91,False,False,False,False,False,False,False,False,False,2026-10-06,生技醫療業
1815,1815.TWO,FFG,富喬,743.53,,TPEx LISTED,電子零組件業,127.0,129.0,133.5,126.5,74299330,9436.01,121.7,120.35,4.35,5.53,-1.17,9.48,9.48,135.0,135.0,135.0,135.0,135.0,-1.11,-1.11,-1.11,5.93,5.93,False,False,False,False,False,False,False,True,True,2026-10-06,電子零組件業
1817,1817.TW,SANITAR,凱撒衛,28.89,,TWSE LISTED,玻璃陶瓷,39.8,39.75,39.95,39.7,23026,0.92,39.85,40.035,-0.13,-0.59,0.13,-0.5,-0.13,42.7,52.8,52.8,42.7,52.8,-6.44,-24.34,-24.34,6.79,24.62,False,False,False,False,False,False,False,True,False,2026-10-06,玻璃陶瓷
1903,1903.TW,Shihlin Paper,士紙,123.26,,TWSE LISTED,造紙工業,47.4,47.1,47.4,46.8,48000,2.28,47.45,47.31,-0.11,0.19,0.74,-0.52,0.85,60.2,76.2,94.2,60.2,76.2,-21.26,-37.8,-49.68,21.26,37.8,False,False,False,False,False,False,False,False,False,2026-10-06,造紙工業
1904,1904.TW,Cheng Loong,正隆,271.53,,TWSE LISTED,造紙工業,24.5,23.95,24.75,23.95,1710329,41.9,24.28,24.495,0.91,0.02,2.08,1.66,1.03,26.45,30.95,51.5,26.45,30.95,-6.43,-20.03,-51.94,7.37,20.84,False,False,False,True,False,False,False,True,False,2026-10-06,造紙工業
1905,1905.TW,CHP,華紙,139.51,,TWSE LISTED,造紙工業,12.65,12.75,12.8,12.6,1419556,17.96,12.81,12.945,-1.25,-2.28,-0.39,-1.17,-1.56,18.8,25.55,33.9,18.8,25.55,-31.91,-49.9,-62.24,32.71,50.49,False,False,False,False,False,False,False,False,False,2026-10-06,造紙工業
1906,1906.TW,Baolong Intl.,寶隆,16.08,,TWSE LISTED,造紙工業,10.65,10.65,10.75,10.6,52023,0.55,10.72,10.75,-0.65,-0.93,0.47,-1.39,-1.39,13.9,16.9,39.85,13.9,16.9,-22.66,-36.39,-73.02,23.38,36.98,False,False,False,False,False,False,False,False,False,2026-10-06,造紙工業
1907,1907.TW,YFY,永豐餘,460.75,,TWSE LISTED,造紙工業,27.75,27.55,28.0,27.55,421535,11.7,27.93,28.215,-0.64,-1.65,0.54,-0.89,-0.54,31.7,35.55,51.8,31.7,35.55,-11.67,-21.24,-45.95,12.46,21.94,False,False,False,False,False,False,False,False,False,2026-10-06,造紙工業
1909,1909.TW,Longchen P&P,榮成,134.1,,TWSE LISTED,造紙工業,10.1,10.05,10.25,10.05,2449857,24.74,10.14,10.125,-0.39,-0.25,1.0,-0.98,0.5,11.5,16.05,51.96,11.5,16.05,-10.87,-36.14,-80.27,12.17,37.07,False,False,False,False,False,False,False,False,False,2026-10-06,造紙工業
2002,2002.TW,CSC,中鋼,2981.76,,TWSE LISTED,鋼鐵工業,18.95,19.0,19.0,18.85,18324948,347.26,19.0,18.84,-0.26,0.58,0.26,0.0,0.8,21.6,27.1,46.75,21.6,27.1,-12.04,-29.89,-59.36,12.27,30.07,False,False,False,False,False,False,False,False,False,2026-10-06,鋼鐵工業
2006,2006.TW,Tung Ho Steel,東和鋼鐵,632.37,,TWSE LISTED,鋼鐵工業,86.6,85.8,87.0,85.3,749110,64.87,85.8,85.96,0.93,0.74,0.93,2.36,1.41,89.2,89.2,96.57,89.2,89.2,-2.47,-2.47,-9.91,2.91,2.91,False,False,False,True,False,False,False,True,True,2026-10-06,鋼鐵工業
2007,2007.TW,YH,燁興,36.88,,TWSE LISTED,鋼鐵工業,6.95,6.91,6.97,6.88,194722,1.35,6.972,6.94,-0.32,0.14,0.58,-0.71,0.72,9.65,13.8,34.9,9.65,13.8,-27.77,-49.49,-80.03,27.98,49.64,False,False,False,False,False,False,False,False,False,2026-10-06,鋼鐵工業
2008,2008.TW,KHC,高興昌,60.02,,TWSE LISTED,鋼鐵工業,31.45,30.5,31.45,30.0,51086,1.61,30.88,30.7,1.85,2.44,3.11,1.94,3.11,31.9,43.0,43.0,31.9,43.0,-1.41,-26.86,-26.86,1.41,26.86,False,False,False,True,False,False,False,True,False,2026-10-06,鋼鐵工業
2009,2009.TW,FCC,第一銅,142.05,,TWSE LISTED,鋼鐵工業,39.5,39.4,39.55,39.05,680380,26.88,39.46,39.455,0.1,0.11,0.77,0.51,0.89,57.2,64.1,76.6,57.2,64.1,-30.86,-38.3,-48.37,30.94,38.38,False,False,False,True,False,False,False,False,False,2026-10-06,鋼鐵工業
2010,2010.TW,CHUN YUAN STEEL,春源,146.05,,TWSE LISTED,鋼鐵工業,22.55,22.4,22.6,22.3,528037,11.91,22.59,22.35,-0.18,0.89,0.89,0.22,0.45,26.3,26.3,37.55,26.3,26.3,-14.07,-14.07,-39.81,14.26,14.26,False,False,False,False,False,False,False,False,False,2026-10-06,鋼鐵工業
2012,2012.TW,CHUN YU,春雨,42.76,,TWSE LISTED,鋼鐵工業,14.15,14.2,14.2,14.0,114000,1.61,14.26,14.215,-0.77,-0.46,-0.35,-1.39,0.0,18.3,28.0,40.48,18.3,28.0,-22.4,-49.29,-64.92,22.68,49.46,False,False,False,False,False,False,False,False,False,2026-10-06,鋼鐵工業
2013,2013.TW,CSSC,中鋼構,82.2,,TWSE LISTED,鋼鐵工業,41.1,41.05,41.4,41.05,45925,1.89,41.34,41.3,-0.58,-0.48,0.0,-0.96,-0.24,47.0,68.5,81.7,47.0,68.5,-11.91,-39.56,-49.33,12.55,40.0,False,False,False,False,False,False,False,False,False,2026-10-06,鋼鐵工業
2014,2014.TW,CHUNG HUNG,中鴻,243.32,,TWSE LISTED,鋼鐵工業,16.95,16.9,17.0,16.8,1149410,19.48,17.08,16.89,-0.76,0.36,0.59,-0.88,0.89,20.9,29.45,64.7,20.9,29.45,-18.66,-42.28,-73.72,18.9,42.44,False,False,False,False,False,False,False,False,False,2026-10-06,鋼鐵工業
2015,2015.TW,FH,豐興,376.88,,TWSE LISTED,鋼鐵工業,64.8,63.8,64.8,63.8,160005,10.37,64.16,64.15,1.0,1.01,1.57,0.93,2.69,70.6,87.2,99.0,70.6,87.2,-8.22,-25.69,-34.55,8.22,25.69,False,False,False,True,False,False,False,True,False,2026-10-06,鋼鐵工業
2017,2017.TW,Quintain Steel,官田鋼,39.5,,TWSE LISTED,鋼鐵工業,8.84,8.93,8.97,8.8,685916,6.06,9.004,8.976,-1.82,-1.52,-1.01,-2.75,-0.9,10.95,16.1,32.05,10.95,16.1,-18.08,-44.29,-72.01,19.27,45.09,False,False,False,False,False,False,False,False,False,2026-10-06,鋼鐵工業
2020,2020.TW,MAYER PIPE,美亞,65.82,,TWSE LISTED,鋼鐵工業,24.65,24.8,25.4,24.5,2192105,54.04,25.94,24.06,-4.97,2.45,-2.38,-5.92,1.44,29.25,35.33,36.88,29.25,35.33,-13.16,-28.11,-31.12,15.73,30.24,False,False,False,False,False,False,False,False,False,2026-10-06,鋼鐵工業
2022,2022.TW,TYCOONS,聚亨,24.41,,TWSE LISTED,鋼鐵工業,7.24,7.3,7.3,7.17,140689,1.02,7.296,7.235,-0.77,0.07,-0.28,-1.36,-0.82,9.95,14.3,39.27,9.95,14.3,-26.63,-48.95,-81.41,27.24,49.37,False,False,False,False,False,False,False,False,False,2026-10-06,鋼鐵工業
2023,2023.TW,YP,燁輝,252.24,,TWSE LISTED,鋼鐵工業,13.85,13.8,13.95,13.8,493063,6.83,13.82,13.71,0.22,1.02,0.36,0.36,2.21,16.0,19.56,38.84,16.0,19.56,-12.81,-28.68,-64.09,13.44,29.19,False,False,False,False,False,False,False,False,False,2026-10-06,鋼鐵工業
2024,2024.TW,CHIH LIEN,志聯,12.68,,TWSE LISTED,鋼鐵工業,13.0,12.85,13.1,12.85,14000,0.18,13.12,12.995,-0.91,0.04,-1.14,-2.26,1.96,17.55,24.4,33.85,17.55,24.4,-25.36,-46.31,-61.3,25.93,46.72,False,False,False,False,False,False,False,False,False,2026-10-06,鋼鐵工業
2025,2025.TW,CSSSC,千興,23.91,,TWSE LISTED,鋼鐵工業,13.85,14.0,14.3,13.8,874708,12.11,14.15,13.48,-2.12,2.74,-0.36,-1.42,3.75,15.85,23.86,23.86,15.85,23.86,-9.78,-40.06,-40.06,12.62,41.94,False,False,False,False,False,False,False,False,False,2026-10-06,鋼鐵工業
2027,2027.TW,TC,大成鋼,1232.69,,TWSE LISTED,鋼鐵工業,47.7,48.2,48.25,47.65,5136599,245.02,47.83,47.365,-0.27,0.71,-0.42,-0.73,1.17,52.3,53.0,53.0,52.3,53.0,-7.74,-8.96,-8.96,8.8,10.0,False,False,False,False,False,False,False,True,True,2026-10-06,鋼鐵工業
2028,2028.TW,WEI CHIH,威致,55.05,,TWSE LISTED,鋼鐵工業,16.9,17.0,17.0,16.7,94000,1.59,16.86,16.495,0.24,2.46,0.6,1.81,1.81,21.9,30.3,67.8,21.9,30.3,-22.37,-43.89,-74.93,22.83,44.22,False,False,False,False,False,False,False,False,False,2026-10-06,鋼鐵工業
2029,2029.TW,SYSCO,盛餘,69.54,,TWSE LISTED,鋼鐵工業,21.65,21.75,21.9,21.6,187100,4.05,22.04,21.755,-1.77,-0.48,-0.69,-1.59,-2.26,22.8,32.15,58.0,22.8,32.15,-3.95,-31.88,-62.24,5.04,32.66,False,False,False,False,False,False,False,True,False,2026-10-06,鋼鐵工業
2030,2030.TW,FROCH,彰源,104.5,,TWSE LISTED,鋼鐵工業,37.25,37.65,37.65,36.05,4498974,167.59,37.38,33.04,-0.35,12.74,0.95,-1.06,11.53,40.0,40.0,52.8,40.0,40.0,-5.87,-5.87,-28.69,6.87,6.87,False,False,False,False,False,False,False,True,True,2026-10-06,鋼鐵工業
2031,2031.TW,Hkssteel,新光鋼,146.92,,TWSE LISTED,鋼鐵工業,45.75,45.7,46.35,45.45,411010,18.8,46.18,45.835,-0.93,-0.19,-0.11,-0.97,0.11,47.5,70.5,94.6,47.5,70.5,-2.42,-34.26,-51.0,3.68,35.11,False,False,False,False,False,False,False,True,False,2026-10-06,鋼鐵工業
2032,2032.TW,Sinkang,新鋼,24.99,,TWSE LISTED,鋼鐵工業,19.15,19.1,19.55,18.55,1194000,22.87,19.62,18.855,-2.4,1.56,0.79,-2.3,-3.77,21.0,22.4,46.5,21.0,22.4,-6.9,-12.72,-57.96,8.81,14.51,False,False,False,False,False,False,False,True,False,2026-10-06,鋼鐵工業
2033,2033.TW,CHIA TA,佳大,63.36,,TWSE LISTED,鋼鐵工業,52.8,51.6,53.5,48.8,1417035,74.82,48.78,42.775,8.24,23.44,3.53,13.43,37.14,56.3,56.3,56.3,56.3,56.3,-4.97,-4.97,-4.97,6.22,6.22,False,False,False,False,False,False,False,True,True,2026-10-06,鋼鐵工業
2034,2034.TW,YC,允強,126.69,,TWSE LISTED,鋼鐵工業,23.95,23.35,24.35,23.1,4387536,105.08,23.97,23.145,-0.08,3.48,1.91,1.48,2.35,25.0,28.95,47.3,25.0,28.95,-2.6,-15.89,-48.52,4.2,17.27,False,False,False,False,False,False,False,True,False,2026-10-06,鋼鐵工業
2035,2035.TWO,TE,唐榮公司,93.45,,TPEx LISTED,鋼鐵工業,26.7,26.7,26.7,26.7,0,0.0,26.7,26.7,0.0,0.0,0.0,-0.74,0.75,30.5,35.0,51.2,30.5,35.0,-12.46,-23.71,-47.85,12.46,23.71,False,False,False,False,False,False,False,False,False,2026-10-06,鋼鐵工業
2038,2038.TW,HAIKWANG,海光,23.98,,TWSE LISTED,鋼鐵工業,12.35,12.85,12.85,12.35,304354,3.76,12.81,12.55,-3.59,-1.59,-2.37,-4.26,-2.37,17.9,23.48,64.71,17.9,23.48,-28.21,-45.27,-80.14,31.01,47.4,False,False,False,False,False,False,False,False,False,2026-10-06,鋼鐵工業
2049,2049.TW,HIWIN,上銀,1201.12,,TWSE LISTED,電機機械,339.5,345.5,347.5,336.5,3429578,1164.34,337.5,333.7,0.59,1.74,-1.74,1.34,1.19,426.0,426.0,460.08,426.0,426.0,-18.43,-18.43,-24.47,20.31,20.31,False,False,True,False,False,False,False,False,False,2026-10-06,電機機械
2059,2059.TW,king slide,川湖,12483.92,,TWSE LISTED,電子零組件業,13100.0,13500.0,13500.0,12845.0,701284,9186.82,12498.0,12481.5,4.82,4.96,-1.91,10.69,8.13,15085.0,15085.0,15085.0,15085.0,15085.0,-10.51,-10.51,-10.51,13.16,13.16,False,False,False,False,False,False,False,False,False,2026-10-06,電子零組件業
2061,2061.TWO,FENG CHING,風青,37.58,,TPEx LISTED,電器電纜,65.5,65.0,67.5,64.5,2705146,177.19,64.0,59.83,2.34,9.48,0.46,6.16,10.27,85.8,85.8,85.8,85.8,85.8,-21.33,-21.33,-21.33,23.66,23.66,False,False,False,False,False,False,False,False,False,2026-10-06,電器電纜
2062,2062.TW,SSM,橋椿,35.8,,TWSE LISTED,居家生活,17.9,17.95,17.95,17.8,117000,2.09,17.97,18.01,-0.39,-0.61,0.0,-0.56,-0.56,24.4,43.45,46.99,24.4,43.45,-26.43,-58.69,-61.8,26.64,58.8,False,False,False,False,False,False,False,False,False,2026-10-06,居家生活
2063,2063.TWO,SHEH KAI,世鎧精密,11.3,,TPEx LISTED,鋼鐵工業,23.5,23.7,23.8,23.4,33000,0.78,23.61,23.64,-0.47,-0.59,-1.26,-0.42,0.21,29.45,60.0,60.0,29.45,60.0,-19.19,-60.33,-60.33,20.2,60.83,False,False,False,False,False,False,False,False,False,2026-10-06,鋼鐵工業
2064,2064.TWO,CAMELLIA,晉椿,8.32,,TPEx LISTED,鋼鐵工業,12.0,11.9,12.0,11.8,6000,0.07,11.97,11.905,0.25,0.8,0.42,0.0,0.84,16.35,17.5,33.7,16.35,17.5,-26.61,-31.43,-64.39,26.61,31.43,False,False,False,True,False,False,False,False,False,2026-10-06,鋼鐵工業
2065,2065.TWO,SF,世豐,22.58,,TPEx LISTED,鋼鐵工業,35.55,35.6,35.75,35.4,49000,1.74,35.59,35.36,-0.11,0.54,0.0,-0.28,1.14,38.45,67.0,67.0,38.45,67.0,-7.02,-46.64,-46.64,7.54,46.94,False,False,False,False,False,False,False,True,False,2026-10-06,鋼鐵工業
2066,2066.TWO,SUMEEKO,世德,22.94,,TPEx LISTED,電機機械,51.6,52.0,53.6,51.6,54000,2.79,52.08,52.33,-0.92,-1.39,-1.53,-0.19,-2.09,75.9,154.0,154.0,75.9,154.0,-29.38,-65.19,-65.19,32.02,66.49,False,False,False,False,False,False,False,False,False,2026-10-06,電機機械
2067,2067.TWO,CYSTEEL,嘉鋼,2.17,,TPEx LISTED,電機機械,6.399,6.519,6.519,6.226,36004,0.23,6.506,6.759,-1.64,-5.33,-1.84,-2.24,-7.69,14.8,18.4,26.66,14.8,18.4,-55.95,-64.57,-75.55,56.76,65.22,False,False,False,False,False,False,False,False,False,2026-10-06,電機機械
2069,2069.TW,YC,運錩,41.01,,TWSE LISTED,鋼鐵工業,24.65,25.0,25.35,24.35,1823460,44.95,25.57,25.475,-3.6,-3.24,-0.6,-4.27,-6.98,27.55,27.55,48.26,27.55,27.55,-7.99,-7.99,-47.48,10.53,10.53,False,False,False,False,False,False,False,False,False,2026-10-06,鋼鐵工業
2070,2070.TWO,Ching Chan,精湛,25.99,,TPEx LISTED,電機機械,62.2,62.5,62.5,61.7,60000,3.73,62.84,62.16,-1.02,0.06,-0.64,-1.27,-0.96,82.9,122.5,122.5,82.9,122.5,-24.61,-48.98,-48.98,24.97,49.22,False,False,False,False,False,False,False,False,False,2026-10-06,電機機械
2072,2072.TW,CENE,世紀風電,246.72,,TWSE LISTED,綠能環保,128.5,129.0,130.0,128.5,75005,9.64,131.2,129.9,-2.06,-1.08,-0.39,-4.1,-2.28,321.0,505.0,505.0,321.0,505.0,-59.5,-74.26,-74.26,59.97,74.55,False,False,False,False,False,False,False,False,False,2026-10-06,綠能環保
2073,2073.TWO,SSMC,雄順,7.04,,TPEx LISTED,鋼鐵工業,25.6,25.6,25.6,25.6,0,0.0,25.56,25.565,0.16,0.14,0.0,-0.78,1.59,30.05,31.9,53.0,30.05,31.9,-14.81,-19.75,-51.7,14.81,19.75,False,False,False,False,False,False,False,False,False,2026-10-06,鋼鐵工業
2101,2101.TW,NK,南港,213.58,,TWSE LISTED,橡膠工業,29.1,28.75,29.25,28.7,1440910,41.93,29.33,29.68,-0.78,-1.95,1.39,-1.85,-2.35,38.35,65.2,65.2,38.35,65.2,-23.73,-55.14,-55.14,24.12,55.37,False,False,False,False,False,False,False,False,False,2026-10-06,橡膠工業
2102,2102.TW,FEDERAL CORP,泰豐,78.1,,TWSE LISTED,橡膠工業,16.5,16.4,16.8,16.4,345666,5.7,16.61,16.605,-0.66,-0.63,0.61,-2.08,1.23,21.4,24.9,35.35,21.4,24.9,-21.5,-32.53,-52.48,22.9,33.73,False,False,False,False,False,False,False,False,False,2026-10-06,橡膠工業
2103,2103.TW,TSRC,台橡,229.96,,TWSE LISTED,橡膠工業,27.85,28.7,28.7,27.85,2337749,65.11,28.14,27.895,-1.03,-0.16,-2.62,-0.36,1.64,29.45,29.45,43.9,29.45,29.45,-2.55,-2.55,-34.62,5.43,5.43,False,False,False,False,False,False,False,True,True,2026-10-06,橡膠工業
2104,2104.TW,CSRC,國際中橡,110.78,,TWSE LISTED,橡膠工業,11.25,11.3,11.4,11.05,3090403,34.77,11.13,11.035,1.08,1.95,0.0,2.27,5.14,14.8,20.1,40.75,14.8,20.1,-22.97,-43.28,-72.03,23.99,44.03,False,False,False,False,False,False,False,False,False,2026-10-06,橡膠工業
2105,2105.TW,CST,正新,974.05,,TWSE LISTED,橡膠工業,30.05,30.15,30.2,30.05,2724566,81.87,30.37,30.22,-1.05,-0.56,-0.33,-1.64,-0.17,35.3,62.0,67.1,35.3,62.0,-14.45,-51.29,-54.99,14.87,51.53,False,False,False,False,False,False,False,False,False,2026-10-06,橡膠工業
2106,2106.TW,KENDA,建大,157.56,,TWSE LISTED,橡膠工業,16.5,16.55,16.6,16.45,267125,4.41,16.59,16.575,-0.54,-0.45,0.0,-0.9,0.3,21.15,35.7,49.05,21.15,35.7,-21.51,-53.5,-66.16,21.99,53.78,False,False,False,False,False,False,False,False,False,2026-10-06,橡膠工業
2107,2107.TW,FRG,厚生,84.25,,TWSE LISTED,橡膠工業,27.75,27.0,28.0,27.0,934539,25.93,27.15,27.045,2.21,2.61,2.4,2.97,3.54,27.3,28.85,32.83,28.0,28.85,2.56,-2.95,-14.72,0.89,3.81,False,False,False,True,True,False,False,True,True,2026-10-06,橡膠工業
2108,2108.TW,NANTEX,南帝,141.32,,TWSE LISTED,橡膠工業,28.7,28.2,28.85,28.1,555804,15.95,28.43,28.525,0.95,0.61,2.14,1.23,1.77,32.7,46.5,176.0,32.7,46.5,-11.77,-37.96,-83.61,12.23,38.28,False,False,False,True,False,False,False,False,False,2026-10-06,橡膠工業
2109,2109.TW,HWA FONG,華豐,39.81,,TWSE LISTED,橡膠工業,14.25,14.3,14.3,14.2,116150,1.66,14.33,14.54,-0.56,-1.99,0.0,-1.04,-0.7,15.25,20.95,25.9,15.25,20.95,-6.23,-31.74,-44.79,6.56,31.98,False,False,False,False,False,False,False,True,False,2026-10-06,橡膠工業
2114,2114.TW,HYC,鑫永銓,70.27,,TWSE LISTED,橡膠工業,90.1,90.8,90.8,89.8,30000,2.7,90.0,89.9,0.11,0.22,0.11,0.11,0.45,95.3,113.5,149.0,95.3,113.5,-4.72,-20.0,-39.06,5.46,20.62,False,False,False,True,False,False,False,True,False,2026-10-06,橡膠工業
2115,2115.TW,LU HAI,六暉-KY,24.89,,TWSE LISTED,汽車工業,23.85,23.85,24.0,23.75,24000,0.57,23.88,23.815,-0.13,0.15,-0.21,0.0,0.63,27.25,32.9,47.88,27.25,32.9,-11.93,-27.06,-49.87,12.48,27.52,False,False,False,False,False,False,False,False,False,2026-10-06,汽車工業
2201,2201.TW,YL,裕隆,301.74,,TWSE LISTED,汽車工業,28.2,28.3,28.4,28.2,3242867,91.45,28.73,28.985,-1.84,-2.71,-0.53,-3.42,-3.42,33.7,91.7,93.25,33.7,91.7,-15.73,-69.03,-69.54,16.32,69.25,False,False,False,False,False,False,False,False,False,2026-10-06,汽車工業
2204,2204.TW,CMC,中華,282.9,,TWSE LISTED,汽車工業,51.1,51.1,51.3,50.9,443678,22.67,51.68,52.08,-1.12,-1.88,0.0,-2.11,-1.73,60.2,151.0,151.0,60.2,151.0,-14.78,-66.03,-66.03,15.12,66.16,False,False,False,False,False,False,False,False,False,2026-10-06,汽車工業
2206,2206.TW,SYM,三陽工業,488.19,,TWSE LISTED,汽車工業,63.1,62.6,63.3,62.4,648004,40.89,62.64,62.99,0.73,0.17,0.8,0.8,0.96,66.7,89.6,99.3,66.7,89.6,-5.1,-29.35,-36.25,5.4,29.58,False,False,False,True,False,False,False,True,False,2026-10-06,汽車工業
2207,2207.TW,HOTAI MOTOR,和泰車,2869.08,,TWSE LISTED,汽車工業,515.0,514.0,517.0,512.0,208303,107.28,512.4,514.2,0.51,0.16,0.98,0.0,1.78,585.0,721.0,867.65,585.0,721.0,-11.62,-28.29,-40.41,11.97,28.57,False,False,False,True,False,False,False,False,False,2026-10-06,汽車工業
2208,2208.TW,CSBC,台船,235.15,,TWSE LISTED,航運業,18.45,18.65,18.7,18.4,3488033,64.35,18.75,19.03,-1.6,-3.05,0.0,-2.12,-3.4,24.9,30.0,51.84,24.9,30.0,-24.9,-37.67,-63.93,25.9,38.5,False,False,False,False,False,False,False,False,False,2026-10-06,航運業
2211,2211.TW,EGST,長榮鋼,329.92,,TWSE LISTED,鋼鐵工業,79.1,79.0,79.3,78.8,346000,27.37,79.3,79.57,-0.25,-0.59,0.13,-0.25,0.38,105.5,158.5,158.5,105.5,158.5,-24.83,-49.97,-49.97,25.02,50.09,False,False,False,False,False,False,False,False,False,2026-10-06,鋼鐵工業
2221,2221.TWO,DAJA、YHMCO,大甲,78.72,,TPEx LISTED,其他,186.0,186.5,188.0,180.0,619592,115.24,187.3,173.3,-0.69,7.33,0.0,3.91,3.33,198.0,198.0,198.0,198.0,198.0,-5.05,-5.05,-5.05,6.06,6.06,False,False,False,False,False,False,False,True,True,2026-10-06,其他
2227,2227.TW,YNM,裕日車,135.0,,TWSE LISTED,汽車工業,45.0,44.0,45.0,44.0,44000,1.98,44.72,44.905,0.63,0.21,1.81,0.0,0.56,56.4,192.0,332.0,56.4,192.0,-20.21,-76.56,-86.45,20.21,76.56,False,False,False,True,False,False,False,False,False,2026-10-06,汽車工業
2228,2228.TW,IRF,劍麟,58.96,,TWSE LISTED,汽車工業,73.9,73.8,74.6,73.8,37004,2.73,74.68,74.75,-1.04,-1.14,-0.27,-2.38,-1.47,111.5,131.0,221.0,111.5,131.0,-33.09,-43.05,-66.24,33.72,43.59,False,False,False,False,False,False,False,False,False,2026-10-06,汽車工業
2230,2230.TWO,C.T.I.,泰茂,14.73,,TPEx LISTED,居家生活,21.65,21.8,21.9,20.9,135400,2.93,21.79,21.68,-0.64,-0.14,-0.69,0.7,-0.46,95.3,160.83,160.83,95.3,160.83,-77.02,-86.38,-86.38,77.28,86.54,False,False,False,False,False,False,False,False,False,2026-10-06,居家生活
2231,2231.TW,CUB,為升,123.43,,TWSE LISTED,汽車工業,90.8,92.2,92.3,90.8,185213,16.82,92.56,92.23,-1.9,-1.55,-1.52,-2.26,-1.3,148.5,150.5,332.16,148.5,150.5,-37.85,-38.67,-72.21,38.86,39.67,False,False,False,False,False,False,False,False,False,2026-10-06,汽車工業
2233,2233.TW,TURVO,宇隆,100.98,,TWSE LISTED,汽車工業,167.5,171.5,171.5,166.0,255003,42.71,168.4,166.3,-0.53,0.72,-0.89,-0.59,-0.3,394.0,394.0,394.0,394.0,394.0,-56.47,-56.47,-56.47,57.49,57.49,False,False,False,False,False,False,False,False,False,2026-10-06,汽車工業
2235,2235.TWO,I YUAN,謚源,10.05,,TPEx LISTED,電機機械,28.0,28.15,28.25,27.25,8100,0.23,27.86,28.11,0.5,-0.39,2.94,0.0,-1.06,37.9,59.9,131.15,37.9,59.9,-25.46,-52.84,-78.46,26.12,53.26,False,False,False,False,False,False,False,False,False,2026-10-06,電機機械
2236,2236.TW,Patec,百達-KY,56.02,,TWSE LISTED,汽車工業,88.2,99.0,102.0,88.2,3529500,311.3,102.34,105.87,-13.82,-16.69,-10.0,-18.71,-17.57,189.5,189.5,189.5,189.5,189.5,-46.17,-46.17,-46.17,53.46,53.46,False,False,False,False,False,False,False,False,False,2026-10-06,汽車工業
2237,2237.TW,RAC,華德動能-創,34.54,,TWSE LISTED,汽車工業,26.8,26.95,26.95,26.45,126000,3.38,26.81,26.895,-0.04,-0.35,-0.56,0.19,-0.37,44.4,44.4,51.5,44.4,44.4,-39.3,-39.3,-47.67,39.64,39.64,False,False,False,False,False,False,False,False,False,2026-10-06,汽車工業
2239,2239.TW,Cayman Engley,英利-KY,21.25,,TWSE LISTED,汽車工業,18.05,18.5,18.5,17.95,103032,1.86,18.7,18.78,-3.48,-3.89,-2.43,-5.25,-3.99,38.0,67.9,201.61,38.0,67.9,-51.32,-72.75,-90.82,52.5,73.42,False,False,False,False,False,False,False,False,False,2026-10-06,汽車工業
2241,2241.TW,Amulaire,艾姆勒,49.53,,TWSE LISTED,汽車工業,47.35,46.5,48.45,46.25,5347425,253.2,45.47,43.7,4.13,8.35,2.82,7.49,7.61,55.0,55.8,93.34,55.0,55.8,-11.91,-13.17,-48.09,13.91,15.14,False,False,False,False,False,False,False,False,False,2026-10-06,汽車工業
2243,2243.TW,HS,宏旭-KY,44.34,,TWSE LISTED,汽車工業,57.3,55.3,58.0,54.4,611774,35.05,53.88,52.8,6.35,8.52,5.14,9.77,13.47,67.8,67.8,69.92,67.8,67.8,-14.45,-14.45,-17.05,15.49,15.49,True,False,False,False,False,False,False,False,False,2026-10-06,汽車工業
2247,2247.TW,PGUM,汎德永業,183.21,,TWSE LISTED,汽車工業,227.0,225.0,227.0,224.5,28030,6.36,226.0,227.55,0.44,-0.24,0.44,0.67,1.79,293.5,354.0,427.5,293.5,354.0,-22.66,-35.88,-46.9,22.66,35.88,False,False,False,False,False,False,False,False,False,2026-10-06,汽車工業
2248,2248.TW,eLAND,華勝-KY,28.75,,TWSE LISTED,汽車工業,60.4,60.8,60.8,60.0,25040,1.51,60.96,61.14,-0.92,-1.21,-0.49,-1.63,-1.79,70.8,78.0,78.0,70.8,78.0,-14.12,-22.05,-22.05,14.69,22.56,False,False,False,False,False,False,False,False,False,2026-10-06,汽車工業
2250,2250.TW,IKKA-KY,IKKA-KY,20.05,,TWSE LISTED,汽車工業,55.1,56.6,56.6,54.8,39094,2.15,55.76,56.34,-1.18,-2.2,-0.18,-1.08,-2.99,79.0,153.65,207.07,79.0,153.65,-28.35,-63.16,-72.67,30.25,64.14,False,False,False,False,False,False,False,False,False,2026-10-06,汽車工業
2254,2254.TW,COPLUS,巨鎧精密-創,64.87,,TWSE LISTED,汽車工業,101.5,95.1,102.0,94.6,4339452,440.45,95.46,90.54,6.33,12.11,7.07,7.86,10.57,95.0,125.0,149.58,102.0,125.0,7.37,-18.4,-31.81,0.49,18.8,True,True,False,False,True,False,False,True,False,2026-10-06,汽車工業
2258,2258.TW,Foxtron,鴻華先進-創,542.02,,TWSE LISTED,汽車工業,30.95,30.9,31.2,30.7,353203,10.93,31.27,31.065,-1.02,-0.37,1.48,-2.98,0.0,43.3,52.7,52.7,43.3,52.7,-27.94,-40.8,-40.8,28.52,41.27,False,False,False,False,False,False,False,False,False,2026-10-06,汽車工業
2301,2301.TW,LTC,光寶科,6925.16,,TWSE LISTED,電腦及週邊設備業,299.0,298.0,303.0,292.5,16803916,5024.37,288.5,286.7,3.64,4.29,0.34,5.1,6.41,328.0,328.0,328.0,328.0,328.0,-7.62,-7.62,-7.62,8.84,8.84,False,False,False,False,False,False,False,True,True,2026-10-06,電腦及週邊設備業
2302,2302.TW,RECTRON,麗正,77.16,,TWSE LISTED,半導體業,46.4,49.4,49.4,46.05,6082962,282.25,46.85,45.92,-0.96,1.05,-6.92,-0.22,2.43,58.1,58.1,58.1,58.1,58.1,-14.97,-14.97,-14.97,20.14,20.14,False,False,False,False,False,False,False,False,False,2026-10-06,半導體業
2303,2303.TW,UMC,聯電,18540.89,,TWSE LISTED,半導體業,147.5,149.0,150.0,146.0,304983374,44985.05,155.5,156.2,-5.14,-5.57,-3.28,-8.67,-3.91,185.5,185.5,185.5,185.5,185.5,-19.14,-19.14,-19.14,20.49,20.49,False,False,False,False,False,False,False,False,False,2026-10-06,半導體業
2305,2305.TW,MII,全友,119.9,,TWSE LISTED,電腦及週邊設備業,58.3,58.6,63.5,57.2,28906800,1685.27,61.38,62.13,-5.02,-6.16,0.87,-5.82,-15.63,72.5,72.5,72.5,72.5,72.5,-12.41,-12.41,-12.41,19.59,19.59,False,False,False,False,False,False,False,False,False,2026-10-06,電腦及週邊設備業
2308,2308.TW,DELTA,台達電,53249.64,,TWSE LISTED,電子零組件業,2050.0,2045.0,2115.0,2010.0,13605448,27891.17,1947.0,1915.5,5.29,7.02,2.24,7.61,11.72,2585.0,2585.0,2585.0,2585.0,2585.0,-18.18,-18.18,-18.18,20.7,20.7,False,False,False,False,False,False,False,False,False,2026-10-06,電子零組件業
2312,2312.TW,KINPO,金寶,462.27,,TWSE LISTED,其他電子業,30.7,31.2,31.55,30.6,7994447,245.43,30.9,30.88,-0.65,-0.58,0.0,-0.97,0.0,44.4,44.4,44.4,44.4,44.4,-28.94,-28.94,-28.94,30.86,30.86,False,False,False,False,False,False,False,False,False,2026-10-06,其他電子業
2313,2313.TW,COMPEQ,華通,3109.23,,TWSE LISTED,電子零組件業,252.0,254.0,256.0,245.0,96074837,24210.86,235.5,229.4,7.01,9.85,1.41,12.25,11.5,305.5,305.5,305.5,305.5,305.5,-16.2,-16.2,-16.2,17.51,17.51,True,False,False,False,False,False,False,False,False,2026-10-06,電子零組件業
2314,2314.TW,MTI,台揚,11.84,,TWSE LISTED,通信網路業,10.9,10.9,10.95,10.9,132991,1.45,11.14,11.14,-2.15,-2.15,-1.8,-5.22,-1.36,24.1,102.12,224.98,24.1,102.12,-54.56,-89.28,-95.13,54.77,89.33,False,False,False,False,False,False,False,False,False,2026-10-06,通信網路業
2316,2316.TW,WUS,楠梓電,318.88,,TWSE LISTED,電子零組件業,174.5,172.5,176.5,170.0,3386342,590.92,169.9,164.75,2.71,5.92,1.75,4.49,7.72,248.5,248.5,248.5,248.5,248.5,-28.97,-28.97,-28.97,29.78,29.78,True,True,False,False,False,False,False,False,False,2026-10-06,電子零組件業
2317,2317.TW,HON HAI,鴻海,36033.91,,TWSE LISTED,其他電子業,256.0,263.0,266.5,253.5,94845143,24280.36,253.3,252.65,1.07,1.33,0.79,0.79,2.2,314.0,314.0,314.0,314.0,314.0,-15.13,-15.13,-15.13,18.47,18.47,False,False,False,False,False,False,False,False,False,2026-10-06,其他電子業
2321,2321.TW,TECOM,東訊,4.22,,TWSE LISTED,通信網路業,25.5,25.5,25.5,25.5,5808,0.15,24.9,24.94,2.41,2.25,0.59,8.51,2.0,34.56,38.4,164.57,34.56,38.4,-26.21,-33.59,-84.51,26.21,33.59,False,False,False,False,False,False,False,False,False,2026-10-06,通信網路業
2323,2323.TW,CMC,中環,119.83,,TWSE LISTED,光電業,12.222,12.222,12.222,12.222,0,0.0,12.222,12.106,-0.0,0.96,0.0,0.0,2.8,14.56,16.22,24.91,14.56,16.22,-16.03,-24.66,-50.94,16.03,24.66,False,False,False,False,False,False,False,False,False,2026-10-06,光電業
2324,2324.TW,Compal,仁寶,1582.17,,TWSE LISTED,電腦及週邊設備業,35.9,36.05,36.15,35.7,19845123,712.44,36.33,36.565,-1.18,-1.82,0.28,-2.05,-0.42,47.75,47.75,47.75,47.75,47.75,-24.29,-24.29,-24.29,24.82,24.82,False,False,False,False,False,False,False,False,False,2026-10-06,電腦及週邊設備業
2327,2327.TW,YAGEO,國巨*,12867.07,,TWSE LISTED,電子零組件業,625.0,630.0,635.0,615.0,28321626,17701.02,605.4,585.6,3.24,6.73,-0.16,3.82,14.05,1220.0,1220.0,1220.0,1220.0,1220.0,-47.95,-47.95,-47.95,48.77,48.77,False,False,False,False,False,False,False,False,False,2026-10-06,電子零組件業
2328,2328.TW,PI,廣宇,249.32,,TWSE LISTED,電子零組件業,48.1,48.8,49.6,48.1,1977136,95.1,47.93,47.55,0.35,1.16,-0.41,0.73,2.34,64.5,64.5,64.5,64.5,64.5,-23.1,-23.1,-23.1,25.43,25.43,False,False,False,False,False,False,False,False,False,2026-10-06,電子零組件業
2329,2329.TW,OSE,華泰,298.83,,TWSE LISTED,半導體業,45.35,45.0,45.65,44.5,2261307,102.55,44.9,44.435,1.0,2.06,0.78,2.25,3.54,71.1,88.4,88.4,71.1,88.4,-35.79,-48.36,-48.36,36.22,48.7,False,False,False,False,False,False,False,False,False,2026-10-06,半導體業
2330,2330.TW,TSMC,台積電,670351.77,,TWSE LISTED,半導體業,2585.0,2575.0,2590.0,2565.0,18510024,47848.41,2530.0,2504.0,2.17,3.23,0.39,2.99,4.44,2580.0,2580.0,2580.0,2590.0,2590.0,0.39,0.39,0.39,0.19,0.19,False,False,False,False,True,True,True,True,True,2026-10-06,半導體業
2331,2331.TW,ECS,精英,104.79,,TWSE LISTED,電腦及週邊設備業,18.8,18.85,18.9,18.75,678759,12.76,19.0,19.015,-1.05,-1.13,0.0,-1.83,0.53,30.35,41.45,41.45,30.35,41.45,-37.73,-54.4,-54.4,38.06,54.64,False,False,False,False,False,False,False,False,False,2026-10-06,電腦及週邊設備業
2332,2332.TW,D-LINK,友訊,122.84,,TWSE LISTED,通信網路業,20.4,20.4,20.7,20.2,6722743,137.14,20.35,20.31,0.25,0.44,1.24,1.24,1.49,26.45,28.6,33.48,26.45,28.6,-21.74,-27.62,-38.17,22.87,28.67,False,False,False,True,False,False,False,False,False,2026-10-06,通信網路業
2337,2337.TW,Macronix,旺宏,2368.32,,TWSE LISTED,半導體業,119.5,121.5,122.5,119.5,12948914,1547.4,121.3,119.9,-1.48,-0.33,-1.65,-1.24,0.84,192.0,192.0,192.0,192.0,192.0,-36.2,-36.2,-36.2,37.76,37.76,False,False,False,False,False,False,False,False,False,2026-10-06,半導體業
2338,2338.TW,TMC,光罩,176.47,,TWSE LISTED,半導體業,47.65,48.3,48.55,47.0,3761279,179.22,48.0,47.705,-0.73,-0.12,-1.14,0.95,1.17,61.4,85.2,117.0,61.4,85.2,-20.93,-43.02,-58.5,22.39,44.07,False,False,False,False,False,False,False,False,False,2026-10-06,半導體業
2340,2340.TW,TASC,台亞,207.47,,TWSE LISTED,半導體業,47.3,50.3,50.4,45.3,45475871,2151.01,45.6,40.35,3.73,17.22,-5.96,7.87,24.47,50.3,51.0,80.4,50.4,51.0,0.2,-1.18,-37.31,6.15,7.25,False,False,False,False,True,False,False,True,True,2026-10-06,半導體業
2342,2342.TW,MVI,茂矽,77.88,,TWSE LISTED,半導體業,49.5,49.7,50.3,48.0,5805706,287.38,49.97,47.765,-0.94,3.63,0.2,0.3,-1.2,63.9,63.9,63.9,63.9,63.9,-21.28,-21.28,-21.28,22.54,22.54,False,False,False,False,False,False,False,False,False,2026-10-06,半導體業
2344,2344.TW,WEC,華邦電,7987.5,,TWSE LISTED,半導體業,177.5,181.5,183.0,177.5,57694663,10240.8,179.4,176.0,-1.06,0.85,-1.93,-1.39,2.01,233.5,233.5,233.5,233.5,233.5,-21.63,-21.63,-21.63,23.98,23.98,False,False,False,False,False,False,False,False,False,2026-10-06,半導體業
2345,2345.TW,ACCTON,智邦,11502.92,,TWSE LISTED,通信網路業,2050.0,2080.0,2105.0,2035.0,3426686,7024.71,1953.0,1911.5,4.97,7.25,-1.2,7.89,13.26,2825.0,2825.0,2825.0,2825.0,2825.0,-25.49,-25.49,-25.49,27.43,27.43,False,False,False,False,False,False,False,False,False,2026-10-06,通信網路業
2347,2347.TW,Synnex,聯強,1597.89,,TWSE LISTED,電子通路業,95.8,96.0,96.6,94.9,2480204,237.6,96.04,94.34,-0.25,1.55,-1.24,0.42,1.38,100.0,100.0,100.0,100.0,100.0,-3.4,-3.4,-3.4,4.2,4.2,False,False,False,False,False,False,False,True,True,2026-10-06,電子通路業
2348,2348.TW,Hiyes,海悅,112.6,,TWSE LISTED,其他,70.6,70.7,71.9,70.4,215807,15.24,70.42,71.31,0.26,-1.0,1.0,0.28,0.14,85.24,319.05,319.05,85.24,319.05,-15.65,-77.46,-77.46,17.17,77.87,False,False,False,False,False,False,False,False,False,2026-10-06,其他
2349,2349.TW,RITEK,錸德,71.45,,TWSE LISTED,光電業,10.3,10.35,10.4,10.25,1525295,15.71,10.47,10.42,-1.62,-1.15,-0.48,-1.9,-0.96,17.1,21.9,50.05,17.1,21.9,-39.18,-52.51,-79.22,39.77,52.97,False,False,False,False,False,False,False,False,False,2026-10-06,光電業
2351,2351.TW,SDI,順德,423.31,,TWSE LISTED,半導體業,218.5,226.0,226.0,216.0,3512198,767.42,214.7,220.95,1.77,-1.11,-1.58,2.82,1.39,257.0,257.0,257.0,257.0,257.0,-12.06,-12.06,-12.06,14.98,14.98,False,False,False,False,False,False,False,False,False,2026-10-06,半導體業
2352,2352.TW,Qisda,佳世達,455.19,,TWSE LISTED,電腦及週邊設備業,28.8,29.35,29.8,28.8,5508265,158.64,29.14,29.17,-1.17,-1.27,-0.52,-1.03,-0.69,36.3,60.91,79.02,36.3,60.91,-17.91,-51.08,-62.29,20.66,52.72,False,False,False,False,False,False,False,False,False,2026-10-06,電腦及週邊設備業
2353,2353.TW,ACER,宏碁,946.36,,TWSE LISTED,電腦及週邊設備業,31.05,31.3,31.4,31.05,15428243,479.05,31.47,31.56,-1.33,-1.62,-1.11,-2.51,-1.11,44.2,60.5,60.5,44.2,60.5,-28.96,-48.1,-48.1,29.75,48.68,False,False,False,False,False,False,False,False,False,2026-10-06,電腦及週邊設備業
2354,2354.TW,FTC,鴻準,886.88,,TWSE LISTED,其他電子業,62.7,64.0,64.8,62.7,12243062,767.64,64.94,65.21,-3.45,-3.85,-2.64,-5.29,-3.69,69.5,99.9,102.0,69.5,99.9,-6.76,-35.14,-36.47,9.78,37.24,False,False,False,False,False,False,False,True,False,2026-10-06,其他電子業
2355,2355.TW,CHIN-POON,敬鵬,174.1,,TWSE LISTED,電子零組件業,43.8,44.7,45.2,43.8,5391098,236.13,42.97,42.255,1.93,3.66,-1.9,6.05,5.29,71.0,71.0,71.0,71.0,71.0,-36.34,-36.34,-36.34,38.31,38.31,False,False,False,False,False,False,False,False,False,2026-10-06,電子零組件業
2356,2356.TW,INVENTEC,英業達,2102.26,,TWSE LISTED,電腦及週邊設備業,58.6,58.2,58.9,58.1,11979447,702.0,59.02,59.82,-0.71,-2.04,0.51,-1.84,-1.01,88.6,88.6,88.6,88.6,88.6,-33.52,-33.52,-33.52,33.86,33.86,False,False,False,False,False,False,False,False,False,2026-10-06,電腦及週邊設備業
2357,2357.TW,ASUSTEK,華碩,7427.6,,TWSE LISTED,電腦及週邊設備業,1000.0,995.0,1005.0,977.0,1440308,1440.31,976.6,965.6,2.4,3.56,0.5,3.63,3.84,1030.0,1030.0,1030.0,1030.0,1030.0,-2.43,-2.43,-2.43,2.91,2.91,False,False,False,False,False,False,False,True,True,2026-10-06,電腦及週邊設備業
2359,2359.TW,SOLOMON,所羅門,216.05,,TWSE LISTED,其他電子業,126.0,128.0,128.0,126.0,1061284,133.72,127.6,128.4,-1.25,-1.87,-0.79,-1.56,-1.95,183.0,187.5,187.5,183.0,187.5,-30.05,-31.73,-31.73,31.15,32.8,False,False,False,False,False,False,False,False,False,2026-10-06,其他電子業
2360,2360.TW,CHROMA,致茂,9993.27,,TWSE LISTED,其他電子業,2350.0,2330.0,2370.0,2275.0,1859588,4370.03,2216.0,2270.0,6.05,3.52,1.08,12.98,7.55,2795.0,2795.0,2795.0,2795.0,2795.0,-15.21,-15.21,-15.21,15.92,15.92,True,False,False,False,False,False,False,False,False,2026-10-06,其他電子業
2362,2362.TW,CLEVO CO.,藍天,289.35,,TWSE LISTED,電腦及週邊設備業,46.5,46.35,46.75,46.2,250298,11.64,46.58,47.11,-0.17,-1.29,0.54,-0.21,-0.43,52.1,69.3,69.3,52.1,69.3,-10.27,-32.54,-32.54,10.75,32.9,False,False,False,False,False,False,False,False,False,2026-10-06,電腦及週邊設備業
2363,2363.TW,SiS,矽統,304.36,,TWSE LISTED,半導體業,59.1,59.6,60.1,58.1,5731106,338.71,60.16,59.72,-1.76,-1.04,-0.84,-2.48,-0.17,76.1,116.92,116.92,76.1,116.92,-21.02,-48.6,-48.6,22.34,49.45,False,False,False,False,False,False,False,False,False,2026-10-06,半導體業
2364,2364.TW,Twinhead,倫飛,37.23,,TWSE LISTED,電腦及週邊設備業,64.6,64.7,65.2,64.5,85150,5.5,64.96,65.67,-0.55,-1.63,-0.31,-0.46,-0.46,81.64,86.34,86.34,81.64,86.34,-20.13,-24.48,-24.48,20.87,25.18,False,False,False,False,False,False,False,False,False,2026-10-06,電腦及週邊設備業
2365,2365.TW,KYE,昆盈,61.47,,TWSE LISTED,電腦及週邊設備業,27.75,28.0,28.0,27.65,739747,20.53,28.14,28.33,-1.39,-2.05,-0.89,-1.6,-1.25,44.0,71.3,71.3,44.0,71.3,-36.36,-60.73,-60.73,36.93,61.08,False,False,False,False,False,False,False,False,False,2026-10-06,電腦及週邊設備業
2367,2367.TW,UNITECH,燿華,336.53,,TWSE LISTED,電子零組件業,47.65,49.65,49.65,47.25,38428439,1831.12,45.87,43.875,3.88,8.6,-4.03,9.92,12.78,82.5,82.5,82.5,82.5,82.5,-39.82,-39.82,-39.82,42.24,42.24,False,False,False,False,False,False,False,False,False,2026-10-06,電子零組件業
2368,2368.TW,GCE,金像電,6685.5,,TWSE LISTED,電子零組件業,1260.0,1220.0,1295.0,1200.0,20953922,26401.94,1159.0,1124.5,8.71,12.05,3.7,15.07,12.5,1580.0,1580.0,1580.0,1580.0,1580.0,-18.04,-18.04,-18.04,20.25,20.25,True,False,False,False,False,False,False,False,False,2026-10-06,電子零組件業
2369,2369.TW,LPI,菱生,119.35,,TWSE LISTED,半導體業,31.4,31.95,31.95,31.2,2575818,80.88,31.77,31.695,-1.16,-0.93,-0.63,-1.1,-0.63,45.7,45.7,45.7,45.7,45.7,-30.09,-30.09,-30.09,31.29,31.29,False,False,False,False,False,False,False,False,False,2026-10-06,半導體業
2371,2371.TW,TATUNG COMPANY,大同,658.16,,TWSE LISTED,電機機械,30.6,30.15,30.9,30.0,11287192,345.39,30.56,29.945,0.13,2.19,1.49,0.33,4.26,44.5,76.32,76.32,44.5,76.32,-30.56,-59.51,-59.51,31.24,59.9,False,False,False,False,False,False,False,False,False,2026-10-06,電機機械
2373,2373.TW,Aurora,震旦行,125.66,,TWSE LISTED,其他電子業,53.2,52.5,53.3,52.3,74160,3.95,52.8,52.86,0.76,0.64,1.33,0.38,1.33,59.0,77.0,119.0,59.0,77.0,-9.66,-30.78,-55.21,9.83,30.91,False,False,False,True,False,False,False,True,False,2026-10-06,其他電子業
2374,2374.TW,ABILITY,佳能,223.75,,TWSE LISTED,光電業,66.2,66.9,67.5,66.1,1316607,87.16,66.74,66.61,-0.81,-0.62,-0.45,-0.75,0.0,97.15,101.0,101.0,97.15,101.0,-30.52,-33.17,-33.17,31.86,34.46,False,False,False,False,False,False,False,False,False,2026-10-06,光電業
2375,2375.TW,KAIMEI,凱美,136.39,,TWSE LISTED,電子零組件業,125.5,126.5,127.0,123.5,1903168,238.85,124.0,121.0,1.21,3.72,-0.4,0.8,6.81,237.0,237.0,237.0,237.0,237.0,-46.41,-46.41,-46.41,47.05,47.05,False,False,False,False,False,False,False,False,False,2026-10-06,電子零組件業
2376,2376.TW,GIGABYTE,技嘉,2545.58,,TWSE LISTED,電腦及週邊設備業,380.0,388.0,396.5,377.5,6502044,2470.78,373.8,369.2,1.66,2.93,-2.19,3.12,4.97,402.0,402.0,402.0,402.0,402.0,-1.37,-1.37,-1.37,5.47,5.47,False,False,False,False,False,False,False,True,True,2026-10-06,電腦及週邊設備業
2377,2377.TW,MSI,微星,1309.53,,TWSE LISTED,電腦及週邊設備業,155.0,157.0,158.5,154.5,4791361,742.66,153.7,152.85,0.85,1.41,0.0,1.64,2.65,173.5,210.0,216.5,173.5,210.0,-8.65,-24.52,-26.79,10.66,26.19,False,False,False,False,False,False,False,False,False,2026-10-06,電腦及週邊設備業
2379,2379.TW,RT,瑞昱,3892.12,,TWSE LISTED,半導體業,755.0,755.0,757.0,747.0,1529707,1154.93,757.2,755.1,-0.29,-0.01,0.0,-0.92,-0.66,970.0,970.0,970.0,970.0,970.0,-21.96,-21.96,-21.96,22.16,22.16,False,False,False,False,False,False,False,False,False,2026-10-06,半導體業
2380,2380.TW,AVISION,虹光,9.87,,TWSE LISTED,電腦及週邊設備業,16.45,16.6,16.75,16.2,56007,0.92,16.78,16.695,-1.97,-1.47,-0.9,-3.24,-0.6,26.5,35.43,64.95,26.5,35.43,-36.8,-52.73,-74.21,37.93,53.57,False,False,False,False,False,False,False,False,False,2026-10-06,電腦及週邊設備業
2382,2382.TW,QCI,廣達,13698.94,,TWSE LISTED,電腦及週邊設備業,333.5,332.5,336.0,331.5,9726187,3243.68,332.8,336.7,0.21,-0.95,0.76,-0.15,-0.89,438.0,438.0,438.0,438.0,438.0,-23.29,-23.29,-23.29,23.86,23.86,False,False,False,False,False,False,False,False,False,2026-10-06,電腦及週邊設備業
2383,2383.TW,EMC,台光電,21481.35,,TWSE LISTED,電子零組件業,5995.0,6040.0,6115.0,5820.0,4648835,27869.77,5358.0,5153.5,11.89,16.33,5.18,20.5,21.85,6470.0,6470.0,6470.0,6470.0,6470.0,-5.49,-5.49,-5.49,7.34,7.34,True,True,False,False,False,False,False,True,True,2026-10-06,電子零組件業
2385,2385.TW,CHICONY,群光,807.84,,TWSE LISTED,電子零組件業,105.5,105.5,106.5,105.0,3135697,330.82,105.0,104.75,0.48,0.72,0.48,0.0,0.96,149.5,267.0,267.0,149.5,267.0,-28.76,-60.11,-60.11,29.43,60.49,False,False,True,False,False,False,False,False,False,2026-10-06,電子零組件業
2387,2387.TW,SUNREX,精元,71.07,,TWSE LISTED,電腦及週邊設備業,36.4,36.2,36.5,36.0,349000,12.7,36.41,36.64,-0.03,-0.66,0.69,-0.41,0.41,47.0,73.4,78.0,47.0,73.4,-22.34,-50.27,-53.21,22.55,50.41,False,False,False,False,False,False,False,False,False,2026-10-06,電腦及週邊設備業
2388,2388.TW,VIA,威盛,392.5,,TWSE LISTED,半導體業,70.6,72.2,72.3,70.6,2082439,147.02,72.38,71.46,-2.46,-1.2,-1.67,-3.68,-0.84,91.3,182.5,182.5,91.3,182.5,-20.81,-60.38,-60.38,22.67,61.32,False,False,False,False,False,False,False,False,False,2026-10-06,半導體業
2390,2390.TW,EVERSPRING,云辰,19.26,,TWSE LISTED,其他電子業,10.0,10.1,10.15,9.96,439900,4.4,10.13,10.15,-1.28,-1.48,-0.5,-1.48,-1.96,14.25,17.8,37.83,14.25,17.8,-28.77,-42.98,-73.17,29.82,43.82,False,False,False,False,False,False,False,False,False,2026-10-06,其他電子業
2392,2392.TW,FOXLINK,正崴,210.82,,TWSE LISTED,電子零組件業,41.15,41.65,42.0,41.15,1059280,43.59,41.46,42.015,-0.75,-2.06,-0.96,-1.08,0.73,48.6,95.4,95.4,48.6,95.4,-13.58,-55.97,-55.97,15.33,56.87,False,False,False,False,False,False,False,False,False,2026-10-06,電子零組件業
2393,2393.TW,EVERLIGHT,億光,297.96,,TWSE LISTED,光電業,67.2,67.2,67.8,66.5,1733226,116.47,65.72,64.56,2.25,4.09,0.3,4.19,5.66,75.0,90.2,90.2,75.0,90.2,-9.6,-24.83,-24.83,10.4,25.5,True,False,False,False,False,False,False,False,False,2026-10-06,光電業
2395,2395.TW,Advantech,研華,6413.56,,TWSE LISTED,電腦及週邊設備業,738.0,743.0,752.0,733.0,2197583,1621.82,728.6,720.5,1.29,2.43,-0.27,2.07,1.1,754.0,754.0,754.0,754.0,754.0,-0.27,-0.27,-0.27,2.12,2.12,False,False,False,False,False,False,False,True,True,2026-10-06,電腦及週邊設備業
2397,2397.TW,DFI Inc.,友通,73.62,,TWSE LISTED,電腦及週邊設備業,64.3,64.7,65.2,64.1,167000,10.74,63.68,63.0,0.97,2.06,-0.16,1.9,2.06,69.7,95.7,95.7,69.7,95.7,-6.46,-31.87,-31.87,7.75,32.81,False,False,False,False,False,False,False,True,False,2026-10-06,電腦及週邊設備業
2399,2399.TW,BIOSTAR,映泰,87.8,,TWSE LISTED,電腦及週邊設備業,49.3,48.8,50.3,47.9,6249655,308.11,49.87,48.99,-1.14,0.63,1.44,-3.9,0.2,57.5,57.5,57.5,57.5,57.5,-12.52,-12.52,-12.52,14.26,14.26,False,False,False,False,False,False,False,False,False,2026-10-06,電腦及週邊設備業
2401,2401.TW,SUNPLUS,凌陽,158.36,,TWSE LISTED,半導體業,26.75,26.7,27.0,26.1,2972300,79.51,26.86,26.36,-0.41,1.48,0.38,-0.37,2.69,35.65,39.5,47.55,35.65,39.5,-24.26,-31.65,-43.22,24.96,32.28,False,False,False,False,False,False,False,False,False,2026-10-06,半導體業
2402,2402.TW,ICHIA,毅嘉,182.06,,TWSE LISTED,電子零組件業,59.2,59.0,60.5,58.6,2242281,132.74,58.6,56.64,1.02,4.52,0.34,3.5,4.04,85.0,85.0,85.0,85.0,85.0,-28.82,-28.82,-28.82,30.35,30.35,False,False,False,False,False,False,False,False,False,2026-10-06,電子零組件業
2404,2404.TW,UIS,漢唐,2544.33,,TWSE LISTED,其他電子業,1335.0,1320.0,1355.0,1305.0,1464442,1955.03,1305.0,1255.0,2.3,6.37,1.91,2.3,9.43,1450.0,1450.0,1450.0,1450.0,1450.0,-6.55,-6.55,-6.55,7.93,7.93,False,False,False,False,False,False,False,True,True,2026-10-06,其他電子業
2405,2405.TW,Shuttle,輔信,51.69,,TWSE LISTED,電腦及週邊設備業,15.05,15.2,15.2,15.05,784100,11.8,15.22,15.155,-1.12,-0.69,-0.66,-1.63,-0.66,21.8,30.6,30.6,21.8,30.6,-30.28,-50.33,-50.33,30.96,50.82,False,False,False,False,False,False,False,False,False,2026-10-06,電腦及週邊設備業
2406,2406.TW,GSC,國碩,110.71,,TWSE LISTED,光電業,31.55,32.2,32.65,31.45,9501401,299.77,31.41,30.825,0.45,2.35,0.32,0.48,4.13,45.95,45.95,45.95,45.95,45.95,-28.94,-28.94,-28.94,31.34,31.34,False,False,False,False,False,False,False,False,False,2026-10-06,光電業
2408,2408.TW,NTC,南亞科,18113.58,,TWSE LISTED,半導體業,525.0,530.0,535.0,524.0,29947934,15722.67,523.8,515.6,0.23,1.82,-0.94,1.16,3.75,569.0,569.0,569.0,569.0,569.0,-5.98,-5.98,-5.98,7.73,7.73,False,False,False,False,False,False,False,True,True,2026-10-06,半導體業
2409,2409.TW,AUO,友達,2826.39,,TWSE LISTED,光電業,37.45,39.25,39.5,37.15,493500752,18481.6,38.76,36.775,-3.38,1.84,-4.1,-2.22,6.85,43.55,43.55,44.44,43.55,43.55,-9.3,-9.3,-11.11,14.01,14.01,False,False,False,False,False,False,False,False,False,2026-10-06,光電業
2412,2412.TW,CHT,中華電,11287.08,,TWSE LISTED,通信網路業,145.5,145.5,145.5,144.0,6998852,1018.33,145.2,145.0,0.21,0.34,0.0,0.0,1.04,147.0,147.0,147.0,147.0,147.0,-1.02,-1.02,-1.02,1.02,1.02,False,False,False,True,False,False,False,True,True,2026-10-06,通信網路業
2413,2413.TW,UMEC,環科,71.32,,TWSE LISTED,電子零組件業,56.0,56.5,60.8,55.8,35605771,1993.92,53.32,52.81,5.03,6.04,1.27,8.53,9.8,67.3,67.3,67.3,67.3,67.3,-9.66,-9.66,-9.66,16.79,16.79,True,True,False,False,False,False,False,False,False,2026-10-06,電子零組件業
2414,2414.TW,UT,精技,87.18,,TWSE LISTED,電子通路業,53.9,53.5,53.9,53.3,150556,8.11,53.26,53.14,1.2,1.43,1.51,1.32,1.51,67.7,67.7,67.7,67.7,67.7,-20.38,-20.38,-20.38,20.38,20.38,False,False,False,False,False,False,False,False,False,2026-10-06,電子通路業
2415,2415.TW,CX TECH,錩新,30.65,,TWSE LISTED,電子零組件業,30.65,28.15,30.65,28.05,1344551,41.21,28.08,27.565,9.15,11.19,9.86,12.48,12.48,38.47,38.47,51.28,38.47,38.47,-20.34,-20.34,-40.23,20.34,20.34,True,False,False,False,False,False,False,False,False,2026-10-06,電子零組件業
2417,2417.TW,AVERMEDIA,圓剛,60.06,,TWSE LISTED,電腦及週邊設備業,38.2,38.5,38.5,38.2,352402,13.46,38.79,38.9,-1.52,-1.8,-0.78,-1.93,-1.29,58.8,61.2,106.75,58.8,61.2,-34.52,-37.09,-63.93,35.03,37.58,False,False,False,False,False,False,False,False,False,2026-10-06,電腦及週邊設備業
2419,2419.TW,H.T.,仲琦,88.36,,TWSE LISTED,通信網路業,27.5,27.7,27.9,27.4,1049719,28.87,28.63,28.97,-3.95,-5.07,-0.36,-5.34,-5.17,39.85,41.6,56.5,39.85,41.6,-29.99,-32.93,-50.62,30.99,33.89,False,False,False,False,False,False,False,False,False,2026-10-06,通信網路業
2420,2420.TW,ZIPPY,新巨,87.01,,TWSE LISTED,電子零組件業,57.0,58.0,59.0,56.9,475560,27.11,57.18,55.49,-0.31,2.72,-1.21,-1.72,5.75,66.1,80.0,80.0,66.1,80.0,-10.74,-26.25,-26.25,13.77,28.75,False,False,False,False,False,False,False,False,False,2026-10-06,電子零組件業
2421,2421.TW,SUNON,建準,496.41,,TWSE LISTED,電子零組件業,173.0,171.5,176.0,167.5,3627561,627.57,166.6,166.0,3.84,4.22,2.06,5.49,5.81,184.0,195.0,195.0,184.0,195.0,-4.35,-9.74,-9.74,5.98,11.28,True,False,False,False,False,False,False,True,False,2026-10-06,電子零組件業
2423,2423.TW,GW,固緯,102.26,,TWSE LISTED,其他電子業,70.5,72.6,72.6,70.3,107100,7.55,71.72,72.47,-1.7,-2.72,-2.89,-1.54,-2.08,87.9,87.9,87.9,87.9,87.9,-17.41,-17.41,-17.41,19.8,19.8,False,False,False,False,False,False,False,False,False,2026-10-06,其他電子業
2424,2424.TW,LUNG HWA,隴華,5.15,,TWSE LISTED,通信網路業,8.65,8.15,9.07,8.15,24000,0.21,8.426,8.281,2.66,4.46,0.58,6.0,6.53,43.75,111.0,111.0,43.75,111.0,-79.27,-91.83,-91.83,80.23,92.21,True,False,False,True,False,False,False,False,False,2026-10-06,通信網路業
2425,2425.TW,CHAINTECH,承啟,35.22,,TWSE LISTED,電腦及週邊設備業,36.5,37.2,37.2,36.5,610157,22.27,37.4,37.38,-2.41,-2.35,-2.01,-3.31,-2.54,52.9,53.1,62.0,52.9,53.1,-29.68,-29.94,-40.0,31.0,31.26,False,False,False,False,False,False,False,False,False,2026-10-06,電腦及週邊設備業
2426,2426.TW,TYNTEK,鼎元,317.16,,TWSE LISTED,光電業,105.5,117.5,118.0,105.5,42463895,4479.94,106.1,102.36,-0.57,3.07,-7.46,2.43,5.71,114.0,114.0,114.0,118.0,118.0,3.51,3.51,3.51,10.59,10.59,False,False,False,False,True,True,True,False,False,2026-10-06,光電業
2427,2427.TW,MDS,三商電,45.24,,TWSE LISTED,資訊服務業,22.85,22.8,23.55,22.75,768250,17.55,23.14,23.325,-1.25,-2.04,0.22,-1.93,-1.72,27.55,38.8,38.8,27.55,38.8,-14.52,-39.3,-39.3,17.06,41.11,False,False,False,False,False,False,False,False,False,2026-10-06,資訊服務業
2428,2428.TW,THINKING,興勤,336.3,,TWSE LISTED,電子零組件業,262.5,263.0,264.0,260.5,518834,136.19,260.0,257.45,0.96,1.96,0.19,0.57,4.37,363.5,363.5,363.5,363.5,363.5,-27.37,-27.37,-27.37,27.79,27.79,False,False,False,False,False,False,False,False,False,2026-10-06,電子零組件業
2429,2429.TW,PWT,銘旺科,26.17,,TWSE LISTED,光電業,30.4,30.5,30.85,30.0,281482,8.56,30.56,30.785,-0.52,-1.25,1.16,-1.14,-0.82,80.9,157.5,157.5,80.9,157.5,-61.87,-80.41,-80.41,62.42,80.7,False,False,False,False,False,False,False,False,False,2026-10-06,光電業
2430,2430.TW,TKE,燦坤,20.62,,TWSE LISTED,電子通路業,17.65,17.5,17.65,17.5,45351,0.8,17.89,18.015,-1.34,-2.03,0.86,-2.49,-2.49,23.35,41.0,74.83,23.35,41.0,-24.41,-56.95,-76.41,24.41,56.95,False,False,False,False,False,False,False,False,False,2026-10-06,電子通路業
2431,2431.TW,LIEN CHANG,聯昌,8.15,,TWSE LISTED,電子零組件業,10.1,10.0,10.1,9.98,75001,0.76,10.11,10.12,-0.1,-0.2,1.0,-0.49,1.0,17.65,21.25,21.25,17.65,21.25,-42.78,-52.47,-52.47,42.78,52.47,False,False,False,False,False,False,False,False,False,2026-10-06,電子零組件業
2432,2432.TW,AGT,倚天酷碁-創,17.17,,TWSE LISTED,電腦及週邊設備業,27.75,27.7,27.75,27.5,16000,0.44,27.65,27.515,0.36,0.85,0.18,0.54,0.36,31.95,50.1,67.1,31.95,50.1,-13.15,-44.61,-58.64,13.15,44.61,False,False,False,True,False,False,False,False,False,2026-10-06,電腦及週邊設備業
2433,2433.TW,HUXEN,互盛電,57.29,,TWSE LISTED,其他電子業,39.65,40.0,40.0,39.6,94025,3.73,40.06,40.13,-1.02,-1.2,-0.87,-1.37,-0.87,47.6,54.0,57.3,47.6,54.0,-15.97,-25.93,-30.19,16.7,26.57,False,False,False,False,False,False,False,False,False,2026-10-06,其他電子業
2434,2434.TW,MOSPEC,統懋,22.72,,TWSE LISTED,半導體業,61.4,61.5,61.9,59.8,252225,15.49,62.78,63.87,-2.2,-3.87,0.33,-2.38,-5.25,90.8,90.8,101.33,90.8,90.8,-31.83,-31.83,-38.92,32.38,32.38,False,False,False,False,False,False,False,False,False,2026-10-06,半導體業
2436,2436.TW,Weltrend,偉詮電,151.3,,TWSE LISTED,半導體業,74.1,73.8,75.4,72.8,6107994,452.6,74.36,73.07,-0.35,1.41,1.23,0.14,-2.37,84.4,84.4,115.5,84.4,84.4,-10.66,-10.66,-34.72,12.2,12.2,False,False,False,False,False,False,False,False,False,2026-10-06,半導體業
2438,2438.TW,ENLIGHT,翔耀,14.06,,TWSE LISTED,光電業,19.75,20.0,20.0,19.0,125883,2.49,19.94,19.935,-0.95,-0.93,-1.74,-1.0,0.25,29.15,86.1,86.1,29.15,86.1,-31.39,-76.77,-76.77,32.25,77.06,False,False,False,False,False,False,False,False,False,2026-10-06,光電業
2439,2439.TW,MERRY,美律,186.98,,TWSE LISTED,通信網路業,75.2,75.9,75.9,75.1,1112538,83.66,76.0,77.1,-1.05,-2.46,-0.13,-1.7,-3.71,110.5,148.5,253.27,110.5,148.5,-31.31,-48.89,-70.03,31.95,49.36,False,False,False,False,False,False,False,False,False,2026-10-06,通信網路業
2440,2440.TW,SPACE SHUTTLE,太空梭,19.69,,TWSE LISTED,電子零組件業,14.15,14.4,14.5,14.05,318050,4.5,14.4,14.365,-1.74,-1.5,-2.41,-1.74,0.0,22.55,22.55,30.6,22.55,22.55,-35.7,-35.7,-52.61,37.25,37.25,False,False,False,False,False,False,False,False,False,2026-10-06,電子零組件業
2441,2441.TW,GTK,超豐,719.59,,TWSE LISTED,半導體業,126.5,125.0,127.5,124.0,3441956,435.41,125.4,125.25,0.88,1.0,2.02,1.61,3.69,156.0,156.0,156.0,156.0,156.0,-18.27,-18.27,-18.27,18.91,18.91,False,False,False,True,False,False,False,False,False,2026-10-06,半導體業
2442,2442.TW,JEAN,新美齊,45.37,,TWSE LISTED,建材營造,13.95,14.0,14.0,13.7,1244260,17.36,14.17,14.33,-1.55,-2.65,-0.36,-2.45,-2.79,23.9,34.4,34.4,23.9,34.4,-41.42,-59.31,-59.31,41.63,59.45,False,False,False,False,False,False,False,False,False,2026-10-06,建材營造
2444,2444.TW,AboCom,兆勁,16.73,,TWSE LISTED,通信網路業,15.7,15.8,16.45,15.15,3098095,48.64,15.86,15.25,-1.01,2.95,-3.09,4.67,4.32,17.8,19.7,43.0,17.8,19.7,-7.58,-16.5,-61.74,11.8,20.3,False,False,False,False,False,False,False,False,False,2026-10-06,通信網路業
2449,2449.TW,KYEC,京元電子,3825.97,,TWSE LISTED,半導體業,298.0,297.0,301.0,288.5,22986171,6849.88,295.6,300.6,0.81,-0.86,1.36,0.68,1.19,350.0,350.0,350.0,350.0,350.0,-14.0,-14.0,-14.0,14.86,14.86,False,False,False,False,False,False,False,False,False,2026-10-06,半導體業
2450,2450.TW,SENAO,神腦,72.44,,TWSE LISTED,通信網路業,28.05,28.15,28.15,28.0,227104,6.37,28.18,28.225,-0.46,-0.62,-0.36,-0.88,-0.53,32.0,40.8,59.3,32.0,40.8,-12.03,-31.0,-52.53,12.34,31.25,False,False,False,False,False,False,False,False,False,2026-10-06,通信網路業
2451,2451.TW,Transcend,創見,1203.45,,TWSE LISTED,半導體業,279.0,290.5,290.5,278.5,3641935,1016.1,287.4,286.3,-2.92,-2.55,-3.63,-3.63,-2.45,383.0,383.0,383.0,383.0,383.0,-24.15,-24.15,-24.15,27.15,27.15,False,False,False,False,False,False,False,False,False,2026-10-06,半導體業
2453,2453.TW,SYSCOM,凌群,53.2,,TWSE LISTED,資訊服務業,53.2,53.4,53.7,53.0,203000,10.8,53.36,53.62,-0.3,-0.78,0.0,-0.19,-0.56,65.6,79.0,84.0,65.6,79.0,-18.14,-32.03,-36.07,18.9,32.66,False,False,False,False,False,False,False,False,False,2026-10-06,資訊服務業
2454,2454.TW,MediaTek,聯發科,78963.67,,TWSE LISTED,半導體業,4920.0,5080.0,5085.0,4915.0,8284182,40758.18,4987.0,5050.5,-1.34,-2.58,-4.74,-1.2,0.2,5480.0,5480.0,5480.0,5480.0,5480.0,-7.21,-7.21,-7.21,10.22,10.22,False,False,False,False,False,False,False,False,False,2026-10-06,半導體業
2455,2455.TW,VPEC,全新,1060.2,,TWSE LISTED,通信網路業,567.0,596.0,613.0,560.0,15464596,8768.43,570.2,561.9,-0.56,0.91,-6.44,3.85,4.42,607.0,607.0,607.0,613.0,613.0,0.99,0.99,0.99,7.5,7.5,False,False,False,False,True,True,True,True,True,2026-10-06,通信網路業
2457,2457.TW,PHIHONG,飛宏,93.66,,TWSE LISTED,電子零組件業,22.05,22.3,22.35,22.05,687223,15.15,22.26,22.155,-0.94,-0.47,-0.68,0.0,1.38,40.6,65.9,85.12,40.6,65.9,-44.95,-66.08,-73.74,45.69,66.54,False,False,False,False,False,False,False,False,False,2026-10-06,電子零組件業
2458,2458.TW,ELAN,義隆,404.16,,TWSE LISTED,半導體業,133.0,134.5,134.5,131.0,1075823,143.08,136.2,134.35,-2.35,-1.0,-0.75,-3.97,-2.21,196.5,196.5,228.5,196.5,196.5,-31.55,-31.55,-41.14,32.32,32.32,False,False,False,False,False,False,False,False,False,2026-10-06,半導體業
2459,2459.TW,AUDIX,敦吉,68.74,,TWSE LISTED,其他電子業,65.1,65.2,65.2,64.7,70000,4.56,64.94,65.13,0.25,-0.05,0.31,0.31,0.31,72.0,78.6,78.6,72.0,78.6,-9.44,-17.05,-17.05,9.58,17.18,False,False,False,False,False,False,False,True,False,2026-10-06,其他電子業
2460,2460.TW,GEM,建通,50.93,,TWSE LISTED,電子零組件業,30.1,30.3,30.5,30.0,219003,6.59,30.51,30.38,-1.34,-0.92,-1.31,-1.63,0.84,42.0,42.45,44.5,42.0,42.45,-27.38,-28.15,-31.46,28.33,29.09,False,False,False,False,False,False,False,False,False,2026-10-06,電子零組件業
2461,2461.TW,K LASER,光群雷,32.16,,TWSE LISTED,其他電子業,16.9,16.95,17.2,16.8,926408,15.66,17.29,17.425,-2.26,-3.01,-0.29,-2.87,-2.87,21.0,26.5,29.45,21.0,26.5,-18.1,-35.09,-41.6,19.52,36.23,False,False,False,False,False,False,False,False,False,2026-10-06,其他電子業
2462,2462.TW,LINETEK,良得電,30.31,,TWSE LISTED,電子零組件業,20.1,20.9,21.2,20.05,712612,14.32,20.09,20.025,0.05,0.37,-2.9,1.01,1.26,29.1,42.7,44.25,29.1,42.7,-27.15,-50.35,-52.09,30.93,52.93,False,False,True,False,False,False,False,False,False,2026-10-06,電子零組件業
2464,2464.TW,Mirle,盟立,395.44,,TWSE LISTED,其他電子業,182.5,192.5,197.0,182.5,10852339,1980.55,191.0,192.05,-4.45,-4.97,-4.45,-5.68,-4.95,224.0,224.0,224.0,224.0,224.0,-12.05,-12.05,-12.05,18.53,18.53,False,False,False,False,False,False,False,False,False,2026-10-06,其他電子業
2465,2465.TW,LEADTEK,麗臺,85.21,,TWSE LISTED,電腦及週邊設備業,90.7,92.2,92.4,89.5,924255,83.83,91.78,91.2,-1.18,-0.55,-0.22,-2.68,-1.31,107.5,173.0,173.0,107.5,173.0,-14.05,-46.59,-46.59,15.63,47.57,False,False,False,False,False,False,False,False,False,2026-10-06,電腦及週邊設備業
2466,2466.TW,COSMO,冠西電,295.75,,TWSE LISTED,光電業,170.5,160.0,170.5,157.5,6721173,1145.96,143.9,129.15,18.49,32.02,10.0,32.68,50.22,155.0,155.0,155.0,170.5,170.5,10.0,10.0,10.0,0.0,0.0,True,True,False,False,True,True,True,True,True,2026-10-06,光電業
2467,2467.TW,C SUN,志聖,930.32,,TWSE LISTED,電子零組件業,576.0,583.0,590.0,570.0,966746,556.85,557.4,543.6,3.34,5.96,-0.17,6.08,5.88,692.0,692.0,692.0,692.0,692.0,-14.74,-14.74,-14.74,16.76,16.76,False,False,False,False,False,False,False,False,False,2026-10-06,電子零組件業
2468,2468.TW,FIS,華經,29.59,,TWSE LISTED,資訊服務業,42.3,41.5,45.65,41.5,8179812,346.01,43.84,45.035,-3.51,-6.07,1.93,-5.05,-8.14,49.45,86.2,86.2,49.45,86.2,-7.68,-47.04,-47.04,14.46,50.93,False,False,False,False,False,False,False,False,False,2026-10-06,資訊服務業
2471,2471.TW,ARES,資通,24.1,,TWSE LISTED,資訊服務業,51.0,50.7,52.2,50.7,307522,15.68,51.38,51.68,-0.74,-1.32,0.59,-1.92,-0.58,56.2,71.5,71.5,56.2,71.5,-7.12,-26.99,-26.99,9.25,28.67,False,False,False,False,False,False,False,True,False,2026-10-06,資訊服務業
2472,2472.TW,LELON,立隆電,375.6,,TWSE LISTED,電子零組件業,228.0,227.0,229.5,223.5,1562946,356.35,224.7,220.2,1.47,3.54,0.44,0.88,7.04,488.0,488.0,488.0,488.0,488.0,-52.97,-52.97,-52.97,53.28,53.28,False,False,False,False,False,False,False,False,False,2026-10-06,電子零組件業
2474,2474.TW,CATCHER,可成,1109.97,,TWSE LISTED,其他電子業,206.0,207.5,207.5,205.5,994323,204.83,206.8,207.6,-0.39,-0.77,-0.48,-0.72,0.24,266.0,266.0,399.0,266.0,266.0,-21.99,-21.99,-47.99,22.56,22.56,False,False,False,False,False,False,False,False,False,2026-10-06,其他電子業
2476,2476.TW,GS,鉅祥,288.08,,TWSE LISTED,電子零組件業,131.5,129.5,132.0,128.5,2538198,333.77,126.5,124.95,3.95,5.24,2.33,6.91,5.62,140.0,140.0,140.0,140.0,140.0,-5.71,-5.71,-5.71,6.07,6.07,True,False,False,False,False,False,False,True,True,2026-10-06,電子零組件業
2477,2477.TW,MEILOON,美隆電,35.84,,TWSE LISTED,其他電子業,22.6,22.65,22.65,22.4,156311,3.53,22.85,22.96,-1.09,-1.57,-0.22,-2.16,-2.16,27.3,40.8,56.62,27.3,40.8,-17.03,-44.49,-60.0,17.22,44.61,False,False,False,False,False,False,False,False,False,2026-10-06,其他電子業
2478,2478.TW,TA-I,大毅,185.98,,TWSE LISTED,電子零組件業,128.5,128.0,130.0,125.5,2412765,310.04,125.3,122.35,2.55,5.03,1.58,3.21,9.36,256.5,256.5,256.5,256.5,256.5,-49.32,-49.32,-49.32,49.9,49.9,False,False,False,False,False,False,False,False,False,2026-10-06,電子零組件業
2480,2480.TW,STARK,敦陽科,178.69,,TWSE LISTED,資訊服務業,168.0,166.5,169.5,165.5,455205,76.47,163.2,162.45,2.94,3.42,0.9,5.0,5.33,170.0,185.0,185.0,170.0,185.0,-0.29,-8.38,-8.38,1.18,9.19,True,False,False,False,False,False,False,True,True,2026-10-06,資訊服務業
2481,2481.TW,PANJIT,強茂,672.52,,TWSE LISTED,半導體業,176.0,180.0,181.5,172.5,28390603,4996.75,176.1,174.25,-0.06,1.0,-2.49,-0.85,0.28,232.5,232.5,232.5,232.5,232.5,-21.94,-21.94,-21.94,24.3,24.3,False,False,False,False,False,False,False,False,False,2026-10-06,半導體業
2482,2482.TW,UIC,連宇,12.11,,TWSE LISTED,其他電子業,15.55,16.2,16.3,15.55,176190,2.74,16.16,16.2,-3.77,-4.01,-4.6,-4.6,-4.89,20.95,46.8,79.8,20.95,46.8,-22.2,-65.17,-79.57,25.78,66.77,False,False,False,False,False,False,False,False,False,2026-10-06,其他電子業
2483,2483.TW,ECE,百容,41.92,,TWSE LISTED,電子零組件業,38.85,41.4,41.5,38.0,6048006,234.97,37.78,35.175,2.83,10.45,-4.55,6.15,19.54,73.0,73.0,73.0,73.0,73.0,-43.15,-43.15,-43.15,46.78,46.78,False,False,False,False,False,False,False,False,False,2026-10-06,電子零組件業
2484,2484.TW,SIWARD,希華,128.17,,TWSE LISTED,電子零組件業,80.4,86.9,87.2,80.2,19595912,1575.51,83.18,77.81,-3.34,3.33,-6.94,-4.96,4.55,102.0,102.0,102.0,102.0,102.0,-14.51,-14.51,-14.51,21.18,21.18,False,False,False,False,False,False,False,False,False,2026-10-06,電子零組件業
2485,2485.TW,ZINWELL,兆赫,136.29,,TWSE LISTED,通信網路業,42.9,45.0,48.0,42.9,44448642,1906.85,42.2,40.985,1.66,4.67,-3.81,5.93,7.92,86.9,86.9,86.9,86.9,86.9,-44.76,-44.76,-44.76,50.63,50.63,False,False,False,False,False,False,False,False,False,2026-10-06,通信網路業
2486,2486.TW,I-CHIUN,一詮,579.56,,TWSE LISTED,光電業,241.0,254.0,257.0,241.0,6312020,1521.2,244.3,239.25,-1.35,0.73,-2.43,-3.02,1.69,318.0,318.0,318.0,318.0,318.0,-19.18,-19.18,-19.18,24.21,24.21,False,False,False,False,False,False,False,False,False,2026-10-06,光電業
2488,2488.TW,HANPIN,漢平,39.44,,TWSE LISTED,其他電子業,49.3,49.3,50.5,49.0,317001,15.63,48.98,48.94,0.65,0.74,0.72,0.72,1.23,55.4,61.6,61.6,55.4,61.6,-8.84,-18.02,-18.02,11.01,19.97,False,False,False,False,False,False,False,False,False,2026-10-06,其他電子業
2489,2489.TW,AMTRAN,瑞軒,240.34,,TWSE LISTED,光電業,39.4,40.5,40.55,39.4,11265426,443.86,40.68,41.13,-3.15,-4.21,-2.48,-3.08,-4.14,57.7,57.7,57.7,57.7,57.7,-29.72,-29.72,-29.72,31.72,31.72,False,False,False,False,False,False,False,False,False,2026-10-06,光電業
2491,2491.TW,FOCL,吉祥全,32.76,,TWSE LISTED,光電業,39.95,40.05,40.5,39.55,580001,23.17,40.55,40.275,-1.48,-0.81,-0.25,-1.36,-0.62,56.4,56.4,56.4,56.4,56.4,-28.19,-28.19,-28.19,29.17,29.17,False,False,False,False,False,False,False,False,False,2026-10-06,光電業
2492,2492.TW,WTC,華新科,1889.87,,TWSE LISTED,電子零組件業,389.5,370.0,395.0,362.5,55511824,21621.86,349.6,328.7,11.41,18.5,5.7,18.39,28.97,645.0,645.0,645.0,645.0,645.0,-38.76,-38.76,-38.76,39.61,39.61,True,False,False,False,False,False,False,False,False,2026-10-06,電子零組件業
2493,2493.TW,AMPOC,揚博,265.64,,TWSE LISTED,電子零組件業,209.5,207.0,214.0,203.0,2807956,588.27,201.7,197.0,3.87,6.35,0.72,6.35,6.89,337.0,337.0,337.0,337.0,337.0,-36.5,-36.5,-36.5,37.83,37.83,False,False,False,False,False,False,False,False,False,2026-10-06,電子零組件業
2495,2495.TW,Infortrend,普安,105.04,,TWSE LISTED,電腦及週邊設備業,38.4,39.0,39.0,38.2,1072000,41.16,38.58,38.73,-0.47,-0.85,-0.13,-0.52,-1.41,55.6,55.6,55.6,55.6,55.6,-29.86,-29.86,-29.86,30.94,30.94,False,False,False,False,False,False,False,False,False,2026-10-06,電腦及週邊設備業
2496,2496.TW,SPC,卓越,11.01,,TWSE LISTED,其他,54.9,54.6,54.9,54.6,8100,0.44,54.98,54.96,-0.15,-0.11,0.18,-0.36,-0.36,68.0,95.14,271.46,68.0,95.14,-19.26,-42.3,-79.78,19.26,42.3,False,False,False,False,False,False,False,False,False,2026-10-06,其他
2497,2497.TW,E-LEAD,怡利電,57.33,,TWSE LISTED,汽車工業,43.8,44.0,44.25,43.6,201250,8.81,44.05,43.825,-0.57,-0.06,-0.57,-0.45,0.46,70.8,90.7,116.94,70.8,90.7,-37.5,-51.21,-62.16,38.14,51.71,False,False,False,False,False,False,False,False,False,2026-10-06,汽車工業
2498,2498.TW,HTC,宏達電,349.49,,TWSE LISTED,通信網路業,41.8,42.25,42.8,41.8,3824496,159.86,42.67,42.0,-2.04,-0.48,-0.59,-4.35,-2.79,52.4,76.9,97.3,52.4,76.9,-18.32,-44.34,-56.01,20.23,45.64,False,False,False,False,False,False,False,False,False,2026-10-06,通信網路業
2501,2501.TW,CATHAY RED,國建,234.23,,TWSE LISTED,建材營造,20.2,20.35,20.55,20.2,1898389,38.35,20.71,21.015,-2.46,-3.88,-0.74,-4.04,-4.49,28.4,42.3,42.3,28.4,42.3,-27.64,-51.42,-51.42,28.87,52.25,False,False,False,False,False,False,False,False,False,2026-10-06,建材營造
2504,2504.TW,GBM,國產,362.85,,TWSE LISTED,建材營造,30.75,30.95,30.95,30.65,1486207,45.7,30.71,30.835,0.13,-0.28,-0.65,0.65,0.65,40.1,58.4,58.4,40.1,58.4,-22.82,-47.0,-47.0,23.32,47.35,False,False,True,False,False,False,False,False,False,2026-10-06,建材營造
2505,2505.TW,ky,國揚,64.79,,TWSE LISTED,建材營造,17.05,16.95,17.05,16.85,83100,1.42,17.02,17.05,0.18,-0.0,0.29,0.0,0.59,21.0,32.15,61.04,21.0,32.15,-18.81,-46.97,-72.07,18.81,46.97,False,False,False,False,False,False,False,False,False,2026-10-06,建材營造
2506,2506.TW,PCC,太設,32.47,,TWSE LISTED,建材營造,8.39,8.35,8.39,8.32,81000,0.68,8.402,8.401,-0.14,-0.13,0.12,-0.47,-0.24,9.34,13.95,14.5,9.34,13.95,-10.17,-39.86,-42.14,10.17,39.86,False,False,False,False,False,False,False,False,False,2026-10-06,建材營造
2509,2509.TW,CHAINQUI,全坤建,30.76,,TWSE LISTED,建材營造,13.7,13.85,13.9,13.7,164281,2.25,14.07,14.255,-2.63,-3.89,-1.79,-4.2,-2.49,17.15,27.65,27.65,17.15,27.65,-18.95,-49.73,-49.73,20.12,50.45,False,False,False,False,False,False,False,False,False,2026-10-06,建材營造
2511,2511.TW,PHD,太子,133.6,,TWSE LISTED,建材營造,8.23,8.27,8.28,8.22,865153,7.12,8.284,8.339,-0.65,-1.31,-0.24,-1.08,-1.08,8.73,14.2,14.6,8.73,14.2,-5.15,-41.69,-43.29,5.73,42.04,False,False,False,False,False,False,False,True,False,2026-10-06,建材營造
2514,2514.TW,LONG BON,龍邦,44.21,,TWSE LISTED,其他,11.2,11.3,11.35,11.2,60918,0.68,11.42,11.515,-1.93,-2.74,-0.44,-3.45,-1.75,15.4,27.8,27.8,15.4,27.8,-26.3,-59.17,-59.17,27.27,59.71,False,False,False,False,False,False,False,False,False,2026-10-06,其他
2515,2515.TW,BES,中工,200.08,,TWSE LISTED,建材營造,11.85,11.85,11.9,11.75,3123529,37.01,11.88,11.9,-0.25,-0.42,0.42,-0.84,0.42,17.76,17.76,17.76,17.76,17.76,-33.0,-33.0,-33.0,33.28,33.28,False,False,False,False,False,False,False,False,False,2026-10-06,建材營造
2516,2516.TW,New Asia,新建,32.81,,TWSE LISTED,建材營造,14.5,14.9,15.1,14.5,312024,4.52,14.98,14.975,-3.2,-3.17,-2.36,-4.29,-2.68,15.65,26.4,26.4,15.65,26.4,-3.51,-42.8,-42.8,7.35,45.08,False,False,False,False,False,False,False,True,False,2026-10-06,建材營造
2520,2520.TW,KINDOM,冠德,223.38,,TWSE LISTED,建材營造,36.65,36.65,36.9,36.4,476600,17.47,36.7,37.035,-0.14,-1.04,0.0,-0.27,-0.95,39.6,62.36,62.36,39.6,62.36,-6.82,-40.83,-40.83,7.45,41.23,False,False,False,False,False,False,False,True,False,2026-10-06,建材營造
2524,2524.TW,KTC,京城,123.22,,TWSE LISTED,建材營造,33.65,33.6,34.15,33.6,78755,2.65,34.18,34.565,-1.55,-2.65,0.0,-2.75,-1.75,44.0,139.5,139.5,44.0,139.5,-22.39,-75.52,-75.52,23.52,75.88,False,False,False,False,False,False,False,False,False,2026-10-06,建材營造
2527,2527.TW,Hung Ching,宏璟,135.02,,TWSE LISTED,建材營造,49.95,52.4,52.4,49.3,1196057,59.74,50.08,49.015,-0.26,1.91,-3.57,1.73,3.31,53.3,63.2,63.2,53.3,63.2,-1.69,-17.09,-17.09,6.29,20.97,False,False,False,False,False,False,False,True,False,2026-10-06,建材營造
2528,2528.TW,CROWELL,皇普,82.84,,TWSE LISTED,建材營造,19.0,19.05,19.05,18.8,382700,7.27,19.19,19.56,-0.99,-2.86,-0.26,-1.3,-1.55,27.13,47.2,47.2,27.13,47.2,-29.78,-59.64,-59.64,29.97,59.75,False,False,False,False,False,False,False,False,False,2026-10-06,建材營造
2530,2530.TW,DELPHA,華建,166.57,,TWSE LISTED,建材營造,19.8,19.85,19.95,19.7,218048,4.32,19.96,20.08,-0.8,-1.39,-0.25,-1.25,-1.49,30.2,60.7,60.7,30.2,60.7,-33.94,-67.13,-67.13,34.44,67.38,False,False,False,False,False,False,False,False,False,2026-10-06,建材營造
2534,2534.TW,HSC,宏盛,78.72,,TWSE LISTED,建材營造,16.6,16.65,16.65,16.5,233209,3.87,16.73,16.82,-0.78,-1.31,0.3,-1.48,-1.78,21.0,31.3,55.01,21.0,31.3,-20.71,-46.81,-69.73,20.95,46.96,False,False,False,False,False,False,False,False,False,2026-10-06,建材營造
2535,2535.TW,DA-CIN,達欣工,239.38,,TWSE LISTED,建材營造,88.4,88.2,89.2,88.1,162388,14.36,88.66,89.17,-0.29,-0.86,0.11,-0.56,-0.79,98.6,98.6,98.6,98.6,98.6,-9.53,-9.53,-9.53,10.34,10.34,False,False,False,False,False,False,False,False,False,2026-10-06,建材營造
2536,2536.TW,Hong Pu,宏普,61.07,,TWSE LISTED,建材營造,18.35,18.4,18.4,18.25,192000,3.52,18.75,19.05,-2.13,-3.67,0.0,-3.93,-4.18,26.2,40.95,40.95,26.2,40.95,-29.77,-55.07,-55.07,29.96,55.19,False,False,False,False,False,False,False,False,False,2026-10-06,建材營造
2537,2537.TW,WE & WIN,聯上發,32.91,,TWSE LISTED,建材營造,10.95,10.9,11.1,10.9,397396,4.35,11.05,11.2,-0.9,-2.23,0.46,-1.35,-2.67,12.4,29.75,29.75,12.4,29.75,-10.48,-62.69,-62.69,11.69,63.19,False,False,False,False,False,False,False,False,False,2026-10-06,建材營造
2538,2538.TW,KeeTai,基泰,38.41,,TWSE LISTED,建材營造,8.63,8.69,8.71,8.62,369000,3.18,8.784,8.719,-1.75,-1.02,-0.46,-2.27,-0.92,11.35,22.91,22.91,11.35,22.91,-23.26,-61.98,-61.98,23.96,62.32,False,False,False,False,False,False,False,False,False,2026-10-06,建材營造
2539,2539.TW,SAKURAD,櫻花建,486.89,,TWSE LISTED,建材營造,33.45,33.5,33.5,33.1,1094936,36.63,33.9,34.335,-1.33,-2.58,-0.15,-2.34,-1.62,41.39,51.57,51.57,41.39,51.57,-19.07,-35.04,-35.04,19.19,35.14,False,False,False,False,False,False,False,False,False,2026-10-06,建材營造
2540,2540.TW,JSL,愛山林,447.87,,TWSE LISTED,建材營造,47.4,47.35,47.65,47.35,310120,14.7,48.06,48.515,-1.37,-2.3,-0.11,-2.97,-0.42,61.8,108.01,108.01,61.8,108.01,-22.9,-55.88,-55.88,23.3,56.11,False,False,False,False,False,False,False,False,False,2026-10-06,建材營造
2542,2542.TW,Highwealth,興富發,822.48,,TWSE LISTED,建材營造,38.2,38.1,38.55,37.95,6378037,243.64,38.41,40.16,-0.55,-4.88,0.39,-0.52,-1.04,49.0,58.27,58.27,49.0,58.27,-21.33,-33.84,-33.84,22.04,34.44,False,False,False,False,False,False,False,False,False,2026-10-06,建材營造
2543,2543.TW,HWANG CHANG,皇昌,200.85,,TWSE LISTED,建材營造,38.0,38.1,38.3,37.95,904283,34.36,38.22,38.225,-0.58,-0.59,-0.13,-0.52,-0.39,81.6,98.29,98.29,81.6,98.29,-53.06,-61.03,-61.03,53.43,61.34,False,False,False,False,False,False,False,False,False,2026-10-06,建材營造
2545,2545.TW,HUANG HSIANG,皇翔,127.21,,TWSE LISTED,建材營造,33.5,34.0,34.15,33.5,213000,7.14,34.02,34.095,-1.53,-1.75,-1.47,-2.05,-1.18,39.9,79.4,79.4,39.9,79.4,-14.41,-56.99,-56.99,16.04,57.81,False,False,False,False,False,False,False,False,False,2026-10-06,建材營造
2546,2546.TW,KEDGE,根基,154.96,,TWSE LISTED,建材營造,106.0,106.0,106.5,106.0,73200,7.76,105.6,105.65,0.38,0.33,0.0,0.0,0.0,120.0,120.0,120.0,120.0,120.0,-11.25,-11.25,-11.25,11.67,11.67,False,False,False,False,False,False,False,False,False,2026-10-06,建材營造
2547,2547.TW,RADIUM,日勝生,99.78,,TWSE LISTED,建材營造,9.64,9.62,9.71,9.62,657963,6.34,9.726,9.819,-0.88,-1.82,-0.21,-1.43,-2.13,11.8,14.7,17.84,11.8,14.7,-17.71,-33.95,-45.56,18.31,34.42,False,False,False,False,False,False,False,False,False,2026-10-06,建材營造
2548,2548.TW,HUAKU,華固,306.16,,TWSE LISTED,建材營造,91.2,91.5,91.6,91.2,606721,55.33,91.72,92.54,-0.57,-1.45,-0.33,-0.65,-1.08,126.19,158.32,158.32,126.19,158.32,-27.41,-42.14,-42.14,27.73,42.39,False,False,False,False,False,False,False,False,False,2026-10-06,建材營造
2596,2596.TWO,ReaLy,綠意,34.0,,TPEx LISTED,建材營造,34.0,34.8,34.8,33.65,88000,2.99,34.62,34.845,-1.79,-2.43,-0.87,-2.58,-3.55,39.9,56.2,56.2,39.9,56.2,-12.78,-38.08,-38.08,14.79,39.5,False,False,False,False,False,False,False,False,False,2026-10-06,建材營造
2597,2597.TW,REC,潤弘,511.13,,TWSE LISTED,建材營造,164.5,163.5,165.0,163.5,164760,27.1,165.8,167.15,-0.78,-1.59,0.61,-1.79,-1.5,205.0,205.0,205.0,205.0,205.0,-19.51,-19.51,-19.51,19.76,19.76,False,False,False,False,False,False,False,False,False,2026-10-06,建材營造
2601,2601.TW,FSC,益航,42.25,,TWSE LISTED,航運業,6.12,6.36,6.36,6.07,5311760,32.51,6.75,6.908,-9.34,-11.4,-5.12,-13.32,-13.32,9.89,12.07,31.66,9.89,12.07,-35.7,-47.29,-79.91,38.13,49.28,False,False,False,False,False,False,False,False,False,2026-10-06,航運業
2603,2603.TW,EMC,長榮,5120.33,,TWSE LISTED,航運業,236.5,233.0,237.5,232.5,4126827,975.99,237.7,239.7,-0.5,-1.34,0.85,-0.63,-0.63,256.5,265.0,582.5,256.5,265.0,-7.41,-10.38,-59.23,7.8,10.75,False,False,False,False,False,False,False,True,False,2026-10-06,航運業
2605,2605.TW,SNC,新興,216.29,,TWSE LISTED,航運業,36.95,35.15,37.3,35.05,18726683,691.95,35.76,36.215,3.33,2.03,5.12,4.38,4.38,46.25,46.25,58.8,46.25,46.25,-19.35,-19.35,-36.56,20.11,20.11,False,False,False,True,False,False,False,False,False,2026-10-06,航運業
2606,2606.TW,U-MING,裕民,636.33,,TWSE LISTED,航運業,75.3,74.4,76.8,74.1,2687346,202.36,74.52,75.34,1.05,-0.05,1.35,2.45,2.59,81.7,81.7,96.4,81.7,81.7,-6.0,-6.0,-20.33,7.83,7.83,False,False,False,False,False,False,False,True,True,2026-10-06,航運業
2607,2607.TW,EITC,榮運,285.46,,TWSE LISTED,航運業,53.5,53.2,53.7,53.1,363114,19.43,53.56,53.56,-0.11,-0.11,0.56,-0.56,0.75,59.2,77.0,104.0,59.2,77.0,-9.29,-30.26,-48.37,9.63,30.52,False,False,False,False,False,False,False,True,False,2026-10-06,航運業
2608,2608.TW,Kerry TJ,嘉里大榮,133.56,,TWSE LISTED,航運業,28.6,28.9,28.9,28.6,100757,2.88,28.7,28.72,-0.35,-0.42,-0.35,-0.69,0.18,33.4,48.1,80.4,33.4,48.1,-13.47,-39.92,-64.05,14.37,40.54,False,False,False,False,False,False,False,False,False,2026-10-06,航運業
2609,2609.TW,YMTC,陽明,2067.33,,TWSE LISTED,航運業,59.2,58.7,59.9,58.3,13915570,823.8,59.16,59.56,0.07,-0.6,0.85,0.68,1.37,69.9,87.8,234.5,69.9,87.8,-14.31,-31.78,-74.46,15.31,32.57,False,False,False,False,False,False,False,False,False,2026-10-06,航運業
2610,2610.TW,CAL,華航,1235.14,,TWSE LISTED,航運業,20.1,20.15,20.25,20.1,8480948,170.47,20.26,20.29,-0.79,-0.94,0.0,-0.99,0.0,24.75,27.2,31.95,24.75,27.2,-18.18,-25.55,-36.62,18.79,26.1,False,False,False,False,False,False,False,False,False,2026-10-06,航運業
2611,2611.TW,TSI,志信,28.63,,TWSE LISTED,航運業,15.15,15.2,15.65,15.05,1381481,20.93,14.7,14.45,3.06,4.84,-0.33,5.57,7.83,18.45,35.85,41.82,18.45,35.85,-15.18,-56.35,-62.58,17.89,57.74,False,False,False,False,False,False,False,False,False,2026-10-06,航運業
2612,2612.TW,CMT,中航,124.42,,TWSE LISTED,航運業,63.0,61.6,64.4,61.6,626060,39.44,62.14,62.23,1.38,1.24,2.27,2.61,3.62,70.7,78.6,92.7,70.7,78.6,-8.91,-18.07,-30.53,10.89,19.85,False,False,False,True,False,False,False,False,False,2026-10-06,航運業
2613,2613.TW,CCTC,中櫃,32.58,,TWSE LISTED,航運業,21.95,21.85,22.15,21.5,418201,9.18,22.11,22.16,-0.72,-0.95,0.46,-1.13,0.0,30.0,49.7,52.4,30.0,49.7,-26.17,-55.43,-57.73,26.83,55.84,False,False,False,False,False,False,False,False,False,2026-10-06,航運業
2614,2614.TW,EMIC,東森,52.2,,TWSE LISTED,其他,15.95,16.1,16.4,15.75,5607174,89.43,17.412,17.206,-8.4,-7.3,-9.81,-10.51,-8.62,21.48,22.41,112.32,21.48,22.41,-23.66,-26.81,-85.4,25.75,28.82,False,False,False,False,False,False,False,False,False,2026-10-06,其他
2615,2615.TW,WANHAI,萬海,3128.85,,TWSE LISTED,航運業,111.5,111.0,113.0,110.5,5550673,618.9,112.3,113.5,-0.71,-1.76,0.9,-0.89,0.45,134.5,134.5,279.05,134.5,134.5,-15.99,-15.99,-59.51,17.1,17.1,False,False,False,False,False,False,False,False,False,2026-10-06,航運業
2616,2616.TW,SLC,山隆,18.05,,TWSE LISTED,油電燃氣業,13.15,13.1,13.2,13.1,104652,1.38,13.22,13.24,-0.53,-0.68,0.0,-1.13,-0.38,23.9,30.8,40.5,23.9,30.8,-44.77,-57.14,-67.41,44.98,57.31,False,False,False,False,False,False,False,False,False,2026-10-06,油電燃氣業
2617,2617.TW,TNC,台航,134.79,,TWSE LISTED,航運業,32.3,32.05,32.75,31.65,1184000,38.24,31.7,32.18,1.89,0.37,0.62,3.86,3.36,34.75,40.25,78.0,34.75,40.25,-5.76,-18.63,-58.01,7.05,19.75,True,False,True,True,False,False,False,True,False,2026-10-06,航運業
2618,2618.TW,EVAAIR,長榮航,2243.88,,TWSE LISTED,航運業,41.55,41.9,42.4,41.5,15257165,633.94,42.17,42.165,-1.47,-1.46,-0.84,-1.54,0.12,45.65,48.3,48.3,45.65,48.3,-7.12,-12.22,-12.22,8.98,13.98,False,False,False,False,False,False,False,True,False,2026-10-06,航運業
2630,2630.TW,AACL,亞航,95.5,,TWSE LISTED,航運業,45.6,46.5,46.5,45.6,651000,29.69,46.49,46.55,-1.91,-2.04,-1.19,-2.67,-1.51,62.3,79.9,79.9,62.3,79.9,-25.36,-41.8,-41.8,26.81,42.93,False,False,False,False,False,False,False,False,False,2026-10-06,航運業
2633,2633.TW,THSRC,台灣高鐵,1443.66,,TWSE LISTED,航運業,25.65,25.65,25.7,25.55,3664378,93.99,25.7,25.64,-0.19,0.04,0.0,-0.58,0.79,28.15,31.05,47.0,28.15,31.05,-8.7,-17.23,-45.32,8.88,17.39,False,False,False,False,False,False,False,True,False,2026-10-06,航運業
2634,2634.TW,AIDC,漢翔,603.74,,TWSE LISTED,航運業,64.1,64.9,65.0,63.9,5097422,326.74,64.62,63.86,-0.8,0.38,-0.77,-0.47,1.58,76.5,76.5,76.5,76.5,76.5,-15.03,-15.03,-15.03,16.21,16.21,False,False,False,False,False,False,False,False,False,2026-10-06,航運業
2636,2636.TW,T3EX,台驊控股,99.43,,TWSE LISTED,航運業,70.1,70.1,70.4,69.9,148274,10.39,70.7,70.78,-0.85,-0.96,-0.14,-0.85,-0.43,78.9,124.0,316.53,78.9,124.0,-10.77,-43.23,-77.76,11.15,43.47,False,False,False,False,False,False,False,False,False,2026-10-06,航運業
2637,2637.TW,WISDOM,慧洋-KY,746.41,,TWSE LISTED,航運業,100.0,99.0,102.5,98.4,3312223,331.22,97.64,98.72,2.42,1.3,2.35,4.93,5.26,108.0,108.0,121.0,108.0,108.0,-5.09,-5.09,-15.29,7.41,7.41,False,False,False,True,False,False,False,True,True,2026-10-06,航運業
2640,2640.TWO,55688,大車隊,91.86,,TPEx LISTED,數位雲端,155.0,156.0,159.5,154.5,21015,3.26,155.9,157.8,-0.58,-1.77,0.65,-1.27,-2.21,199.0,199.0,199.0,199.0,199.0,-19.85,-19.85,-19.85,22.11,22.11,False,False,False,False,False,False,False,False,False,2026-10-06,數位雲端
2641,2641.TWO,Franbo Lines,正德,56.82,,TPEx LISTED,航運業,17.2,17.25,17.5,17.15,1101033,18.94,17.35,17.44,-0.86,-1.38,-0.29,-0.86,-0.58,21.95,25.1,41.99,21.95,25.1,-20.27,-30.28,-58.33,21.64,31.47,False,False,False,False,False,False,False,False,False,2026-10-06,航運業
2642,2642.TW,Pelican,宅配通,19.33,,TWSE LISTED,航運業,20.25,20.15,20.35,20.15,40191,0.81,20.28,20.33,-0.15,-0.39,0.5,-0.49,-0.25,26.75,48.7,152.5,26.75,48.7,-23.93,-58.21,-86.66,24.3,58.42,False,False,False,False,False,False,False,False,False,2026-10-06,航運業
2643,2643.TWO,Soonest,捷迅,21.7,,TPEx LISTED,航運業,62.0,62.6,62.7,62.0,9018,0.56,62.3,62.57,-0.48,-0.91,-0.96,-0.48,-1.12,74.0,93.5,129.76,74.0,93.5,-15.27,-32.94,-51.68,16.22,33.69,False,False,False,False,False,False,False,False,False,2026-10-06,航運業
2645,2645.TW,EGAT,長榮航太,646.13,,TWSE LISTED,航運業,172.5,172.5,174.5,172.0,557260,96.13,173.0,172.85,-0.29,-0.2,0.29,-0.86,0.29,258.0,258.0,258.0,258.0,258.0,-32.36,-32.36,-32.36,33.14,33.14,False,False,False,False,False,False,False,False,False,2026-10-06,航運業
2646,2646.TW,STARLUX AIR,星宇航空,601.75,,TWSE LISTED,航運業,20.0,20.05,20.1,20.0,2573403,51.47,20.09,20.16,-0.45,-0.79,-0.25,-0.74,-0.25,23.75,33.4,45.82,23.75,33.4,-15.37,-39.82,-56.13,15.79,40.12,False,False,False,False,False,False,False,False,False,2026-10-06,航運業
2701,2701.TW,WANHWA,萬企,46.57,,TWSE LISTED,觀光餐旅,10.35,10.2,10.4,10.2,93090,0.96,10.28,10.29,0.68,0.58,1.47,0.49,0.98,11.2,13.85,15.6,11.2,13.85,-7.14,-24.91,-33.33,7.59,25.27,False,False,False,True,False,False,False,True,False,2026-10-06,觀光餐旅
2702,2702.TW,HG,華園,19.03,,TWSE LISTED,觀光餐旅,12.15,12.1,12.15,12.0,47205,0.57,12.21,12.515,-0.49,-2.92,0.41,-1.62,-3.95,18.1,22.7,30.24,18.1,22.7,-32.87,-46.48,-59.82,32.87,46.48,False,False,False,False,False,False,False,False,False,2026-10-06,觀光餐旅
2704,2704.TW,AMBH,國賓,164.01,,TWSE LISTED,觀光餐旅,44.7,45.3,45.3,44.7,61000,2.73,44.97,45.075,-0.6,-0.83,0.22,-1.0,-0.67,49.7,84.0,84.0,49.7,84.0,-8.85,-46.07,-46.07,10.06,46.79,False,False,False,False,False,False,False,False,False,2026-10-06,觀光餐旅
2705,2705.TW,LEOFOO,六福,28.79,,TWSE LISTED,觀光餐旅,15.05,15.0,15.1,15.0,83021,1.25,15.09,15.13,-0.27,-0.53,0.0,-0.66,0.0,18.2,22.45,28.45,18.2,22.45,-17.03,-32.74,-46.92,17.31,32.96,False,False,False,False,False,False,False,False,False,2026-10-06,觀光餐旅
2706,2706.TW,FIRST HOTEL,第一店,60.5,,TWSE LISTED,觀光餐旅,12.1,12.05,12.25,12.05,78536,0.95,12.13,12.12,-0.25,-0.17,0.41,-0.82,0.0,13.35,16.95,20.65,13.35,16.95,-8.24,-27.73,-40.68,9.36,28.61,False,False,False,False,False,False,False,True,False,2026-10-06,觀光餐旅
2707,2707.TW,GFRT,晶華,222.32,,TWSE LISTED,觀光餐旅,174.5,174.5,175.0,174.5,73430,12.81,175.1,176.0,-0.34,-0.85,0.0,-0.85,-0.29,202.0,258.5,338.5,202.0,258.5,-13.37,-32.3,-48.3,13.61,32.5,False,False,False,False,False,False,False,False,False,2026-10-06,觀光餐旅
2712,2712.TW,FGH,遠雄來,13.96,,TWSE LISTED,觀光餐旅,13.3,13.15,13.3,13.1,39000,0.52,13.4,13.42,-0.75,-0.89,-0.75,-0.37,-0.75,18.25,39.0,60.0,18.25,39.0,-27.12,-65.9,-77.83,27.12,65.9,False,False,False,False,False,False,False,False,False,2026-10-06,觀光餐旅
2718,2718.TWO,Allmind,全心投控,34.46,,TPEx LISTED,建材營造,39.35,39.6,39.6,39.35,26000,1.02,40.08,40.47,-1.82,-2.77,-2.36,-1.63,-3.2,54.1,145.5,145.5,54.1,145.5,-26.8,-72.78,-72.78,27.26,72.96,False,False,False,False,False,False,False,False,False,2026-10-06,建材營造
2719,2719.TWO,Star Travel,燦星旅,13.46,,TPEx LISTED,觀光餐旅,19.45,19.5,19.5,19.2,7000,0.14,19.56,19.54,-0.56,-0.46,0.26,-0.26,1.3,32.25,76.7,118.0,32.25,76.7,-39.53,-74.58,-83.47,39.69,74.64,False,False,False,False,False,False,False,False,False,2026-10-06,觀光餐旅
2722,2722.TW,Chateau,夏都,30.85,,TWSE LISTED,觀光餐旅,21.55,21.8,21.8,21.15,38000,0.82,21.46,21.31,0.42,1.13,0.0,0.47,1.65,26.85,69.76,113.21,26.85,69.76,-18.81,-68.75,-80.74,19.74,69.11,False,False,False,True,False,False,False,False,False,2026-10-06,觀光餐旅
2723,2723.TW,Gourmet,美食-KY,138.96,,TWSE LISTED,觀光餐旅,77.2,76.5,77.9,76.5,104000,8.03,77.14,77.75,0.08,-0.71,1.18,-0.39,0.78,84.0,108.0,397.64,84.0,108.0,-7.26,-27.87,-80.41,8.1,28.52,False,False,False,False,False,False,False,True,False,2026-10-06,觀光餐旅
2724,2724.TWO,AAGD-KY,藝舍-KY,7.43,,TPEx LISTED,其他,12.45,12.45,12.45,12.45,0,0.0,12.5,12.51,-0.4,-0.48,0.0,5.51,-4.96,22.25,40.0,40.0,22.25,40.0,-44.04,-68.88,-68.88,44.04,68.88,False,False,False,False,False,False,False,False,False,2026-10-06,其他
2726,2726.TWO,Yummy Town,雅茗-KY,3.02,,TPEx LISTED,觀光餐旅,8.0,8.07,8.07,8.0,2000,0.02,8.004,8.027,-0.05,-0.34,0.0,0.0,-0.37,13.3,36.55,162.2,13.3,36.55,-39.32,-77.92,-95.02,39.85,78.11,False,False,False,False,False,False,False,False,False,2026-10-06,觀光餐旅
2727,2727.TW,WOWPRIME,王品,194.08,,TWSE LISTED,觀光餐旅,234.0,233.5,234.0,233.0,62201,14.56,234.5,232.45,-0.21,0.67,0.21,-0.43,-0.43,253.0,264.5,340.15,253.0,264.5,-7.51,-11.53,-31.21,7.51,11.53,False,False,False,False,False,False,False,True,False,2026-10-06,觀光餐旅
2729,2729.TWO,TTFB,瓦城,66.71,,TPEx LISTED,觀光餐旅,155.0,154.5,155.5,154.0,7589,1.18,155.6,156.9,-0.39,-1.21,0.32,-1.27,-1.9,180.0,206.41,247.7,180.0,206.41,-13.61,-24.67,-37.22,13.89,24.91,False,False,False,False,False,False,False,False,False,2026-10-06,觀光餐旅
2731,2731.TW,Liontravel,雄獅,133.85,,TWSE LISTED,觀光餐旅,143.5,144.0,145.5,143.5,195150,28.0,144.0,143.85,-0.35,-0.24,-0.69,-0.35,0.35,185.0,185.0,201.5,185.0,185.0,-21.35,-21.35,-27.79,22.43,22.43,False,False,False,False,False,False,False,False,False,2026-10-06,觀光餐旅
2732,2732.TWO,La Kaffa,六角,29.4,,TPEx LISTED,觀光餐旅,63.2,63.1,63.5,63.0,23204,1.47,63.16,63.45,0.06,-0.39,-0.16,0.64,-1.86,70.5,144.5,209.0,70.5,144.5,-9.93,-56.06,-69.62,10.35,56.26,False,False,False,False,False,False,False,False,False,2026-10-06,觀光餐旅
2734,2734.TWO,Ezfly,易飛網,8.22,,TPEx LISTED,觀光餐旅,14.35,14.3,14.4,14.3,25000,0.36,14.38,14.425,-0.21,-0.52,0.0,0.0,-0.35,19.5,52.6,81.0,19.5,52.6,-26.15,-72.62,-82.22,26.41,72.72,False,False,False,False,False,False,False,False,False,2026-10-06,觀光餐旅
2736,2736.TWO,HOYA,富野,8.92,,TPEx LISTED,觀光餐旅,11.15,11.2,11.2,11.1,37020,0.41,11.24,11.27,-0.8,-1.06,-0.45,-1.33,-1.76,15.2,33.8,55.0,15.2,33.8,-26.32,-66.86,-79.64,26.64,67.01,False,False,False,False,False,False,False,False,False,2026-10-06,觀光餐旅
2739,2739.TW,My Humble House,寒舍,33.22,,TWSE LISTED,觀光餐旅,36.3,36.9,36.9,36.2,20280,0.74,36.35,36.525,-0.14,-0.62,0.14,-0.55,0.14,39.15,81.9,86.0,39.15,81.9,-5.75,-54.95,-57.09,7.28,55.68,False,False,False,False,False,False,False,True,False,2026-10-06,觀光餐旅
2740,2740.TWO,Hua Hsuan,華軒,5.26,,TPEx LISTED,觀光餐旅,31.4,31.4,31.4,31.4,1520,0.05,30.4,30.65,3.29,2.45,1.45,8.28,2.45,47.45,80.0,153.04,47.45,80.0,-33.83,-60.75,-79.48,33.83,60.75,True,False,False,False,False,False,False,False,False,2026-10-06,觀光餐旅
2743,2743.TWO,richmond,山富,23.55,,TPEx LISTED,觀光餐旅,50.3,51.0,51.0,50.0,133200,6.7,51.98,53.03,-3.23,-5.15,-1.95,-3.82,-5.63,84.7,147.31,147.31,84.7,147.31,-39.79,-65.38,-65.38,40.61,65.85,False,False,False,False,False,False,False,False,False,2026-10-06,觀光餐旅
2745,2745.TWO,LIFE TRAVEL,五福,28.77,,TPEx LISTED,觀光餐旅,85.1,84.5,85.3,84.5,50000,4.25,84.88,84.63,0.26,0.56,0.24,0.59,1.31,116.0,154.5,154.5,116.0,154.5,-26.47,-44.79,-44.79,26.64,44.92,False,False,False,True,False,False,False,False,False,2026-10-06,觀光餐旅
2748,2748.TW,FDC,雲品,40.88,,TWSE LISTED,觀光餐旅,38.65,38.8,38.8,38.65,51015,1.97,38.83,38.79,-0.46,-0.36,0.13,-1.15,-0.13,45.35,92.5,130.0,45.35,92.5,-14.44,-58.05,-70.15,14.77,58.22,False,False,False,False,False,False,False,False,False,2026-10-06,觀光餐旅
2751,2751.TWO,Kingza,王座,10.6,,TPEx LISTED,觀光餐旅,53.5,53.0,53.8,53.0,13000,0.7,53.0,53.42,0.94,0.15,0.94,1.13,1.71,63.3,142.5,162.5,63.3,142.5,-15.01,-62.25,-66.89,15.48,62.46,False,False,True,True,False,False,False,False,False,2026-10-06,觀光餐旅
2752,2752.TWO,TOFU,豆府,47.52,,TPEx LISTED,觀光餐旅,178.0,177.0,178.0,177.0,6120,1.09,176.9,177.75,0.62,0.14,1.14,0.85,0.28,223.0,311.5,311.5,223.0,311.5,-20.18,-42.86,-42.86,20.18,42.86,False,False,False,True,False,False,False,False,False,2026-10-06,觀光餐旅
2753,2753.TW,Bafang,八方雲集,120.63,,TWSE LISTED,觀光餐旅,181.0,183.5,183.5,180.5,100015,18.1,182.6,181.25,-0.88,-0.14,-1.36,-1.36,1.12,186.67,210.95,249.05,186.67,210.95,-1.7,-13.01,-26.32,3.04,14.2,False,False,False,False,False,False,False,True,False,2026-10-06,觀光餐旅
2754,2754.TWO,KURA SUSHI ASIA,亞洲藏壽司,31.66,,TPEx LISTED,觀光餐旅,67.5,68.0,68.0,67.0,25000,1.69,67.76,68.08,-0.38,-0.85,0.45,-0.74,-0.74,87.9,133.0,325.5,87.9,133.0,-22.64,-48.87,-79.11,23.21,49.25,False,False,False,False,False,False,False,False,False,2026-10-06,觀光餐旅
2755,2755.TWO,YoungQin,揚秦,45.86,,TPEx LISTED,觀光餐旅,98.0,99.0,99.0,97.8,67207,6.59,98.82,98.95,-0.83,-0.96,-1.51,-1.01,-1.01,122.75,122.75,122.75,122.75,122.75,-19.35,-19.35,-19.35,20.16,20.16,False,False,False,False,False,False,False,False,False,2026-10-06,觀光餐旅
2756,2756.TWO,LIAN FA,聯發國際,15.1,,TPEx LISTED,觀光餐旅,61.4,62.6,62.6,60.5,19091,1.17,62.18,62.48,-1.25,-1.73,-0.97,-2.23,-1.76,82.6,129.0,134.17,82.6,129.0,-24.21,-51.47,-53.34,25.67,52.4,False,False,False,False,False,False,False,False,False,2026-10-06,觀光餐旅
2762,2762.TW,World Gym,世界健身-KY,87.52,,TWSE LISTED,運動休閒,77.8,78.5,78.9,77.8,78000,6.07,78.5,79.03,-0.89,-1.56,-0.89,-0.77,-1.52,91.2,133.0,133.0,91.2,133.0,-13.49,-40.68,-40.68,14.69,41.5,False,False,False,False,False,False,False,False,False,2026-10-06,運動休閒
2801,2801.TW,CHANG HWA BANK,彰銀,3304.49,,TWSE LISTED,金融保險,27.4,27.25,27.55,27.2,11530895,315.95,27.47,27.725,-0.25,-1.17,0.74,-0.54,-0.36,29.75,29.75,29.75,29.75,29.75,-7.39,-7.39,-7.39,7.9,7.9,False,False,False,False,False,False,False,True,True,2026-10-06,金融保險
2812,2812.TW,T.C.C.B.,台中銀,1201.49,,TWSE LISTED,金融保險,18.7,18.6,18.75,18.55,7699588,143.98,18.73,18.905,-0.16,-1.08,0.81,-0.53,-0.53,19.87,21.8,21.8,19.87,21.8,-5.63,-13.99,-13.99,5.88,14.22,False,False,False,False,False,False,False,True,False,2026-10-06,金融保險
2816,2816.TW,UNION INS.,旺旺保,88.66,,TWSE LISTED,金融保險,39.65,39.75,39.95,39.65,131193,5.2,39.8,40.05,-0.38,-1.0,-0.13,0.0,-0.5,41.4,42.0,42.0,41.4,42.0,-3.5,-4.88,-4.88,4.23,5.6,False,False,False,False,False,False,False,True,True,2026-10-06,金融保險
2820,2820.TW,CBF,華票,223.6,,TWSE LISTED,金融保險,16.65,16.6,16.75,16.6,1768003,29.44,16.71,16.945,-0.36,-1.74,0.3,-0.6,-1.19,18.05,18.05,18.05,18.05,18.05,-7.2,-7.2,-7.2,7.76,7.76,False,False,False,False,False,False,False,True,True,2026-10-06,金融保險
2832,2832.TW,TFMI,台產,142.49,,TWSE LISTED,金融保險,56.2,56.5,56.7,56.2,124000,6.97,56.58,57.18,-0.67,-1.71,-0.18,-1.06,-1.06,61.9,61.9,61.9,61.9,61.9,-8.4,-8.4,-8.4,9.21,9.21,False,False,False,False,False,False,False,True,True,2026-10-06,金融保險
2834,2834.TW,TBB,臺企銀,1804.11,,TWSE LISTED,金融保險,17.35,17.3,17.4,17.25,15016585,260.54,17.47,17.73,-0.69,-2.14,0.29,-0.86,-1.42,18.8,18.8,18.8,18.8,18.8,-7.45,-7.45,-7.45,7.71,7.71,False,False,False,False,False,False,False,True,True,2026-10-06,金融保險
2836,2836.TW,B.O.K,高雄銀,223.0,,TWSE LISTED,金融保險,12.0,12.0,12.05,12.0,422250,5.07,12.02,12.095,-0.17,-0.79,0.42,-0.41,0.0,12.94,12.94,13.97,12.94,12.94,-6.84,-6.84,-13.72,7.23,7.23,False,False,False,False,False,False,False,True,True,2026-10-06,金融保險
2838,2838.TW,UBOT,聯邦銀,933.09,,TWSE LISTED,金融保險,20.25,20.2,20.4,20.2,1253781,25.39,20.42,20.795,-0.83,-2.62,0.25,-1.94,-1.46,23.49,23.49,23.49,23.49,23.49,-13.16,-13.16,-13.16,13.8,13.8,False,False,False,False,False,False,False,False,False,2026-10-06,金融保險
2845,2845.TW,FEIB,遠東銀,625.19,,TWSE LISTED,金融保險,12.85,12.8,12.9,12.8,3927831,50.47,12.95,13.155,-0.77,-2.32,0.39,-1.91,-1.91,13.85,15.77,15.77,13.85,15.77,-6.86,-18.17,-18.17,7.22,18.49,False,False,False,False,False,False,False,True,False,2026-10-06,金融保險
2849,2849.TW,EnTie Bank,安泰銀,298.54,,TWSE LISTED,金融保險,15.25,15.8,15.8,15.2,138743,2.12,15.64,15.76,-2.49,-3.24,-1.93,-4.69,-1.61,16.3,16.3,17.35,16.3,16.3,-3.07,-3.07,-8.93,6.44,6.44,False,False,False,False,False,False,False,True,True,2026-10-06,金融保險
2850,2850.TW,SK Insurance,新產,503.96,,TWSE LISTED,金融保險,159.5,159.5,160.0,158.5,84033,13.4,159.5,159.4,0.0,0.06,0.0,1.59,-0.93,169.0,169.0,169.0,169.0,169.0,-5.33,-5.33,-5.33,5.62,5.62,False,False,False,False,False,False,False,True,True,2026-10-06,金融保險
2851,2851.TW,Central Re,中再保,369.78,,TWSE LISTED,金融保險,46.2,45.65,46.3,45.65,1247241,57.62,46.21,46.91,-0.02,-1.51,1.32,0.22,-1.81,48.5,48.5,48.5,48.5,48.5,-4.54,-4.54,-4.54,4.74,4.74,False,False,False,False,False,False,False,True,True,2026-10-06,金融保險
2852,2852.TW,FIRST INS,第一保,82.37,,TWSE LISTED,金融保險,27.35,27.55,27.6,27.25,531068,14.52,27.56,27.805,-0.76,-1.64,-0.55,-0.91,-1.26,30.3,31.0,31.0,30.3,31.0,-8.91,-10.97,-10.97,9.74,11.77,False,False,False,False,False,False,False,True,False,2026-10-06,金融保險
2855,2855.TW,PSC,統一證,936.83,,TWSE LISTED,金融保險,58.5,58.5,58.8,57.7,2383629,139.44,57.46,57.25,1.81,2.18,0.52,3.72,5.41,59.8,59.8,59.8,59.8,59.8,-1.67,-1.67,-1.67,2.17,2.17,True,False,False,False,False,False,False,True,True,2026-10-06,金融保險
2880,2880.TW,HNFHC,華南金,6388.51,,TWSE LISTED,金融保險,45.45,44.6,45.45,44.6,6688255,303.98,45.1,45.515,0.78,-0.14,1.91,0.44,1.22,48.3,48.3,48.3,48.3,48.3,-5.9,-5.9,-5.9,5.9,5.9,False,False,False,False,False,False,False,True,True,2026-10-06,金融保險
2881,2881.TW,Fubon Financial,富邦金,21641.38,,TWSE LISTED,金融保險,154.5,151.5,154.5,151.5,16436963,2539.51,151.7,152.2,1.85,1.51,1.64,2.66,1.98,156.5,156.5,156.5,156.5,156.5,-1.28,-1.28,-1.28,1.28,1.28,False,False,True,True,False,False,False,True,True,2026-10-06,金融保險
2882,2882.TW,CATHAY FHC,國泰金,16429.52,,TWSE LISTED,金融保險,112.0,112.0,113.0,111.0,17663912,1978.36,111.3,111.5,0.63,0.45,0.45,1.36,0.45,117.5,117.5,117.5,117.5,117.5,-3.83,-3.83,-3.83,4.68,4.68,False,False,False,True,False,False,False,True,True,2026-10-06,金融保險
2883,2883.TW,KGI Financial,凱基金,6390.94,,TWSE LISTED,金融保險,37.65,37.4,38.0,37.35,31157378,1173.08,37.61,38.505,0.11,-2.22,0.94,2.03,-3.34,40.8,40.8,40.8,40.8,40.8,-6.86,-6.86,-6.86,7.72,7.72,False,False,False,False,False,False,False,True,True,2026-10-06,金融保險
2884,2884.TW,E.S.F.H,玉山金,8055.34,,TWSE LISTED,金融保險,45.45,45.0,45.45,44.95,11908971,541.26,45.16,45.415,0.64,0.08,1.45,0.22,1.22,47.35,47.35,47.35,47.35,47.35,-4.01,-4.01,-4.01,4.01,4.01,False,False,False,True,False,False,False,True,True,2026-10-06,金融保險
2885,2885.TW,Yuanta Group,元大金,9608.03,,TWSE LISTED,金融保險,69.3,68.6,69.8,68.6,18502591,1282.23,68.04,68.87,1.85,0.62,1.61,2.82,0.87,71.7,71.7,71.7,71.7,71.7,-2.65,-2.65,-2.65,3.35,3.35,False,False,False,True,False,False,False,True,True,2026-10-06,金融保險
2886,2886.TW,MEGA FHC,兆豐金,7312.86,,TWSE LISTED,金融保險,49.3,48.55,49.4,48.5,22119756,1090.5,48.94,49.5,0.74,-0.4,1.54,0.92,0.41,53.7,53.7,53.7,53.7,53.7,-8.01,-8.01,-8.01,8.19,8.19,False,False,False,False,False,False,False,True,True,2026-10-06,金融保險
2887,2887.TW,TS Holdings,台新新光金,10410.19,,TWSE LISTED,金融保險,41.45,40.95,41.65,40.9,22792411,944.75,41.21,42.0,0.58,-1.31,1.47,0.48,-0.84,44.8,44.8,44.8,44.8,44.8,-7.03,-7.03,-7.03,7.48,7.48,False,False,False,False,False,False,False,True,True,2026-10-06,金融保險
2889,2889.TW,IBF,國票金,593.88,,TWSE LISTED,金融保險,16.2,16.0,16.3,16.0,3445234,55.81,16.19,16.445,0.06,-1.49,1.25,0.31,-1.22,17.64,17.64,17.64,17.64,17.64,-7.61,-7.61,-7.61,8.18,8.18,False,False,False,False,False,False,False,True,True,2026-10-06,金融保險
2890,2890.TW,SINOPACHOLDINGS,永豐金,6660.4,,TWSE LISTED,金融保險,45.057,43.717,45.107,43.717,19991631,900.76,43.946,44.46,2.53,1.34,3.06,4.01,3.42,46.35,46.35,46.35,46.35,46.35,-2.68,-2.68,-2.68,2.79,2.79,False,False,True,True,False,False,False,True,True,2026-10-06,金融保險
2891,2891.TW,CTBC HOLDING,中信金,13458.34,,TWSE LISTED,金融保險,68.4,67.5,68.5,67.5,29657993,2028.61,67.88,68.55,0.77,-0.22,1.48,0.74,-0.44,73.6,73.6,73.6,73.6,73.6,-6.93,-6.93,-6.93,7.07,7.07,False,False,False,False,False,False,False,True,True,2026-10-06,金融保險
2892,2892.TW,FFHC,第一金,5543.29,,TWSE LISTED,金融保險,38.55,37.95,38.6,37.95,13025795,502.14,38.5,39.01,0.13,-1.18,1.31,-0.39,-0.13,40.95,40.95,40.95,40.95,40.95,-5.74,-5.74,-5.74,5.86,5.86,False,False,False,False,False,False,False,True,True,2026-10-06,金融保險
2897,2897.TW,O-Bank,王道銀行,297.37,,TWSE LISTED,金融保險,10.6,10.6,10.65,10.55,1864100,19.76,10.72,10.905,-1.12,-2.8,0.0,-1.85,-3.2,11.35,11.35,11.35,11.35,11.35,-6.17,-6.17,-6.17,6.61,6.61,False,False,False,False,False,False,False,True,True,2026-10-06,金融保險
2901,2901.TW,SHIN SHIN,欣欣,18.08,,TWSE LISTED,貿易百貨,24.75,25.15,25.25,24.6,39033,0.97,24.75,24.145,0.0,2.51,-1.0,-0.2,3.99,26.8,30.05,36.8,26.8,30.05,-5.78,-15.97,-31.39,7.65,17.64,False,False,False,False,False,False,False,True,False,2026-10-06,貿易百貨
2903,2903.TW,FEDS,遠百,308.18,,TWSE LISTED,貿易百貨,21.75,21.75,21.9,21.7,762098,16.58,21.88,22.035,-0.59,-1.29,0.0,-0.91,-0.68,24.5,35.95,35.95,24.5,35.95,-10.61,-39.08,-39.08,11.22,39.5,False,False,False,False,False,False,False,False,False,2026-10-06,貿易百貨
2904,2904.TW,POCS,匯僑,9.73,,TWSE LISTED,其他,12.5,12.55,12.55,12.5,21101,0.26,12.59,12.59,-0.71,-0.71,-0.4,-1.57,-0.79,17.85,19.95,31.25,17.85,19.95,-29.69,-37.09,-59.85,29.97,37.34,False,False,False,False,False,False,False,False,False,2026-10-06,其他
2905,2905.TW,MERCURIES,三商,197.09,,TWSE LISTED,貿易百貨,17.75,17.6,17.85,17.6,382229,6.78,17.91,18.18,-0.89,-2.37,0.57,-1.66,-1.39,19.0,21.75,27.51,19.0,21.75,-6.05,-17.93,-35.12,6.58,18.39,False,False,False,False,False,False,False,True,False,2026-10-06,貿易百貨
2906,2906.TW,Collins,高林,27.92,,TWSE LISTED,貿易百貨,13.35,13.35,13.35,13.2,34150,0.46,13.36,13.435,-0.07,-0.63,0.75,-0.37,0.38,16.1,24.7,29.85,16.1,24.7,-17.08,-45.95,-55.28,17.08,45.95,False,False,False,False,False,False,False,False,False,2026-10-06,貿易百貨
2908,2908.TW,Test Rite,特力,111.92,,TWSE LISTED,貿易百貨,21.95,22.15,22.15,21.8,386000,8.47,22.08,22.045,-0.59,-0.43,-1.13,-0.68,1.15,22.6,22.6,28.0,22.6,22.6,-1.99,-1.99,-20.89,2.88,2.88,False,False,False,False,False,False,False,True,True,2026-10-06,貿易百貨
2910,2910.TW,TONLIN,統領,42.1,,TWSE LISTED,貿易百貨,24.0,23.35,24.0,23.05,25484,0.61,23.55,23.57,1.91,1.82,2.78,1.69,3.9,31.1,31.1,52.9,31.1,31.1,-22.83,-22.83,-54.63,22.83,22.83,False,False,False,True,False,False,False,False,False,2026-10-06,貿易百貨
2911,2911.TW,Les enphants,麗嬰房,6.08,,TWSE LISTED,貿易百貨,5.78,6.04,6.05,5.78,206022,1.19,6.01,6.071,-3.83,-4.79,-4.3,-5.86,-4.15,10.5,13.83,28.61,10.5,13.83,-42.38,-56.27,-78.85,44.95,58.22,False,False,False,False,False,False,False,False,False,2026-10-06,貿易百貨
2912,2912.TW,PCSC,統一超,2188.4,,TWSE LISTED,貿易百貨,210.5,210.5,212.0,210.0,1460001,307.33,211.4,212.35,-0.43,-0.87,-0.24,-0.94,-0.71,250.0,306.0,378.0,250.0,306.0,-15.2,-30.72,-43.92,15.8,31.21,False,False,False,False,False,False,False,False,False,2026-10-06,貿易百貨
2913,2913.TW,TTC,農林,86.11,,TWSE LISTED,貿易百貨,10.9,10.9,11.0,10.85,1561557,17.02,11.01,11.035,-1.0,-1.22,0.0,-1.8,-0.91,13.9,24.25,33.0,13.9,24.25,-20.86,-54.64,-66.67,21.58,55.05,False,False,False,False,False,False,False,False,False,2026-10-06,貿易百貨
2915,2915.TW,RUENTEX IND.LTD,潤泰全,636.09,,TWSE LISTED,貿易百貨,57.6,56.8,57.9,56.7,750539,43.23,57.82,58.63,-0.38,-1.76,1.23,-1.2,-1.54,62.5,83.7,120.64,62.5,83.7,-7.36,-30.82,-52.01,7.84,31.18,False,False,False,False,False,False,False,True,False,2026-10-06,貿易百貨
2916,2916.TWO,MUNSIN,滿心,26.11,,TPEx LISTED,居家生活,40.4,40.5,40.5,40.4,32000,1.29,40.52,40.51,-0.3,-0.27,-0.25,-0.25,-0.37,49.55,66.8,66.8,49.55,66.8,-18.26,-39.37,-39.37,18.47,39.52,False,False,False,False,False,False,False,False,False,2026-10-06,居家生活
2923,2923.TW,Sino Horizon,鼎固-KY,412.45,,TWSE LISTED,建材營造,23.7,24.4,24.4,23.55,120022,2.84,24.55,24.93,-3.46,-4.93,-2.27,-6.69,-0.84,44.15,44.15,44.15,44.15,44.15,-44.73,-44.73,-44.73,46.32,46.32,False,False,False,False,False,False,False,False,False,2026-10-06,建材營造
2924,2924.TWO,Grand Galactica,宏太-KY,9.55,,TPEx LISTED,居家生活,18.35,18.9,18.95,17.4,32000,0.59,18.7,18.675,-1.87,-1.74,-4.92,-2.65,-0.54,22.45,46.35,61.9,22.45,46.35,-15.59,-59.12,-69.39,18.26,60.41,False,False,False,False,False,False,False,False,False,2026-10-06,居家生活
2926,2926.TWO,Eslite Spectrum,誠品生活,14.38,,TPEx LISTED,文化創意業,30.35,29.75,30.35,29.75,3000,0.09,30.18,30.065,0.56,0.95,0.83,0.17,2.71,40.65,69.0,184.0,40.65,69.0,-25.34,-56.01,-83.51,25.34,56.01,False,False,True,True,False,False,False,False,False,2026-10-06,文化創意業
2929,2929.TW,TOPBI,淘帝-KY,6.12,,TWSE LISTED,貿易百貨,5.59,5.83,5.85,5.59,229200,1.28,5.768,5.789,-3.09,-3.44,-3.79,-3.79,-3.79,8.6,16.7,93.65,8.6,16.7,-31.98,-64.97,-93.75,35.0,66.53,False,False,False,False,False,False,False,False,False,2026-10-06,貿易百貨
2937,2937.TWO,Gseven,集雅社,21.51,,TPEx LISTED,居家生活,44.9,44.5,44.9,44.0,4000,0.18,44.84,44.775,0.13,0.28,-0.11,0.45,0.45,45.5,45.5,45.5,45.5,45.5,-1.32,-1.32,-1.32,1.32,1.32,False,False,False,True,False,False,False,True,True,2026-10-06,居家生活
2938,2938.TWO,BEDDING WORLD,床的世界,3.66,,TPEx LISTED,居家生活,18.15,18.2,18.25,18.05,51059,0.93,18.38,18.505,-1.25,-1.92,0.0,-1.89,-2.16,29.45,54.8,54.8,29.45,54.8,-38.03,-66.7,-66.7,38.37,66.88,False,False,False,False,False,False,False,False,False,2026-10-06,居家生活
2939,2939.TW,Vitafoss-KY,永邑-KY,10.84,,TWSE LISTED,貿易百貨,23.8,23.45,24.3,23.45,74000,1.76,22.73,21.295,4.71,11.76,1.49,8.43,17.53,28.0,38.8,310.0,28.0,38.8,-13.21,-37.37,-92.16,15.0,38.66,True,True,False,False,False,False,False,False,False,2026-10-06,貿易百貨
2941,2941.TWO,MISTER,米斯特,4.73,,TPEx LISTED,居家生活,30.75,30.75,30.75,30.75,0,0.0,30.73,31.31,0.07,-1.79,0.0,-0.81,-4.35,45.95,136.5,136.5,45.95,136.5,-33.08,-77.47,-77.47,33.08,77.47,False,False,False,False,False,False,False,False,False,2026-10-06,居家生活
2945,2945.TW,Simple Mart,三商家購,27.0,,TWSE LISTED,貿易百貨,40.0,39.7,40.0,39.5,14003,0.56,39.94,40.07,0.15,-0.17,0.13,0.25,0.5,45.7,49.3,120.38,45.7,49.3,-12.47,-18.86,-66.77,12.47,18.86,False,False,False,False,False,False,False,False,False,2026-10-06,貿易百貨
2947,2947.TWO,Zhen Yu,振宇五金,14.8,,TPEx LISTED,居家生活,62.6,61.5,62.6,61.3,22000,1.38,61.08,60.76,2.49,3.03,2.62,3.47,3.64,83.8,96.0,139.09,83.8,96.0,-25.3,-34.79,-54.99,25.3,34.79,True,False,False,False,False,False,False,False,False,2026-10-06,居家生活
2948,2948.TWO,Bausen,寶陞,11.92,,TPEx LISTED,居家生活,37.25,37.25,37.25,37.25,0,0.0,36.98,36.865,0.73,1.04,0.0,2.05,1.22,40.3,102.38,102.38,40.3,102.38,-7.57,-63.61,-63.61,7.57,63.61,False,False,False,False,False,False,False,True,False,2026-10-06,居家生活
2949,2949.TWO,HHG,欣新網,19.15,,TPEx LISTED,數位雲端,62.5,62.5,62.5,62.5,0,0.0,65.6,65.1,-4.73,-3.99,0.0,-9.29,-2.34,84.0,129.87,129.87,84.0,129.87,-25.6,-51.88,-51.88,25.6,51.88,False,False,False,False,False,False,False,False,False,2026-10-06,數位雲端
3002,3002.TW,AHOKU,歐格,19.28,,TWSE LISTED,電腦及週邊設備業,18.9,19.4,19.4,18.85,185003,3.5,19.31,19.255,-2.12,-1.84,-1.56,-2.83,0.0,25.5,31.9,31.9,25.5,31.9,-23.92,-39.18,-39.18,25.88,40.75,False,False,False,False,False,False,False,False,False,2026-10-06,電腦及週邊設備業
3003,3003.TW,KST,健和興,91.53,,TWSE LISTED,電子零組件業,58.8,59.7,59.7,58.7,354000,20.82,59.76,59.44,-1.61,-1.08,-1.67,-1.67,-1.51,74.0,102.5,109.0,74.0,102.5,-19.32,-41.76,-45.23,20.54,42.63,False,False,False,False,False,False,False,False,False,2026-10-06,電子零組件業
3004,3004.TW,NAFCO,豐達科,78.23,,TWSE LISTED,鋼鐵工業,121.5,122.0,122.0,121.0,268328,32.6,120.7,119.1,0.66,2.02,0.83,0.41,3.4,163.0,164.0,164.0,163.0,164.0,-25.15,-25.61,-25.61,25.46,25.91,False,False,False,False,False,False,False,False,False,2026-10-06,鋼鐵工業
3005,3005.TW,Getac,神基,740.12,,TWSE LISTED,電腦及週邊設備業,118.5,117.5,119.0,116.5,2241253,265.59,117.4,117.55,0.94,0.81,1.28,0.85,1.28,139.5,167.5,167.5,139.5,167.5,-14.7,-28.96,-28.96,15.05,29.25,False,False,False,True,False,False,False,False,False,2026-10-06,電腦及週邊設備業
3006,3006.TW,ESMT,晶豪科,815.38,,TWSE LISTED,半導體業,273.5,282.0,282.0,273.0,6799237,1859.59,281.6,280.55,-2.88,-2.51,-3.01,-2.67,-4.04,319.0,319.0,319.0,319.0,319.0,-11.6,-11.6,-11.6,14.26,14.26,False,False,False,False,False,False,False,False,False,2026-10-06,半導體業
3008,3008.TW,LARGAN,大立光,8966.22,,TWSE LISTED,光電業,6855.0,6800.0,6915.0,6705.0,1980956,13579.45,6405.0,6328.5,7.03,8.32,1.86,10.48,13.87,7995.0,7995.0,7995.0,7995.0,7995.0,-13.51,-13.51,-13.51,14.26,14.26,True,False,False,False,False,False,False,False,False,2026-10-06,光電業
3010,3010.TW,WAH LEE,華立,339.86,,TWSE LISTED,電子通路業,131.0,131.5,132.0,130.0,560153,73.38,128.1,126.6,2.26,3.48,0.77,3.97,4.8,151.0,157.0,157.0,151.0,157.0,-12.58,-15.92,-15.92,13.25,16.56,True,True,False,False,False,False,False,False,False,2026-10-06,電子通路業
3011,3011.TW,JH,今皓,12.33,,TWSE LISTED,電子零組件業,9.52,9.8,9.98,9.52,378004,3.6,9.878,9.936,-3.62,-4.19,-2.86,-5.27,-3.84,16.05,39.9,43.1,16.05,39.9,-37.82,-74.99,-76.84,40.69,76.14,False,False,False,False,False,False,False,False,False,2026-10-06,電子零組件業
3013,3013.TW,UNEEC,晟銘電,202.68,,TWSE LISTED,電腦及週邊設備業,95.0,92.6,96.8,90.8,5963377,566.52,92.3,88.05,2.93,7.89,2.15,1.06,13.1,130.77,169.23,169.23,130.77,169.23,-25.98,-42.8,-42.8,27.35,43.86,False,False,False,False,False,False,False,False,False,2026-10-06,電腦及週邊設備業
3014,3014.TW,ITE,聯陽,240.63,,TWSE LISTED,半導體業,145.0,146.5,146.5,144.0,1879600,272.54,143.5,142.3,1.05,1.9,-1.02,2.11,1.05,171.0,185.0,185.0,171.0,185.0,-14.33,-20.81,-20.81,15.2,21.62,False,False,False,False,False,False,False,False,False,2026-10-06,半導體業
3015,3015.TW,FSP,全漢,101.31,,TWSE LISTED,電子零組件業,54.1,54.8,54.8,53.9,308006,16.66,54.42,53.83,-0.59,0.5,0.56,-0.92,0.74,74.8,74.8,74.8,74.8,74.8,-26.74,-26.74,-26.74,27.67,27.67,False,False,False,False,False,False,False,False,False,2026-10-06,電子零組件業
3016,3016.TW,EPi,嘉晶,551.32,,TWSE LISTED,半導體業,188.0,186.0,189.5,181.5,4580583,861.15,177.4,161.8,5.98,16.19,3.58,11.9,8.99,189.5,189.5,189.5,189.5,189.5,0.0,0.0,0.0,0.79,0.79,True,False,False,False,False,False,False,True,True,2026-10-06,半導體業
3017,3017.TW,AVC,奇鋐,14469.89,,TWSE LISTED,電腦及週邊設備業,3685.0,3650.0,3700.0,3515.0,3067173,11302.53,3531.0,3488.5,4.36,5.63,2.79,4.99,8.38,3690.0,3690.0,3690.0,3700.0,3700.0,0.27,0.27,0.27,0.41,0.41,False,False,True,False,True,True,True,True,True,2026-10-06,電腦及週邊設備業
3018,3018.TW,LUNG MING,隆銘綠能,8.82,,TWSE LISTED,其他電子業,11.7,11.75,11.75,11.25,35292,0.41,11.98,11.975,-2.34,-2.3,-2.09,-4.49,-2.09,18.9,35.5,175.13,18.9,35.5,-37.83,-66.9,-93.29,38.1,67.04,False,False,False,False,False,False,False,False,False,2026-10-06,其他電子業
3019,3019.TW,ASIA,亞光,393.73,,TWSE LISTED,光電業,141.0,143.0,143.5,139.5,2568975,362.23,139.0,137.15,1.44,2.81,-0.35,2.92,4.06,172.0,218.0,218.0,172.0,218.0,-16.57,-34.17,-34.17,18.02,35.32,False,False,False,False,False,False,False,False,False,2026-10-06,光電業
3021,3021.TW,WELLTEND,鴻名,25.75,,TWSE LISTED,電子零組件業,27.2,28.3,28.3,27.2,542808,14.76,27.95,27.235,-2.68,-0.13,-1.98,-3.37,-8.11,40.0,40.45,40.45,40.0,40.45,-29.25,-30.04,-30.04,32.0,32.76,False,False,False,False,False,False,False,False,False,2026-10-06,電子零組件業
3022,3022.TW,IEI,威強電,160.35,,TWSE LISTED,電腦及週邊設備業,90.8,92.4,92.4,90.5,714310,64.86,91.84,92.03,-1.13,-1.34,-1.3,-1.94,-2.37,116.5,122.0,122.0,116.5,122.0,-20.69,-24.26,-24.26,22.06,25.57,False,False,False,False,False,False,False,False,False,2026-10-06,電腦及週邊設備業
3023,3023.TW,SINBON,信邦,761.02,,TWSE LISTED,電子零組件業,317.0,323.5,323.5,317.0,496344,157.34,313.5,313.9,1.12,0.99,-1.71,2.59,3.09,353.5,353.5,387.0,353.5,353.5,-8.49,-8.49,-16.41,10.33,10.33,False,False,False,False,False,False,False,False,False,2026-10-06,電子零組件業
3024,3024.TW,ACTION,憶聲,37.83,,TWSE LISTED,光電業,13.65,13.9,13.9,13.65,655116,8.94,13.94,14.22,-2.08,-4.01,-0.73,-3.19,-3.87,18.4,25.15,25.15,18.4,25.15,-24.46,-44.73,-44.73,25.82,45.73,False,False,False,False,False,False,False,False,False,2026-10-06,光電業
3025,3025.TW,LOOP,星通,33.7,,TWSE LISTED,通信網路業,59.4,56.8,60.7,55.6,2077281,123.39,56.34,54.24,5.43,9.51,6.26,2.24,13.36,85.0,91.0,91.0,85.0,91.0,-28.59,-33.3,-33.3,30.12,34.73,False,False,False,False,False,False,False,False,False,2026-10-06,通信網路業
3026,3026.TW,HOLY STONE,禾伸堂,1320.49,,TWSE LISTED,電子零組件業,796.0,820.0,823.0,796.0,5549737,4417.59,818.2,803.6,-2.71,-0.95,-2.57,-6.57,0.0,1045.0,1045.0,1045.0,1045.0,1045.0,-21.24,-21.24,-21.24,23.83,23.83,False,False,False,False,False,False,False,False,False,2026-10-06,電子零組件業
3027,3027.TW,BILLION,盛達,25.12,,TWSE LISTED,通信網路業,19.45,18.85,20.65,18.85,1779060,34.6,18.89,18.8,2.96,3.46,3.46,4.01,5.71,29.1,50.8,58.4,29.1,50.8,-29.04,-59.35,-64.64,33.16,61.71,False,False,True,False,False,False,False,False,False,2026-10-06,通信網路業
3028,3028.TW,ZENITRON,增你強,148.75,,TWSE LISTED,電子通路業,62.7,63.5,63.5,62.2,947618,59.42,62.9,62.65,-0.32,0.08,-1.1,0.97,0.0,88.3,88.3,88.3,88.3,88.3,-28.09,-28.09,-28.09,28.99,28.99,False,False,False,False,False,False,False,False,False,2026-10-06,電子通路業
3029,3029.TW,ZERO ONE,零壹,196.23,,TWSE LISTED,資訊服務業,117.5,118.5,119.0,117.5,825827,97.03,118.4,119.0,-0.76,-1.26,0.0,-1.26,0.0,126.0,174.0,174.0,126.0,174.0,-5.56,-31.61,-31.61,6.75,32.47,False,False,False,False,False,False,False,True,False,2026-10-06,資訊服務業
3030,3030.TW,TRI,德律,727.55,,TWSE LISTED,其他電子業,308.0,310.0,318.0,307.5,5129519,1579.89,296.3,282.85,3.95,8.89,0.82,6.57,11.59,457.5,457.5,457.5,457.5,457.5,-30.49,-30.49,-30.49,32.68,32.68,True,True,False,False,False,False,False,False,False,2026-10-06,其他電子業
3031,3031.TW,BRIGHT,佰鴻,59.24,,TWSE LISTED,光電業,34.2,33.4,34.6,31.05,14284914,488.54,32.24,30.8,6.08,11.04,3.95,12.13,9.44,36.85,36.85,36.85,36.85,36.85,-6.11,-6.11,-6.11,7.19,7.19,True,False,False,False,False,False,False,True,True,2026-10-06,光電業
3032,3032.TW,COMPUCASE,偉訓,88.7,,TWSE LISTED,電子零組件業,78.3,79.5,79.6,78.3,257402,20.15,78.92,78.96,-0.79,-0.84,-1.26,-1.26,0.51,96.2,123.0,123.0,96.2,123.0,-17.26,-35.28,-35.28,18.61,36.34,False,False,False,False,False,False,False,False,False,2026-10-06,電子零組件業
3033,3033.TW,Weikeng,威健,215.92,,TWSE LISTED,電子通路業,41.8,42.4,42.4,41.75,2334835,97.6,42.32,42.035,-1.23,-0.56,-1.42,-1.42,-0.48,59.4,59.4,59.4,59.4,59.4,-28.62,-28.62,-28.62,29.63,29.63,False,False,False,False,False,False,False,False,False,2026-10-06,電子通路業
3034,3034.TW,NOVATEK,聯詠,3267.71,,TWSE LISTED,半導體業,537.0,543.0,543.0,536.0,1634339,877.64,542.0,544.3,-0.92,-1.34,-1.1,-1.83,-0.56,606.0,646.0,656.0,606.0,646.0,-10.4,-15.94,-17.23,11.39,16.87,False,False,False,False,False,False,False,False,False,2026-10-06,半導體業
3035,3035.TW,Faraday,智原,548.46,,TWSE LISTED,半導體業,210.5,219.0,219.0,210.0,3796907,799.25,213.1,208.0,-1.22,1.2,-2.55,-1.17,0.24,245.0,459.5,459.5,245.0,459.5,-10.61,-52.34,-52.34,14.08,54.19,False,False,False,False,False,False,False,False,False,2026-10-06,半導體業
3036,3036.TW,WT,文曄,2731.71,,TWSE LISTED,電子通路業,215.0,213.5,216.0,212.5,4814543,1035.13,212.0,209.2,1.42,2.77,0.7,1.18,3.61,308.0,308.0,308.0,308.0,308.0,-29.87,-29.87,-29.87,30.19,30.19,False,False,False,False,False,False,False,False,False,2026-10-06,電子通路業
3037,3037.TW,UNIMICRON,欣興,21500.92,,TWSE LISTED,電子零組件業,1310.0,1335.0,1340.0,1285.0,12242712,16037.95,1266.0,1198.0,3.48,9.35,-1.13,7.82,12.45,1420.0,1420.0,1420.0,1420.0,1420.0,-5.63,-5.63,-5.63,7.75,7.75,False,False,False,False,False,False,False,True,True,2026-10-06,電子零組件業
3038,3038.TW,EDT,全台,32.03,,TWSE LISTED,光電業,20.35,20.4,20.55,20.25,218100,4.44,20.62,20.445,-1.31,-0.46,-0.25,-2.63,0.25,25.4,37.4,44.8,25.4,37.4,-19.09,-45.05,-54.13,19.88,45.59,False,False,False,False,False,False,False,False,False,2026-10-06,光電業
3040,3040.TW,G.V.,遠見,22.32,,TWSE LISTED,其他,33.7,33.5,33.7,32.95,340535,11.48,33.76,34.335,-0.18,-1.85,-0.59,0.9,-0.44,57.4,77.0,77.0,57.4,77.0,-41.29,-56.23,-56.23,41.29,56.23,False,False,False,False,False,False,False,False,False,2026-10-06,其他
3041,3041.TW,ALi,揚智,34.46,,TWSE LISTED,半導體業,24.25,24.35,24.5,23.9,458045,11.11,24.44,24.005,-0.78,1.02,0.41,-1.62,2.75,32.5,59.08,73.83,32.5,59.08,-24.62,-58.53,-66.82,25.38,58.96,False,False,False,False,False,False,False,False,False,2026-10-06,半導體業
3042,3042.TW,TXC,晶技,701.42,,TWSE LISTED,電子零組件業,204.5,218.0,218.5,203.5,25129057,5138.89,217.1,206.2,-5.8,-0.82,-7.88,-6.41,-1.92,250.0,250.0,250.0,250.0,250.0,-12.6,-12.6,-12.6,18.2,18.2,False,False,False,False,False,False,False,False,False,2026-10-06,電子零組件業
3043,3043.TW,PCM,科風,8.13,,TWSE LISTED,其他電子業,20.85,20.9,20.95,20.6,106498,2.22,20.61,20.62,1.16,1.12,0.0,2.96,3.73,26.85,47.3,74.75,26.85,47.3,-21.97,-55.71,-71.97,22.35,55.92,False,False,False,True,False,False,False,False,False,2026-10-06,其他電子業
3044,3044.TW,Tripod,健鼎,3043.26,,TWSE LISTED,電子零組件業,579.0,568.0,589.0,564.0,3744636,2168.14,546.4,539.7,5.97,7.28,3.95,9.45,11.13,598.0,598.0,598.0,598.0,598.0,-1.51,-1.51,-1.51,3.18,3.18,True,True,False,False,False,False,False,True,True,2026-10-06,電子零組件業
3045,3045.TW,TWM,台灣大,4579.82,,TWSE LISTED,通信網路業,123.0,122.5,123.0,122.0,3571486,439.29,121.8,122.3,0.99,0.57,0.41,0.82,1.65,125.5,125.5,125.5,125.5,125.5,-1.99,-1.99,-1.99,1.99,1.99,False,False,False,True,False,False,False,True,True,2026-10-06,通信網路業
3046,3046.TW,AOPEN,建碁,41.97,,TWSE LISTED,電腦及週邊設備業,53.5,53.8,53.8,53.4,90060,4.82,53.66,53.76,-0.3,-0.48,-0.56,0.0,-0.19,64.0,75.0,104.32,64.0,75.0,-15.94,-28.27,-48.43,16.41,28.67,False,False,False,False,False,False,False,False,False,2026-10-06,電腦及週邊設備業
3047,3047.TW,EDIMAX,訊舟,32.25,,TWSE LISTED,通信網路業,14.35,14.4,14.55,14.35,455608,6.54,14.53,14.645,-1.24,-2.01,-0.35,-1.03,-1.37,20.5,48.5,48.5,20.5,48.5,-29.02,-70.0,-70.0,30.0,70.41,False,False,False,False,False,False,False,False,False,2026-10-06,通信網路業
3048,3048.TW,EDOM,益登,143.82,,TWSE LISTED,電子通路業,53.3,53.9,53.9,52.6,1389033,74.04,53.02,52.01,0.53,2.48,-0.56,0.95,4.31,81.9,81.9,81.9,81.9,81.9,-34.19,-34.19,-34.19,34.92,34.92,False,False,False,False,False,False,False,False,False,2026-10-06,電子通路業
3049,3049.TW,HannsTouch,精金,97.44,,TWSE LISTED,光電業,12.15,12.25,12.45,12.1,2983001,36.24,12.36,12.4,-1.7,-2.02,-0.82,-1.22,0.0,18.0,18.0,19.55,18.0,18.0,-30.83,-30.83,-36.32,32.5,32.5,False,False,False,False,False,False,False,False,False,2026-10-06,光電業
3050,3050.TW,U-TECH,鈺德,17.98,,TWSE LISTED,光電業,11.6,11.65,11.65,11.45,452129,5.24,11.71,11.65,-0.94,-0.43,-0.43,-1.28,-0.43,15.3,29.75,29.75,15.3,29.75,-23.86,-60.84,-60.84,24.18,61.01,False,False,False,False,False,False,False,False,False,2026-10-06,光電業
3051,3051.TW,Optimax,力特,37.24,,TWSE LISTED,光電業,22.3,22.95,22.95,22.2,555120,12.38,23.02,22.86,-3.13,-2.45,-2.62,-3.04,-1.55,31.4,46.75,46.75,31.4,46.75,-26.91,-50.91,-50.91,28.98,52.3,False,False,False,False,False,False,False,False,False,2026-10-06,光電業
3052,3052.TW,APEX,夆典,24.37,,TWSE LISTED,建材營造,10.45,10.5,10.55,10.45,154000,1.61,10.44,10.405,0.1,0.43,0.0,0.0,0.97,12.15,14.61,14.61,12.15,14.61,-13.17,-27.78,-27.79,13.99,28.46,False,False,False,False,False,False,False,False,False,2026-10-06,建材營造
3054,3054.TW,LIWANLI,立萬利,48.63,,TWSE LISTED,電子通路業,60.3,60.2,60.4,58.3,264060,15.92,59.82,59.16,0.8,1.93,0.33,1.17,2.55,96.0,96.0,96.0,96.0,96.0,-37.08,-37.08,-37.08,37.19,37.19,True,True,False,True,False,False,False,False,False,2026-10-06,電子通路業
3055,3055.TW,Spirox Corp.,蔚華科,245.47,,TWSE LISTED,電子通路業,213.5,222.5,222.5,213.0,499339,106.61,213.1,206.6,0.19,3.34,-1.39,1.67,4.91,226.0,226.0,226.0,226.0,226.0,-1.55,-1.55,-1.55,5.53,5.53,False,False,False,False,False,False,False,True,True,2026-10-06,電子通路業
3056,3056.TW,Fu Hua,富華新,65.36,,TWSE LISTED,建材營造,13.6,13.65,13.7,13.6,386045,5.25,13.7,13.905,-0.73,-2.19,0.0,-1.09,-1.81,18.15,30.33,30.33,18.15,30.33,-24.52,-54.84,-54.84,25.07,55.16,False,False,False,False,False,False,False,False,False,2026-10-06,建材營造
3057,3057.TW,Promise,喬鼎,10.38,,TWSE LISTED,電腦及週邊設備業,15.3,15.6,15.6,15.25,69682,1.07,15.74,15.995,-2.8,-4.35,-1.92,-3.77,-5.85,25.2,27.5,47.98,25.2,27.5,-38.1,-43.27,-67.49,39.29,44.36,False,False,False,False,False,False,False,False,False,2026-10-06,電腦及週邊設備業
3058,3058.TW,LEI,立德,16.46,,TWSE LISTED,電子零組件業,8.16,8.19,8.19,8.08,431050,3.52,8.162,8.2,-0.02,-0.49,0.49,0.12,0.12,11.2,25.4,30.77,11.2,25.4,-26.88,-67.76,-73.38,27.14,67.87,False,False,False,False,False,False,False,False,False,2026-10-06,電子零組件業
3059,3059.TW,Altek,華晶科,118.45,,TWSE LISTED,光電業,38.5,38.6,39.15,38.35,1585612,61.05,38.5,38.215,0.0,0.75,0.65,0.52,1.72,54.5,64.9,64.9,54.5,64.9,-28.17,-39.68,-39.68,29.36,40.68,False,False,False,False,False,False,False,False,False,2026-10-06,光電業
3060,3060.TW,MIN AIK,銘異,39.76,,TWSE LISTED,電腦及週邊設備業,28.9,29.0,29.95,28.9,1831546,52.93,28.54,27.68,1.26,4.41,1.4,2.12,5.28,42.2,42.2,42.2,42.2,42.2,-29.03,-29.03,-29.03,31.52,31.52,False,False,False,False,False,False,False,False,False,2026-10-06,電腦及週邊設備業
3062,3062.TW,CyberTAN,建漢,73.61,,TWSE LISTED,通信網路業,22.3,22.85,23.1,22.3,1314315,29.31,22.56,22.445,-1.15,-0.65,-1.76,0.22,1.36,34.1,41.15,41.15,34.1,41.15,-32.26,-43.86,-43.86,34.6,45.81,False,False,False,False,False,False,False,False,False,2026-10-06,通信網路業
3064,3064.TWO,Astro Corp.,泰偉,1.82,,TPEx LISTED,文化創意業,13.95,13.6,13.95,13.6,3000,0.04,15.4,16.3,-9.42,-14.42,-2.45,-11.43,-18.9,50.4,119.0,376.41,50.4,119.0,-72.32,-88.28,-96.29,72.32,88.28,False,False,False,False,False,False,False,False,False,2026-10-06,文化創意業
3066,3066.TWO,TAIWAN OASIS,李洲,22.72,,TPEx LISTED,光電業,27.35,28.2,28.2,26.8,878020,24.01,28.5,28.34,-4.04,-3.49,-2.5,-5.36,-7.29,31.45,35.65,48.2,31.45,35.65,-10.33,-20.9,-41.49,13.04,23.28,False,False,False,False,False,False,False,False,False,2026-10-06,光電業
3067,3067.TWO,PNC,全域,3.38,,TPEx LISTED,居家生活,16.9,16.9,16.9,16.9,0,0.0,16.9,16.795,0.0,0.63,0.0,0.0,0.0,21.1,41.8,71.55,21.1,41.8,-19.91,-59.57,-76.38,19.91,59.57,False,False,False,False,False,False,False,False,False,2026-10-06,居家生活
3071,3071.TWO,ADDA,協禧,25.02,,TPEx LISTED,電腦及週邊設備業,22.75,22.7,22.9,22.65,142179,3.23,22.9,23.02,-0.66,-1.17,0.22,-1.3,-0.66,36.2,43.3,52.0,36.2,43.3,-36.74,-47.11,-55.96,37.15,47.46,False,False,False,False,False,False,False,False,False,2026-10-06,電腦及週邊設備業
3073,3073.TWO,Teamphon,天方能源,8.1,,TPEx LISTED,綠能環保,20.5,20.6,20.6,20.4,12000,0.25,20.55,20.505,-0.24,-0.02,-0.24,0.0,-0.49,37.95,104.1,104.1,37.95,104.1,-45.72,-80.21,-80.21,45.98,80.31,False,False,False,False,False,False,False,False,False,2026-10-06,綠能環保
3078,3078.TWO,CWT,僑威,104.71,,TPEx LISTED,電子零組件業,46.05,46.15,46.3,45.85,221062,10.18,45.98,45.805,0.15,0.53,0.11,0.66,0.88,70.4,97.5,97.5,70.4,97.5,-34.23,-52.51,-52.51,34.59,52.77,True,False,False,False,False,False,False,False,False,2026-10-06,電子零組件業
3081,3081.TWO,LandMark,聯亞,2974.57,,TPEx LISTED,通信網路業,2920.0,3015.0,3055.0,2915.0,2268547,6624.16,2840.0,2793.0,2.82,4.55,-2.67,9.77,10.19,3600.0,3600.0,3600.0,3600.0,3600.0,-15.14,-15.14,-15.14,18.89,18.89,False,False,False,False,False,False,False,False,False,2026-10-06,通信網路業
3083,3083.TWO,CHINESEGAMER,網龍,20.02,,TPEx LISTED,文化創意業,23.15,23.45,23.45,22.9,54000,1.25,23.44,23.13,-1.24,0.09,-2.53,-3.34,1.98,38.2,60.6,101.5,38.2,60.6,-38.61,-61.3,-76.9,39.4,61.8,False,False,False,False,False,False,False,False,False,2026-10-06,文化創意業
3085,3085.TWO,NEWRETAIL,新零售,8.35,,TPEx LISTED,數位雲端,15.586,15.586,15.586,15.586,0,0.0,15.586,15.2,0.0,2.54,0.0,0.0,6.14,21.77,35.68,406.18,21.77,35.68,-28.4,-56.32,-96.16,28.4,56.32,False,False,False,False,False,False,False,False,False,2026-10-06,數位雲端
3086,3086.TWO,WAYI,華義*,74.72,,TPEx LISTED,文化創意業,27.4,27.45,27.45,27.0,81000,2.22,27.59,28.01,-0.69,-2.18,0.0,0.18,-1.08,47.5,47.5,47.5,47.5,47.5,-42.21,-42.21,-42.21,42.32,42.32,False,False,False,False,False,False,False,False,False,2026-10-06,文化創意業
3088,3088.TWO,AXIOMTEK,艾訊,153.13,,TPEx LISTED,電腦及週邊設備業,135.5,135.5,139.5,135.0,1308436,177.29,133.6,131.75,1.42,2.85,0.74,2.26,-0.37,159.0,159.0,159.0,159.0,159.0,-12.26,-12.26,-12.26,14.78,14.78,False,False,False,False,False,False,False,False,False,2026-10-06,電腦及週邊設備業
3090,3090.TW,NDB,日電貿,497.49,,TWSE LISTED,電子零組件業,173.0,174.0,174.5,169.0,2884099,498.95,169.9,166.95,1.82,3.62,0.0,2.37,7.45,365.0,365.0,365.0,365.0,365.0,-52.19,-52.19,-52.19,52.6,52.6,False,False,False,False,False,False,False,False,False,2026-10-06,電子零組件業
3092,3092.TW,HOTRON,鴻碩,25.7,,TWSE LISTED,電子零組件業,24.1,24.45,24.45,23.95,179308,4.32,24.29,23.58,-0.78,2.21,0.0,-0.82,5.93,40.5,40.5,78.99,40.5,40.5,-39.63,-39.63,-69.05,40.49,40.49,False,False,False,False,False,False,False,False,False,2026-10-06,電子零組件業
3093,3093.TWO,TKK,港建*,67.72,,TPEx LISTED,其他電子業,46.65,47.2,47.2,45.95,284000,13.25,46.02,45.405,1.37,2.74,-0.11,1.74,6.26,77.7,77.7,77.7,77.7,77.7,-39.25,-39.25,-39.25,39.96,39.96,False,False,False,False,False,False,False,False,False,2026-10-06,其他電子業
3094,3094.TW,DAVICOM,聯傑,57.52,,TWSE LISTED,半導體業,69.2,69.4,71.8,68.5,16522651,1143.37,67.56,61.55,2.43,12.43,0.29,2.22,15.91,73.5,73.5,73.5,73.5,73.5,-2.31,-2.31,-2.31,5.85,5.85,False,False,False,False,False,False,False,True,True,2026-10-06,半導體業
3095,3095.TWO,CCC,及成,4.92,,TPEx LISTED,通信網路業,33.5,33.05,33.5,33.05,4130,0.14,33.36,33.55,0.42,-0.15,0.0,0.9,-1.47,49.45,85.0,85.0,49.45,85.0,-32.25,-60.59,-60.59,32.25,60.59,False,False,True,False,False,False,False,False,False,2026-10-06,通信網路業
3105,3105.TWO,WIN,穩懋,2509.73,,TPEx LISTED,半導體業,592.0,615.0,623.0,588.0,19149077,11336.25,575.6,536.15,2.85,10.42,-3.74,10.04,20.08,637.0,637.0,637.0,637.0,637.0,-2.2,-2.2,-2.2,7.06,7.06,False,False,False,False,False,False,False,True,True,2026-10-06,半導體業
3114,3114.TWO,HT,好德,27.66,,TPEx LISTED,電子零組件業,40.85,47.95,47.95,40.0,6947410,283.8,38.95,35.9,4.88,13.79,-6.31,13.31,16.71,56.25,56.25,56.25,56.25,56.25,-14.76,-14.76,-14.76,27.38,27.38,False,False,False,False,False,False,False,False,False,2026-10-06,電子零組件業
3115,3115.TWO,TSC,富榮綱,5.99,,TPEx LISTED,電子零組件業,8.3,8.3,8.3,8.3,1000,0.01,8.378,8.283,-0.93,0.21,-2.35,1.22,-3.49,11.2,15.81,48.59,11.2,15.81,-25.89,-47.5,-82.92,25.89,47.5,False,False,False,False,False,False,False,False,False,2026-10-06,電子零組件業
3118,3118.TWO,LEVEL,進階,10.09,,TPEx LISTED,生技醫療業,31.1,31.2,31.2,30.9,10002,0.31,31.33,31.32,-0.73,-0.7,-0.32,-1.43,-0.8,34.7,39.9,41.8,34.7,39.9,-10.09,-21.8,-25.36,10.37,22.06,False,False,False,False,False,False,False,False,False,2026-10-06,生技醫療業
3122,3122.TWO,Megawin,笙泉,9.91,,TPEx LISTED,半導體業,24.3,23.4,24.35,23.3,128002,3.11,24.11,24.04,0.79,1.08,4.07,-0.82,3.4,42.3,64.0,72.8,42.3,64.0,-42.43,-61.95,-66.55,42.55,62.03,False,False,False,True,False,False,False,False,False,2026-10-06,半導體業
3128,3128.TWO,HI SHARP,昇銳,10.11,,TPEx LISTED,光電業,20.15,20.0,20.4,19.5,121489,2.45,20.19,20.28,-0.2,-0.64,0.5,0.5,-0.98,29.58,45.39,49.09,29.58,45.39,-31.02,-55.06,-58.44,31.87,55.61,False,False,False,False,False,False,False,False,False,2026-10-06,光電業
3130,3130.TW,104,一零四,69.04,,TWSE LISTED,數位雲端,208.0,209.0,209.0,208.0,24085,5.01,209.1,208.95,-0.53,-0.45,-0.48,-0.95,-0.48,228.5,250.5,250.5,228.5,250.5,-8.53,-16.57,-16.57,8.97,16.97,False,False,False,False,False,False,False,True,False,2026-10-06,數位雲端
3131,3131.TWO,GPTC,弘塑,754.74,,TPEx LISTED,半導體業,2530.0,2550.0,2580.0,2510.0,254221,643.18,2479.0,2452.0,2.06,3.18,0.0,6.3,2.22,4045.0,4045.0,4045.0,4045.0,4045.0,-36.22,-36.22,-36.22,37.45,37.45,False,False,False,False,False,False,False,False,False,2026-10-06,半導體業
3135,3135.TW,Goldkey Tech.,凌航,153.03,,TWSE LISTED,半導體業,157.5,159.5,161.0,157.5,671650,105.78,157.7,158.2,-0.13,-0.44,0.32,0.32,0.64,253.89,253.89,253.89,253.89,253.89,-36.59,-36.59,-36.59,37.97,37.97,False,False,False,False,False,False,False,False,False,2026-10-06,半導體業
3138,3138.TW,Auden,耀登,57.8,,TWSE LISTED,通信網路業,102.5,105.5,109.0,102.0,1237100,126.8,101.4,100.41,1.08,2.08,-2.38,3.54,4.49,239.0,239.0,510.55,239.0,239.0,-54.39,-54.39,-78.65,57.11,57.11,False,False,False,False,False,False,False,False,False,2026-10-06,通信網路業
3141,3141.TWO,UltraChip,晶宏,60.52,,TPEx LISTED,半導體業,80.2,85.1,85.1,79.2,5392800,432.5,85.02,86.26,-5.67,-7.03,-8.86,-5.09,-5.87,110.0,110.5,292.5,110.0,110.5,-22.64,-22.99,-70.91,27.09,27.42,False,False,False,False,False,False,False,False,False,2026-10-06,半導體業
3147,3147.TWO,JETWELL,大綜,127.57,,TPEx LISTED,資訊服務業,292.0,282.0,300.0,278.0,3384345,988.23,268.5,253.3,8.75,15.28,6.18,9.16,20.16,352.0,352.0,352.0,352.0,352.0,-14.77,-14.77,-14.77,17.05,17.05,False,False,False,False,False,False,False,False,False,2026-10-06,資訊服務業
3149,3149.TW,G-TECH,正達,216.97,,TWSE LISTED,光電業,75.8,79.5,79.5,75.8,9954464,754.55,76.18,70.39,-0.5,7.69,-4.65,2.02,12.63,109.0,109.0,109.0,109.0,109.0,-27.06,-27.06,-27.06,30.46,30.46,False,False,False,False,False,False,False,False,False,2026-10-06,光電業
3150,3150.TW,SYNCOMM,鈺寶-創,6.75,,TWSE LISTED,半導體業,15.2,15.4,15.45,15.05,67000,1.02,15.46,15.415,-1.68,-1.39,-0.98,-3.18,0.33,24.3,71.9,71.9,24.3,71.9,-36.42,-78.51,-78.51,37.45,78.86,False,False,False,False,False,False,False,False,False,2026-10-06,半導體業
3152,3152.TWO,ACX,璟德,92.86,,TPEx LISTED,通信網路業,238.0,247.0,247.5,238.0,103959,24.74,235.4,229.9,1.1,3.52,-0.83,2.37,5.31,417.46,512.1,1087.88,417.46,512.1,-40.71,-51.67,-77.25,42.99,53.52,False,False,False,False,False,False,False,False,False,2026-10-06,通信網路業
3158,3158.TWO,SysJust,嘉實,26.34,,TPEx LISTED,資訊服務業,85.9,86.5,86.5,85.3,11000,0.94,85.46,85.48,0.51,0.49,-0.12,1.66,0.82,99.5,158.5,158.5,99.5,158.5,-13.07,-45.43,-45.43,13.67,45.8,False,False,False,True,False,False,False,False,False,2026-10-06,資訊服務業
3162,3162.TWO,UAT,精確,129.95,,TPEx LISTED,電機機械,84.3,86.7,88.7,84.0,2313321,195.01,86.74,81.4,-2.81,3.56,-2.99,-3.66,4.2,97.8,97.8,97.8,97.8,97.8,-9.3,-9.3,-9.3,13.8,13.8,False,False,False,False,False,False,False,False,False,2026-10-06,電機機械
3163,3163.TWO,Browave,波若威,652.04,,TPEx LISTED,通信網路業,689.0,711.0,718.0,688.0,1991752,1372.32,681.0,670.1,1.17,2.82,-2.82,5.84,6.66,1119.15,1119.15,1119.15,1119.15,1119.15,-35.84,-35.84,-35.84,38.44,38.44,False,False,False,False,False,False,False,False,False,2026-10-06,通信網路業
3164,3164.TW,GenMont,景岳,14.23,,TWSE LISTED,生技醫療業,16.55,16.55,16.6,16.5,30040,0.5,16.53,16.36,0.12,1.16,0.0,0.3,-0.3,18.7,25.35,36.6,18.7,25.35,-11.23,-34.52,-54.64,11.5,34.71,False,False,False,False,False,False,False,False,False,2026-10-06,生技醫療業
3167,3167.TW,TA LIANG,大量,913.04,,TWSE LISTED,電機機械,1020.0,1010.0,1020.0,970.0,1415685,1444.0,971.8,927.1,4.96,10.02,2.41,4.62,12.96,1015.0,1015.0,1015.0,1020.0,1020.0,0.49,0.49,0.49,0.0,0.0,True,False,False,False,True,True,True,True,True,2026-10-06,電機機械
3168,3168.TW,DATA IMAGE,眾福科,31.84,,TWSE LISTED,光電業,42.4,42.4,42.4,41.95,12001,0.51,42.75,42.585,-0.82,-0.43,0.0,-1.51,0.59,52.3,78.3,78.3,52.3,78.3,-18.93,-45.85,-45.85,18.93,45.85,False,False,False,False,False,False,False,False,False,2026-10-06,光電業
3169,3169.TWO,ASIX,亞信,70.9,,TPEx LISTED,半導體業,112.0,114.0,114.0,112.0,230246,25.79,114.5,112.55,-2.18,-0.49,-1.32,-4.27,-3.03,127.5,155.0,299.5,127.5,155.0,-10.59,-26.45,-61.94,12.16,27.74,False,False,False,False,False,False,False,False,False,2026-10-06,半導體業
3171,3171.TWO,YCD,炎洲流通,19.11,,TPEx LISTED,居家生活,57.7,57.2,57.7,57.1,4000,0.23,57.54,58.17,0.28,-0.81,0.87,0.7,-1.03,79.4,79.4,79.4,79.4,79.4,-27.33,-27.33,-27.33,27.33,27.33,False,False,False,False,False,False,False,False,False,2026-10-06,居家生活
3176,3176.TWO,MEDIGEN,基亞,53.28,,TPEx LISTED,生技醫療業,38.25,38.55,39.25,38.2,444000,16.98,37.85,37.925,1.06,0.86,0.0,2.0,2.41,43.6,62.4,108.5,43.6,62.4,-9.98,-37.1,-63.82,12.27,38.7,False,False,False,False,False,False,False,False,False,2026-10-06,生技醫療業
3178,3178.TWO,GONGIN,公準,30.9,,TPEx LISTED,半導體業,68.6,70.5,70.5,68.4,129000,8.85,69.72,70.53,-1.61,-2.74,-1.72,-1.15,-1.15,81.6,137.5,137.5,81.6,137.5,-13.6,-48.73,-48.73,15.93,50.11,False,False,False,False,False,False,False,False,False,2026-10-06,半導體業
3188,3188.TWO,GLTD,鑫龍騰,42.36,,TPEx LISTED,建材營造,22.4,22.6,22.65,22.35,162000,3.63,22.93,23.23,-2.31,-3.57,-1.1,-3.45,-4.48,35.75,57.8,57.8,35.75,57.8,-36.64,-60.81,-60.81,37.34,61.25,False,False,False,False,False,False,False,False,False,2026-10-06,建材營造
3189,3189.TW,KINSUS,景碩,5637.94,,TWSE LISTED,半導體業,1070.0,1095.0,1105.0,1055.0,9746438,10428.69,1039.0,975.4,2.98,9.7,-2.28,5.94,12.04,1150.0,1150.0,1150.0,1150.0,1150.0,-3.91,-3.91,-3.91,6.96,6.96,False,False,False,False,False,False,False,True,True,2026-10-06,半導體業
3191,3191.TWO,YJN,雲嘉南,7.65,,TPEx LISTED,電子零組件業,17.55,16.95,17.55,16.95,3000,0.05,17.12,16.93,2.51,3.66,3.24,4.15,6.36,28.0,28.0,120.4,28.0,28.0,-37.32,-37.32,-85.42,37.32,37.32,False,False,False,False,False,False,False,False,False,2026-10-06,電子零組件業
3205,3205.TWO,SLS,佰研,31.68,,TPEx LISTED,生技醫療業,46.9,46.5,47.0,46.5,11002,0.52,46.92,46.815,-0.04,0.18,-0.21,0.43,0.32,67.0,67.0,167.0,67.0,67.0,-29.85,-29.85,-71.86,30.0,30.0,False,False,False,False,False,False,False,False,False,2026-10-06,生技醫療業
3206,3206.TWO,KINGSTATE,志豐,20.03,,TPEx LISTED,電子零組件業,34.0,33.8,34.0,33.7,17000,0.58,34.31,34.635,-0.9,-1.83,0.0,-1.73,-1.59,42.75,54.5,54.5,42.75,54.5,-20.47,-37.61,-37.61,20.47,37.61,False,False,False,False,False,False,False,False,False,2026-10-06,電子零組件業
3207,3207.TWO,YAO SHENG,耀勝,26.17,,TPEx LISTED,電子零組件業,39.4,40.05,40.4,39.4,241001,9.5,39.73,38.92,-0.83,1.23,-1.5,-3.19,3.01,89.4,167.0,167.0,89.4,167.0,-54.81,-75.81,-75.81,55.93,76.41,False,False,False,False,False,False,False,False,False,2026-10-06,電子零組件業
3209,3209.TW,ALLTEK,全科,116.17,,TWSE LISTED,電子通路業,47.0,47.05,47.95,46.8,3519598,165.42,45.98,45.865,2.22,2.47,1.95,3.64,3.3,79.71,79.71,79.71,79.71,79.71,-39.85,-39.85,-39.85,41.04,41.04,False,False,False,False,False,False,False,False,False,2026-10-06,電子通路業
3211,3211.TWO,Dynapack,順達,609.83,,TPEx LISTED,電腦及週邊設備業,395.0,368.0,401.0,361.0,12167917,4806.33,396.7,390.05,-0.43,1.27,-1.0,0.25,2.33,495.0,495.0,495.0,495.0,495.0,-18.99,-18.99,-18.99,20.2,20.2,False,False,False,False,False,False,False,False,False,2026-10-06,電腦及週邊設備業
3213,3213.TWO,Mildef,茂訊,73.65,,TPEx LISTED,電腦及週邊設備業,125.5,126.5,127.5,125.5,295247,37.05,124.5,124.75,0.8,0.6,0.0,1.21,0.0,147.0,149.0,149.0,147.0,149.0,-13.27,-14.43,-14.43,14.63,15.77,False,False,False,False,False,False,False,False,False,2026-10-06,電腦及週邊設備業
3217,3217.TWO,ARGOSY,優群,115.33,,TPEx LISTED,電子零組件業,128.0,129.0,129.0,127.5,220078,28.17,129.1,129.55,-0.85,-1.2,-0.78,-1.16,-1.54,212.0,212.0,212.0,212.0,212.0,-39.15,-39.15,-39.15,39.62,39.62,False,False,False,False,False,False,False,False,False,2026-10-06,電子零組件業
3218,3218.TWO,UNIVERSAL,大學光,113.53,,TPEx LISTED,生技醫療業,134.0,133.0,135.0,133.0,154103,20.65,134.0,133.9,0.0,0.07,0.37,0.0,0.37,154.0,343.0,432.08,154.0,343.0,-12.34,-60.64,-68.76,12.99,60.93,False,False,False,False,False,False,False,False,False,2026-10-06,生技醫療業
3219,3219.TWO,Aethertek,倚強科,100.85,,TPEx LISTED,其他電子業,140.5,131.5,140.5,130.0,1527972,214.68,132.0,121.17,6.44,15.95,9.77,6.84,11.95,134.5,134.5,202.5,140.5,140.5,4.46,4.46,-30.62,0.0,0.0,False,False,False,False,True,True,False,True,True,2026-10-06,其他電子業
3221,3221.TWO,TST,台嘉碩,55.01,,TPEx LISTED,通信網路業,52.4,55.7,55.7,52.0,2968320,155.54,53.8,51.565,-2.6,1.62,-5.92,-2.42,3.15,69.5,69.5,69.5,69.5,69.5,-19.86,-19.86,-19.86,24.6,24.6,False,False,False,False,False,False,False,False,False,2026-10-06,通信網路業
3224,3224.TWO,MetaTech,三顧,25.25,,TPEx LISTED,電子通路業,32.3,32.35,33.0,31.75,47000,1.52,31.47,31.61,2.64,2.18,2.7,4.53,4.19,53.0,54.5,69.74,53.0,54.5,-37.74,-39.45,-52.68,39.06,40.73,True,False,False,False,False,False,False,False,False,2026-10-06,電子通路業
3226,3226.TWO,LFA,龍鋒,38.21,,TPEx LISTED,電機機械,59.3,62.9,62.9,58.0,17000,1.01,62.12,60.29,-4.54,-1.64,-5.57,-8.77,-1.33,65.0,65.4,84.3,65.0,65.4,-3.23,-3.82,-25.39,8.77,9.33,False,False,False,False,False,False,False,True,True,2026-10-06,電機機械
3227,3227.TWO,PXI,原相,286.36,,TPEx LISTED,半導體業,188.5,189.5,189.5,186.5,701481,132.23,187.0,185.75,0.8,1.48,0.0,1.62,1.62,250.0,307.5,307.5,250.0,307.5,-24.2,-38.37,-38.37,24.6,38.7,False,False,False,False,False,False,False,False,False,2026-10-06,半導體業
3228,3228.TWO,RDC,金麗科,121.21,,TPEx LISTED,半導體業,168.5,172.0,174.0,167.0,330500,55.69,175.5,174.4,-3.99,-3.38,-2.03,-6.13,-6.39,262.0,577.0,577.0,262.0,577.0,-33.59,-69.84,-69.84,35.69,70.8,False,False,False,False,False,False,False,False,False,2026-10-06,半導體業
3229,3229.TW,CHEER TIME,晟鈦,36.05,,TWSE LISTED,電子零組件業,56.1,57.6,57.6,55.5,913132,51.23,57.86,57.77,-3.04,-2.89,-1.23,-4.92,-1.75,72.9,72.9,84.06,72.9,72.9,-20.99,-20.99,-31.48,23.05,23.05,False,False,False,False,False,False,False,False,False,2026-10-06,電子零組件業
3230,3230.TWO,Jiin Ming,錦明,34.75,,TPEx LISTED,光電業,40.4,41.45,41.45,40.2,584000,23.59,41.35,41.235,-2.3,-2.02,-0.86,-4.38,-3.12,57.6,69.3,69.3,57.6,69.3,-28.04,-40.19,-40.19,29.86,41.7,False,False,False,False,False,False,False,False,False,2026-10-06,光電業
3231,3231.TW,Wistron,緯創,6499.55,,TWSE LISTED,電腦及週邊設備業,189.5,191.5,194.5,188.0,28422053,5385.98,188.1,185.75,0.74,2.02,0.0,-0.52,2.16,206.0,206.0,206.0,206.0,206.0,-5.58,-5.58,-5.58,8.01,8.01,False,False,False,False,False,False,False,True,True,2026-10-06,電腦及週邊設備業
3232,3232.TWO,SIC,昱捷,9.41,,TPEx LISTED,電子通路業,20.2,20.45,20.45,20.0,51081,1.03,20.52,20.81,-1.56,-2.93,-0.25,-2.42,-2.88,25.15,37.45,42.49,25.15,37.45,-18.69,-45.39,-51.87,19.68,46.06,False,False,False,False,False,False,False,False,False,2026-10-06,電子通路業
3234,3234.TWO,TrueLight,光環,223.98,,TPEx LISTED,通信網路業,176.0,180.0,181.0,172.5,1813767,319.22,176.5,175.65,-0.28,0.2,-2.22,2.33,0.86,220.0,220.0,220.0,220.0,220.0,-17.73,-17.73,-17.73,20.0,20.0,False,False,False,False,False,False,False,False,False,2026-10-06,通信網路業
3236,3236.TWO,ABC,千如,55.23,,TPEx LISTED,電子零組件業,52.6,53.0,54.4,51.5,6342020,333.59,50.44,47.06,4.28,11.77,-1.68,8.34,19.27,75.7,75.7,75.7,75.7,75.7,-28.14,-28.14,-28.14,30.52,30.52,False,False,False,False,False,False,False,False,False,2026-10-06,電子零組件業
3252,3252.TWO,Haiwan,海灣,7.68,,TPEx LISTED,觀光餐旅,15.3,15.1,15.3,15.05,13000,0.2,15.31,15.315,-0.07,-0.1,0.0,-0.33,-0.97,21.85,24.0,32.59,21.85,24.0,-29.98,-36.25,-53.05,29.98,36.25,False,False,False,False,False,False,False,False,False,2026-10-06,觀光餐旅
3257,3257.TW,CHAMPION,虹冠電,40.15,,TWSE LISTED,半導體業,50.3,50.7,50.7,49.8,134032,6.74,50.12,49.565,0.36,1.48,-0.79,1.21,2.03,78.2,82.5,91.4,78.2,82.5,-35.17,-38.55,-44.53,35.68,39.03,False,False,False,False,False,False,False,False,False,2026-10-06,半導體業
3259,3259.TWO,3S,鑫創,8.94,,TPEx LISTED,半導體業,12.25,13.0,14.0,12.2,96100,1.18,12.09,11.091,1.32,10.45,-5.77,4.7,26.16,22.95,41.1,78.11,22.95,41.1,-39.0,-65.94,-82.08,46.62,70.19,False,False,False,False,False,False,False,False,False,2026-10-06,半導體業
3260,3260.TWO,ADATA,威剛,1244.91,,TPEx LISTED,半導體業,370.0,379.0,379.0,370.0,5916858,2189.24,377.5,379.85,-1.99,-2.59,-2.12,-2.63,-1.86,525.0,525.0,525.0,525.0,525.0,-27.81,-27.81,-27.81,29.52,29.52,False,False,False,False,False,False,False,False,False,2026-10-06,半導體業
3264,3264.TWO,Ardentec,欣銓,1205.82,,TPEx LISTED,半導體業,246.0,242.5,248.0,241.0,13000816,3198.2,244.3,252.15,0.7,-2.44,1.86,0.2,1.86,289.5,289.5,289.5,289.5,289.5,-14.34,-14.34,-14.34,15.03,15.03,False,False,False,False,False,False,False,False,False,2026-10-06,半導體業
3265,3265.TWO,WST,台星科,269.12,,TPEx LISTED,半導體業,197.5,188.0,203.5,188.0,5927458,1170.67,188.9,185.85,4.55,6.27,5.05,6.76,9.42,204.5,204.5,204.5,204.5,204.5,-0.49,-0.49,-0.49,3.42,3.42,False,False,False,False,False,False,False,True,True,2026-10-06,半導體業
3266,3266.TW,SUNTY,昇陽,49.68,,TWSE LISTED,建材營造,14.1,13.9,14.15,13.85,57000,0.8,13.97,13.95,0.93,1.08,1.44,0.71,2.55,14.35,28.8,28.8,14.35,28.8,-1.39,-50.87,-50.87,1.74,51.04,False,False,False,True,False,False,False,True,False,2026-10-06,建材營造
3268,3268.TWO,Higher Way,海德威,8.39,,TPEx LISTED,半導體業,24.15,23.5,24.75,23.4,766021,18.5,22.45,21.305,7.57,13.35,4.55,11.81,12.33,23.95,38.7,48.95,24.75,38.7,3.34,-36.05,-49.44,2.42,37.6,True,False,False,False,True,False,False,True,False,2026-10-06,半導體業
3272,3272.TWO,GW,東碩,8.53,,TPEx LISTED,電腦及週邊設備業,13.95,13.95,13.95,13.9,18000,0.25,14.01,13.975,-0.43,-0.18,-1.41,0.36,1.82,22.75,39.55,76.88,22.75,39.55,-38.68,-64.73,-81.85,38.68,64.73,False,False,False,False,False,False,False,False,False,2026-10-06,電腦及週邊設備業
3276,3276.TWO,tht,宇環,9.79,,TPEx LISTED,電子零組件業,14.05,14.05,14.15,14.0,49002,0.69,14.13,14.005,-0.57,0.32,-0.71,1.08,1.44,18.7,28.8,28.8,18.7,28.8,-24.33,-50.87,-50.87,24.87,51.22,False,False,False,False,False,False,False,False,False,2026-10-06,電子零組件業
3284,3284.TWO,TOP,太普高,24.3,,TPEx LISTED,其他,22.4,21.7,22.4,21.05,830000,18.59,20.73,20.22,8.06,10.78,3.7,13.99,15.46,32.9,61.69,61.69,32.9,61.69,-31.91,-63.69,-63.69,31.91,63.69,True,False,False,False,False,False,False,False,False,2026-10-06,其他
3285,3285.TWO,MT,微端,17.86,,TPEx LISTED,其他電子業,41.8,41.95,42.3,41.75,24000,1.0,41.73,41.94,0.17,-0.33,-0.36,0.72,0.48,53.5,53.5,53.5,53.5,53.5,-20.93,-20.93,-20.93,21.87,21.87,False,False,False,False,False,False,False,False,False,2026-10-06,其他電子業
3287,3287.TWO,Kworld,廣寰科,17.48,,TPEx LISTED,電腦及週邊設備業,39.75,40.55,40.55,39.75,345000,13.71,41.23,41.445,-3.59,-4.09,-1.97,-4.56,-3.52,45.0,59.0,59.0,45.0,59.0,-9.89,-31.27,-31.27,11.67,32.63,False,False,False,False,False,False,False,False,False,2026-10-06,電腦及週邊設備業
3288,3288.TWO,SiTI,點晶,3.59,,TPEx LISTED,電子零組件業,21.9,21.95,23.15,21.25,71069,1.56,21.39,21.4,2.38,2.34,1.62,3.06,4.78,31.3,42.75,42.75,31.3,42.75,-26.04,-45.85,-45.85,30.03,48.77,False,False,True,True,False,False,False,False,False,2026-10-06,電子零組件業
3289,3289.TWO,IST,宜特,124.05,,TPEx LISTED,其他電子業,143.0,145.0,145.0,141.5,478566,68.43,141.6,139.9,0.99,2.22,1.42,1.06,2.51,219.0,219.0,219.0,219.0,219.0,-33.79,-33.79,-33.79,34.7,34.7,False,False,False,False,False,False,False,False,False,2026-10-06,其他電子業
3290,3290.TWO,DONPON,東浦,45.74,,TPEx LISTED,電子零組件業,50.7,50.4,50.8,49.65,1168001,59.22,50.63,48.615,0.14,4.29,1.5,1.4,6.07,74.8,74.8,74.8,74.8,74.8,-32.09,-32.09,-32.09,32.22,32.22,False,False,False,False,False,False,False,False,False,2026-10-06,電子零組件業
3293,3293.TWO,IGS,鈊象,2198.05,,TPEx LISTED,文化創意業,780.0,794.0,794.0,772.0,1392801,1086.38,793.4,768.7,-1.69,1.47,-1.76,-4.18,0.13,833.0,1130.0,1130.0,833.0,1130.0,-4.68,-29.73,-29.73,6.36,30.97,False,False,False,False,False,False,False,True,False,2026-10-06,文化創意業
3294,3294.TWO,Megaforce,英濟,41.98,,TPEx LISTED,電子零組件業,31.8,32.3,32.5,31.5,526000,16.73,32.49,32.415,-2.12,-1.9,-1.7,-3.78,-3.34,44.95,63.4,63.4,44.95,63.4,-27.7,-48.74,-48.74,29.25,49.84,False,False,False,False,False,False,False,False,False,2026-10-06,電子零組件業
3296,3296.TW,POWERTECH,勝德,27.32,,TWSE LISTED,電子零組件業,28.25,28.5,28.5,27.95,59000,1.67,28.46,28.28,-0.74,-0.11,-1.05,-1.22,1.62,31.6,38.25,38.25,31.6,38.25,-9.81,-25.49,-25.49,10.6,26.14,False,False,False,False,False,False,False,False,False,2026-10-06,電子零組件業
3297,3297.TWO,Hunt,杭特,12.73,,TPEx LISTED,光電業,35.3,33.0,35.3,33.0,944063,33.33,32.8,33.53,7.62,5.28,9.97,12.06,7.46,45.95,74.4,74.4,45.95,74.4,-23.18,-52.55,-52.55,23.18,52.55,False,False,False,True,False,False,False,False,False,2026-10-06,光電業
3303,3303.TWO,UNIVACCO,岱稜,46.73,,TPEx LISTED,其他電子業,49.3,48.8,49.45,48.8,119098,5.87,48.87,48.61,0.88,1.42,0.82,1.23,1.96,64.7,72.0,72.0,64.7,72.0,-23.57,-31.32,-31.32,23.8,31.53,True,True,False,False,False,False,False,False,False,2026-10-06,其他電子業
3305,3305.TW,SHENMAO,昇貿,156.28,,TWSE LISTED,其他電子業,109.0,111.5,111.5,109.0,920359,100.32,107.5,105.25,1.4,3.56,0.0,2.83,4.31,169.5,169.5,169.5,169.5,169.5,-34.22,-34.22,-34.22,35.69,35.69,False,False,False,False,False,False,False,False,False,2026-10-06,其他電子業
3306,3306.TWO,RoyalTek,鼎天,23.68,,TPEx LISTED,通信網路業,46.8,46.5,47.05,46.5,57003,2.67,47.38,46.615,-1.22,0.4,-1.47,-1.47,-1.68,56.1,71.5,73.1,56.1,71.5,-16.13,-34.2,-35.64,16.58,34.55,False,False,False,False,False,False,False,False,False,2026-10-06,通信網路業
3308,3308.TW,BESTEC,聯德,13.14,,TWSE LISTED,電子零組件業,21.9,22.5,22.5,21.7,54060,1.18,22.47,22.13,-2.54,-1.04,-2.45,-3.74,-1.35,27.5,61.97,79.99,27.5,61.97,-18.18,-63.69,-71.87,20.36,64.66,False,False,False,False,False,False,False,False,False,2026-10-06,電子零組件業
3310,3310.TWO,CHIALIN,佳穎,50.89,,TPEx LISTED,電子零組件業,67.9,68.2,68.2,67.5,27142,1.84,67.98,68.19,-0.12,-0.43,0.44,-0.15,-1.45,86.7,124.5,124.5,86.7,124.5,-21.34,-45.22,-45.22,21.68,45.46,False,False,False,False,False,False,False,False,False,2026-10-06,電子零組件業
3311,3311.TW,Silitech,閎暉,48.65,,TWSE LISTED,通信網路業,48.65,50.2,51.2,46.8,3879190,188.72,46.8,42.135,3.95,15.46,-1.72,7.75,27.52,52.2,52.2,69.36,52.2,52.2,-1.92,-1.92,-26.18,6.8,6.8,False,False,False,False,False,False,False,True,True,2026-10-06,通信網路業
3312,3312.TW,GMI,弘憶股,93.5,,TWSE LISTED,電子通路業,51.2,51.9,51.9,51.0,416194,21.31,51.7,52.01,-0.97,-1.56,-0.97,-0.58,0.59,73.2,110.5,110.5,73.2,110.5,-29.1,-53.03,-53.03,30.05,53.67,False,False,False,False,False,False,False,False,False,2026-10-06,電子通路業
3313,3313.TWO,FCD,斐成,22.78,,TPEx LISTED,建材營造,10.3,10.25,10.45,10.25,55073,0.57,10.42,10.445,-1.15,-1.39,0.0,-2.37,-1.9,15.15,28.65,52.6,15.15,28.65,-31.02,-63.53,-80.13,32.01,64.05,False,False,False,False,False,False,False,False,False,2026-10-06,建材營造
3317,3317.TWO,NIKO-SEM,尼克森,62.1,,TPEx LISTED,半導體業,69.0,70.0,73.2,67.8,7609210,525.04,67.3,65.34,2.53,5.6,-3.9,5.83,5.5,108.0,108.0,108.0,108.0,108.0,-32.22,-32.22,-32.22,36.11,36.11,False,False,False,False,False,False,False,False,False,2026-10-06,半導體業
3321,3321.TW,UNIFLEX,同泰,15.33,,TWSE LISTED,電子零組件業,17.8,18.05,18.35,17.45,234523,4.17,18.18,18.2,-2.09,-2.2,-2.2,-2.73,-1.93,28.1,47.1,108.44,28.1,47.1,-34.7,-61.04,-83.08,36.65,62.21,False,False,False,False,False,False,False,False,False,2026-10-06,電子零組件業
3322,3322.TWO,JEM,建舜電,15.27,,TPEx LISTED,電子零組件業,11.1,11.25,11.25,11.05,161004,1.79,11.31,11.21,-1.86,-0.98,-0.89,-4.31,0.0,18.5,28.1,31.8,18.5,28.1,-39.19,-59.96,-64.62,40.0,60.5,False,False,False,False,False,False,False,False,False,2026-10-06,電子零組件業
3323,3323.TWO,Celxpert,加百裕,29.98,,TPEx LISTED,電腦及週邊設備業,30.1,30.65,30.65,29.75,462300,13.92,30.01,29.1,0.3,3.44,-1.63,2.73,2.56,44.6,57.8,64.63,44.6,57.8,-31.28,-46.97,-52.58,32.51,47.92,False,False,False,False,False,False,False,False,False,2026-10-06,電腦及週邊設備業
3324,3324.TWO,AURAS,雙鴻,1424.08,,TPEx LISTED,其他電子業,1530.0,1540.0,1560.0,1515.0,1684942,2577.96,1528.0,1569.5,0.13,-2.52,-1.29,0.33,-6.13,1750.0,1750.0,1750.0,1750.0,1750.0,-10.86,-10.86,-10.86,12.57,12.57,False,False,True,False,False,False,False,False,False,2026-10-06,其他電子業
3325,3325.TWO,Casing,旭品,12.56,,TPEx LISTED,電腦及週邊設備業,11.4,11.5,11.55,11.35,142001,1.62,11.68,11.845,-2.4,-3.76,-1.72,-2.56,-2.56,17.1,44.7,44.7,17.1,44.7,-32.46,-74.16,-74.16,33.33,74.5,False,False,False,False,False,False,False,False,False,2026-10-06,電腦及週邊設備業
3332,3332.TWO,CINCON,幸康,30.93,,TPEx LISTED,電子零組件業,64.3,64.6,64.9,64.0,13100,0.84,64.42,62.55,-0.19,2.8,-0.92,-0.92,4.55,72.6,81.9,81.9,72.6,81.9,-10.61,-20.76,-20.76,11.43,21.49,False,False,False,False,False,False,False,False,False,2026-10-06,電子零組件業
3338,3338.TW,TAISOL,泰碩,62.15,,TWSE LISTED,電子零組件業,70.7,70.1,72.7,69.5,1156002,81.73,69.14,68.29,2.26,3.53,0.86,4.12,4.12,94.3,96.5,106.0,94.3,96.5,-22.91,-24.66,-31.42,25.03,26.74,True,False,False,False,False,False,False,False,False,2026-10-06,電子零組件業
3339,3339.TWO,TEKCORE,泰谷,29.72,,TPEx LISTED,光電業,44.65,45.7,45.75,44.5,1236396,55.21,45.65,46.32,-2.19,-3.61,-2.72,-0.89,-3.35,72.7,72.7,72.7,72.7,72.7,-37.07,-37.07,-37.07,38.58,38.58,False,False,False,False,False,False,False,False,False,2026-10-06,光電業
3346,3346.TW,Laster Tech,麗清,28.55,,TWSE LISTED,汽車工業,23.55,23.85,23.85,23.25,481056,11.33,23.91,23.915,-1.51,-1.53,-1.26,-1.88,-1.05,30.9,56.2,129.21,30.9,56.2,-22.82,-57.56,-81.54,23.79,58.1,False,False,False,False,False,False,False,False,False,2026-10-06,汽車工業
3349,3349.TWO,DEXIN,寶德,8.85,,TPEx LISTED,電腦及週邊設備業,18.5,19.0,19.0,18.45,64098,1.19,19.17,19.46,-3.5,-4.93,-2.63,-4.64,-7.27,32.65,33.3,33.3,32.65,33.3,-41.81,-42.94,-42.94,43.34,44.44,False,False,False,False,False,False,False,False,False,2026-10-06,電腦及週邊設備業
3354,3354.TWO,MICROCOSM,律勝,22.51,,TPEx LISTED,電子零組件業,32.1,32.2,34.0,30.6,3211335,103.08,31.15,30.235,3.05,6.17,1.58,7.72,9.74,37.6,37.6,42.2,37.6,37.6,-9.57,-9.57,-19.43,14.63,14.63,True,False,True,False,False,False,False,False,False,2026-10-06,電子零組件業
3356,3356.TW,GeoVision,奇偶,46.27,,TWSE LISTED,光電業,67.5,67.6,68.0,67.2,360528,24.34,66.68,66.51,1.23,1.49,0.15,2.74,2.9,79.42,106.93,106.93,79.42,106.93,-14.38,-36.41,-36.41,15.01,36.88,True,False,False,False,False,False,False,False,False,2026-10-06,光電業
3357,3357.TWO,TAI-TECH,臺慶科,257.21,,TPEx LISTED,電子零組件業,221.0,218.5,222.0,214.0,1175162,259.71,214.3,210.6,3.13,4.94,1.38,4.0,8.87,371.5,371.5,371.5,371.5,371.5,-40.24,-40.24,-40.24,40.51,40.51,True,True,False,False,False,False,False,False,False,2026-10-06,電子零組件業
3360,3360.TWO,SUNNIC,尚立,11.65,,TPEx LISTED,電子通路業,15.25,15.3,15.35,15.1,199672,3.04,15.34,15.205,-0.59,0.3,-0.33,0.0,0.99,23.85,24.25,24.46,23.85,24.25,-35.64,-36.7,-37.25,36.06,37.11,False,False,False,False,False,False,False,False,False,2026-10-06,電子通路業
3362,3362.TWO,ABILITY,先進光,277.93,,TPEx LISTED,光電業,188.5,191.5,202.0,188.0,10239630,1930.17,180.3,176.25,4.55,6.95,-1.31,7.41,10.23,218.0,299.5,299.5,218.0,299.5,-7.34,-32.55,-32.55,13.53,37.06,False,False,False,False,False,False,False,False,False,2026-10-06,光電業
3363,3363.TWO,FOCI,上詮,738.66,,TPEx LISTED,通信網路業,650.0,666.0,679.0,645.0,2246308,1460.1,655.0,654.3,-0.76,-0.66,-2.11,1.4,-0.31,1065.0,1065.0,1065.0,1065.0,1065.0,-36.24,-36.24,-36.24,38.97,38.97,False,False,False,False,False,False,False,False,False,2026-10-06,通信網路業
3372,3372.TWO,TICP,典範,38.83,,TPEx LISTED,半導體業,16.5,16.4,16.8,16.1,375830,6.2,16.55,16.35,-0.3,0.92,0.92,0.3,1.23,26.2,26.8,33.0,26.2,26.8,-35.88,-37.31,-49.09,37.02,38.43,False,False,False,False,False,False,False,False,False,2026-10-06,半導體業
3373,3373.TWO,Radiant,熱映,7.6,,TPEx LISTED,其他電子業,15.95,15.9,16.15,15.9,67200,1.07,15.95,15.97,0.0,-0.13,0.31,-0.31,-0.62,21.05,30.68,143.18,21.05,30.68,-23.28,-47.36,-88.72,24.23,48.01,False,False,False,False,False,False,False,False,False,2026-10-06,其他電子業
3374,3374.TWO,Xintec,精材,1322.9,,TPEx LISTED,半導體業,487.5,517.0,530.0,481.0,21736320,10596.46,472.8,467.0,3.11,4.39,-2.21,6.91,7.14,505.0,505.0,505.0,530.0,530.0,4.95,4.95,4.95,8.02,8.02,False,False,False,False,True,True,True,True,True,2026-10-06,半導體業
3376,3376.TW,SZS,新日興,335.76,,TWSE LISTED,電子零組件業,171.5,172.5,174.0,171.0,1173734,201.3,173.1,174.5,-0.92,-1.72,0.0,-1.44,0.0,250.0,302.5,302.5,250.0,302.5,-30.4,-42.48,-42.48,31.4,43.31,False,False,False,False,False,False,False,False,False,2026-10-06,電子零組件業
3379,3379.TWO,TBC,彬台,10.46,,TPEx LISTED,電機機械,27.5,27.7,27.7,27.35,34000,0.94,27.66,27.615,-0.58,-0.42,-0.72,-0.36,0.73,55.1,85.4,85.4,55.1,85.4,-49.73,-67.56,-67.56,50.09,67.8,False,False,False,False,False,False,False,False,False,2026-10-06,電機機械
3380,3380.TW,Alpha,明泰,168.2,,TWSE LISTED,通信網路業,31.05,31.6,31.75,31.0,1665807,51.72,31.55,31.805,-1.58,-2.37,-0.8,-0.8,-1.74,43.95,43.95,48.8,43.95,43.95,-27.76,-27.76,-34.94,29.35,29.35,False,False,False,False,False,False,False,False,False,2026-10-06,通信網路業
3388,3388.TWO,TTC,崇越電,69.85,,TPEx LISTED,電子零組件業,85.6,85.1,87.5,84.4,740436,63.38,84.88,83.46,0.85,2.56,1.18,1.42,4.9,131.5,131.5,131.5,131.5,131.5,-33.46,-33.46,-33.46,34.9,34.9,True,False,False,False,False,False,False,False,False,2026-10-06,電子零組件業
3390,3390.TWO,SUNFLEX,旭軟,17.57,,TPEx LISTED,電子零組件業,22.15,22.3,22.3,21.85,148070,3.28,22.34,22.155,-0.85,-0.02,-0.23,-0.89,-0.67,31.9,39.8,39.8,31.9,39.8,-30.09,-43.97,-43.97,30.56,44.35,False,False,False,False,False,False,False,False,False,2026-10-06,電子零組件業
3402,3402.TWO,WHOLETECH,漢科,102.63,,TPEx LISTED,其他電子業,140.5,140.5,141.0,138.5,341015,47.91,138.6,133.6,1.37,5.16,0.36,2.55,7.25,162.0,162.0,162.0,162.0,162.0,-12.96,-12.96,-12.96,13.27,13.27,True,True,False,False,False,False,False,False,False,2026-10-06,其他電子業
3406,3406.TW,GSEO,玉晶光,1178.17,,TWSE LISTED,光電業,1045.0,1085.0,1095.0,1020.0,7899202,8254.67,980.2,946.4,6.61,10.42,-0.95,10.0,18.48,1140.0,1140.0,1140.0,1140.0,1140.0,-3.95,-3.95,-3.95,8.33,8.33,False,False,False,False,False,False,False,True,True,2026-10-06,光電業
3413,3413.TW,Fiti,京鼎,325.01,,TWSE LISTED,半導體業,293.0,295.0,297.0,293.0,671233,196.67,292.8,289.5,0.07,1.21,-0.68,0.0,0.69,383.5,403.0,403.0,383.5,403.0,-22.56,-26.3,-26.3,23.6,27.3,False,False,False,False,False,False,False,False,False,2026-10-06,半導體業
3416,3416.TW,Winmate,融程電,141.99,,TWSE LISTED,電腦及週邊設備業,168.0,169.5,170.5,167.0,451155,75.79,166.3,164.05,1.02,2.41,-0.3,0.9,3.7,190.52,201.0,201.0,190.52,201.0,-10.51,-15.17,-15.17,11.82,16.42,False,False,False,False,False,False,False,False,False,2026-10-06,電腦及週邊設備業
3419,3419.TW,WHAYU,譁裕,14.34,,TWSE LISTED,通信網路業,11.9,11.8,12.0,11.7,97200,1.16,12.0,11.555,-0.83,2.99,-1.24,0.42,0.85,17.95,20.75,32.4,17.95,20.75,-33.15,-42.17,-62.96,33.7,42.65,False,False,False,False,False,False,False,False,False,2026-10-06,通信網路業
3430,3430.TWO,CHITEC,奇鈦科,37.59,,TPEx LISTED,化學工業,111.5,113.0,113.5,111.0,154078,17.18,112.2,110.5,-0.62,0.9,-1.33,0.0,-0.89,189.0,189.0,189.0,189.0,189.0,-39.95,-39.95,-39.95,41.01,41.01,False,False,False,False,False,False,False,False,False,2026-10-06,化學工業
3432,3432.TW,TAI TWUN,台端,6.23,,TWSE LISTED,電子零組件業,14.75,14.6,14.8,14.45,21000,0.31,14.8,14.815,-0.34,-0.44,0.34,0.0,-0.34,23.35,32.2,54.19,23.35,32.2,-36.62,-54.04,-72.69,36.83,54.19,False,False,False,False,False,False,False,False,False,2026-10-06,電子零組件業
3434,3434.TWO,ACULA,哲固,11.3,,TPEx LISTED,光電業,31.6,31.8,32.1,31.2,160000,5.06,31.32,31.73,0.89,-0.41,1.94,0.64,0.16,38.25,73.24,73.24,38.25,73.24,-16.08,-56.17,-56.17,17.39,56.85,False,False,False,False,False,False,False,False,False,2026-10-06,光電業
3437,3437.TW,AOT,榮創,30.86,,TWSE LISTED,光電業,21.35,21.95,22.0,21.2,1290003,27.54,21.98,21.98,-2.87,-2.87,-2.51,-3.17,-4.69,31.3,40.0,50.0,31.3,40.0,-29.71,-45.0,-56.0,31.79,46.62,False,False,False,False,False,False,False,False,False,2026-10-06,光電業
3438,3438.TWO,AAT,類比科,28.91,,TPEx LISTED,半導體業,61.3,62.0,62.5,61.2,57724,3.54,61.7,61.79,-0.65,-0.79,-0.81,-0.33,0.0,80.4,102.0,119.5,80.4,102.0,-22.26,-38.73,-47.7,23.76,39.9,False,False,False,False,False,False,False,False,False,2026-10-06,半導體業
3441,3441.TWO,UNIQUE,聯一光電,102.1,,TPEx LISTED,光電業,255.0,238.0,255.0,238.0,19587195,4994.73,217.0,198.7,17.51,28.33,9.91,25.93,37.84,232.0,232.0,232.0,255.0,255.0,9.91,9.91,9.91,0.0,0.0,True,False,False,False,True,True,True,True,True,2026-10-06,光電業
3443,3443.TW,GUC,創意,11223.5,,TWSE LISTED,半導體業,8375.0,8680.0,8710.0,8110.0,1845672,15457.5,8163.0,8164.0,2.6,2.58,-2.62,6.01,5.68,8690.0,8690.0,8690.0,8710.0,8710.0,0.23,0.23,0.23,3.85,3.85,False,False,True,True,True,True,True,True,True,2026-10-06,半導體業
3444,3444.TWO,NICHING,利機,34.83,,TPEx LISTED,電子通路業,77.4,77.9,78.9,76.0,230006,17.8,79.44,80.12,-2.57,-3.39,0.52,-4.09,-3.97,124.0,134.8,134.8,124.0,134.8,-36.37,-41.47,-41.47,37.58,42.58,False,False,False,False,False,False,False,False,False,2026-10-06,電子通路業
3447,3447.TW,XAVi,展達,21.22,,TWSE LISTED,通信網路業,27.4,27.6,27.8,27.4,54001,1.48,27.59,27.71,-0.69,-1.12,-0.72,-0.9,0.92,53.6,101.0,101.0,53.6,101.0,-48.13,-72.48,-72.48,48.88,72.87,False,False,False,False,False,False,False,False,False,2026-10-06,通信網路業
3450,3450.TW,ELASER,聯鈞,773.57,,TWSE LISTED,半導體業,531.0,553.0,557.0,530.0,5715673,3035.02,532.0,528.9,-0.19,0.4,-3.1,3.11,1.14,653.0,653.0,653.0,653.0,653.0,-14.7,-14.7,-14.7,18.68,18.68,False,False,False,False,False,False,False,False,False,2026-10-06,半導體業
3455,3455.TWO,UTECHZONE,由田,166.09,,TPEx LISTED,光電業,277.5,284.0,284.0,276.0,1378575,382.55,279.0,266.8,-0.54,4.01,-2.12,-3.31,3.93,322.5,322.5,322.5,322.5,322.5,-11.94,-11.94,-11.94,13.95,13.95,False,False,False,False,False,False,False,False,False,2026-10-06,光電業
3465,3465.TWO,NAE,進泰電子,12.66,,TPEx LISTED,其他電子業,29.9,29.65,29.9,29.4,15000,0.45,29.9,29.65,-0.0,0.84,0.17,-0.33,0.84,51.9,82.5,267.04,51.9,82.5,-42.39,-63.76,-88.8,42.39,63.76,False,False,False,False,False,False,False,False,False,2026-10-06,其他電子業
3466,3466.TWO,SKARDIN,德晉,20.37,,TPEx LISTED,通信網路業,26.15,24.65,26.7,24.6,1146159,29.97,24.46,24.285,6.91,7.68,7.61,10.11,9.64,45.8,103.5,103.5,45.8,103.5,-41.7,-74.2,-74.2,42.9,74.73,True,False,False,False,False,False,False,False,False,2026-10-06,通信網路業
3467,3467.TWO,Forcera,台灣精材,22.41,,TPEx LISTED,半導體業,71.0,71.3,72.1,70.8,251100,17.83,72.32,76.64,-1.83,-7.36,-0.14,-2.2,-4.83,88.8,92.4,92.4,88.8,92.4,-18.81,-21.97,-21.97,20.05,23.16,False,False,False,False,False,False,False,False,False,2026-10-06,半導體業
3479,3479.TWO,Avalue,安勤,98.41,,TPEx LISTED,電腦及週邊設備業,135.5,137.5,137.5,135.5,402770,54.58,136.0,134.6,-0.37,0.67,-0.37,-0.73,-2.17,162.0,162.0,162.0,162.0,162.0,-15.12,-15.12,-15.12,16.36,16.36,False,False,False,False,False,False,False,False,False,2026-10-06,電腦及週邊設備業
3481,3481.TW,INX,群創,4082.48,,TWSE LISTED,光電業,51.1,52.8,52.8,50.8,124970951,6386.02,52.64,51.3,-2.93,-0.39,-2.29,-2.29,2.71,72.6,72.6,72.6,72.6,72.6,-27.27,-27.27,-27.27,29.61,29.61,False,False,False,False,False,False,False,False,False,2026-10-06,光電業
3483,3483.TWO,FCN,力致,80.63,,TPEx LISTED,電腦及週邊設備業,81.4,81.3,82.2,80.5,312113,25.41,80.24,78.49,1.45,3.71,0.12,3.69,5.03,113.5,203.48,203.48,113.5,203.48,-27.58,-59.6,-59.6,28.28,60.0,True,False,False,False,False,False,False,False,False,2026-10-06,電腦及週邊設備業
3484,3484.TWO,SOLTEAM,崧騰,38.7,,TPEx LISTED,電子零組件業,49.1,49.5,49.7,49.1,110000,5.4,48.2,47.125,1.87,4.19,-0.1,3.81,5.03,56.1,71.9,94.58,56.1,71.9,-11.41,-30.88,-47.45,12.48,31.71,False,False,False,False,False,False,False,False,False,2026-10-06,電子零組件業
3485,3485.TWO,EF,敘豐,82.97,,TPEx LISTED,電子零組件業,215.5,222.0,229.5,215.5,167050,36.0,214.0,206.45,0.7,4.38,-0.69,1.41,7.21,390.0,390.0,390.0,390.0,390.0,-41.15,-41.15,-41.15,44.74,44.74,False,False,False,False,False,False,False,False,False,2026-10-06,電子零組件業
3489,3489.TWO,Sun Brothers,森寶,20.31,,TPEx LISTED,建材營造,22.45,22.8,22.85,22.45,60190,1.35,23.15,22.935,-3.02,-2.11,-2.18,-5.67,-3.44,26.4,42.65,42.65,26.4,42.65,-13.45,-46.42,-46.42,14.96,47.36,False,False,False,False,False,False,False,False,False,2026-10-06,建材營造
3490,3490.TWO,singlewell,單井,25.14,,TPEx LISTED,光電業,45.7,46.0,47.5,45.0,3492887,159.62,47.13,46.065,-3.03,-0.79,-0.98,-6.26,1.33,57.8,57.8,57.8,57.8,57.8,-17.82,-17.82,-17.82,20.93,20.93,False,False,False,False,False,False,False,False,False,2026-10-06,光電業
3491,3491.TWO,UMT,昇達科,1180.01,,TPEx LISTED,通信網路業,1715.0,1710.0,1755.0,1645.0,4242310,7275.56,1564.0,1545.0,9.65,11.0,5.21,15.1,13.58,2200.0,2200.0,2200.0,2200.0,2200.0,-20.23,-20.23,-20.23,22.05,22.05,False,False,False,False,False,False,False,False,False,2026-10-06,通信網路業
3492,3492.TWO,ACT,長盛,6.89,,TPEx LISTED,電子零組件業,19.4,19.65,19.7,19.4,30000,0.58,19.37,19.265,0.15,0.7,-1.52,1.31,1.84,27.6,35.5,47.0,27.6,35.5,-28.62,-44.51,-58.09,29.71,45.35,False,False,False,False,False,False,False,False,False,2026-10-06,電子零組件業
3494,3494.TW,HiTi,誠研,6.71,,TWSE LISTED,電腦及週邊設備業,7.08,7.0,7.11,6.99,50115,0.35,7.082,7.112,-0.03,-0.45,0.43,-0.14,-0.14,11.65,20.6,50.68,11.65,20.6,-38.97,-65.49,-85.97,39.23,65.63,False,False,False,False,False,False,False,False,False,2026-10-06,電腦及週邊設備業
3498,3498.TWO,USUN,陽程,143.69,,TPEx LISTED,其他電子業,234.5,248.5,257.0,230.5,6061538,1421.43,226.9,218.4,3.35,7.37,-0.85,6.83,-0.21,236.5,236.5,236.5,257.0,257.0,8.67,8.67,8.67,8.75,8.75,False,False,False,False,True,True,True,True,True,2026-10-06,其他電子業
3499,3499.TWO,GLOBALSAT,環天科,7.39,,TPEx LISTED,通信網路業,13.45,13.5,13.55,13.25,53100,0.71,13.66,13.62,-1.54,-1.25,-0.37,-2.18,-1.82,19.6,26.85,30.0,19.6,26.85,-30.87,-49.53,-54.83,31.38,49.91,False,False,False,False,False,False,False,False,False,2026-10-06,通信網路業
3501,3501.TW,Well Shin,維熹,44.41,,TWSE LISTED,電子零組件業,37.55,37.85,37.85,37.55,89010,3.34,37.67,37.8,-0.32,-0.66,-0.66,-0.4,0.13,61.4,81.8,81.8,61.4,81.8,-38.36,-53.73,-53.73,38.84,54.1,False,False,False,False,False,False,False,False,False,2026-10-06,電子零組件業
3504,3504.TW,Young Optics,揚明光,94.1,,TWSE LISTED,光電業,82.5,85.4,87.2,82.3,1795022,148.09,81.32,79.9,1.45,3.25,-2.6,2.87,3.77,97.8,97.8,169.0,97.8,97.8,-10.84,-10.84,-48.4,15.64,15.64,False,False,False,False,False,False,False,False,False,2026-10-06,光電業
3508,3508.TWO,Ways,位速,27.6,,TPEx LISTED,其他電子業,25.35,24.8,25.8,24.8,244100,6.19,25.58,25.76,-0.9,-1.59,1.81,-2.5,-2.31,55.9,55.9,75.5,55.9,55.9,-53.85,-53.85,-65.83,54.65,54.65,False,False,False,False,False,False,False,False,False,2026-10-06,其他電子業
3511,3511.TWO,SIMULA TECH INC,矽瑪,15.67,,TPEx LISTED,電子零組件業,19.6,20.25,20.45,19.6,137000,2.69,19.79,19.645,-0.96,-0.23,-3.21,0.0,0.77,30.85,49.8,60.0,30.85,49.8,-33.71,-58.94,-65.92,36.47,60.64,False,False,False,False,False,False,False,False,False,2026-10-06,電子零組件業
3512,3512.TWO,Huang Long,皇龍,21.54,,TPEx LISTED,建材營造,19.05,19.1,19.1,19.0,43000,0.82,19.1,19.18,-0.26,-0.68,0.53,-0.78,-0.78,22.05,48.75,68.76,22.05,48.75,-13.38,-60.82,-72.22,13.61,60.92,False,False,False,False,False,False,False,False,False,2026-10-06,建材營造
3515,3515.TW,ASROCK,華擎,269.28,,TWSE LISTED,電腦及週邊設備業,218.0,220.0,221.5,217.0,265181,57.81,215.8,213.9,1.02,1.92,0.23,1.4,3.32,273.5,360.0,360.0,273.5,360.0,-19.01,-38.47,-38.47,20.29,39.44,True,True,False,False,False,False,False,False,False,2026-10-06,電腦及週邊設備業
3516,3516.TWO,ADO,亞帝歐,15.72,,TPEx LISTED,光電業,26.4,26.6,26.6,26.0,36407,0.96,25.75,25.475,2.52,3.63,0.57,4.14,5.6,30.6,33.1,33.1,30.6,33.1,-13.07,-19.65,-19.65,13.73,20.25,False,False,False,False,False,False,False,False,False,2026-10-06,光電業
3518,3518.TW,PT TECH.,柏騰,51.54,,TWSE LISTED,其他電子業,50.3,49.9,52.0,45.65,21576820,1085.31,44.97,39.26,11.85,28.12,3.18,24.66,34.49,48.75,48.75,50.3,52.0,52.0,6.67,6.67,3.38,3.27,3.27,True,False,False,False,True,True,True,True,True,2026-10-06,其他電子業
3520,3520.TWO,JVE,華盈,14.92,,TPEx LISTED,電子零組件業,17.8,18.2,18.3,17.6,304004,5.41,17.48,17.37,1.83,2.48,-1.39,4.71,4.09,20.2,26.8,277.82,20.2,26.8,-9.41,-31.72,-93.41,11.88,33.58,False,False,False,False,False,False,False,False,False,2026-10-06,電子零組件業
3521,3521.TWO,TSG Development,台鋼建設,21.64,,TPEx LISTED,建材營造,11.65,11.55,11.65,11.55,25001,0.29,11.77,11.815,-1.02,-1.4,0.87,-2.92,-0.85,17.45,25.0,29.6,17.45,25.0,-33.24,-53.4,-60.64,33.24,53.4,False,False,False,False,False,False,False,False,False,2026-10-06,建材營造
3522,3522.TWO,TOPLUS,御嵿,12.6,,TPEx LISTED,觀光餐旅,12.1,12.5,12.7,12.0,89000,1.08,12.34,12.58,-1.94,-3.82,-0.41,-3.2,-3.59,19.4,31.0,82.85,19.4,31.0,-34.54,-59.03,-84.67,37.63,60.97,False,False,False,False,False,False,False,False,False,2026-10-06,觀光餐旅
3523,3523.TWO,EFUN,迎輝,9.06,,TPEx LISTED,光電業,14.1,14.1,14.1,13.85,11000,0.16,14.2,14.59,-0.7,-3.36,0.0,4.44,-5.69,23.25,29.5,71.0,23.25,29.5,-39.35,-52.2,-80.14,39.35,52.2,False,False,False,False,False,False,False,False,False,2026-10-06,光電業
3526,3526.TWO,ALLTOP,凡甲,185.81,,TPEx LISTED,電子零組件業,278.0,278.0,285.5,276.0,379112,105.39,274.5,272.4,1.28,2.06,0.72,2.21,2.77,403.0,403.0,403.0,403.0,403.0,-29.16,-29.16,-29.16,31.02,31.02,True,False,False,False,False,False,False,False,False,2026-10-06,電子零組件業
3527,3527.TWO,MBI,聚積,22.62,,TPEx LISTED,半導體業,50.9,51.1,51.5,50.9,30030,1.53,51.54,51.41,-1.24,-0.99,0.0,-0.97,-1.36,74.0,122.5,279.0,74.0,122.5,-30.41,-57.96,-81.54,31.22,58.45,False,False,False,False,False,False,False,False,False,2026-10-06,半導體業
3528,3528.TW,ANSTEK,安馳,57.91,,TWSE LISTED,電子通路業,86.9,87.6,87.6,86.1,96000,8.34,87.02,85.69,-0.14,1.41,0.0,0.0,2.6,142.5,142.5,142.5,142.5,142.5,-38.53,-38.53,-38.53,39.02,39.02,False,False,False,False,False,False,False,False,False,2026-10-06,電子通路業
3529,3529.TWO,eMemory,力旺,2326.48,,TPEx LISTED,半導體業,3115.0,3160.0,3175.0,3050.0,902754,2812.08,3198.0,3177.0,-2.6,-1.95,-1.27,-4.01,-5.75,4785.0,4785.0,4785.0,4785.0,4785.0,-33.65,-33.65,-33.65,34.9,34.9,False,False,False,False,False,False,False,False,False,2026-10-06,半導體業
3530,3530.TW,SOI,晶相光,46.25,,TWSE LISTED,半導體業,59.7,58.6,60.0,58.5,229001,13.67,59.26,58.95,0.74,1.27,1.36,1.19,2.23,85.5,147.5,282.99,85.5,147.5,-29.82,-59.32,-78.8,30.18,59.53,False,False,False,True,False,False,False,False,False,2026-10-06,半導體業
3531,3531.TWO,Shian Yih,先益,13.0,,TPEx LISTED,光電業,21.25,21.25,21.25,21.25,1000,0.02,21.12,21.14,0.62,0.52,0.47,0.47,0.0,24.85,38.75,38.75,24.85,38.75,-14.49,-45.16,-45.16,14.49,45.16,False,False,False,False,False,False,False,False,False,2026-10-06,光電業
3532,3532.TW,FST,台勝科,1811.25,,TWSE LISTED,半導體業,467.0,475.0,484.0,460.5,5041298,2354.29,471.4,458.3,-0.93,1.9,-0.53,-1.48,2.86,552.0,552.0,552.0,552.0,552.0,-12.32,-12.32,-12.32,15.4,15.4,False,False,False,False,False,False,False,False,False,2026-10-06,半導體業
3533,3533.TW,LOTES,嘉澤,2098.77,,TWSE LISTED,電子零組件業,1865.0,1905.0,1925.0,1860.0,1203243,2244.05,1844.0,1764.5,1.14,5.7,-0.53,0.54,9.06,2955.0,2955.0,2955.0,2955.0,2955.0,-34.86,-34.86,-34.86,36.89,36.89,False,False,False,False,False,False,False,False,False,2026-10-06,電子零組件業
3535,3535.TW,Favite,晶彩科,72.73,,TWSE LISTED,光電業,92.0,92.9,94.2,92.0,793180,72.97,92.18,90.07,-0.2,2.14,-0.76,0.77,2.45,151.0,151.0,151.0,151.0,151.0,-37.62,-37.62,-37.62,39.07,39.07,False,False,False,False,False,False,False,False,False,2026-10-06,光電業
3537,3537.TWO,PODAK,堡達,31.05,,TPEx LISTED,電子零組件業,55.2,55.8,55.8,55.1,199030,10.99,55.98,54.54,-1.39,1.21,-1.43,-5.8,4.94,92.5,92.5,92.5,92.5,92.5,-39.68,-39.68,-39.68,40.32,40.32,False,False,False,False,False,False,False,False,False,2026-10-06,電子零組件業
3540,3540.TWO,Thermaltake,曜越,20.27,,TPEx LISTED,電腦及週邊設備業,24.0,24.5,24.5,24.0,479273,11.5,23.63,23.31,1.57,2.96,-2.44,3.9,5.73,36.45,60.0,81.65,36.45,60.0,-32.78,-59.17,-70.0,34.16,60.0,False,False,False,False,False,False,False,False,False,2026-10-06,電腦及週邊設備業
3541,3541.TWO,CYP,西柏,13.81,,TPEx LISTED,其他電子業,24.5,24.45,24.6,24.25,66407,1.63,24.49,24.3,0.04,0.82,-0.41,0.41,0.2,26.5,41.8,147.95,26.5,41.8,-7.17,-41.15,-83.37,7.55,41.39,False,False,False,True,False,False,False,True,False,2026-10-06,其他電子業
3543,3543.TW,JOCHU,州巧,77.81,,TWSE LISTED,光電業,53.2,54.2,57.8,52.6,7884207,419.44,52.1,49.445,2.11,7.59,-1.48,4.11,5.98,58.8,58.8,58.8,58.8,58.8,-1.7,-1.7,-1.7,9.52,9.52,False,False,False,False,False,False,False,True,True,2026-10-06,光電業
3545,3545.TW,FocalTech,敦泰,111.43,,TWSE LISTED,半導體業,50.1,50.6,50.7,50.1,493481,24.72,51.08,51.33,-1.92,-2.4,-0.6,-2.91,-3.47,63.5,136.0,298.0,63.5,136.0,-20.16,-62.72,-82.99,21.1,63.16,False,False,False,False,False,False,False,False,False,2026-10-06,半導體業
3546,3546.TWO,USERJOY,宇峻,44.54,,TPEx LISTED,文化創意業,72.6,72.2,73.0,72.2,60811,4.41,72.72,72.76,-0.17,-0.22,0.55,-0.82,-0.14,82.76,117.75,117.75,82.76,117.75,-11.8,-38.0,-38.0,12.28,38.34,False,False,False,False,False,False,False,False,False,2026-10-06,文化創意業
3548,3548.TWO,JARLLY,兆利,50.84,,TPEx LISTED,電子零組件業,74.5,75.6,75.7,74.5,181295,13.51,76.22,77.18,-2.26,-3.47,-1.46,-2.61,-3.37,124.0,293.17,293.17,124.0,293.17,-38.95,-74.18,-74.18,39.92,74.59,False,False,False,False,False,False,False,False,False,2026-10-06,電子零組件業
3550,3550.TW,COPARTNER,聯穎,26.78,,TWSE LISTED,電子零組件業,24.9,25.25,25.45,24.65,1461010,36.38,25.48,24.98,-2.28,-0.32,-0.8,-3.11,-4.96,39.7,39.7,39.7,39.7,39.7,-35.89,-35.89,-35.89,37.28,37.28,False,False,False,False,False,False,False,False,False,2026-10-06,電子零組件業
3551,3551.TWO,SHT,世禾,122.99,,TPEx LISTED,綠能環保,197.5,199.0,199.0,195.0,551250,108.87,195.3,189.8,1.13,4.06,-0.75,2.33,5.9,234.5,234.5,234.5,234.5,234.5,-15.14,-15.14,-15.14,15.78,15.78,False,False,False,False,False,False,False,False,False,2026-10-06,綠能環保
3552,3552.TWO,TUNG THIH,同致,42.45,,TPEx LISTED,其他電子業,43.35,44.4,44.4,43.3,188565,8.17,44.39,43.23,-2.34,0.28,-2.36,-2.14,-0.23,66.0,133.74,416.52,66.0,133.74,-32.73,-66.8,-89.34,34.32,67.59,False,False,False,False,False,False,False,False,False,2026-10-06,其他電子業
3555,3555.TWO,BaaS,博士旺,65.4,,TPEx LISTED,半導體業,163.5,165.0,165.0,161.0,29009,4.74,166.5,168.4,-1.8,-2.91,-1.8,-2.1,-2.68,281.5,281.5,281.5,281.5,281.5,-41.39,-41.39,-41.39,41.92,41.92,False,False,False,False,False,False,False,False,False,2026-10-06,半導體業
3556,3556.TWO,EETI,禾瑞亞,40.96,,TPEx LISTED,半導體業,64.3,59.3,64.3,59.3,1207927,77.67,59.82,58.59,7.49,9.75,9.91,8.8,11.05,81.0,81.0,112.02,81.0,81.0,-20.62,-20.62,-42.6,20.62,20.62,False,False,False,False,False,False,False,False,False,2026-10-06,半導體業
3557,3557.TW,JiaWei,嘉威,19.94,,TWSE LISTED,居家生活,23.65,24.1,24.1,23.65,62000,1.47,23.68,23.305,-0.13,1.48,-2.07,2.38,3.73,38.35,78.0,112.21,38.35,78.0,-37.16,-69.1,-78.52,38.33,69.68,False,False,False,False,False,False,False,False,False,2026-10-06,居家生活
3558,3558.TWO,Senao Networks,神準,77.96,,TPEx LISTED,通信網路業,132.0,130.5,132.0,130.0,83040,10.96,129.5,126.45,1.93,4.39,1.15,2.33,6.02,154.5,277.5,379.5,154.5,277.5,-14.56,-52.43,-65.22,14.56,52.43,False,False,False,False,False,False,False,False,False,2026-10-06,通信網路業
3563,3563.TW,MACHVISION,牧德,484.18,,TWSE LISTED,光電業,757.0,771.0,773.0,757.0,621264,470.3,769.0,753.2,-1.56,0.5,-1.3,0.4,-4.66,997.0,997.0,997.0,997.0,997.0,-22.47,-22.47,-22.47,24.07,24.07,False,False,False,False,False,False,False,False,False,2026-10-06,光電業
3564,3564.TWO,AEWIN,其陽,35.77,,TPEx LISTED,通信網路業,60.5,60.4,61.6,56.4,2754027,166.62,55.98,52.725,8.07,14.75,-1.94,18.63,20.04,62.9,138.0,138.0,62.9,138.0,-2.07,-55.36,-55.36,3.82,56.16,False,False,False,False,False,False,False,True,False,2026-10-06,通信網路業
3567,3567.TWO,ETREND,逸昌,8.85,,TPEx LISTED,半導體業,26.05,26.3,26.3,25.85,38000,0.99,26.12,25.85,-0.27,0.77,0.19,-0.38,0.97,33.55,45.75,49.85,33.55,45.75,-21.61,-42.51,-47.24,22.35,43.06,False,False,False,False,False,False,False,False,False,2026-10-06,半導體業
3570,3570.TWO,OITC,大塚,28.81,,TPEx LISTED,資訊服務業,168.5,168.5,169.5,168.5,16120,2.72,169.1,168.55,-0.35,-0.03,-0.59,-1.17,0.9,193.0,280.0,280.0,193.0,280.0,-12.18,-39.46,-39.46,12.69,39.82,False,False,False,False,False,False,False,False,False,2026-10-06,資訊服務業
3576,3576.TW,URE,聯合再生,299.51,,TWSE LISTED,光電業,18.4,19.05,19.1,18.35,13108139,241.19,18.96,18.405,-2.95,-0.03,-2.39,-0.54,2.51,28.0,28.0,32.86,28.0,28.0,-31.79,-31.79,-41.87,34.29,34.29,False,False,False,False,False,False,False,False,False,2026-10-06,光電業
3577,3577.TWO,ICP DAS,泓格,71.0,,TPEx LISTED,電腦及週邊設備業,111.0,113.0,113.0,111.0,117002,12.99,114.1,115.3,-2.72,-3.73,-0.89,-3.9,-9.02,176.0,176.0,176.0,176.0,176.0,-35.8,-35.8,-35.8,36.93,36.93,False,False,False,False,False,False,False,False,False,2026-10-06,電腦及週邊設備業
3580,3580.TWO,UVAT,友威科,40.85,,TPEx LISTED,其他電子業,103.5,110.0,110.5,103.5,682330,70.62,107.9,105.42,-4.08,-1.82,-4.17,-5.05,-6.76,118.0,125.0,125.0,118.0,125.0,-6.36,-11.6,-11.6,12.29,17.2,False,False,False,False,False,False,False,False,False,2026-10-06,其他電子業
3581,3581.TWO,ZVC,博磊,57.89,,TPEx LISTED,半導體業,113.5,117.5,117.5,112.0,415109,47.11,116.7,110.35,-2.74,2.85,-3.4,-2.99,6.57,299.5,299.5,299.5,299.5,299.5,-60.77,-60.77,-60.77,62.1,62.1,False,False,False,False,False,False,False,False,False,2026-10-06,半導體業
3583,3583.TW,Scientech,辛耘,639.0,,TWSE LISTED,半導體業,762.0,758.0,777.0,741.0,1520942,1158.96,728.2,714.9,4.64,6.59,2.42,7.78,6.87,1010.0,1010.0,1010.0,1010.0,1010.0,-23.07,-23.07,-23.07,24.55,24.55,True,False,False,False,False,False,False,False,False,2026-10-06,半導體業
3587,3587.TWO,MA-tek,閎康,173.42,,TPEx LISTED,其他電子業,250.0,262.0,262.5,249.5,1266381,316.6,246.4,242.45,1.46,3.11,-2.91,3.73,4.38,399.0,399.0,399.0,399.0,399.0,-34.21,-34.21,-34.21,37.34,37.34,False,False,False,False,False,False,False,False,False,2026-10-06,其他電子業
3588,3588.TW,LD,通嘉,34.53,,TWSE LISTED,半導體業,55.7,57.0,57.0,55.3,312203,17.39,56.8,54.84,-1.94,1.57,-2.28,-5.91,3.72,80.0,120.1,155.19,80.0,120.1,-28.75,-52.54,-63.27,30.37,53.62,False,False,False,False,False,False,False,False,False,2026-10-06,半導體業
3591,3591.TW,EDISON OPTO,艾笛森,35.27,,TWSE LISTED,光電業,27.05,28.3,28.3,26.75,867497,23.47,27.5,26.335,-1.64,2.72,-2.7,0.56,2.46,33.34,37.24,37.24,33.34,37.24,-15.12,-24.01,-24.01,18.87,27.37,False,False,False,False,False,False,False,False,False,2026-10-06,光電業
3592,3592.TW,Raydium,瑞鼎,181.29,,TWSE LISTED,半導體業,239.0,237.5,239.0,236.0,377243,90.16,238.5,231.9,0.21,3.06,0.0,0.42,6.22,292.0,506.0,699.0,292.0,506.0,-18.15,-52.77,-65.81,18.15,52.77,False,False,False,False,False,False,False,False,False,2026-10-06,半導體業
3593,3593.TW,Logah,力銘,6.54,,TWSE LISTED,電子零組件業,10.75,11.1,11.1,10.6,3001,0.03,10.93,10.182,-1.65,5.58,0.0,-6.52,4.37,20.4,36.08,51.56,20.4,36.08,-45.59,-69.24,-78.47,47.3,70.21,False,False,False,False,False,False,False,False,False,2026-10-06,電子零組件業
3594,3594.TWO,ARBOR,磐儀,44.66,,TPEx LISTED,電腦及週邊設備業,46.55,46.25,46.75,46.0,167001,7.77,47.1,46.965,-1.17,-0.88,0.76,-2.41,-1.38,61.9,65.7,65.7,61.9,65.7,-24.47,-28.84,-28.84,24.8,29.15,False,False,False,False,False,False,False,False,False,2026-10-06,電腦及週邊設備業
3596,3596.TW,Arcadyan,智易,343.75,,TWSE LISTED,通信網路業,156.0,158.0,160.0,155.0,2612429,407.54,154.4,154.05,1.04,1.27,0.0,1.96,1.63,214.0,253.0,253.0,214.0,253.0,-25.23,-36.76,-36.76,27.1,38.34,False,False,False,False,False,False,False,False,False,2026-10-06,通信網路業
3597,3597.TWO,AVI,映興,13.12,,TPEx LISTED,電子零組件業,33.45,33.45,33.45,33.45,600558,20.09,29.56,28.51,13.16,17.33,9.85,19.04,20.11,30.45,56.3,56.3,33.45,56.3,9.85,-40.59,-40.59,0.0,40.59,False,False,False,False,True,False,False,True,False,2026-10-06,電子零組件業
3605,3605.TW,ACES,宏致,301.46,,TWSE LISTED,電子零組件業,172.0,168.0,173.0,160.0,14300182,2459.63,171.8,174.55,0.12,-1.46,2.38,-3.37,-5.75,190.5,190.5,190.5,190.5,190.5,-9.19,-9.19,-9.19,9.71,9.71,False,False,False,False,False,False,False,True,True,2026-10-06,電子零組件業
3607,3607.TW,Coxon,谷崧,16.73,,TWSE LISTED,電子零組件業,13.75,13.8,13.8,13.7,71003,0.98,13.89,13.835,-1.01,-0.61,-0.36,-1.43,0.36,19.55,23.9,36.95,19.55,23.9,-29.41,-42.26,-62.65,29.67,42.47,False,False,False,False,False,False,False,False,False,2026-10-06,電子零組件業
3609,3609.TWO,HEP,三一東林,9.12,,TPEx LISTED,電子零組件業,23.75,23.0,24.2,22.85,71000,1.69,23.26,23.4,2.11,1.5,0.42,3.26,1.06,42.9,60.6,63.1,42.9,60.6,-43.59,-60.07,-61.65,44.64,60.81,False,False,True,True,False,False,False,False,False,2026-10-06,電子零組件業
3611,3611.TWO,TSC AUTO ID,鼎翰,86.79,,TPEx LISTED,電腦及週邊設備業,182.5,182.5,182.5,181.5,32001,5.84,183.4,183.1,-0.49,-0.33,0.0,-1.08,-0.27,205.0,248.0,266.87,205.0,248.0,-10.98,-26.41,-31.61,10.98,26.41,False,False,False,False,False,False,False,False,False,2026-10-06,電腦及週邊設備業
3615,3615.TWO,AimCore,安可,29.78,,TPEx LISTED,光電業,43.5,44.55,46.4,43.3,1549105,67.39,44.4,41.505,-2.03,4.81,-2.14,0.58,4.44,66.9,66.9,66.9,66.9,66.9,-30.64,-30.64,-30.64,34.98,34.98,False,False,False,False,False,False,False,False,False,2026-10-06,光電業
3617,3617.TW,CyberPower,碩天,232.17,,TWSE LISTED,其他電子業,245.0,242.5,246.5,242.0,336165,82.36,243.0,243.4,0.82,0.66,1.45,0.82,1.87,267.5,401.5,401.5,267.5,401.5,-7.85,-38.61,-38.61,8.41,38.98,False,False,False,True,False,False,False,True,False,2026-10-06,其他電子業
3622,3622.TW,YFO,洋華,70.59,,TWSE LISTED,光電業,46.65,46.25,46.65,45.9,170000,7.93,46.17,45.515,1.04,2.49,0.97,1.63,4.48,73.8,87.3,87.3,73.8,87.3,-36.79,-46.56,-46.56,36.79,46.56,True,False,False,False,False,False,False,False,False,2026-10-06,光電業
3623,3623.TWO,TTI,富晶通,8.76,,TPEx LISTED,光電業,30.0,30.0,30.3,29.95,168209,5.05,30.19,29.215,-0.63,2.69,-0.17,-1.8,2.92,34.15,54.7,59.0,34.15,54.7,-11.27,-44.61,-48.64,12.15,45.16,False,False,False,False,False,False,False,False,False,2026-10-06,光電業
3624,3624.TWO,VIKING,光頡,170.14,,TPEx LISTED,電子零組件業,145.0,147.5,153.0,144.0,12714130,1843.55,145.5,139.6,-0.34,3.87,-0.34,-3.97,3.57,178.0,178.0,178.0,178.0,178.0,-14.04,-14.04,-14.04,18.54,18.54,False,False,False,False,False,False,False,False,False,2026-10-06,電子零組件業
3625,3625.TWO,C-TECH,西勝,5.84,,TPEx LISTED,電腦及週邊設備業,10.05,9.85,10.2,9.85,424149,4.26,10.79,11.125,-6.86,-9.66,-3.37,-10.27,-10.27,22.3,35.75,40.83,22.3,35.75,-54.26,-71.47,-75.02,54.93,71.89,False,False,False,False,False,False,False,False,False,2026-10-06,電腦及週邊設備業
3628,3628.TWO,ABLEREX,盈正,32.31,,TPEx LISTED,其他電子業,71.8,74.3,74.3,71.8,46003,3.3,72.26,72.83,-0.64,-1.41,-0.55,-1.37,-1.51,83.0,109.0,109.0,83.0,109.0,-10.48,-31.83,-31.83,13.49,34.13,False,False,False,False,False,False,False,False,False,2026-10-06,其他電子業
3629,3629.TWO,Gravitytai,地心引力,4.22,,TPEx LISTED,文化創意業,12.8,14.45,14.45,12.8,5001,0.06,14.85,16.435,-13.8,-22.12,-4.12,-20.99,-26.01,26.45,43.5,101.0,26.45,43.5,-45.37,-66.78,-85.69,51.61,70.57,False,False,False,False,False,False,False,False,False,2026-10-06,文化創意業
3630,3630.TWO,NEWMAX,新鉅科,60.24,,TPEx LISTED,光電業,29.5,27.3,29.9,27.15,3818402,112.64,27.49,27.04,7.31,9.1,8.06,9.67,10.69,39.95,43.0,127.86,39.95,43.0,-25.16,-30.47,-76.62,26.16,31.4,False,False,True,False,False,False,False,False,False,2026-10-06,光電業
3631,3631.TWO,CHERNAN,晟楠,34.45,,TPEx LISTED,電子零組件業,42.1,41.25,42.15,40.7,341000,14.36,41.01,40.61,2.66,3.67,3.06,4.08,5.38,44.8,51.0,69.04,44.8,51.0,-5.92,-17.35,-38.95,6.03,17.45,False,False,False,False,False,False,False,True,False,2026-10-06,電子零組件業
3632,3632.TWO,PAPAGO,研勤,2.9,,TPEx LISTED,通信網路業,13.196,13.103,13.382,13.048,53526,0.71,13.181,13.254,0.11,-0.43,0.71,0.28,-1.25,19.7,30.11,47.32,19.7,30.11,-32.08,-55.56,-71.72,33.02,56.17,False,False,False,False,False,False,False,False,False,2026-10-06,通信網路業
3645,3645.TW,TMT,達邁,102.57,,TWSE LISTED,電子零組件業,75.0,77.0,77.0,75.0,2500283,187.52,74.9,73.29,0.13,2.33,-1.32,1.08,3.16,121.5,121.5,121.5,121.5,121.5,-36.63,-36.63,-36.63,38.27,38.27,False,False,False,False,False,False,False,False,False,2026-10-06,電子零組件業
3646,3646.TWO,ANT,艾恩特,9.86,,TPEx LISTED,電子零組件業,25.1,25.2,25.2,24.8,9001,0.23,25.0,24.86,0.4,0.97,-0.4,1.01,1.21,26.4,32.1,38.5,26.4,32.1,-4.55,-21.5,-34.55,4.92,21.81,False,False,False,True,False,False,False,True,False,2026-10-06,電子零組件業
3652,3652.TW,Unitech elec.,精聯,25.61,,TWSE LISTED,電腦及週邊設備業,34.1,36.0,36.05,34.1,202146,6.89,34.68,34.505,-1.67,-1.17,-4.48,-1.16,0.74,43.4,56.0,56.0,43.4,56.0,-16.94,-35.63,-35.63,21.43,39.11,False,False,False,False,False,False,False,False,False,2026-10-06,電腦及週邊設備業
3653,3653.TW,JENTECH,健策,10422.03,,TWSE LISTED,電子零組件業,7080.0,7185.0,7280.0,7050.0,533876,3779.84,6952.0,6660.5,1.84,6.3,-1.73,2.98,2.68,7440.0,7440.0,7440.0,7440.0,7440.0,-2.15,-2.15,-2.15,4.84,4.84,False,False,False,False,False,False,False,True,True,2026-10-06,電子零組件業
3661,3661.TW,Alchip,世芯-KY,3607.55,,TWSE LISTED,半導體業,4180.0,4000.0,4240.0,3850.0,3528653,14749.77,3889.0,3804.0,7.48,9.88,5.82,11.02,13.43,5640.0,5640.0,5640.0,5640.0,5640.0,-24.82,-24.82,-24.82,25.89,25.89,True,True,False,False,False,False,False,False,False,2026-10-06,半導體業
3663,3663.TWO,TTMC,鑫科,68.46,,TPEx LISTED,其他電子業,63.1,63.8,64.0,62.6,420000,26.5,64.8,63.13,-2.62,-0.05,-0.16,-3.07,1.12,93.8,113.5,113.5,93.8,113.5,-31.77,-43.61,-43.61,32.73,44.41,False,False,False,False,False,False,False,False,False,2026-10-06,其他電子業
3664,3664.TWO,Array,安瑞-KY,6.23,,TPEx LISTED,通信網路業,8.2,8.0,8.2,8.0,23001,0.19,8.444,8.559,-2.89,-4.19,2.5,-7.34,-7.45,18.8,33.55,45.6,18.8,33.55,-56.38,-75.56,-82.02,56.38,75.56,False,False,False,False,False,False,False,False,False,2026-10-06,通信網路業
3665,3665.TW,BHI (BizLink),貿聯-KY,4640.2,,TWSE LISTED,其他電子業,2325.0,2460.0,2460.0,2260.0,5163063,12004.12,2500.0,2417.0,-7.0,-3.81,-6.44,-9.0,-4.91,3010.0,3010.0,3010.0,3010.0,3010.0,-18.27,-18.27,-18.27,22.76,22.76,False,False,False,False,False,False,False,False,False,2026-10-06,其他電子業
3666,3666.TWO,OTI,光耀,35.29,,TPEx LISTED,光電業,25.4,25.1,25.4,25.1,62000,1.57,25.32,25.255,0.32,0.57,0.4,0.4,0.4,32.95,45.95,900000.0,32.95,45.95,-22.91,-44.72,-100.0,22.91,44.72,False,False,False,True,False,False,False,False,False,2026-10-06,光電業
3669,3669.TW,AVer,圓展,30.06,,TWSE LISTED,通信網路業,32.35,32.7,32.75,32.35,91006,2.94,32.95,32.72,-1.82,-1.13,-1.37,-3.14,-0.31,44.4,62.0,158.0,44.4,62.0,-26.24,-47.18,-79.27,27.14,47.82,False,False,False,False,False,False,False,False,False,2026-10-06,通信網路業
3672,3672.TWO,CTS,康聯訊,4.83,,TPEx LISTED,通信網路業,11.85,12.25,12.25,11.85,6082,0.07,12.17,12.19,-2.63,-2.79,-3.66,-2.07,-5.2,15.0,31.95,51.3,15.0,31.95,-18.33,-61.66,-76.12,21.0,62.91,False,False,False,False,False,False,False,False,False,2026-10-06,通信網路業
3673,3673.TW,TPK,TPK-KY,312.32,,TWSE LISTED,光電業,76.8,77.4,79.5,76.0,17587409,1350.71,76.6,71.34,0.26,7.65,0.0,4.77,11.79,98.9,98.9,136.5,98.9,98.9,-19.62,-19.62,-41.76,22.35,22.35,False,False,False,False,False,False,False,False,False,2026-10-06,光電業
3675,3675.TWO,Eris Tech,德微,178.01,,TPEx LISTED,半導體業,335.5,349.0,354.0,334.0,1460535,490.01,346.7,333.1,-3.23,0.72,-3.87,-6.55,0.45,459.0,459.0,459.0,459.0,459.0,-22.88,-22.88,-22.88,26.91,26.91,False,False,False,False,False,False,False,False,False,2026-10-06,半導體業
3679,3679.TW,Nishoku,新至陞,68.06,,TWSE LISTED,電子零組件業,108.0,108.0,108.0,107.5,9000,0.97,108.2,108.45,-0.18,-0.41,-0.46,-0.46,-0.46,130.0,164.0,171.5,130.0,164.0,-16.92,-34.15,-37.03,16.92,34.15,False,False,False,False,False,False,False,False,False,2026-10-06,電子零組件業
3680,3680.TWO,Gudeng,家登,541.67,,TPEx LISTED,半導體業,563.0,569.0,594.0,562.0,2677149,1507.23,556.4,548.6,1.19,2.62,0.36,2.18,2.74,623.0,623.0,623.0,623.0,623.0,-4.65,-4.65,-4.65,9.63,9.63,True,False,False,False,False,False,False,True,True,2026-10-06,半導體業
3684,3684.TWO,Grand-Tek,榮昌,17.27,,TPEx LISTED,通信網路業,57.0,55.5,57.2,55.0,112000,6.38,54.74,54.23,4.13,5.11,3.26,4.97,6.74,72.7,74.3,74.3,72.7,74.3,-21.32,-23.01,-23.01,21.6,23.28,False,False,False,False,False,False,False,False,False,2026-10-06,通信網路業
3685,3685.TWO,TAC,元創精密,28.53,,TPEx LISTED,電機機械,35.85,35.75,36.8,35.2,1212000,43.45,35.52,35.475,0.93,1.06,-0.69,3.46,1.85,41.4,46.65,74.9,41.4,46.65,-11.11,-21.11,-50.87,13.41,23.15,False,False,False,True,False,False,False,False,False,2026-10-06,電機機械
3686,3686.TW,Danen,達能,11.97,,TWSE LISTED,半導體業,15.65,15.7,15.7,15.4,86674,1.36,15.91,15.53,-1.63,0.77,-0.63,-2.19,5.39,24.0,34.0,38.76,24.0,34.0,-34.58,-53.82,-59.49,34.79,53.97,False,False,False,False,False,False,False,False,False,2026-10-06,半導體業
3687,3687.TWO,OMG,歐買尬,18.29,,TPEx LISTED,數位雲端,60.7,60.8,61.3,60.7,13051,0.79,60.9,60.8,-0.33,-0.16,-0.16,-1.46,0.66,86.0,128.5,235.5,86.0,128.5,-28.72,-52.3,-73.97,29.42,52.76,False,False,False,False,False,False,False,False,False,2026-10-06,數位雲端
3689,3689.TWO,UDE,湧德,104.22,,TPEx LISTED,電子零組件業,116.5,114.0,117.0,113.5,1174018,136.77,112.7,111.1,3.37,4.86,3.1,5.43,5.91,146.0,146.0,146.0,146.0,146.0,-19.86,-19.86,-19.86,20.21,20.21,False,False,False,False,False,False,False,False,False,2026-10-06,電子零組件業
3691,3691.TWO,GIGASOLAR,碩禾,96.02,,TPEx LISTED,光電業,104.5,106.5,107.5,104.5,467045,48.81,111.0,112.7,-5.86,-7.28,-0.95,-7.11,-11.81,178.0,182.0,404.43,178.0,182.0,-39.61,-40.93,-73.42,41.29,42.58,False,False,False,False,False,False,False,False,False,2026-10-06,光電業
3693,3693.TWO,AIC,營邦,307.81,,TPEx LISTED,電腦及週邊設備業,716.0,697.0,729.0,681.0,2326492,1665.77,683.8,698.4,4.71,2.52,3.92,7.83,1.99,755.0,755.0,755.0,755.0,755.0,-3.44,-3.44,-3.44,5.17,5.17,False,False,True,True,False,False,False,True,True,2026-10-06,電腦及週邊設備業
3694,3694.TW,AzureWave,海華,78.22,,TWSE LISTED,通信網路業,50.5,51.1,51.3,50.5,407500,20.58,51.22,50.86,-1.41,-0.71,-1.37,-1.37,0.2,72.9,110.0,110.0,72.9,110.0,-29.63,-53.36,-53.36,30.73,54.09,False,False,False,False,False,False,False,False,False,2026-10-06,通信網路業
3701,3701.TW,FICG,大眾控,140.34,,TWSE LISTED,電腦及週邊設備業,59.3,60.8,65.4,58.4,20354625,1207.03,54.38,48.045,9.05,23.43,-2.63,17.66,42.04,79.8,79.8,97.16,79.8,79.8,-18.05,-18.05,-32.69,25.69,25.69,False,False,False,False,False,False,False,False,False,2026-10-06,電腦及週邊設備業
3702,3702.TW,WPG,大聯大,2084.14,,TWSE LISTED,電子通路業,119.0,119.5,120.0,117.5,2675216,318.35,118.0,116.35,0.85,2.28,0.0,0.0,3.48,130.5,130.5,130.5,130.5,130.5,-8.05,-8.05,-8.05,8.81,8.81,False,False,False,False,False,False,False,True,True,2026-10-06,電子通路業
3703,3703.TW,CHC,欣陸,158.88,,TWSE LISTED,建材營造,19.3,19.4,19.5,19.3,728200,14.05,19.48,19.61,-0.92,-1.58,-0.52,-1.28,-1.03,24.95,42.65,42.65,24.95,42.65,-21.84,-54.28,-54.28,22.65,54.75,False,False,False,False,False,False,False,False,False,2026-10-06,建材營造
3704,3704.TW,Zyxel Group,合勤控,164.31,,TWSE LISTED,通信網路業,39.55,40.2,40.35,39.55,1220648,48.28,40.14,40.52,-1.47,-2.39,-1.25,-1.25,-1.74,51.4,56.7,68.0,51.4,56.7,-21.5,-28.84,-40.66,23.05,30.25,False,False,False,False,False,False,False,False,False,2026-10-06,通信網路業
3705,3705.TW,Y.S.H.,永信,152.13,,TWSE LISTED,生技醫療業,57.1,56.8,57.2,56.6,213150,12.17,56.68,56.48,0.74,1.1,0.88,0.71,2.15,58.5,69.9,69.9,58.5,69.9,-2.22,-18.17,-18.17,2.39,18.31,False,False,True,False,False,False,False,True,False,2026-10-06,生技醫療業
3706,3706.TW,MHC,神達,1065.75,,TWSE LISTED,電腦及週邊設備業,80.3,80.8,80.8,80.1,4071876,326.97,80.68,79.85,-0.47,0.56,-0.12,-2.19,1.77,94.09,99.09,99.09,94.09,99.09,-14.13,-18.46,-18.46,14.66,18.96,False,False,False,False,False,False,False,False,False,2026-10-06,電腦及週邊設備業
3707,3707.TWO,EPISIL,漢磊,344.42,,TPEx LISTED,半導體業,86.0,87.2,87.5,83.1,20725362,1782.38,81.94,75.85,4.95,13.38,0.82,10.97,17.97,100.5,100.5,173.25,100.5,100.5,-12.94,-12.94,-49.5,14.43,14.43,True,True,False,False,False,False,False,False,False,2026-10-06,半導體業
3708,3708.TW,Swancor,上緯投控,85.71,,TWSE LISTED,綠能環保,95.4,95.8,96.7,95.3,229004,21.85,97.76,98.19,-2.41,-2.84,-0.93,-3.54,-2.25,140.5,163.0,192.0,140.5,163.0,-31.17,-40.67,-49.64,32.1,41.47,False,False,False,False,False,False,False,False,False,2026-10-06,綠能環保
3709,3709.TWO,Trigold,鑫聯大投控,93.75,,TPEx LISTED,電腦及週邊設備業,64.4,65.2,65.2,64.1,177004,11.4,65.08,64.32,-1.04,0.12,0.0,-2.28,0.63,92.9,92.9,92.9,92.9,92.9,-29.82,-29.82,-29.82,30.68,30.68,False,False,False,False,False,False,False,False,False,2026-10-06,電腦及週邊設備業
3710,3710.TWO,ACON Holding,連展投控,14.17,,TPEx LISTED,電子零組件業,8.0,7.98,8.09,7.96,225607,1.8,8.142,8.012,-1.74,-0.15,-2.32,-0.99,-6.1,14.68,26.28,28.87,14.68,26.28,-44.89,-69.21,-71.98,45.5,69.56,False,False,False,False,False,False,False,False,False,2026-10-06,電子零組件業
3711,3711.TW,ASEH,日月光投控,33261.06,,TWSE LISTED,半導體業,744.0,743.0,755.0,733.0,9243063,6876.84,722.4,704.7,2.99,5.58,0.27,4.79,8.3,758.0,758.0,758.0,758.0,758.0,-0.4,-0.4,-0.4,1.85,1.85,True,True,False,False,False,False,False,True,True,2026-10-06,半導體業
3712,3712.TW,FITH,永崴投控,50.73,,TWSE LISTED,電腦及週邊設備業,20.6,20.65,20.8,20.5,392387,8.08,20.62,20.69,-0.1,-0.43,0.0,-0.24,-0.24,30.0,76.5,76.5,30.0,76.5,-30.67,-72.81,-72.81,31.33,73.07,False,False,False,False,False,False,False,False,False,2026-10-06,電腦及週邊設備業
3713,3713.TWO,HsinjingHolding,新晶投控,12.03,,TPEx LISTED,綠能環保,13.65,13.45,13.65,13.3,43000,0.59,13.74,13.895,-0.66,-1.76,0.74,-1.09,-1.8,23.5,35.4,79.6,23.5,35.4,-41.91,-61.44,-82.85,41.91,61.44,False,False,False,False,False,False,False,False,False,2026-10-06,綠能環保
3714,3714.TW,ENNOSTAR,富采,268.0,,TWSE LISTED,光電業,67.0,68.8,68.8,66.6,7170803,480.44,68.94,68.56,-2.81,-2.28,-1.76,-2.62,-1.62,87.1,87.1,104.0,87.1,87.1,-21.01,-21.01,-33.85,23.08,23.08,False,False,False,False,False,False,False,False,False,2026-10-06,光電業
3715,3715.TW,Dynamic Holding,定穎投控,377.15,,TWSE LISTED,電子零組件業,133.0,133.0,138.0,131.0,11974765,1592.64,130.2,127.1,2.15,4.64,0.0,3.1,6.83,203.5,203.5,203.5,203.5,203.5,-32.19,-32.19,-32.19,34.64,34.64,False,False,False,False,False,False,False,False,False,2026-10-06,電子零組件業
3716,3716.TW,Cenra Inc.,中化控股,50.67,,TWSE LISTED,生技醫療業,33.65,33.75,33.8,33.6,173518,5.84,33.9,33.93,-0.74,-0.83,-0.15,-1.03,-0.74,37.65,44.55,44.55,37.65,44.55,-10.23,-24.13,-24.13,10.62,24.47,False,False,False,False,False,False,False,False,False,2026-10-06,生技醫療業
3717,3717.TW,EOI Holding,聯嘉投控,60.01,,TWSE LISTED,汽車工業,28.45,28.4,30.4,28.2,35722502,1016.31,27.54,26.71,3.3,6.51,2.52,4.02,2.15,31.5,31.5,31.5,31.5,31.5,-3.49,-3.49,-3.49,9.68,9.68,False,False,False,False,False,False,False,True,True,2026-10-06,汽車工業
3718,3718.TWO,CiHC,中光電投控,251.01,,TPEx LISTED,光電業,64.2,65.5,65.5,64.2,1566112,100.54,64.82,65.18,-0.96,-1.5,-1.23,-0.16,-0.62,86.0,86.0,86.0,86.0,86.0,-23.84,-23.84,-23.84,25.35,25.35,False,False,False,False,False,False,False,False,False,2026-10-06,光電業
4102,4102.TWO,YUNGZIP,永日,7.73,,TPEx LISTED,生技醫療業,18.25,18.0,18.65,18.0,35000,0.64,18.32,18.475,-0.38,-1.22,1.39,-1.08,-0.54,21.45,44.35,46.6,21.45,44.35,-13.05,-57.95,-59.98,14.92,58.85,False,False,False,False,False,False,False,False,False,2026-10-06,生技醫療業
4104,4104.TW,EXCELSIOR,佳醫,135.62,,TWSE LISTED,生技醫療業,72.0,71.9,72.0,71.5,93108,6.7,72.44,72.28,-0.61,-0.39,0.14,-0.96,-0.14,80.35,89.07,92.43,80.35,89.07,-10.39,-19.16,-22.1,10.39,19.16,False,False,False,False,False,False,False,False,False,2026-10-06,生技醫療業
4105,4105.TWO,TTY,東洋,195.94,,TPEx LISTED,生技醫療業,78.8,78.8,79.1,78.5,670035,52.8,78.6,78.69,0.25,0.14,0.64,0.38,0.0,87.0,87.0,134.0,87.0,87.0,-9.08,-9.08,-40.97,9.43,9.43,False,False,False,True,False,False,False,True,True,2026-10-06,生技醫療業
4106,4106.TW,WELLELL,雃博,24.42,,TWSE LISTED,生技醫療業,24.2,24.1,24.2,24.1,58010,1.4,24.19,24.265,0.04,-0.27,0.21,0.41,-0.21,25.9,30.6,53.0,25.9,30.6,-6.56,-20.92,-54.34,6.56,20.92,False,False,False,False,False,False,False,True,False,2026-10-06,生技醫療業
4107,4107.TWO,BIOTEQUE,邦特,75.54,,TPEx LISTED,生技醫療業,109.0,110.0,110.0,109.0,66008,7.19,110.1,110.35,-1.0,-1.22,-1.36,-1.36,-1.36,125.0,147.5,164.0,125.0,147.5,-12.0,-25.42,-32.93,12.8,26.1,False,False,False,False,False,False,False,False,False,2026-10-06,生技醫療業
4108,4108.TW,PhytoHealth,懷特,22.64,,TWSE LISTED,生技醫療業,11.4,11.3,11.4,11.25,131026,1.49,11.41,11.425,-0.09,-0.22,0.88,-0.87,0.44,15.25,24.0,39.81,15.25,24.0,-25.25,-52.5,-71.37,25.25,52.5,False,False,False,False,False,False,False,False,False,2026-10-06,生技醫療業
4109,4109.TWO,Jia Jie Bio,加捷生醫,12.94,,TPEx LISTED,生技醫療業,10.9,10.9,10.95,10.85,51120,0.56,10.95,11.025,-0.46,-1.13,0.0,0.0,-1.36,15.45,39.6,39.6,15.45,39.6,-29.13,-72.35,-72.35,29.45,72.47,False,False,False,False,False,False,False,False,False,2026-10-06,生技醫療業
4111,4111.TWO,CHI SHENG,濟生,17.2,,TPEx LISTED,生技醫療業,28.75,29.0,29.0,28.45,90050,2.59,28.9,28.85,-0.52,-0.35,-0.86,-0.35,-0.17,30.9,33.24,35.1,30.9,33.24,-6.15,-12.75,-17.37,6.96,13.5,False,False,False,False,False,False,False,True,False,2026-10-06,生技醫療業
4113,4113.TWO,WE&WIN,聯上,34.56,,TPEx LISTED,建材營造,14.95,14.8,15.1,14.8,86113,1.29,15.12,15.355,-1.12,-2.64,1.01,-0.99,-3.86,24.5,68.5,68.5,24.5,68.5,-38.37,-77.96,-77.96,38.98,78.18,False,False,False,False,False,False,False,False,False,2026-10-06,建材營造
4114,4114.TWO,SYNMOSA,健喬,159.9,,TPEx LISTED,生技醫療業,29.05,29.1,29.2,29.05,509142,14.79,29.3,29.4,-0.85,-1.19,0.0,-1.53,-0.85,31.49,36.86,38.53,31.49,36.86,-7.26,-20.77,-24.21,7.74,21.18,False,False,False,False,False,False,False,True,False,2026-10-06,生技醫療業
4116,4116.TWO,BMTC,明基醫,17.71,,TPEx LISTED,生技醫療業,39.75,40.0,40.1,39.55,27000,1.07,39.9,39.65,-0.38,0.25,-0.62,-0.13,0.89,45.6,68.0,92.5,45.6,68.0,-12.06,-41.03,-56.65,12.83,41.54,False,False,False,False,False,False,False,False,False,2026-10-06,生技醫療業
4119,4119.TW,SCI,旭富,63.58,,TWSE LISTED,生技醫療業,53.2,53.9,54.1,53.0,248225,13.21,54.86,55.79,-3.03,-4.64,-2.03,-4.49,-3.97,60.7,100.5,117.7,60.7,100.5,-10.87,-46.17,-54.04,12.36,47.06,False,False,False,False,False,False,False,False,False,2026-10-06,生技醫療業
4120,4120.TWO,OEP,友華,39.9,,TPEx LISTED,生技醫療業,46.0,45.7,46.0,45.45,21000,0.97,46.0,46.01,0.0,-0.02,0.0,0.0,-0.22,49.6,60.7,91.2,49.6,60.7,-7.26,-24.22,-49.56,7.26,24.22,False,False,False,False,False,False,False,True,False,2026-10-06,生技醫療業
4121,4121.TWO,ROSSMAX,優盛,10.56,,TPEx LISTED,生技醫療業,12.7,12.75,12.75,12.6,44521,0.57,12.76,12.735,-0.47,-0.27,0.0,-0.39,-0.39,20.85,28.35,36.85,20.85,28.35,-38.85,-55.03,-65.4,39.09,55.2,False,False,False,False,False,False,False,False,False,2026-10-06,生技醫療業
4123,4123.TWO,Center Lab.,晟德,248.7,,TPEx LISTED,生技醫療業,30.8,30.85,31.15,30.6,1052800,32.43,31.08,31.06,-0.9,-0.84,-0.16,-1.6,-0.65,48.96,54.03,61.02,48.96,54.03,-36.37,-42.34,-48.95,37.09,42.99,False,False,False,False,False,False,False,False,False,2026-10-06,生技醫療業
4126,4126.TWO,PAHSCO,太醫,56.19,,TPEx LISTED,生技醫療業,77.4,77.6,77.6,77.2,75018,5.81,77.82,77.79,-0.54,-0.5,-0.26,-0.77,-0.64,84.7,100.0,100.0,84.7,100.0,-8.38,-22.4,-22.4,8.62,22.6,False,False,False,False,False,False,False,True,False,2026-10-06,生技醫療業
4127,4127.TWO,TLB,天良,18.85,,TPEx LISTED,生技醫療業,41.2,42.5,42.85,40.25,532000,21.92,44.48,48.24,-7.37,-14.59,-4.85,-11.78,-13.26,96.0,96.0,96.0,96.0,96.0,-55.36,-55.36,-55.36,57.08,57.08,False,False,False,False,False,False,False,False,False,2026-10-06,生技醫療業
4128,4128.TWO,MICROBIO,中天,90.87,,TPEx LISTED,生技醫療業,15.45,15.45,15.7,15.3,1465156,22.64,15.34,15.07,0.72,2.52,0.0,1.98,3.0,21.85,58.76,114.93,21.85,58.76,-28.15,-73.28,-86.34,29.29,73.71,False,False,False,False,False,False,False,False,False,2026-10-06,生技醫療業
4129,4129.TWO,UOC,聯合,79.85,,TPEx LISTED,生技醫療業,82.8,82.5,83.1,82.5,72020,5.96,82.66,82.59,0.17,0.25,0.73,0.24,-0.12,118.5,131.5,131.5,118.5,131.5,-29.87,-36.81,-36.81,30.13,37.03,False,False,False,True,False,False,False,False,False,2026-10-06,生技醫療業
4131,4131.TWO,NeoCore,浩泰,12.2,,TPEx LISTED,生技醫療業,30.6,30.8,30.9,29.9,23871,0.73,30.75,31.24,-0.49,-2.05,-0.81,-0.81,-4.23,42.0,45.8,50.71,42.0,45.8,-26.43,-32.53,-39.06,27.14,33.19,False,False,False,False,False,False,False,False,False,2026-10-06,生技醫療業
4133,4133.TW,Abnova,亞諾法,12.35,,TWSE LISTED,生技醫療業,20.4,20.45,20.55,20.3,50002,1.02,20.49,20.495,-0.44,-0.46,0.49,-1.21,-0.24,29.15,38.85,163.0,29.15,38.85,-29.5,-47.1,-87.39,30.02,47.49,False,False,False,False,False,False,False,False,False,2026-10-06,生技醫療業
4137,4137.TW,CHLITINA-KY,麗豐-KY,62.28,,TWSE LISTED,生技醫療業,75.5,76.2,76.3,75.5,79002,5.96,76.14,76.75,-0.84,-1.63,-0.4,-1.05,-1.31,118.0,208.0,344.5,118.0,208.0,-35.34,-63.32,-77.85,36.02,63.7,False,False,False,False,False,False,False,False,False,2026-10-06,生技醫療業
4138,4138.TWO,DMT,曜亞,21.36,,TPEx LISTED,生技醫療業,53.5,53.5,53.7,53.3,21004,1.12,53.82,54.59,-0.59,-2.0,0.0,-1.47,-2.9,65.8,116.53,118.71,65.8,116.53,-18.39,-53.92,-54.76,18.69,54.09,False,False,False,False,False,False,False,False,False,2026-10-06,生技醫療業
4139,4139.TWO,KY M.K.,馬光-KY,19.38,,TPEx LISTED,生技醫療業,43.05,42.1,43.2,42.1,73000,3.14,42.35,41.82,1.65,2.94,0.12,2.62,3.36,45.1,45.1,72.53,45.1,45.1,-4.21,-4.21,-40.44,4.55,4.55,False,False,False,False,False,False,False,True,True,2026-10-06,生技醫療業
4142,4142.TW,ADIM,國光生,77.96,,TWSE LISTED,生技醫療業,18.15,18.05,18.3,17.95,1278885,23.21,18.08,17.98,0.39,0.95,1.4,0.28,0.28,21.5,36.6,79.8,21.5,36.6,-14.88,-50.0,-77.07,15.58,50.41,False,False,False,True,False,False,False,False,False,2026-10-06,生技醫療業
4147,4147.TWO,TMB,中裕,167.47,,TPEx LISTED,生技醫療業,61.3,60.5,61.8,59.7,689200,42.25,61.68,62.77,-0.62,-2.34,2.17,-1.13,-2.7,75.4,116.5,349.5,75.4,116.5,-18.04,-46.95,-82.32,18.7,47.38,False,False,False,False,False,False,False,False,False,2026-10-06,生技醫療業
4148,4148.TW,ACBT,全宇生技-KY,21.58,,TWSE LISTED,生技醫療業,32.1,31.6,32.1,31.6,13170,0.42,31.83,32.08,0.85,0.06,1.1,0.94,0.47,44.9,53.33,140.95,44.9,53.33,-28.51,-39.81,-77.23,28.51,39.81,False,False,False,True,False,False,False,False,False,2026-10-06,生技醫療業
4153,4153.TWO,DIVA Labs.,鈺緯,18.3,,TPEx LISTED,生技醫療業,31.2,31.45,31.45,31.2,26000,0.81,31.37,31.65,-0.54,-1.42,-0.64,-0.16,-0.95,35.75,55.8,60.9,35.75,55.8,-12.03,-43.64,-48.36,12.73,44.09,False,False,False,False,False,False,False,False,False,2026-10-06,生技醫療業
4154,4154.TWO,Raku-KY,樂威科-KY,4.61,,TPEx LISTED,其他,12.0,12.0,12.0,12.0,1000,0.01,12.02,12.0,-0.17,0.0,1.27,-4.0,-6.98,16.2,24.7,92.12,16.2,24.7,-25.93,-51.41,-86.97,25.93,51.41,False,False,False,False,False,False,False,False,False,2026-10-06,其他
4155,4155.TW,OK BIOTECH,訊映,19.83,,TWSE LISTED,生技醫療業,15.843,16.456,16.568,15.843,459559,7.28,16.356,16.423,-3.14,-3.53,-3.73,-4.38,-2.74,18.41,31.46,45.11,18.41,31.46,-10.0,-47.34,-63.28,13.94,49.65,False,False,False,False,False,False,False,False,False,2026-10-06,生技醫療業
4157,4157.TWO,TAIGEN,太景*-KY,60.29,,TPEx LISTED,生技醫療業,8.47,8.56,8.56,8.44,613229,5.19,8.652,8.753,-2.1,-3.23,-0.59,-2.98,-2.42,16.4,17.25,38.7,16.4,17.25,-47.8,-50.38,-77.88,48.35,50.9,False,False,False,False,False,False,False,False,False,2026-10-06,生技醫療業
4160,4160.TWO,GGA Corp.,訊聯基因,10.87,,TPEx LISTED,生技醫療業,38.8,38.95,39.0,38.4,15051,0.58,38.8,39.11,-0.0,-0.79,1.04,-0.26,-0.64,54.31,143.74,143.74,54.31,143.74,-28.19,-72.87,-72.87,28.55,73.01,False,False,False,False,False,False,False,False,False,2026-10-06,生技醫療業
4161,4161.TWO,BIOPTIK,聿新科,12.86,,TPEx LISTED,生技醫療業,21.5,21.55,21.7,21.5,32000,0.69,21.67,21.92,-0.78,-1.92,-0.92,-1.15,-2.49,28.0,35.0,49.46,28.0,35.0,-22.5,-38.0,-56.13,23.21,38.57,False,False,False,False,False,False,False,False,False,2026-10-06,生技醫療業
4162,4162.TWO,PEI,智擎,79.02,,TPEx LISTED,生技醫療業,55.0,55.4,55.5,55.0,107599,5.92,55.26,55.55,-0.47,-0.99,0.0,-0.54,-0.72,74.0,123.0,212.51,74.0,123.0,-25.0,-54.88,-73.88,25.68,55.28,False,False,False,False,False,False,False,False,False,2026-10-06,生技醫療業
4163,4163.TWO,INTAI,鐿鈦,68.41,,TPEx LISTED,生技醫療業,135.0,135.5,136.0,134.0,34000,4.59,136.1,134.85,-0.81,0.11,-0.74,-1.1,0.0,153.5,153.5,153.5,153.5,153.5,-11.4,-11.4,-11.4,12.05,12.05,False,False,False,False,False,False,False,False,False,2026-10-06,生技醫療業
4164,4164.TW,CHC,承業醫,55.37,,TWSE LISTED,生技醫療業,28.35,27.0,28.8,26.95,1169605,33.16,27.35,26.995,3.66,5.02,5.19,4.61,5.39,38.8,65.8,75.7,38.8,65.8,-25.77,-56.23,-61.96,26.93,56.91,False,False,False,True,False,False,False,False,False,2026-10-06,生技醫療業
4166,4166.TWO,OP,友霖,58.57,,TPEx LISTED,生技醫療業,24.1,24.0,24.5,24.0,63000,1.52,24.33,24.225,-0.95,-0.52,-0.82,-2.63,1.05,29.6,50.7,50.7,29.6,50.7,-17.23,-51.68,-51.68,18.58,52.47,False,False,False,False,False,False,False,False,False,2026-10-06,生技醫療業
4167,4167.TWO,SLC,松瑞藥,64.49,,TPEx LISTED,生技醫療業,19.45,19.45,19.65,19.4,563232,10.95,19.58,19.595,-0.66,-0.74,0.0,-0.77,-0.51,21.2,26.03,40.01,21.2,26.03,-7.31,-24.51,-50.88,8.25,25.28,False,False,False,False,False,False,False,True,False,2026-10-06,生技醫療業
4168,4168.TWO,GlycoNex Inc.,醣聯,25.6,,TPEx LISTED,生技醫療業,22.75,22.7,22.75,22.5,80000,1.82,22.49,22.095,1.16,2.96,-0.22,2.71,4.84,30.0,31.85,46.9,30.0,31.85,-24.17,-28.57,-51.49,24.17,28.57,False,False,False,False,False,False,False,False,False,2026-10-06,生技醫療業
4169,4169.TW,TCM,泰宗,99.32,,TWSE LISTED,生技醫療業,149.5,149.0,150.5,148.5,91000,13.6,150.6,150.25,-0.73,-0.5,0.34,-0.99,0.67,290.0,290.0,290.0,290.0,290.0,-48.1,-48.1,-48.1,48.45,48.45,False,False,False,False,False,False,False,False,False,2026-10-06,生技醫療業
4171,4171.TWO,GeneReach,瑞基,9.72,,TPEx LISTED,農業科技業,16.75,16.85,17.0,16.5,64501,1.08,16.55,16.47,1.21,1.7,-0.59,2.45,1.52,23.9,47.0,307.3,23.9,47.0,-28.87,-63.83,-94.47,29.92,64.36,False,False,True,False,False,False,False,False,False,2026-10-06,農業科技業
4173,4173.TWO,ARICH,久裕,12.86,,TPEx LISTED,生技醫療業,17.25,17.3,17.3,17.15,19076,0.33,17.3,17.27,-0.29,-0.12,-0.29,0.0,0.88,22.15,29.0,31.45,22.15,29.0,-21.9,-40.34,-44.99,22.12,40.52,False,False,False,False,False,False,False,False,False,2026-10-06,生技醫療業
4174,4174.TWO,OBI,浩鼎,66.84,,TPEx LISTED,生技醫療業,50.8,46.15,50.8,45.85,3317903,168.55,44.26,38.155,14.78,33.14,9.96,17.87,42.5,56.0,184.7,741.3,56.0,184.7,-9.29,-72.5,-93.15,9.29,72.5,False,False,False,False,False,False,False,True,False,2026-10-06,生技醫療業
4175,4175.TWO,MedFirst,杏一,21.46,,TPEx LISTED,生技醫療業,50.7,50.8,50.9,50.7,7250,0.37,50.78,50.93,-0.16,-0.45,-0.2,0.0,0.4,62.7,92.7,144.57,62.7,92.7,-18.82,-45.09,-64.79,19.14,45.31,False,False,False,False,False,False,False,False,False,2026-10-06,生技醫療業
4178,4178.TW,StemCyte,永笙-KY,37.99,,TWSE LISTED,生技醫療業,17.6,17.9,17.9,17.3,160000,2.82,17.66,17.135,-0.34,2.71,-0.28,-4.09,6.34,33.95,43.0,43.0,33.95,43.0,-47.28,-58.37,-58.37,48.16,59.07,False,False,False,False,False,False,False,False,False,2026-10-06,生技醫療業
4183,4183.TWO,EPS Bio,福永生技,3.51,,TPEx LISTED,生技醫療業,14.75,14.75,14.75,14.75,0,0.0,14.37,14.135,2.64,4.35,0.0,2.08,5.73,17.0,30.6,51.57,17.0,30.6,-13.24,-51.8,-71.4,13.24,51.8,False,False,False,False,False,False,False,False,False,2026-10-06,生技醫療業
4188,4188.TWO,AmCad,安克,8.8,,TPEx LISTED,生技醫療業,13.9,14.3,14.3,13.8,62000,0.86,14.08,14.055,-1.28,-1.1,0.36,-2.8,0.0,17.65,37.4,37.4,17.65,37.4,-18.98,-61.76,-61.76,21.25,62.83,False,False,False,False,False,False,False,False,False,2026-10-06,生技醫療業
4190,4190.TW,JDS,佐登-KY,15.32,,TWSE LISTED,生技醫療業,25.0,24.3,25.0,24.3,17001,0.43,24.71,24.905,1.17,0.38,2.88,0.0,-0.2,30.8,67.6,152.5,30.8,67.6,-18.83,-63.02,-83.61,18.83,63.02,False,False,False,True,False,False,False,False,False,2026-10-06,生技醫療業
4192,4192.TWO,SynCore,杏國,6.15,,TPEx LISTED,生技醫療業,17.5,17.8,17.8,17.5,52018,0.91,18.25,18.27,-4.11,-4.21,-1.69,-6.17,-5.15,25.75,57.8,571.13,25.75,57.8,-30.87,-69.2,-96.88,32.04,69.72,False,False,False,False,False,False,False,False,False,2026-10-06,生技醫療業
4195,4195.TW,Genomics,基米-創,13.12,,TWSE LISTED,生技醫療業,16.4,15.95,17.05,15.65,179063,2.94,15.93,14.885,2.95,10.18,5.47,4.46,3.8,36.85,36.85,36.85,36.85,36.85,-53.73,-53.73,-53.73,55.5,55.5,False,False,False,False,False,False,False,False,False,2026-10-06,生技醫療業
4198,4198.TWO,S&S,欣大健康,11.33,,TPEx LISTED,生技醫療業,47.0,47.7,47.7,47.0,5000,0.23,48.74,49.16,-3.57,-4.39,-3.98,-4.57,-5.81,52.5,61.9,616.67,52.5,61.9,-9.14,-22.94,-92.26,10.48,24.07,False,False,False,False,False,False,False,False,False,2026-10-06,生技醫療業
4205,4205.TWO,CHUNG HWA,中華食,66.01,,TPEx LISTED,食品工業,67.6,67.8,67.8,67.5,38000,2.57,68.22,68.48,-0.91,-1.29,-0.29,-1.74,-1.31,81.5,91.8,137.73,81.5,91.8,-16.81,-26.14,-50.77,17.06,26.36,False,False,False,False,False,False,False,False,False,2026-10-06,食品工業
4207,4207.TWO,TFC,環泰,36.4,,TPEx LISTED,食品工業,19.3,19.35,19.35,19.15,278600,5.38,19.38,19.435,-0.41,-0.69,-0.77,-0.52,-0.77,21.2,21.2,21.2,21.2,21.2,-8.73,-8.73,-8.73,8.96,8.96,False,False,False,False,False,False,False,True,True,2026-10-06,食品工業
4303,4303.TWO,HSINLI,信立,41.32,,TPEx LISTED,塑膠工業,31.2,32.15,32.15,31.2,947996,29.58,32.67,33.53,-4.5,-6.95,-2.5,-6.45,-6.59,46.21,59.64,59.64,46.21,59.64,-30.43,-46.1,-46.1,32.49,47.69,False,False,False,False,False,False,False,False,False,2026-10-06,塑膠工業
4304,4304.TWO,SUNVIC,勝昱,10.25,,TPEx LISTED,塑膠工業,16.8,17.9,17.9,16.8,31442,0.53,17.14,17.99,-1.98,-6.61,-1.18,-2.89,-5.08,35.7,35.7,35.7,35.7,35.7,-49.86,-49.86,-49.86,52.94,52.94,False,False,False,False,False,False,False,False,False,2026-10-06,塑膠工業
4305,4305.TWO,SKP,世坤,22.67,,TPEx LISTED,塑膠工業,41.2,41.55,41.55,41.2,2000,0.08,41.52,41.775,-0.77,-1.38,-0.84,-0.84,-1.32,46.1,49.5,49.5,46.1,49.5,-9.87,-16.06,-16.06,10.63,16.77,False,False,False,False,False,False,False,False,False,2026-10-06,塑膠工業
4306,4306.TW,YC,炎洲,97.45,,TWSE LISTED,塑膠工業,14.4,14.35,14.45,14.3,814344,11.73,14.46,14.53,-0.41,-0.89,0.7,-0.35,-1.71,16.85,22.79,22.79,16.85,22.79,-14.24,-36.61,-36.61,14.54,36.83,False,False,False,False,False,False,False,False,False,2026-10-06,塑膠工業
4401,4401.TWO,TLTM,東隆興,16.99,,TPEx LISTED,紡織纖維,13.85,13.8,13.9,13.7,60400,0.84,13.88,13.87,-0.22,-0.14,0.36,-0.36,0.0,17.45,29.9,95.1,17.45,29.9,-20.34,-53.51,-85.38,20.63,53.68,False,False,False,False,False,False,False,False,False,2026-10-06,紡織纖維
4402,4402.TWO,J.D Development,郡都開發,9.04,,TPEx LISTED,紡織纖維,13.3,13.55,13.55,12.95,61001,0.81,13.79,13.885,-3.55,-4.21,-1.85,-6.01,-6.01,20.65,56.3,56.3,20.65,56.3,-34.38,-75.93,-75.93,35.59,76.38,False,False,False,False,False,False,False,False,False,2026-10-06,紡織纖維
4406,4406.TWO,HSIN-SIN,新昕纖,5.22,,TPEx LISTED,紡織纖維,10.05,10.1,10.1,10.0,22000,0.22,10.16,10.21,-1.08,-1.57,0.5,-1.47,-1.95,11.2,11.8,15.5,11.2,11.8,-9.82,-14.41,-34.84,10.27,14.83,False,False,False,False,False,False,False,False,False,2026-10-06,紡織纖維
4413,4413.TWO,EST,飛寶企業,6.23,,TPEx LISTED,紡織纖維,19.9,19.9,19.9,19.9,0,0.0,20.15,20.19,-1.24,-1.44,0.0,-2.21,-2.93,21.4,29.15,31.4,21.4,29.15,-7.01,-31.73,-36.62,7.01,31.73,False,False,False,False,False,False,False,True,False,2026-10-06,紡織纖維
4414,4414.TW,ROO HSING,如興,21.16,,TWSE LISTED,紡織纖維,8.02,8.1,8.11,8.01,287016,2.3,8.092,8.162,-0.89,-1.74,-0.87,-1.11,-1.11,12.5,15.94,88.09,12.5,15.94,-35.12,-49.13,-90.79,35.84,49.69,False,False,False,False,False,False,False,False,False,2026-10-06,紡織纖維
4416,4416.TWO,Sumwon,三圓,9.24,,TPEx LISTED,建材營造,12.55,12.75,12.8,12.55,384700,4.83,12.91,13.295,-2.79,-5.6,-1.57,-4.2,-8.73,31.5,97.3,104.33,31.5,97.3,-59.37,-86.84,-87.73,60.16,87.1,False,False,False,False,False,False,False,False,False,2026-10-06,建材營造
4417,4417.TWO,KING CHOU,金洲,41.06,,TPEx LISTED,紡織纖維,48.9,49.9,50.0,48.85,43109,2.11,49.32,49.56,-0.85,-1.33,-0.61,-1.41,-1.51,53.7,57.9,57.9,53.7,57.9,-6.89,-13.64,-13.64,8.94,15.54,False,False,False,False,False,False,False,True,False,2026-10-06,紡織纖維
4419,4419.TWO,KH,皇家美食,82.89,,TPEx LISTED,觀光餐旅,49.0,49.0,49.0,49.0,1000,0.05,49.86,48.535,-1.72,0.96,-1.9,-2.39,0.0,55.0,73.9,73.9,55.0,73.9,-10.91,-33.69,-33.69,10.91,33.69,False,False,False,False,False,False,False,False,False,2026-10-06,觀光餐旅
4420,4420.TWO,Kwang Ming,光明,14.16,,TPEx LISTED,紡織纖維,35.0,35.45,35.45,35.0,42100,1.47,35.48,35.67,-1.35,-1.88,-0.57,-1.82,-2.23,51.6,74.4,74.4,51.6,74.4,-31.3,-52.35,-52.35,32.17,52.96,False,False,False,False,False,False,False,False,False,2026-10-06,紡織纖維
4426,4426.TW,LI CHENG,利勤,13.0,,TWSE LISTED,紡織纖維,7.53,7.52,7.57,7.51,50000,0.38,7.58,7.645,-0.66,-1.5,0.0,-1.7,-1.05,10.3,22.7,88.39,10.3,22.7,-26.5,-66.65,-91.44,26.89,66.83,False,False,False,False,False,False,False,False,False,2026-10-06,紡織纖維
4430,4430.TWO,YAO I,耀億,10.16,,TPEx LISTED,其他,18.05,19.3,19.3,17.6,41006,0.74,17.81,17.615,1.35,2.47,1.69,1.4,1.4,19.4,26.65,38.65,19.4,26.65,-0.52,-27.58,-50.06,6.96,32.27,False,False,False,True,False,False,False,True,False,2026-10-06,其他
4432,4432.TWO,Haksport,銘旺實,7.69,,TPEx LISTED,紡織纖維,15.2,15.2,15.25,15.05,33000,0.5,15.36,15.43,-1.04,-1.49,-0.65,-0.98,-1.3,18.2,26.05,59.9,18.2,26.05,-16.21,-41.46,-74.54,16.48,41.65,False,False,False,False,False,False,False,False,False,2026-10-06,紡織纖維
4433,4433.TWO,Singtex,興采,11.03,,TPEx LISTED,紡織纖維,18.0,17.55,18.0,17.5,67164,1.21,17.96,18.085,0.22,-0.47,1.69,-0.28,-0.28,24.3,34.8,52.0,24.3,34.8,-25.93,-48.28,-65.38,25.93,48.28,False,False,False,False,False,False,False,False,False,2026-10-06,紡織纖維
4438,4438.TW,QVE,廣越,63.29,,TWSE LISTED,紡織纖維,55.8,56.3,56.3,55.8,45000,2.51,56.58,56.56,-1.38,-1.34,-1.06,-2.45,-1.59,75.5,118.0,203.99,75.5,118.0,-25.43,-52.29,-72.4,26.09,52.71,False,False,False,False,False,False,False,False,False,2026-10-06,紡織纖維
4439,4439.TW,TST Group,冠星-KY,36.5,,TWSE LISTED,紡織纖維,95.5,96.0,96.0,94.0,8000,0.76,96.68,96.76,-1.22,-1.3,-0.52,-2.25,-1.04,114.0,138.5,180.83,114.0,138.5,-15.79,-30.69,-46.91,16.23,31.05,False,False,False,False,False,False,False,False,False,2026-10-06,紡織纖維
4440,4440.TW,Yi Shin,宜新實業,11.53,,TWSE LISTED,紡織纖維,17.05,17.5,17.55,17.05,122028,2.08,17.45,17.48,-2.29,-2.46,-3.4,-2.85,-2.29,20.1,28.0,57.2,20.1,28.0,-12.69,-37.32,-69.32,15.17,39.11,False,False,False,False,False,False,False,False,False,2026-10-06,紡織纖維
4441,4441.TW,GGF,振大環球,115.56,,TWSE LISTED,紡織纖維,169.5,169.5,171.5,169.0,70000,11.87,170.1,170.4,-0.35,-0.53,0.0,-0.29,-0.29,280.0,315.0,315.0,280.0,315.0,-38.75,-45.56,-45.56,39.46,46.19,False,False,False,False,False,False,False,False,False,2026-10-06,紡織纖維
4442,4442.TWO,J&B-KY,竣邦-KY,17.62,,TPEx LISTED,紡織纖維,53.2,53.5,53.8,53.2,13042,0.69,53.62,53.75,-0.78,-1.02,0.0,-1.48,0.0,72.9,78.6,78.6,72.9,78.6,-26.2,-31.55,-31.55,27.02,32.32,False,False,False,False,False,False,False,False,False,2026-10-06,紡織纖維
4502,4502.TWO,RT,健信,9.02,,TPEx LISTED,電機機械,15.7,15.65,15.75,15.6,22000,0.35,15.8,15.76,-0.63,-0.38,-0.32,-0.63,0.0,18.05,39.05,123.02,18.05,39.05,-12.74,-59.67,-87.2,13.02,59.8,False,False,False,False,False,False,False,False,False,2026-10-06,電機機械
4503,4503.TWO,GOLD RAIN,金雨,18.87,,TPEx LISTED,電機機械,24.1,23.9,24.1,23.75,108000,2.6,24.08,23.94,0.08,0.67,0.84,-0.21,0.42,48.55,70.7,88.0,48.55,70.7,-50.36,-65.91,-72.61,50.36,65.91,False,False,False,True,False,False,False,False,False,2026-10-06,電機機械
4506,4506.TWO,GFC,崇友,207.99,,TPEx LISTED,電機機械,117.5,117.5,117.5,117.0,61059,7.17,117.7,118.0,-0.17,-0.42,0.0,-0.42,-0.42,126.0,132.5,132.5,126.0,132.5,-6.75,-11.32,-11.32,6.75,11.32,False,False,False,False,False,False,False,True,False,2026-10-06,電機機械
4510,4510.TWO,KAFO,高鋒,45.93,,TPEx LISTED,電機機械,42.15,42.85,42.85,42.15,469413,19.79,43.17,43.395,-2.36,-2.87,-1.17,-2.99,-2.09,56.5,65.8,65.8,56.5,65.8,-24.16,-34.88,-34.88,25.4,35.94,False,False,False,False,False,False,False,False,False,2026-10-06,電機機械
4513,4513.TWO,FALCON,福裕,23.22,,TPEx LISTED,電機機械,16.15,16.15,16.25,16.0,184351,2.98,16.23,16.365,-0.49,-1.31,0.31,-1.52,-0.92,23.95,87.7,87.7,23.95,87.7,-32.15,-81.47,-81.47,32.57,81.58,False,False,False,False,False,False,False,False,False,2026-10-06,電機機械
4523,4523.TWO,Everbrite,永彰,15.49,,TPEx LISTED,電機機械,23.85,23.95,23.95,23.45,49000,1.17,23.88,23.84,-0.13,0.04,0.42,-0.62,0.0,37.0,68.0,72.2,37.0,68.0,-35.27,-64.78,-66.83,35.54,64.93,False,False,False,False,False,False,False,False,False,2026-10-06,電機機械
4526,4526.TW,TONGTAI,東台,86.0,,TWSE LISTED,電機機械,33.75,33.55,34.7,33.1,3333261,112.5,34.0,32.965,-0.74,2.38,0.75,-1.89,4.98,46.3,46.3,46.3,46.3,46.3,-25.05,-25.05,-25.05,27.11,27.11,False,False,False,False,False,False,False,False,False,2026-10-06,電機機械
4527,4527.TWO,KL,方方土霖,31.15,,TPEx LISTED,電機機械,45.444,45.444,45.444,45.444,0,0.0,45.444,45.411,0.0,0.07,0.0,0.0,-0.0,51.22,76.11,76.11,51.22,76.11,-11.28,-40.29,-40.29,11.28,40.29,False,False,False,False,False,False,False,False,False,2026-10-06,電機機械
4528,4528.TWO,CHF,江興鍛,12.37,,TPEx LISTED,電機機械,14.7,14.8,14.8,14.6,29300,0.43,14.82,14.865,-0.81,-1.11,-0.68,-1.01,-1.01,22.7,32.0,79.27,22.7,32.0,-34.8,-53.75,-81.33,35.24,54.06,False,False,False,False,False,False,False,False,False,2026-10-06,電機機械
4529,4529.TWO,EPTECH,淳紳,2.87,,TPEx LISTED,其他,3.39,3.5,3.5,3.33,29000,0.1,3.338,3.346,1.56,1.32,2.73,1.8,1.8,6.58,19.5,50.9,6.58,19.5,-46.81,-82.05,-93.12,48.48,82.62,False,False,False,True,False,False,False,False,False,2026-10-06,其他
4530,4530.TWO,TWES,天意能創,8.81,,TPEx LISTED,觀光餐旅,24.6,24.5,24.95,24.3,10285,0.25,24.41,24.505,0.78,0.39,0.0,2.07,1.65,31.6,35.65,50.42,31.6,35.65,-21.04,-30.01,-50.51,22.15,30.99,False,False,True,True,False,False,False,False,False,2026-10-06,觀光餐旅
4532,4532.TW,RECHI,瑞智,120.51,,TWSE LISTED,電機機械,24.35,24.55,24.65,24.35,510802,12.44,24.66,24.875,-1.26,-2.11,-0.81,-1.81,-2.79,30.4,32.0,38.0,30.4,32.0,-18.91,-22.97,-35.13,19.9,23.91,False,False,False,False,False,False,False,False,False,2026-10-06,電機機械
4533,4533.TWO,SEYI,協易機,45.41,,TPEx LISTED,電機機械,25.45,25.3,25.55,25.15,488854,12.44,25.56,25.37,-0.43,0.32,-0.39,-0.39,-0.2,41.85,55.6,55.6,41.85,55.6,-38.95,-54.05,-54.05,39.19,54.23,False,False,False,False,False,False,False,False,False,2026-10-06,電機機械
4534,4534.TWO,trinity,慶騰,26.34,,TPEx LISTED,電機機械,30.35,30.3,30.45,29.8,556516,16.89,30.46,30.955,-0.36,-1.95,0.17,-1.14,-3.04,44.5,44.5,44.5,44.5,44.5,-31.57,-31.57,-31.57,31.8,31.8,False,False,False,False,False,False,False,False,False,2026-10-06,電機機械
4535,4535.TWO,FBT,至興,20.05,,TPEx LISTED,電機機械,26.5,26.45,26.5,26.45,3104,0.08,26.83,26.905,-1.23,-1.51,-1.49,-1.85,-1.12,30.65,37.4,46.8,30.65,37.4,-13.54,-29.14,-43.38,13.54,29.14,False,False,False,False,False,False,False,False,False,2026-10-06,電機機械
4536,4536.TW,TOPKEY,拓凱,143.95,,TWSE LISTED,運動休閒,158.5,160.0,160.0,158.0,162087,25.69,160.5,162.55,-1.25,-2.49,-1.25,-2.16,-1.86,177.5,234.0,251.0,177.5,234.0,-9.86,-31.62,-36.25,10.7,32.26,False,False,False,False,False,False,False,False,False,2026-10-06,運動休閒
4538,4538.TWO,WINSON,大詠城,10.29,,TPEx LISTED,電機機械,17.3,17.45,17.5,17.2,18000,0.31,17.33,17.41,-0.17,-0.63,0.29,-0.86,-1.42,19.95,25.2,31.17,19.95,25.2,-12.28,-30.56,-43.85,13.28,31.35,False,False,False,False,False,False,False,False,False,2026-10-06,電機機械
4540,4540.TW,TBI MOTION,全球傳動,68.31,,TWSE LISTED,電機機械,59.3,60.9,61.3,59.2,1426257,84.58,60.96,60.73,-2.72,-2.35,-2.15,-4.05,-5.27,81.9,81.9,162.59,81.9,81.9,-25.15,-25.15,-62.3,27.59,27.59,False,False,False,False,False,False,False,False,False,2026-10-06,電機機械
4541,4541.TWO,Magnate,晟田,40.59,,TPEx LISTED,其他,60.0,60.4,60.9,59.9,449070,26.94,60.72,60.23,-1.19,-0.38,-1.32,-0.17,1.18,81.6,81.6,81.6,81.6,81.6,-25.37,-25.37,-25.37,26.47,26.47,False,False,False,False,False,False,False,False,False,2026-10-06,其他
4542,4542.TWO,ANT,科嶠,119.16,,TPEx LISTED,電子零組件業,338.0,348.5,352.0,335.0,1281215,433.05,340.9,333.8,-0.85,1.26,-5.59,3.05,-0.29,543.0,543.0,543.0,543.0,543.0,-35.17,-35.17,-35.17,37.75,37.75,False,False,False,False,False,False,False,False,False,2026-10-06,電子零組件業
4543,4543.TWO,MAN ZAI,萬在,18.7,,TPEx LISTED,電機機械,29.8,30.3,30.3,29.8,71512,2.13,29.96,29.265,-0.53,1.83,-1.16,-1.16,4.56,45.67,69.39,69.39,45.67,69.39,-33.65,-56.33,-56.33,34.74,57.05,False,False,False,False,False,False,False,False,False,2026-10-06,電機機械
4545,4545.TW,MAP,銘鈺,29.53,,TWSE LISTED,電子零組件業,38.35,40.05,40.05,38.35,238001,9.13,39.23,36.58,-2.24,4.84,-3.64,-2.66,7.88,46.0,78.0,78.0,46.0,78.0,-12.93,-48.65,-48.65,16.63,50.83,False,False,False,False,False,False,False,False,False,2026-10-06,電子零組件業
4549,4549.TWO,FineTek,桓達,56.55,,TPEx LISTED,電機機械,99.2,98.1,99.3,97.7,49143,4.87,97.86,97.43,1.37,1.82,0.4,2.37,3.12,137.25,224.91,224.91,137.25,224.91,-27.65,-55.85,-55.85,27.73,55.89,True,False,False,False,False,False,False,False,False,2026-10-06,電機機械
4550,4550.TWO,CJME,長佳,9.01,,TPEx LISTED,電機機械,23.8,24.3,24.3,23.8,18110,0.43,24.21,24.145,-1.69,-1.43,-1.65,-2.66,-1.45,30.25,42.5,42.5,30.25,42.5,-19.67,-42.82,-42.82,21.32,44.0,False,False,False,False,False,False,False,False,False,2026-10-06,電機機械
4551,4551.TW,GLOBAL PMX,智伸科,209.13,,TWSE LISTED,汽車工業,181.5,188.0,190.0,180.5,2616070,474.82,180.1,172.2,0.78,5.4,-2.42,5.22,1.11,291.5,291.5,291.5,291.5,291.5,-34.82,-34.82,-34.82,37.74,37.74,False,False,False,False,False,False,False,False,False,2026-10-06,汽車工業
4552,4552.TW,Lida,力達-KY,17.98,,TWSE LISTED,電機機械,15.5,15.4,15.55,15.4,48000,0.74,15.64,15.685,-0.9,-1.18,-0.64,-0.96,0.98,25.25,40.0,108.62,25.25,40.0,-38.42,-61.12,-85.68,38.61,61.25,False,False,False,False,False,False,False,False,False,2026-10-06,電機機械
4554,4554.TWO,Orange,橙的,8.45,,TPEx LISTED,其他電子業,27.9,28.7,28.7,27.9,11100,0.31,28.05,28.14,-0.53,-0.85,0.18,-0.89,-0.53,30.1,38.09,49.98,30.1,38.09,-4.65,-24.66,-42.58,7.31,26.76,False,False,False,False,False,False,False,True,False,2026-10-06,其他電子業
4555,4555.TW,CHELIC,氣立,29.85,,TWSE LISTED,電機機械,42.65,42.4,43.5,42.1,385100,16.42,42.14,42.16,1.21,1.16,3.02,0.83,2.52,61.5,69.0,88.0,61.5,69.0,-29.27,-36.96,-50.57,30.65,38.19,False,False,False,True,False,False,False,False,False,2026-10-06,電機機械
4556,4556.TWO,BSI,旭然,58.17,,TPEx LISTED,其他,137.5,124.5,138.0,123.5,3771130,518.53,118.1,104.1,16.43,32.08,9.56,23.32,48.81,138.0,138.0,138.0,138.0,138.0,0.0,0.0,0.0,0.36,0.36,True,True,False,False,False,False,False,True,True,2026-10-06,其他
4557,4557.TW,Yusin,永新-KY,24.08,,TWSE LISTED,汽車工業,50.2,50.4,50.4,50.1,43107,2.16,50.3,50.05,-0.2,0.3,-0.4,-0.2,0.2,80.5,147.5,147.5,80.5,147.5,-37.39,-65.83,-65.83,37.64,65.97,False,False,False,False,False,False,False,False,False,2026-10-06,汽車工業
4558,4558.TWO,Alformer,寶緯,8.43,,TPEx LISTED,電機機械,16.85,16.9,17.15,16.85,28000,0.47,16.84,16.97,0.06,-0.71,0.6,0.0,-0.3,22.8,47.2,64.7,22.8,47.2,-24.78,-63.67,-73.49,26.1,64.3,False,False,False,False,False,False,False,False,False,2026-10-06,電機機械
4560,4560.TW,STRONG H,強信-KY,20.46,,TWSE LISTED,電機機械,30.05,29.85,30.1,29.6,236000,7.09,29.81,29.48,0.81,1.93,0.67,2.21,2.39,37.5,42.7,86.3,37.5,42.7,-19.73,-29.51,-65.12,19.87,29.63,False,False,False,False,False,False,False,False,False,2026-10-06,電機機械
4561,4561.TWO,Kenturn,健椿,24.99,,TPEx LISTED,電機機械,42.7,43.7,44.4,42.5,196000,8.37,42.96,42.405,-0.61,0.7,-0.23,0.47,1.91,59.8,88.4,88.4,59.8,88.4,-25.75,-49.77,-49.77,28.6,51.7,False,False,False,False,False,False,False,False,False,2026-10-06,電機機械
4562,4562.TW,YHT,穎漢,26.22,,TWSE LISTED,電機機械,29.95,30.05,30.35,29.8,140060,4.19,30.43,30.455,-1.58,-1.66,-0.17,-3.23,-0.17,45.55,85.6,85.6,45.55,85.6,-33.37,-64.54,-64.54,34.25,65.01,False,False,False,False,False,False,False,False,False,2026-10-06,電機機械
4563,4563.TWO,QUASER,百德,29.56,,TPEx LISTED,電機機械,53.8,54.2,55.3,53.5,299007,16.09,53.24,51.5,1.05,4.47,-0.37,0.56,4.67,70.5,136.5,136.5,70.5,136.5,-21.56,-59.49,-59.49,23.69,60.59,False,False,False,False,False,False,False,False,False,2026-10-06,電機機械
4564,4564.TW,MOSA,元翎,36.55,,TWSE LISTED,電機機械,15.7,15.95,16.0,15.6,567110,8.9,16.13,16.095,-2.67,-2.45,-1.57,-3.68,-3.09,22.5,29.5,74.64,22.5,29.5,-28.89,-45.76,-78.56,30.22,46.78,False,False,False,False,False,False,False,False,False,2026-10-06,電機機械
4566,4566.TW,GLOBAL TEK,時碩工業,84.44,,TWSE LISTED,電機機械,76.5,78.1,78.1,75.7,2740642,209.66,75.82,72.51,0.9,5.5,-1.29,1.73,4.51,80.0,115.0,115.0,80.0,115.0,-2.38,-32.09,-32.09,4.37,33.48,False,False,False,False,False,False,False,True,False,2026-10-06,電機機械
4568,4568.TWO,KOGE,科際精密,12.42,,TPEx LISTED,電機機械,38.75,39.0,39.0,38.65,4000,0.15,39.06,39.365,-0.79,-1.56,-0.77,-0.77,-0.77,43.9,60.5,102.83,43.9,60.5,-11.16,-35.54,-62.07,11.73,35.95,False,False,False,False,False,False,False,False,False,2026-10-06,電機機械
4569,4569.TW,Sixxon,六方科-KY,47.58,,TWSE LISTED,汽車工業,155.5,157.0,157.0,154.5,33000,5.13,156.2,155.35,-0.45,0.1,-0.96,0.32,0.97,212.5,327.0,327.0,212.5,327.0,-26.12,-51.99,-51.99,26.82,52.45,False,False,False,False,False,False,False,False,False,2026-10-06,汽車工業
4571,4571.TW,KHGEARS,鈞興-KY,81.38,,TWSE LISTED,電機機械,153.5,153.5,154.5,153.0,78003,11.97,153.8,152.85,-0.2,0.43,-0.32,-0.32,0.66,241.5,278.0,278.0,241.5,278.0,-36.02,-44.42,-44.42,36.44,44.78,False,False,False,False,False,False,False,False,False,2026-10-06,電機機械
4572,4572.TW,DPI,駐龍,55.83,,TWSE LISTED,電機機械,139.5,138.5,139.5,138.0,15604,2.18,138.9,139.25,0.43,0.18,0.72,0.72,0.36,157.0,194.02,194.02,157.0,194.02,-11.15,-28.1,-28.1,11.15,28.1,False,False,False,True,False,False,False,False,False,2026-10-06,電機機械
4576,4576.TW,HMC,大銀微系統,277.94,,TWSE LISTED,電機機械,232.0,240.0,240.0,231.0,902313,209.34,234.9,232.95,-1.23,-0.41,-1.28,-2.32,-3.73,291.0,291.0,291.0,291.0,291.0,-17.53,-17.53,-17.53,20.27,20.27,False,False,False,False,False,False,False,False,False,2026-10-06,電機機械
4577,4577.TWO,Ofuna Tech,達航科技,43.63,,TPEx LISTED,其他電子業,88.8,93.5,93.5,88.8,334139,29.67,91.22,88.09,-2.65,0.81,-4.0,-1.77,5.71,190.0,190.0,190.0,190.0,190.0,-50.79,-50.79,-50.79,53.26,53.26,False,False,False,False,False,False,False,False,False,2026-10-06,其他電子業
4580,4580.TWO,Value Valves,捷流閥業,38.61,,TPEx LISTED,電機機械,82.5,82.5,82.5,81.9,33000,2.72,82.22,81.71,0.34,0.97,0.12,0.36,1.85,87.0,112.5,127.12,87.0,112.5,-5.17,-26.67,-35.1,5.17,26.67,False,False,False,False,False,False,False,True,False,2026-10-06,電機機械
4581,4581.TW,WKG,光隆精密-KY,16.27,,TWSE LISTED,汽車工業,48.0,48.0,48.0,47.55,8000,0.38,48.01,48.075,-0.02,-0.16,0.0,0.31,0.63,53.4,77.9,82.5,53.4,77.9,-10.11,-38.38,-41.82,10.11,38.38,False,False,False,False,False,False,False,False,False,2026-10-06,汽車工業
4582,4582.TW,HENGS,聚恆-創,16.61,,TWSE LISTED,綠能環保,22.0,22.3,22.3,21.8,117266,2.58,22.24,22.33,-1.08,-1.48,-0.45,-1.79,-0.9,46.3,46.3,64.18,46.3,46.3,-51.84,-51.84,-65.25,52.48,52.48,False,False,False,False,False,False,False,False,False,2026-10-06,綠能環保
4583,4583.TW,APEXDYNA,台灣精銳,333.51,,TWSE LISTED,電機機械,416.0,418.0,420.5,415.0,51033,21.23,420.7,425.5,-1.12,-2.23,-0.72,-0.83,-3.03,843.0,995.0,995.0,843.0,995.0,-50.12,-57.74,-57.74,50.65,58.19,False,False,False,False,False,False,False,False,False,2026-10-06,電機機械
4584,4584.TWO,JUFAN,君帆,11.43,,TPEx LISTED,電機機械,38.1,37.75,39.85,37.75,7000,0.27,37.72,37.51,1.01,1.57,0.26,1.6,2.97,47.9,73.06,86.76,47.9,73.06,-16.81,-45.45,-54.07,20.46,47.85,False,False,False,False,False,False,False,False,False,2026-10-06,電機機械
4585,4585.TW,TRI,達明,303.37,,TWSE LISTED,其他電子業,290.0,291.0,291.5,290.0,99032,28.72,292.2,293.55,-0.75,-1.21,-0.34,-1.53,0.0,418.0,825.0,825.0,418.0,825.0,-30.26,-64.67,-64.67,30.62,64.85,False,False,False,False,False,False,False,False,False,2026-10-06,其他電子業
4588,4588.TW,Arch Meter,玖鼎電力,24.03,,TWSE LISTED,其他電子業,55.9,55.0,55.9,55.0,32050,1.79,55.8,55.63,0.18,0.49,0.18,0.18,1.08,76.1,149.5,149.5,76.1,149.5,-26.54,-62.61,-62.61,26.54,62.61,False,False,False,True,False,False,False,False,False,2026-10-06,其他電子業
4590,4590.TW,FUKUTA,富田-創,48.37,,TWSE LISTED,電機機械,88.2,88.4,88.5,87.8,167030,14.73,88.48,89.27,-0.32,-1.2,-0.11,0.0,-0.34,101.0,146.5,146.5,101.0,146.5,-12.38,-39.59,-39.59,12.67,39.8,False,False,False,False,False,False,False,False,False,2026-10-06,電機機械
4609,4609.TWO,AIRLUX,唐鋒,2.17,,TPEx LISTED,居家生活,4.52,4.52,4.52,4.52,1000,0.0,4.446,4.321,1.66,4.61,4.87,0.67,6.35,6.4,10.25,25.2,6.4,10.25,-29.38,-55.9,-82.06,29.38,55.9,False,False,False,False,False,False,False,False,False,2026-10-06,居家生活
4702,4702.TWO,ALLIED,中美實,6.74,,TPEx LISTED,居家生活,9.32,9.38,9.38,9.27,43000,0.4,9.3,9.315,0.22,0.05,0.22,0.43,0.0,10.55,14.7,27.68,10.55,14.7,-11.09,-36.19,-66.12,11.66,36.6,True,False,True,True,False,False,False,False,False,2026-10-06,居家生活
4706,4706.TWO,TKC,大恭,31.02,,TPEx LISTED,化學工業,39.25,38.4,39.25,36.1,185000,7.26,35.63,34.735,10.16,13.0,9.94,13.28,15.95,43.0,43.0,43.0,43.0,43.0,-8.72,-8.72,-8.72,8.72,8.72,True,False,False,False,False,False,False,True,True,2026-10-06,化學工業
4707,4707.TWO,PACC,磐亞,137.59,,TPEx LISTED,化學工業,33.25,30.35,33.25,30.3,12483009,415.06,30.54,30.035,8.87,10.7,9.92,15.85,12.14,43.9,43.9,43.9,43.9,43.9,-24.26,-24.26,-24.26,24.26,24.26,True,False,False,False,False,False,False,False,False,2026-10-06,化學工業
4711,4711.TWO,YONG SHUN,永純,11.26,,TPEx LISTED,化學工業,18.45,16.8,18.45,16.8,1776368,32.77,16.83,16.58,9.63,11.28,9.82,14.24,13.89,19.45,20.9,25.3,19.45,20.9,-5.14,-11.72,-27.08,5.14,11.72,True,False,False,False,False,False,False,True,False,2026-10-06,化學工業
4714,4714.TWO,UB,永捷,26.4,,TPEx LISTED,化學工業,11.9,11.95,12.0,11.75,604428,7.19,12.02,12.05,-1.0,-1.24,-0.42,0.42,0.85,19.0,28.5,28.5,19.0,28.5,-36.84,-57.89,-57.89,37.37,58.25,False,False,False,False,False,False,False,False,False,2026-10-06,化學工業
4716,4716.TWO,DAILY,大立,19.78,,TPEx LISTED,化學工業,20.95,20.95,20.95,20.95,1858472,38.93,18.61,17.77,12.57,17.9,9.97,21.45,23.96,26.2,33.46,33.46,26.2,33.46,-20.04,-37.39,-37.39,20.04,37.39,True,False,False,False,False,False,False,False,False,2026-10-06,化學工業
4720,4720.TW,TEX YEAR,德淵,28.97,,TWSE LISTED,化學工業,25.3,25.0,25.3,24.8,4893957,123.82,21.52,20.365,17.57,24.23,10.0,32.81,32.11,30.05,30.05,30.05,30.05,30.05,-15.81,-15.81,-15.81,15.81,15.81,True,False,False,False,False,False,False,False,False,2026-10-06,化學工業
4721,4721.TWO,mechema,美琪瑪,61.86,,TPEx LISTED,化學工業,82.5,81.4,83.3,80.6,602107,49.67,81.54,79.02,1.18,4.4,1.98,2.36,3.38,111.0,111.0,184.5,111.0,111.0,-24.95,-24.95,-54.85,25.68,25.68,False,False,False,False,False,False,False,False,False,2026-10-06,化學工業
4722,4722.TW,QPC,國精化,228.28,,TWSE LISTED,化學工業,220.0,223.0,227.0,216.5,1614252,355.14,214.8,201.75,2.42,9.05,-1.79,5.01,15.79,313.0,313.0,313.0,313.0,313.0,-27.48,-27.48,-27.48,29.71,29.71,False,False,False,False,False,False,False,False,False,2026-10-06,化學工業
4726,4726.TWO,Mycenax,永昕,47.31,,TPEx LISTED,生技醫療業,22.85,22.95,22.95,22.5,122465,2.8,23.07,22.83,-0.95,0.09,-0.44,-2.35,0.88,37.0,65.2,71.4,37.0,65.2,-37.97,-64.8,-67.86,38.24,64.95,False,False,False,False,False,False,False,False,False,2026-10-06,生技醫療業
4728,4728.TWO,Sunmax,雙美,216.22,,TPEx LISTED,生技醫療業,397.0,395.0,399.5,394.0,12000,4.76,396.0,396.75,0.25,0.06,0.51,0.63,-0.63,416.0,501.0,501.0,416.0,501.0,-3.97,-20.26,-20.26,4.57,20.76,False,False,False,True,False,False,False,True,False,2026-10-06,生技醫療業
4729,4729.TWO,MILDEX,熒茂,15.69,,TPEx LISTED,光電業,19.8,19.8,19.9,19.6,144040,2.85,20.07,19.445,-1.35,1.83,0.0,-2.94,5.32,28.0,37.35,37.87,28.0,37.35,-28.93,-46.72,-47.45,29.29,46.99,False,False,False,False,False,False,False,False,False,2026-10-06,光電業
4735,4735.TWO,Avita,豪展,15.88,,TPEx LISTED,生技醫療業,38.2,36.45,39.05,36.45,302206,11.54,36.48,36.225,4.71,5.45,5.96,5.96,5.52,40.8,50.2,162.0,40.8,50.2,-4.29,-22.21,-75.9,6.37,23.9,False,False,False,False,False,False,False,True,False,2026-10-06,生技醫療業
4736,4736.TW,TaiDoc,泰博,123.03,,TWSE LISTED,生技醫療業,129.0,128.5,130.0,128.5,92330,11.91,129.4,130.3,-0.31,-1.0,0.39,-0.77,0.39,134.5,157.52,281.46,134.5,157.52,-3.35,-17.47,-53.81,4.09,18.11,False,False,False,False,False,False,False,True,False,2026-10-06,生技醫療業
4737,4737.TW,BIONIME,華廣,42.76,,TWSE LISTED,生技醫療業,55.3,56.7,56.7,55.2,24000,1.33,55.54,56.76,-0.43,-2.57,0.0,-0.18,-0.54,72.9,81.92,88.92,72.9,81.92,-22.22,-30.79,-36.24,24.14,32.49,False,False,False,False,False,False,False,False,False,2026-10-06,生技醫療業
4739,4739.TW,COREMAX,康普,106.58,,TWSE LISTED,化學工業,85.5,88.2,88.2,85.4,1088367,93.06,87.5,84.23,-2.29,1.51,-2.17,-2.29,2.76,134.5,134.5,175.25,134.5,134.5,-34.42,-34.42,-49.67,36.43,36.43,False,False,False,False,False,False,False,False,False,2026-10-06,化學工業
4741,4741.TWO,Jetbest,泓瀚,14.41,,TPEx LISTED,化學工業,41.4,40.7,41.7,39.5,103000,4.26,40.93,39.685,1.15,4.32,2.22,2.73,3.37,86.6,86.6,93.58,86.6,86.6,-51.85,-51.85,-55.44,52.19,52.19,False,False,False,True,False,False,False,False,False,2026-10-06,化學工業
4743,4743.TWO,ONENESS BIOTECH,合一,231.14,,TPEx LISTED,生技醫療業,48.1,48.5,49.1,47.2,2837730,136.49,47.07,46.01,2.19,4.54,2.12,4.91,5.25,76.7,241.44,397.22,76.7,241.44,-35.98,-79.66,-87.64,37.29,80.08,False,False,False,False,False,False,False,False,False,2026-10-06,生技醫療業
4744,4744.TWO,CVC,皇將,16.0,,TPEx LISTED,生技醫療業,28.1,28.45,28.5,28.1,70000,1.97,28.53,28.455,-1.51,-1.25,-0.88,-2.09,-1.92,40.1,40.1,49.16,40.1,40.1,-28.93,-28.93,-42.03,29.93,29.93,False,False,False,False,False,False,False,False,False,2026-10-06,生技醫療業
4745,4745.TWO,CMH,合富-KY,8.05,,TPEx LISTED,生技醫療業,12.15,12.1,12.15,12.0,12300,0.15,12.17,12.05,-0.16,0.83,0.0,0.0,0.41,25.75,27.4,44.57,25.75,27.4,-52.82,-55.66,-72.74,52.82,55.66,False,False,False,False,False,False,False,False,False,2026-10-06,生技醫療業
4746,4746.TW,FRMSL,台耀,58.08,,TWSE LISTED,生技醫療業,48.3,47.55,48.85,47.55,877013,42.36,48.34,48.21,-0.08,0.19,2.01,-1.43,1.26,62.5,121.0,121.0,62.5,121.0,-21.84,-59.63,-59.63,22.72,60.08,False,False,False,False,False,False,False,False,False,2026-10-06,生技醫療業
4747,4747.TWO,JCP,強生*,21.09,,TPEx LISTED,生技醫療業,23.2,23.0,23.4,22.95,50040,1.16,23.14,23.425,0.26,-0.96,1.53,0.43,-1.69,30.5,47.75,61.25,30.5,47.75,-23.28,-50.99,-61.8,23.93,51.41,False,False,False,False,False,False,False,False,False,2026-10-06,生技醫療業
4749,4749.TWO,aemc,新應材,758.81,,TPEx LISTED,半導體業,801.0,810.0,810.0,793.0,589562,472.24,783.0,759.6,2.3,5.45,-0.62,5.81,4.84,1210.0,1210.0,1210.0,1210.0,1210.0,-33.06,-33.06,-33.06,33.8,33.8,False,False,False,False,False,False,False,False,False,2026-10-06,半導體業
4754,4754.TWO,INCA,國碳科,11.54,,TPEx LISTED,化學工業,38.1,38.0,38.1,37.9,5000,0.19,37.99,37.815,0.29,0.75,0.4,0.66,1.06,40.0,51.9,51.9,40.0,51.9,-4.75,-26.59,-26.59,4.75,26.59,False,False,False,False,False,False,False,True,False,2026-10-06,化學工業
4755,4755.TW,SAN FU,三福化,133.94,,TWSE LISTED,化學工業,133.0,123.0,133.0,121.5,1072011,142.58,122.6,119.2,8.48,11.58,9.92,11.76,12.71,180.0,180.0,241.5,180.0,180.0,-26.11,-26.11,-44.93,26.11,26.11,False,False,False,False,False,False,False,False,False,2026-10-06,化學工業
4760,4760.TWO,ample,勤凱科技,109.81,,TPEx LISTED,其他電子業,335.0,335.0,356.0,320.0,3371065,1129.31,310.3,287.4,7.96,16.56,-3.87,16.12,28.85,500.03,500.03,500.03,500.03,500.03,-28.8,-28.8,-28.8,33.0,33.0,False,False,False,False,False,False,False,False,False,2026-10-06,其他電子業
4763,4763.TW,ACE,材料*-KY,462.92,,TWSE LISTED,化學工業,46.8,46.45,46.8,46.2,3724167,174.29,47.21,47.31,-0.87,-1.08,0.97,-0.11,-0.11,56.5,115.0,115.0,56.5,115.0,-17.17,-59.3,-59.3,17.17,59.3,False,False,False,False,False,False,False,False,False,2026-10-06,化學工業
4764,4764.TW,DBC,雙鍵,170.23,,TWSE LISTED,化學工業,199.0,198.0,207.0,193.0,1603520,319.1,194.6,192.55,2.26,3.35,1.27,7.57,8.74,369.2,369.2,369.2,369.2,369.2,-43.93,-43.93,-43.93,46.1,46.1,False,False,False,False,False,False,False,False,False,2026-10-06,化學工業
4766,4766.TW,NAN PAO,南寶,426.22,,TWSE LISTED,化學工業,353.5,348.5,353.5,346.5,188357,66.58,347.2,344.75,1.81,2.54,2.02,3.21,3.67,398.0,445.0,445.0,398.0,445.0,-11.18,-20.56,-20.56,11.18,20.56,False,False,False,False,False,False,False,False,False,2026-10-06,化學工業
4767,4767.TWO,CHETAY,誠泰科技,8.95,,TPEx LISTED,化學工業,28.5,28.2,28.6,28.0,16000,0.46,28.4,28.15,0.35,1.24,0.0,1.42,0.71,30.3,44.1,45.5,30.3,44.1,-5.61,-35.15,-37.14,5.94,35.37,False,False,False,True,False,False,False,True,False,2026-10-06,化學工業
4768,4768.TWO,INGENTEC,晶呈科技,178.34,,TPEx LISTED,化學工業,370.0,366.5,382.5,361.0,933542,345.41,371.3,349.7,-0.35,5.8,1.37,0.82,3.5,576.35,576.35,576.35,576.35,576.35,-33.63,-33.63,-33.63,35.8,35.8,False,False,False,False,False,False,False,False,False,2026-10-06,化學工業
4770,4770.TW,ASC,上品,212.74,,TWSE LISTED,化學工業,266.0,273.0,273.5,265.0,670460,178.34,275.1,272.6,-3.31,-2.42,-3.1,-3.27,-7.16,295.0,466.0,466.0,295.0,466.0,-7.29,-41.31,-41.31,9.83,42.92,False,False,False,False,False,False,False,True,False,2026-10-06,化學工業
4771,4771.TW,VF,望隼,119.77,,TWSE LISTED,生技醫療業,204.0,208.0,208.0,204.0,126004,25.7,210.7,213.0,-3.18,-4.23,-1.69,-4.45,-3.55,221.5,384.5,384.5,221.5,384.5,-6.09,-45.9,-45.9,7.9,46.94,False,False,False,False,False,False,False,True,False,2026-10-06,生技醫療業
4772,4772.TWO,TSC,台特化,407.6,,TPEx LISTED,化學工業,276.0,278.0,279.0,274.0,786434,217.06,273.8,262.15,0.8,5.28,-0.72,4.35,1.85,396.0,396.0,396.0,396.0,396.0,-29.55,-29.55,-29.55,30.3,30.3,False,False,False,False,False,False,False,False,False,2026-10-06,化學工業
4804,4804.TWO,Da Lue,大略-KY,2.35,,TPEx LISTED,觀光餐旅,3.27,3.27,3.27,3.27,0,0.0,3.27,3.27,0.0,0.0,0.0,0.0,0.0,8.5,10.75,117.5,8.5,10.75,-61.53,-69.58,-97.22,61.53,69.58,False,False,False,False,False,False,False,False,False,2026-10-06,觀光餐旅
4806,4806.TWO,KTCCE,桂田文創,7.9,,TPEx LISTED,文化創意業,11.3,11.3,11.65,10.9,213072,2.41,13.306,13.957,-15.08,-19.04,-6.61,-23.98,-23.98,19.8,49.31,241.56,19.8,49.31,-41.15,-76.38,-95.18,42.92,77.09,False,False,False,False,False,False,False,False,False,2026-10-06,文化創意業
4807,4807.TW,RH,日成-KY,15.09,,TWSE LISTED,貿易百貨,30.8,31.8,32.6,30.4,404043,12.44,30.25,30.0,1.82,2.67,-0.96,3.36,5.66,45.9,45.9,128.5,45.9,45.9,-28.98,-28.98,-74.63,32.9,32.9,False,False,False,False,False,False,False,False,False,2026-10-06,貿易百貨
4903,4903.TWO,UFOC,聯光通,44.77,,TPEx LISTED,通信網路業,42.5,43.5,44.65,42.5,2289646,97.31,43.77,43.02,-2.9,-1.21,-2.97,-4.17,-0.7,56.0,56.9,98.75,56.0,56.9,-20.27,-21.53,-54.79,24.11,25.31,False,False,False,False,False,False,False,False,False,2026-10-06,通信網路業
4904,4904.TW,Far EasTone,遠傳,3770.05,,TWSE LISTED,通信網路業,104.5,105.5,105.5,104.5,2733648,285.67,104.9,105.15,-0.38,-0.62,-0.95,-0.48,0.0,113.5,113.5,113.5,113.5,113.5,-7.05,-7.05,-7.05,7.93,7.93,False,False,False,False,False,False,False,True,True,2026-10-06,通信網路業
4905,4905.TWO,TAINET,台聯電,26.69,,TPEx LISTED,生技醫療業,91.2,98.2,98.2,91.0,190077,17.34,88.28,82.86,3.31,10.07,-6.08,8.44,18.9,107.5,127.5,127.5,107.5,127.5,-8.65,-22.98,-22.98,15.16,28.47,False,False,False,False,False,False,False,False,False,2026-10-06,生技醫療業
4906,4906.TW,GEMTEK,正文,194.23,,TWSE LISTED,通信網路業,43.0,42.3,44.2,41.25,18483596,794.79,41.96,40.295,2.48,6.71,2.02,6.17,6.97,55.8,55.8,55.8,55.8,55.8,-20.79,-20.79,-20.79,22.94,22.94,True,False,False,False,False,False,False,False,False,2026-10-06,通信網路業
4907,4907.TWO,Fu Yu Property,富宇,50.63,,TPEx LISTED,建材營造,42.85,43.45,43.45,42.85,26000,1.11,44.04,44.665,-2.7,-4.06,0.12,-4.88,-5.3,49.0,125.0,125.0,49.0,125.0,-11.33,-65.24,-65.24,12.55,65.72,False,False,False,False,False,False,False,False,False,2026-10-06,建材營造
4908,4908.TWO,APAC,前鼎,180.68,,TPEx LISTED,通信網路業,231.0,236.5,237.0,225.0,2580234,596.03,220.3,218.15,4.86,5.89,-1.49,12.96,12.41,312.5,312.5,312.5,312.5,312.5,-24.16,-24.16,-24.16,26.08,26.08,False,False,False,False,False,False,False,False,False,2026-10-06,通信網路業
4909,4909.TWO,NEE,新復興,34.82,,TPEx LISTED,通信網路業,37.3,37.8,38.65,37.0,1175001,43.83,36.8,35.845,1.36,4.06,0.0,3.18,4.19,74.5,203.0,203.0,74.5,203.0,-48.12,-80.96,-80.96,49.93,81.63,False,False,False,False,False,False,False,False,False,2026-10-06,通信網路業
4911,4911.TWO,G&E,德英,19.34,,TPEx LISTED,生技醫療業,28.1,28.0,28.1,28.0,9370,0.26,28.23,28.515,-0.46,-1.46,-0.53,-0.35,-1.23,41.2,52.9,72.79,41.2,52.9,-31.8,-46.88,-61.4,31.8,46.88,False,False,False,False,False,False,False,False,False,2026-10-06,生技醫療業
4912,4912.TW,Lemtech-KY,聯德控股-KY,73.31,,TWSE LISTED,電子零組件業,109.5,110.0,111.5,108.0,449073,49.17,106.4,101.91,2.91,7.45,0.0,2.34,13.12,117.0,162.38,182.25,117.0,162.38,-4.7,-31.33,-38.82,6.41,32.57,False,False,False,False,False,False,False,True,False,2026-10-06,電子零組件業
4915,4915.TW,Primax,致伸,299.64,,TWSE LISTED,電子零組件業,63.5,63.9,64.1,63.5,1435100,91.13,64.02,64.2,-0.81,-1.09,-0.31,-2.31,0.0,84.0,115.5,115.5,84.0,115.5,-23.69,-44.5,-44.5,24.4,45.02,False,False,False,False,False,False,False,False,False,2026-10-06,電子零組件業
4916,4916.TW,PARPRO,事欣科,130.91,,TWSE LISTED,電腦及週邊設備業,105.5,108.5,109.5,105.0,5479603,578.1,104.4,103.9,1.05,1.54,0.48,2.43,3.94,127.5,127.5,127.5,127.5,127.5,-14.12,-14.12,-14.12,17.25,17.25,True,False,False,False,False,False,False,False,False,2026-10-06,電腦及週邊設備業
4919,4919.TW,NTC,新唐,680.86,,TWSE LISTED,半導體業,150.5,156.0,157.0,149.5,11172972,1681.53,151.9,142.4,-0.92,5.69,-3.22,-0.99,11.07,230.0,230.0,230.0,230.0,230.0,-31.74,-31.74,-31.74,34.57,34.57,False,False,False,False,False,False,False,False,False,2026-10-06,半導體業
4923,4923.TWO,Force Mos,力士,23.42,,TPEx LISTED,半導體業,63.4,63.5,64.4,60.8,1215002,77.03,64.14,63.64,-1.15,-0.38,-1.09,-2.76,3.59,70.5,70.5,76.67,70.5,70.5,-8.65,-8.65,-16.0,10.07,10.07,False,False,False,False,False,False,False,False,False,2026-10-06,半導體業
4924,4924.TWO,HTM,欣厚-KY,5.31,,TPEx LISTED,綠能環保,14.3,15.3,15.3,14.3,244000,3.49,15.52,16.14,-7.86,-11.4,-4.67,-10.06,-4.67,18.75,30.6,30.6,18.75,30.6,-18.4,-50.0,-50.0,23.73,53.27,False,False,False,False,False,False,False,False,False,2026-10-06,綠能環保
4927,4927.TW,Apex,泰鼎-KY,138.56,,TWSE LISTED,電子零組件業,52.3,52.7,54.6,50.3,28561948,1493.79,48.33,45.84,8.21,14.09,-1.13,19.41,19.54,65.9,65.9,138.0,65.9,65.9,-17.15,-17.15,-60.43,20.64,20.64,False,False,False,False,False,False,False,False,False,2026-10-06,電子零組件業
4930,4930.TW,Star Comgistic,燦星網,12.64,,TWSE LISTED,電器電纜,15.8,15.8,15.9,15.6,61045,0.96,15.88,15.915,-0.5,-0.72,-0.63,-0.94,-0.32,23.0,38.0,61.86,23.0,38.0,-30.87,-58.16,-74.3,31.3,58.42,False,False,False,False,False,False,False,False,False,2026-10-06,電器電纜
4931,4931.TWO,STL,新盛力,169.49,,TPEx LISTED,電腦及週邊設備業,258.5,248.0,260.0,242.0,8259039,2134.96,252.2,246.7,2.5,4.78,3.4,4.02,5.08,288.0,288.0,288.0,288.0,288.0,-9.72,-9.72,-9.72,10.24,10.24,False,False,False,True,False,False,False,False,False,2026-10-06,電腦及週邊設備業
4933,4933.TWO,UBRIGHT,友輝,43.98,,TPEx LISTED,光電業,53.2,53.6,54.1,53.2,42000,2.23,53.94,53.53,-1.37,-0.62,-1.48,-1.85,-0.37,81.2,86.2,86.2,81.2,86.2,-33.37,-37.24,-37.24,34.48,38.28,False,False,False,False,False,False,False,False,False,2026-10-06,光電業
4934,4934.TW,Tainergy,太極,33.75,,TWSE LISTED,光電業,15.0,15.0,15.3,14.65,773503,11.6,14.8,14.56,1.35,3.02,1.35,3.45,6.01,22.7,32.25,42.2,22.7,32.25,-32.6,-52.56,-63.74,33.92,53.49,True,False,False,False,False,False,False,False,False,2026-10-06,光電業
4935,4935.TW,GLT,茂林-KY,42.4,,TWSE LISTED,光電業,32.9,33.35,33.8,32.85,120035,3.95,33.75,33.385,-2.52,-1.45,-2.52,-3.38,0.77,43.25,79.5,152.0,43.25,79.5,-21.85,-57.48,-77.76,23.93,58.62,False,False,False,False,False,False,False,False,False,2026-10-06,光電業
4938,4938.TW,Pegatron,和碩,2408.14,,TWSE LISTED,電腦及週邊設備業,90.0,89.5,90.3,89.1,5792837,521.36,89.58,90.21,0.47,-0.23,1.47,-0.22,-0.88,102.5,122.0,122.0,102.5,122.0,-11.9,-25.98,-25.98,12.2,26.23,False,False,False,False,False,False,False,False,False,2026-10-06,電腦及週邊設備業
4939,4939.TWO,AEM,亞電,74.93,,TPEx LISTED,電子零組件業,76.3,79.2,79.2,76.2,4128316,314.99,79.16,77.5,-3.61,-1.55,-2.93,-3.3,1.33,95.2,95.2,95.2,95.2,95.2,-16.81,-16.81,-16.81,19.85,19.85,False,False,False,False,False,False,False,False,False,2026-10-06,電子零組件業
4942,4942.TW,Chia Chang,嘉彰,44.85,,TWSE LISTED,光電業,31.5,31.35,31.5,31.15,61000,1.92,31.61,31.575,-0.35,-0.24,0.48,-0.94,-1.41,40.1,48.05,55.8,40.1,48.05,-21.45,-34.44,-43.55,21.45,34.44,False,False,False,False,False,False,False,False,False,2026-10-06,光電業
4943,4943.TW,CONCRAFT,康控-KY,8.51,,TWSE LISTED,電子零組件業,6.72,6.79,6.79,6.7,38622,0.26,6.742,6.879,-0.33,-2.31,0.0,0.75,-3.72,13.8,30.0,849.62,13.8,30.0,-50.8,-77.37,-99.2,51.3,77.6,False,False,False,False,False,False,False,False,False,2026-10-06,電子零組件業
4946,4946.TWO,Cayenne Tech,辣椒,8.68,,TPEx LISTED,文化創意業,98.1,98.8,98.8,98.1,4002,0.39,99.98,98.69,-1.88,-0.6,-0.71,-2.39,-3.82,171.0,279.0,279.0,171.0,279.0,-42.22,-64.59,-64.59,42.63,64.84,False,False,False,False,False,False,False,False,False,2026-10-06,文化創意業
4949,4949.TW,WIN WIN,有成精密,55.76,,TWSE LISTED,光電業,82.3,84.0,87.9,80.7,2948182,242.64,78.94,77.15,4.26,6.68,-0.24,8.43,8.29,112.5,112.5,112.5,112.5,112.5,-21.87,-21.87,-21.87,26.84,26.84,False,False,False,False,False,False,False,False,False,2026-10-06,光電業
4950,4950.TWO,GWIC,金耘國際,8.98,,TPEx LISTED,鋼鐵工業,15.55,15.6,15.7,15.55,5269,0.08,15.92,15.765,-2.32,-1.36,-3.42,-4.01,0.0,20.3,27.95,30.95,20.3,27.95,-22.66,-43.83,-49.27,23.4,44.36,False,False,False,False,False,False,False,False,False,2026-10-06,鋼鐵工業
4951,4951.TWO,Fintek,精拓科,30.39,,TPEx LISTED,半導體業,89.0,90.4,90.4,88.8,204120,18.17,90.36,91.66,-1.51,-2.9,-1.22,-1.44,-1.33,143.5,143.5,143.5,143.5,143.5,-37.0,-37.0,-37.0,37.98,37.98,False,False,False,False,False,False,False,False,False,2026-10-06,半導體業
4952,4952.TW,Generalplus,凌通,54.19,,TWSE LISTED,半導體業,49.8,49.9,50.1,49.4,174000,8.67,49.99,49.46,-0.38,0.69,-0.99,0.3,1.22,61.7,78.0,96.9,61.7,78.0,-18.8,-35.77,-48.3,19.29,36.15,False,False,False,False,False,False,False,False,False,2026-10-06,半導體業
4953,4953.TWO,WITS,緯致,86.96,,TPEx LISTED,資訊服務業,117.0,117.0,118.0,116.5,190021,22.23,117.1,117.45,-0.09,-0.38,0.43,-0.43,0.43,145.5,159.0,175.0,145.5,159.0,-18.9,-25.79,-32.57,19.59,26.42,False,False,False,False,False,False,False,False,False,2026-10-06,資訊服務業
4956,4956.TW,Epileds,光鋐,42.52,,TWSE LISTED,光電業,42.35,45.1,45.25,42.15,7412061,313.9,45.61,45.115,-7.15,-6.13,-7.03,-10.37,-7.93,60.1,60.1,60.1,60.1,60.1,-24.71,-24.71,-24.71,29.53,29.53,False,False,False,False,False,False,False,False,False,2026-10-06,光電業
4958,4958.TW,ZDT,臻鼎-KY,6505.7,,TWSE LISTED,電子零組件業,574.0,588.0,604.0,572.0,39708258,22792.54,545.6,513.4,5.21,11.8,-0.35,12.55,15.15,659.0,659.0,659.0,659.0,659.0,-8.35,-8.35,-8.35,12.9,12.9,False,False,False,False,False,False,False,False,False,2026-10-06,電子零組件業
4960,4960.TW,CMMT,誠美材,137.78,,TWSE LISTED,光電業,24.1,23.7,24.35,23.7,2495572,60.14,24.19,23.645,-0.37,1.92,0.42,0.84,2.77,48.0,48.0,48.0,48.0,48.0,-49.27,-49.27,-49.27,49.79,49.79,False,False,False,False,False,False,False,False,False,2026-10-06,光電業
4961,4961.TW,FITIPOWER,天鈺,224.93,,TWSE LISTED,半導體業,185.5,187.0,190.0,185.5,1183315,219.5,184.0,182.55,0.82,1.62,0.82,-0.27,0.54,189.0,302.0,601.62,190.0,302.0,0.53,-37.09,-68.42,2.37,38.58,False,False,False,False,True,False,False,True,False,2026-10-06,半導體業
4966,4966.TWO,Parade,譜瑞-KY,444.53,,TPEx LISTED,半導體業,563.0,574.0,574.0,562.0,573950,323.13,570.8,570.8,-1.37,-1.37,-1.92,-1.57,-1.05,929.0,1345.0,2240.0,929.0,1345.0,-38.21,-57.32,-74.38,39.4,58.14,False,False,False,False,False,False,False,False,False,2026-10-06,半導體業
4967,4967.TW,TEAM,十銓,263.17,,TWSE LISTED,半導體業,267.0,272.5,272.5,266.5,1874087,500.38,271.3,272.15,-1.58,-1.89,-0.93,-1.84,-1.84,323.0,323.0,323.0,323.0,323.0,-15.63,-15.63,-15.63,17.34,17.34,False,False,False,False,False,False,False,False,False,2026-10-06,半導體業
4968,4968.TW,Richwave,立積,90.18,,TWSE LISTED,半導體業,97.8,99.1,99.1,97.0,432654,42.31,99.2,95.87,-1.41,2.01,-1.31,-3.17,5.39,134.0,254.5,489.65,134.0,254.5,-26.04,-61.06,-79.76,27.01,61.57,False,False,False,False,False,False,False,False,False,2026-10-06,半導體業
4971,4971.TWO,IET,IET-KY,276.04,,TPEx LISTED,半導體業,585.0,588.0,620.0,581.0,3039279,1777.98,565.8,561.5,3.39,4.19,0.17,9.55,8.33,959.0,959.0,959.0,959.0,959.0,-35.35,-35.35,-35.35,39.0,39.0,False,False,False,False,False,False,False,False,False,2026-10-06,半導體業
4972,4972.TWO,TONS,湯石照明,9.16,,TPEx LISTED,光電業,16.1,16.2,16.2,16.05,53075,0.85,16.22,16.28,-0.74,-1.11,-0.62,-1.23,-1.53,19.0,30.5,50.5,19.0,30.5,-14.74,-46.89,-67.92,15.26,47.21,False,False,False,False,False,False,False,False,False,2026-10-06,光電業
4973,4973.TWO,Silicon Power,廣穎電通,89.12,,TPEx LISTED,半導體業,136.5,137.5,138.0,136.5,403400,55.06,137.6,136.75,-0.8,-0.18,-1.09,-0.36,1.11,219.0,219.0,219.0,219.0,219.0,-36.99,-36.99,-36.99,37.67,37.67,False,False,False,False,False,False,False,False,False,2026-10-06,半導體業
4974,4974.TWO,ATII,亞泰,50.75,,TPEx LISTED,電子零組件業,70.0,70.1,70.4,69.8,145000,10.15,70.92,70.86,-1.3,-1.21,-1.55,-1.82,-0.85,80.0,146.5,146.5,80.0,146.5,-12.0,-51.95,-51.95,12.5,52.22,False,False,False,False,False,False,False,False,False,2026-10-06,電子零組件業
4976,4976.TW,Calin,佳凌,53.1,,TWSE LISTED,光電業,37.6,37.7,38.4,37.3,1821020,68.47,36.63,36.18,2.65,3.92,0.53,4.3,5.92,44.9,60.2,122.53,44.9,60.2,-14.48,-36.21,-68.66,16.26,37.54,True,True,False,False,False,False,False,False,False,2026-10-06,光電業
4977,4977.TW,PCL,眾達-KY,157.87,,TWSE LISTED,通信網路業,173.5,176.0,178.0,173.5,1790702,310.69,172.7,171.15,0.46,1.37,-0.86,1.76,2.97,273.0,273.0,273.0,273.0,273.0,-34.8,-34.8,-34.8,36.45,36.45,False,False,False,False,False,False,False,False,False,2026-10-06,通信網路業
4979,4979.TWO,LuxNet,華星光,811.12,,TPEx LISTED,通信網路業,568.0,610.0,622.0,561.0,10825844,6149.08,575.4,582.0,-1.29,-2.41,-5.02,1.97,0.18,762.0,762.0,762.0,762.0,762.0,-18.37,-18.37,-18.37,25.46,25.46,False,False,False,False,False,False,False,False,False,2026-10-06,通信網路業
4989,4989.TW,LCYT,榮科,117.66,,TWSE LISTED,電子零組件業,68.1,70.6,71.9,68.1,30336740,2065.93,64.86,62.47,5.0,9.01,-2.99,11.46,14.45,125.0,125.0,125.0,125.0,125.0,-42.48,-42.48,-42.48,45.52,45.52,False,False,False,False,False,False,False,False,False,2026-10-06,電子零組件業
4991,4991.TWO,GCS,環宇-KY,612.89,,TPEx LISTED,半導體業,505.0,528.0,535.0,503.0,4547739,2296.61,507.3,489.3,-0.45,3.21,-3.63,4.02,6.43,895.0,895.0,895.0,895.0,895.0,-40.22,-40.22,-40.22,43.58,43.58,False,False,False,False,False,False,False,False,False,2026-10-06,半導體業
4994,4994.TW,X-LEGEND,傳奇,53.24,,TWSE LISTED,資訊服務業,80.2,81.0,82.5,79.3,32150,2.58,81.18,81.93,-1.21,-2.11,-1.35,-1.72,-2.55,110.0,148.5,190.0,110.0,148.5,-25.0,-44.44,-56.58,27.09,45.99,False,False,False,False,False,False,False,False,False,2026-10-06,資訊服務業
4995,4995.TWO,Litemax,晶達,20.17,,TPEx LISTED,光電業,47.35,47.6,47.6,45.1,65000,3.08,48.79,49.47,-2.95,-4.29,0.11,-5.3,-5.49,52.6,87.7,87.7,52.6,87.7,-9.51,-45.72,-45.72,9.98,46.01,False,False,False,False,False,False,False,True,False,2026-10-06,光電業
4999,4999.TW,Sinher,鑫禾,13.32,,TWSE LISTED,電子零組件業,17.9,17.8,17.9,17.7,30040,0.54,17.83,17.85,0.39,0.28,0.0,1.42,1.13,25.8,37.7,63.3,25.8,37.7,-30.62,-52.52,-71.72,30.62,52.52,False,False,False,True,False,False,False,False,False,2026-10-06,電子零組件業
5007,5007.TW,SAN SHING,三星,166.05,,TWSE LISTED,鋼鐵工業,56.3,55.8,56.3,55.5,41000,2.31,56.16,55.86,0.25,0.79,0.9,-0.18,1.62,63.0,63.0,66.7,63.0,63.0,-10.63,-10.63,-15.59,10.63,10.63,False,False,False,True,False,False,False,False,False,2026-10-06,鋼鐵工業
5009,5009.TWO,GMTC,榮剛,197.01,,TPEx LISTED,鋼鐵工業,32.7,32.45,32.9,32.2,1042105,34.08,32.83,32.5,-0.4,0.62,0.77,-0.3,0.31,40.95,59.0,63.2,40.95,59.0,-19.66,-44.24,-47.94,20.15,44.58,False,False,False,False,False,False,False,False,False,2026-10-06,鋼鐵工業
5011,5011.TWO,OFCO,久陽,21.8,,TPEx LISTED,鋼鐵工業,21.65,23.85,23.85,20.25,3112013,67.38,20.39,19.32,6.18,12.06,-3.56,16.4,15.47,27.95,28.6,46.21,27.95,28.6,-14.67,-16.61,-48.39,22.54,24.3,False,False,False,False,False,False,False,False,False,2026-10-06,鋼鐵工業
5013,5013.TWO,NEW BEST,強新,63.97,,TPEx LISTED,鋼鐵工業,47.95,56.4,56.4,46.35,3723967,178.56,45.53,39.185,5.32,22.37,-6.89,12.56,36.03,51.5,51.5,54.1,56.4,56.4,9.51,9.51,4.25,14.98,14.98,False,False,False,False,True,True,True,False,False,2026-10-06,鋼鐵工業
5014,5014.TWO,CCI,建錩,18.31,,TPEx LISTED,鋼鐵工業,9.99,10.0,10.05,9.99,127001,1.27,10.128,10.049,-1.36,-0.59,-0.1,-3.01,-2.06,12.3,20.3,29.59,12.3,20.3,-18.29,-50.49,-66.04,18.78,50.79,False,False,False,False,False,False,False,False,False,2026-10-06,鋼鐵工業
5015,5015.TWO,RODEX,華祺,14.13,,TPEx LISTED,鋼鐵工業,23.3,23.25,23.7,23.0,64000,1.49,22.88,22.205,1.84,4.93,-0.64,6.88,9.13,31.35,49.25,76.0,31.35,49.25,-24.4,-51.88,-68.82,25.68,52.69,False,False,False,False,False,False,False,False,False,2026-10-06,鋼鐵工業
5016,5016.TWO,Song Ho,松和,13.77,,TPEx LISTED,鋼鐵工業,27.75,27.2,27.95,26.4,204500,5.67,27.4,26.03,1.28,6.61,2.78,-1.25,11.9,34.4,34.4,45.55,34.4,34.4,-18.75,-18.75,-38.64,19.33,19.33,False,False,False,False,False,False,False,False,False,2026-10-06,鋼鐵工業
5201,5201.TWO,KWAY,凱衛,10.69,,TPEx LISTED,資訊服務業,27.65,27.85,27.85,27.0,264004,7.3,28.43,28.845,-2.74,-4.14,1.1,-5.31,-6.43,46.3,63.7,63.7,46.3,63.7,-39.85,-56.28,-56.28,40.28,56.59,False,False,False,False,False,False,False,False,False,2026-10-06,資訊服務業
5202,5202.TWO,NewSoft,力新,13.41,,TPEx LISTED,資訊服務業,15.05,13.75,15.05,13.7,2304001,34.68,14.23,14.38,5.76,4.66,9.85,6.36,5.61,18.05,33.8,41.55,18.05,33.8,-16.62,-55.47,-63.78,16.62,55.47,False,False,False,True,False,False,False,False,False,2026-10-06,資訊服務業
5203,5203.TW,CyberLink,訊連,45.09,,TWSE LISTED,資訊服務業,58.3,60.7,60.7,58.1,142185,8.29,58.6,58.52,-0.51,-0.38,-3.16,0.17,-0.51,90.0,145.0,145.0,90.0,145.0,-32.56,-58.14,-58.14,35.22,59.79,False,False,False,False,False,False,False,False,False,2026-10-06,資訊服務業
5205,5205.TWO,TWGET,中茂,3.91,,TPEx LISTED,綠能環保,27.55,27.55,27.55,27.55,52320,1.44,23.01,20.145,19.73,36.76,9.98,32.77,59.25,34.5,50.6,52.5,34.5,50.6,-20.14,-45.55,-47.52,20.14,45.55,True,True,False,False,False,False,False,False,False,2026-10-06,綠能環保
5206,5206.TWO,Kunyue,坤悅,40.88,,TPEx LISTED,建材營造,22.7,22.55,22.8,22.5,57056,1.3,22.73,22.795,-0.13,-0.42,0.44,-0.44,-0.22,32.67,49.96,49.96,32.67,49.96,-30.2,-54.36,-54.36,30.51,54.56,False,False,False,False,False,False,False,False,False,2026-10-06,建材營造
5209,5209.TWO,CTCI ASI,新鼎,49.56,,TPEx LISTED,其他,173.5,175.0,175.0,172.5,42000,7.29,172.6,170.35,0.52,1.85,-0.57,1.17,4.2,184.0,220.0,220.0,184.0,220.0,-4.89,-20.45,-20.45,5.71,21.14,False,False,False,False,False,False,False,True,False,2026-10-06,其他
5210,5210.TWO,APEX,寶碩,24.53,,TPEx LISTED,資訊服務業,29.85,30.0,30.05,29.6,164002,4.9,30.14,30.0,-0.96,-0.5,0.17,-1.0,-1.32,33.25,74.0,74.0,33.25,74.0,-9.62,-59.39,-59.39,10.23,59.66,False,False,False,False,False,False,False,False,False,2026-10-06,資訊服務業
5211,5211.TWO,Penpower,蒙恬,6.6,,TPEx LISTED,資訊服務業,20.6,20.9,20.9,20.6,20001,0.41,20.92,20.595,-1.53,0.02,-1.44,-2.37,1.98,29.15,35.45,36.3,29.15,35.45,-28.3,-41.04,-42.42,29.33,41.89,False,False,False,False,False,False,False,False,False,2026-10-06,資訊服務業
5212,5212.TWO,HYWEB,凌網,17.04,,TPEx LISTED,資訊服務業,49.2,49.0,49.2,49.0,10005,0.49,49.05,48.59,0.31,1.26,0.41,0.72,0.61,57.7,75.9,78.0,57.7,75.9,-14.73,-35.18,-36.92,14.73,35.18,False,False,False,False,False,False,False,False,False,2026-10-06,資訊服務業
5213,5213.TWO,YeaShin,亞昕,145.35,,TPEx LISTED,建材營造,20.15,20.25,20.25,20.05,189375,3.82,20.48,20.645,-1.61,-2.4,0.0,-2.42,-3.12,28.3,50.42,50.42,28.3,50.42,-28.45,-59.84,-59.84,28.8,60.04,False,False,False,False,False,False,False,False,False,2026-10-06,建材營造
5215,5215.TW,KO JA,科嘉-KY,24.51,,TWSE LISTED,電腦及週邊設備業,38.1,37.5,38.1,37.5,21000,0.8,37.93,37.855,0.45,0.65,1.2,0.93,2.14,51.2,76.8,180.43,51.2,76.8,-25.59,-50.39,-78.88,25.59,50.39,False,False,False,True,False,False,False,False,False,2026-10-06,電腦及週邊設備業
5220,5220.TWO,HIGGSTEC,萬達光電,8.63,,TPEx LISTED,光電業,21.75,22.7,22.8,21.6,284000,6.18,22.99,21.645,-5.39,0.49,-4.19,-6.25,-1.14,25.8,29.75,65.5,25.8,29.75,-11.63,-23.36,-65.19,15.7,26.89,False,False,False,False,False,False,False,False,False,2026-10-06,光電業
5222,5222.TW,TRANSCOM,全訊,102.61,,TWSE LISTED,半導體業,102.5,103.0,104.0,102.5,438728,44.97,105.7,105.8,-3.03,-3.12,-2.84,-3.76,-1.91,140.0,157.28,159.83,140.0,157.28,-25.72,-33.87,-34.93,26.79,34.83,False,False,False,False,False,False,False,False,False,2026-10-06,半導體業
5223,5223.TWO,Anli,安力-KY,10.07,,TPEx LISTED,電腦及週邊設備業,22.6,22.65,22.65,22.6,3010,0.07,23.01,22.89,-1.78,-1.27,-1.74,-3.42,-1.74,31.5,49.45,120.5,31.5,49.45,-28.1,-54.2,-81.2,28.25,54.3,False,False,False,False,False,False,False,False,False,2026-10-06,電腦及週邊設備業
5225,5225.TW,EASTECH,東科-KY,41.78,,TWSE LISTED,其他電子業,52.8,54.3,54.3,52.8,296000,15.63,54.72,55.29,-3.51,-4.5,-2.94,-4.86,-4.52,115.0,160.5,160.5,115.0,160.5,-52.78,-66.17,-66.17,54.09,67.1,False,False,False,False,False,False,False,False,False,2026-10-06,其他電子業
5227,5227.TWO,Aleees,立凱-KY,27.74,,TPEx LISTED,電子零組件業,28.9,29.0,29.25,28.65,411291,11.89,30.17,30.355,-4.21,-4.79,-0.17,-6.62,-5.71,42.95,66.77,207.53,42.95,66.77,-31.9,-56.19,-85.91,32.71,56.71,False,False,False,False,False,False,False,False,False,2026-10-06,電子零組件業
5228,5228.TWO,MAX ECHO,鈺鎧,19.33,,TPEx LISTED,電子零組件業,50.8,48.7,52.2,48.15,3059930,155.44,46.01,42.895,10.41,18.43,6.39,16.25,29.1,81.9,81.9,81.9,81.9,81.9,-36.26,-36.26,-36.26,37.97,37.97,False,False,False,False,False,False,False,False,False,2026-10-06,電子零組件業
5230,5230.TWO,Ledlink,雷笛克光學,12.56,,TPEx LISTED,光電業,22.3,22.45,22.7,22.15,296263,6.61,22.58,22.315,-1.24,-0.07,-0.22,-1.55,0.68,25.05,45.4,59.4,25.05,45.4,-9.38,-50.0,-61.78,10.98,50.88,False,False,False,False,False,False,False,False,False,2026-10-06,光電業
5234,5234.TW,DAXIN,達興材料,335.37,,TWSE LISTED,光電業,326.5,319.5,329.0,307.0,1361654,444.58,311.3,305.6,4.88,6.84,6.35,7.93,1.4,499.5,499.5,499.5,499.5,499.5,-34.13,-34.13,-34.13,34.63,34.63,False,False,False,False,False,False,False,False,False,2026-10-06,光電業
5236,5236.TW,SunplusIT,凌陽創新,76.51,,TWSE LISTED,半導體業,127.5,131.0,131.0,127.0,367000,46.79,134.3,134.9,-5.06,-5.49,-4.85,-6.93,-5.9,194.0,210.87,239.6,194.0,210.87,-32.47,-37.88,-45.33,34.28,39.54,False,False,False,False,False,False,False,False,False,2026-10-06,半導體業
5243,5243.TW,ESON,乙盛-KY,164.82,,TWSE LISTED,光電業,97.8,97.0,98.3,94.5,2688000,262.89,94.42,91.57,3.58,6.8,2.19,4.94,10.26,143.5,143.5,143.5,143.5,143.5,-31.5,-31.5,-31.5,31.85,31.85,True,True,False,False,False,False,False,False,False,2026-10-06,光電業
5244,5244.TW,BRIGHTEK,弘凱,25.69,,TWSE LISTED,光電業,37.65,38.2,39.2,37.5,441000,16.6,36.86,36.335,2.14,3.62,0.53,5.31,6.06,50.8,59.0,59.0,50.8,59.0,-22.83,-33.56,-33.56,25.89,36.19,False,False,False,False,False,False,False,False,False,2026-10-06,光電業
5245,5245.TWO,WSI,智晶,9.21,,TPEx LISTED,光電業,20.4,20.55,20.55,20.15,99005,2.02,20.67,20.65,-1.31,-1.21,-0.73,-1.92,-0.97,37.0,45.65,150.78,37.0,45.65,-44.46,-54.98,-86.37,44.86,55.31,False,False,False,False,False,False,False,False,False,2026-10-06,光電業
5251,5251.TWO,JSW,天鉞電,10.9,,TPEx LISTED,光電業,32.3,30.15,32.3,29.95,1183882,38.24,30.27,30.46,6.71,6.04,9.86,8.75,7.67,37.15,64.7,64.7,37.15,64.7,-13.06,-50.08,-50.08,13.06,50.08,False,False,False,True,False,False,False,False,False,2026-10-06,光電業
5258,5258.TW,Castles,虹堡,45.75,,TWSE LISTED,電腦及週邊設備業,41.45,42.0,42.05,41.45,168152,6.97,41.92,41.885,-1.12,-1.04,-0.12,-1.89,0.61,68.4,146.19,146.19,68.4,146.19,-38.52,-71.24,-71.24,39.4,71.65,False,False,False,False,False,False,False,False,False,2026-10-06,電腦及週邊設備業
5263,5263.TWO,BROGENT,智崴,71.12,,TPEx LISTED,文化創意業,90.1,90.0,91.0,89.2,103000,9.28,90.2,89.97,-0.11,0.14,-0.55,-0.66,0.56,130.0,205.5,239.0,130.0,205.5,-30.0,-55.72,-61.92,30.69,56.16,False,False,False,False,False,False,False,False,False,2026-10-06,文化創意業
5269,5269.TW,Asmedia,祥碩,1090.1,,TWSE LISTED,半導體業,1470.0,1485.0,1485.0,1455.0,296324,435.6,1468.0,1472.5,0.14,-0.17,-0.34,-0.34,-0.34,1660.0,2570.0,2570.0,1660.0,2570.0,-10.54,-42.22,-42.22,11.45,42.8,False,False,True,False,False,False,False,False,False,2026-10-06,半導體業
5272,5272.TWO,AMICCOM,笙科,9.7,,TPEx LISTED,半導體業,17.55,17.8,17.8,17.45,68066,1.19,17.86,17.515,-1.74,0.2,-1.96,-2.5,2.33,28.15,44.15,53.8,28.15,44.15,-36.77,-59.68,-66.91,37.66,60.25,False,False,False,False,False,False,False,False,False,2026-10-06,半導體業
5274,5274.TWO,ASPEED,信驊,7894.52,,TPEx LISTED,半導體業,18985.0,19520.0,19895.0,18855.0,167669,3183.2,19027.0,19537.0,-0.22,-2.83,-2.74,-0.29,-2.11,21800.0,21800.0,21800.0,21800.0,21800.0,-8.74,-8.74,-8.74,12.91,12.91,False,False,False,False,False,False,False,False,False,2026-10-06,半導體業
5276,5276.TWO,Da Hui,達輝-KY,6.91,,TPEx LISTED,其他,17.5,17.6,17.6,17.5,2180,0.04,17.68,18.08,-1.02,-3.21,-3.58,1.16,-5.15,22.2,26.4,32.25,22.2,26.4,-20.72,-33.33,-45.43,21.17,33.71,False,False,False,False,False,False,False,False,False,2026-10-06,其他
5278,5278.TWO,Sunfun,尚凡*,70.5,,TPEx LISTED,數位雲端,23.5,23.95,23.95,23.4,59000,1.39,23.65,23.77,-0.63,-1.14,-0.42,0.0,-1.67,34.0,50.0,50.0,34.0,50.0,-29.56,-52.1,-52.1,30.88,53.0,False,False,False,False,False,False,False,False,False,2026-10-06,數位雲端
5283,5283.TW,Heran,禾聯碩,45.38,,TWSE LISTED,電器電纜,51.8,52.1,52.1,51.5,117664,6.09,52.44,53.01,-1.22,-2.28,-0.58,-2.26,-1.52,56.3,84.05,106.32,56.3,84.05,-7.46,-38.01,-51.0,7.99,38.37,False,False,False,False,False,False,False,True,False,2026-10-06,電器電纜
5284,5284.TW,jpp,jpp-KY,160.19,,TWSE LISTED,其他,290.5,301.0,302.5,290.0,435258,126.44,296.5,298.1,-2.02,-2.55,-3.49,-2.52,-3.17,480.0,480.0,480.0,480.0,480.0,-36.98,-36.98,-36.98,39.48,39.48,False,False,False,False,False,False,False,False,False,2026-10-06,其他
5285,5285.TW,Jih Lin,界霖,99.18,,TWSE LISTED,半導體業,97.2,100.5,100.5,95.1,2670525,259.58,96.1,93.83,1.14,3.59,-2.8,3.18,7.4,115.5,115.5,143.5,115.5,115.5,-12.99,-12.99,-29.97,15.84,15.84,False,False,False,False,False,False,False,False,False,2026-10-06,半導體業
5287,5287.TWO,ADDCN,數字,82.32,,TPEx LISTED,數位雲端,136.5,137.0,137.0,136.5,36000,4.91,137.3,137.25,-0.58,-0.55,-0.73,-0.73,-0.73,158.72,179.41,196.29,158.72,179.41,-13.68,-23.64,-30.2,14.0,23.92,False,False,False,False,False,False,False,False,False,2026-10-06,數位雲端
5288,5288.TW,Eurocharm,豐祥-KY,131.73,,TWSE LISTED,電機機械,188.5,186.0,189.5,185.5,79000,14.89,187.5,187.95,0.53,0.29,0.8,-0.79,1.07,202.0,241.0,241.0,202.0,241.0,-6.19,-21.37,-21.37,6.68,21.78,False,False,False,True,False,False,False,True,False,2026-10-06,電機機械
5289,5289.TWO,Innodisk,宜鼎,1243.37,,TPEx LISTED,電腦及週邊設備業,1265.0,1305.0,1310.0,1265.0,1084812,1372.29,1287.0,1291.5,-1.71,-2.05,-2.32,-1.94,-1.17,1985.44,1985.44,1985.44,1985.44,1985.44,-34.02,-34.02,-34.02,36.29,36.29,False,False,False,False,False,False,False,False,False,2026-10-06,電腦及週邊設備業
5291,5291.TWO,EISO,邑昇,26.85,,TPEx LISTED,電子零組件業,64.1,65.5,67.5,63.6,743802,47.68,62.66,60.35,2.3,6.21,-0.62,4.91,9.01,84.6,84.6,84.6,84.6,84.6,-20.21,-20.21,-20.21,24.23,24.23,False,False,False,False,False,False,False,False,False,2026-10-06,電子零組件業
5292,5292.TW,DTECH,華懋,115.33,,TWSE LISTED,綠能環保,249.0,248.5,252.5,245.0,246766,61.44,240.6,229.35,3.49,8.57,0.81,5.06,13.96,251.0,251.0,251.0,252.5,252.5,0.6,0.6,0.6,1.39,1.39,True,True,False,False,True,True,True,True,True,2026-10-06,綠能環保
5299,5299.TWO,EMC,杰力,51.91,,TPEx LISTED,半導體業,102.0,105.0,105.0,102.0,193068,19.69,103.5,101.21,-1.45,0.78,-2.86,-1.45,2.0,141.5,141.5,265.0,141.5,141.5,-25.8,-25.8,-60.38,27.92,27.92,False,False,False,False,False,False,False,False,False,2026-10-06,半導體業
5301,5301.TWO,CJW,寶得利,3.29,,TPEx LISTED,觀光餐旅,6.097,6.097,6.097,6.097,0,0.0,6.097,6.074,0.0,0.38,0.0,0.0,0.0,15.15,37.85,176.49,15.15,37.85,-59.76,-83.89,-96.55,59.76,83.89,False,False,False,False,False,False,False,False,False,2026-10-06,觀光餐旅
5302,5302.TWO,STK,太欣,15.69,,TPEx LISTED,半導體業,9.81,9.73,9.93,9.73,122055,1.2,9.882,9.826,-0.73,-0.16,-0.71,-0.51,0.93,16.0,16.0,22.45,16.0,16.0,-37.94,-37.94,-55.77,38.69,38.69,False,False,False,False,False,False,False,False,False,2026-10-06,半導體業
5306,5306.TW,KMC,桂盟,110.12,,TWSE LISTED,運動休閒,87.4,88.8,88.8,87.1,98425,8.6,88.04,88.5,-0.73,-1.24,-0.23,-1.13,-1.35,100.0,162.5,255.0,100.0,162.5,-11.2,-45.35,-65.18,12.6,46.22,False,False,False,False,False,False,False,False,False,2026-10-06,運動休閒
5309,5309.TWO,SG,系統電,155.21,,TPEx LISTED,電子零組件業,67.2,67.1,67.6,63.9,7980129,536.26,65.1,59.38,3.23,13.17,0.15,7.01,13.71,84.4,84.4,84.4,84.4,84.4,-19.91,-19.91,-19.91,20.38,20.38,True,True,False,False,False,False,False,False,False,2026-10-06,電子零組件業
5310,5310.TWO,CGS,天剛,8.63,,TPEx LISTED,資訊服務業,29.8,29.6,31.6,29.0,43000,1.28,28.78,27.73,3.54,7.46,0.34,9.56,2.76,29.95,56.7,170.08,31.6,56.7,5.51,-44.27,-81.42,5.7,47.44,True,False,False,False,True,False,False,True,False,2026-10-06,資訊服務業
5312,5312.TWO,FORMOSA,寶島科,53.81,,TPEx LISTED,生技醫療業,89.6,89.6,89.6,89.0,14000,1.25,89.68,90.08,-0.09,-0.53,-0.11,0.11,-0.33,105.0,171.0,171.0,105.0,171.0,-14.67,-47.6,-47.6,14.67,47.6,False,False,False,False,False,False,False,False,False,2026-10-06,生技醫療業
5314,5314.TWO,Myson,世紀*,83.51,,TPEx LISTED,其他,28.6,29.0,29.6,28.2,20318345,581.1,29.33,28.17,-2.49,1.53,-0.35,-6.54,4.19,46.8,46.8,46.8,46.8,46.8,-36.75,-36.75,-36.75,38.89,38.89,False,False,False,False,False,False,False,False,False,2026-10-06,其他
5315,5315.TWO,U.R.T.,光聯,20.26,,TPEx LISTED,光電業,19.05,18.85,19.35,18.8,245130,4.67,18.88,18.95,0.9,0.53,1.06,0.79,1.87,26.3,26.3,30.05,26.3,26.3,-26.43,-26.43,-35.61,27.57,27.57,False,False,False,True,False,False,False,False,False,2026-10-06,光電業
5321,5321.TWO,U.R.,美而快,41.68,,TPEx LISTED,數位雲端,70.0,67.1,70.9,67.1,232115,16.25,68.74,69.05,1.83,1.38,4.32,-0.43,3.7,88.1,100.47,122.79,88.1,100.47,-19.52,-29.43,-42.26,20.54,30.32,False,False,False,True,False,False,False,False,False,2026-10-06,數位雲端
5324,5324.TWO,SDC,士開,28.18,,TPEx LISTED,建材營造,12.45,12.35,12.45,12.35,111001,1.38,12.44,12.485,0.08,-0.28,0.4,0.0,0.4,13.15,16.6,19.72,13.15,16.6,-5.32,-25.0,-36.88,5.32,25.0,False,False,False,False,False,False,False,True,False,2026-10-06,建材營造
5328,5328.TWO,HJC,華容,98.45,,TPEx LISTED,電子零組件業,57.0,58.0,58.4,57.0,2620386,149.36,57.14,54.7,-0.25,4.2,-1.89,-2.4,8.99,88.8,88.8,88.8,88.8,88.8,-34.23,-34.23,-34.23,35.81,35.81,False,False,False,False,False,False,False,False,False,2026-10-06,電子零組件業
5340,5340.TWO,BAOTEK,建榮,165.66,,TPEx LISTED,電子零組件業,85.0,87.1,88.4,85.0,3387219,287.91,83.02,82.41,2.38,3.14,-0.58,5.72,5.59,137.0,137.0,137.0,137.0,137.0,-35.47,-35.47,-35.47,37.96,37.96,False,False,False,False,False,False,False,False,False,2026-10-06,電子零組件業
5344,5344.TWO,VATE,立衛,10.77,,TPEx LISTED,半導體業,13.55,13.95,13.95,13.5,37814,0.51,13.61,13.505,-0.44,0.33,0.0,0.74,1.5,19.0,27.5,41.8,19.0,27.5,-26.58,-49.27,-66.63,28.68,50.73,False,False,False,False,False,False,False,False,False,2026-10-06,半導體業
5345,5345.TWO,Fullhome,馥鴻,8.09,,TPEx LISTED,其他,21.4,21.9,21.9,21.2,16692,0.36,21.49,21.565,-0.42,-0.77,-3.17,0.47,-2.73,38.05,39.4,76.56,38.05,39.4,-42.44,-44.42,-71.4,43.76,45.69,False,False,False,False,False,False,False,False,False,2026-10-06,其他
5347,5347.TWO,VIS,世界,3587.94,,TPEx LISTED,半導體業,191.0,184.5,195.0,184.5,33239972,6348.83,185.5,179.45,2.96,6.44,3.8,3.52,7.0,223.0,223.0,223.0,223.0,223.0,-12.56,-12.56,-12.56,14.35,14.35,False,False,False,False,False,False,False,False,False,2026-10-06,半導體業
5348,5348.TWO,EMT,正能量智能,2.57,,TPEx LISTED,運動休閒,17.4,17.5,17.5,17.2,25000,0.43,16.7,16.535,4.19,5.23,2.05,6.42,6.42,19.8,50.94,50.94,19.8,50.94,-11.62,-65.65,-65.65,12.12,65.84,False,False,False,False,False,False,False,False,False,2026-10-06,運動休閒
5351,5351.TWO,Etron,鈺創,371.36,,TPEx LISTED,半導體業,113.0,114.0,115.5,112.0,6667297,753.4,112.6,110.55,0.36,2.22,-0.88,3.2,3.2,141.0,141.0,141.0,141.0,141.0,-18.09,-18.09,-18.09,19.86,19.86,False,False,False,False,False,False,False,False,False,2026-10-06,半導體業
5353,5353.TWO,Tailyn,台林,22.22,,TPEx LISTED,通信網路業,29.05,29.5,29.5,28.85,53035,1.54,28.83,28.455,0.76,2.09,-1.53,1.93,2.11,35.2,44.0,54.2,35.2,44.0,-16.19,-32.95,-45.57,17.47,33.98,False,False,False,False,False,False,False,False,False,2026-10-06,通信網路業
5355,5355.TWO,PSC,佳總,5.98,,TPEx LISTED,電子零組件業,7.71,7.86,8.1,7.71,147151,1.13,7.426,7.167,3.82,7.58,-2.03,8.59,10.14,8.14,14.75,14.75,8.14,14.75,-0.49,-45.08,-45.08,5.28,47.73,False,False,False,False,False,False,False,True,False,2026-10-06,電子零組件業
5356,5356.TWO,SIRTEC,協益,26.58,,TPEx LISTED,電腦及週邊設備業,25.8,25.8,26.35,25.75,55502,1.43,25.79,25.815,0.04,-0.06,0.0,-0.39,1.18,30.0,41.85,71.88,30.0,41.85,-12.17,-37.04,-63.34,14.0,38.35,False,False,False,False,False,False,False,False,False,2026-10-06,電腦及週邊設備業
5364,5364.TWO,LEALEA HOTELS,力麗店,5.29,,TPEx LISTED,觀光餐旅,8.29,8.36,8.36,8.26,28000,0.23,8.334,8.345,-0.53,-0.66,-0.12,-1.07,-0.72,15.25,49.5,49.5,15.25,49.5,-45.18,-83.11,-83.11,45.64,83.25,False,False,False,False,False,False,False,False,False,2026-10-06,觀光餐旅
5381,5381.TWO,SPE,光譜,46.63,,TPEx LISTED,電機機械,22.45,23.3,23.3,22.0,798800,17.93,23.12,23.295,-2.9,-3.63,-1.97,-3.44,-3.23,42.35,48.48,48.48,42.35,48.48,-44.99,-51.94,-51.94,46.99,53.69,False,False,False,False,False,False,False,False,False,2026-10-06,電機機械
5386,5386.TWO,ALBATRON,青雲,155.06,,TPEx LISTED,電腦及週邊設備業,286.5,291.5,293.5,286.5,465068,133.24,289.6,286.9,-1.07,-0.14,-1.38,-0.69,0.53,418.67,418.67,418.67,418.67,418.67,-29.9,-29.9,-29.9,31.57,31.57,False,False,False,False,False,False,False,False,False,2026-10-06,電腦及週邊設備業
5388,5388.TW,Sercomm,中磊,220.04,,TWSE LISTED,通信網路業,72.3,71.8,72.7,71.8,1256300,90.83,71.72,72.15,0.81,0.21,0.84,1.4,0.84,95.0,151.5,151.5,95.0,151.5,-23.47,-52.01,-52.01,23.89,52.28,False,False,False,True,False,False,False,False,False,2026-10-06,通信網路業
5392,5392.TWO,ABICO AVY,能率,70.33,,TPEx LISTED,光電業,39.05,39.9,40.2,39.05,694604,27.12,39.66,39.655,-1.54,-1.53,-0.38,-2.13,-0.89,52.35,58.82,58.82,52.35,58.82,-23.21,-31.66,-31.66,25.41,33.62,False,False,False,False,False,False,False,False,False,2026-10-06,光電業
5398,5398.TWO,Mediera,慕康生醫,6.75,,TPEx LISTED,其他,13.65,13.65,14.1,13.65,56000,0.76,13.72,13.835,-0.51,-1.34,0.0,-1.09,-1.8,26.15,31.0,50.4,26.15,31.0,-46.08,-54.52,-72.02,47.8,55.97,False,False,False,False,False,False,False,False,False,2026-10-06,其他
5403,5403.TWO,DDSC,中菲,71.71,,TPEx LISTED,資訊服務業,91.8,92.5,92.5,91.6,44339,4.07,92.56,92.79,-0.82,-1.07,-0.76,-1.29,-1.18,117.0,147.5,147.5,117.0,147.5,-20.94,-37.29,-37.29,21.54,37.76,False,False,False,False,False,False,False,False,False,2026-10-06,資訊服務業
5410,5410.TWO,LEO,國眾,31.19,,TPEx LISTED,資訊服務業,33.4,33.05,33.65,33.05,241616,8.07,33.05,33.055,1.06,1.04,1.52,1.52,0.6,49.8,49.8,49.8,49.8,49.8,-32.43,-32.43,-32.43,32.93,32.93,False,False,False,True,False,False,False,False,False,2026-10-06,資訊服務業
5425,5425.TWO,TSC,台半,264.8,,TPEx LISTED,半導體業,100.5,105.5,105.5,99.0,19355552,1945.23,100.3,97.43,0.2,3.15,-4.74,3.08,4.91,144.0,144.0,144.0,144.0,144.0,-26.74,-26.74,-26.74,30.21,30.21,False,False,False,False,False,False,False,False,False,2026-10-06,半導體業
5426,5426.TWO,CF,振發,41.41,,TPEx LISTED,電腦及週邊設備業,28.8,29.55,29.55,28.8,487901,14.05,28.93,28.645,-0.45,0.54,-1.2,0.7,3.6,40.25,45.9,45.9,40.25,45.9,-26.58,-35.62,-35.62,28.45,37.25,False,False,False,False,False,False,False,False,False,2026-10-06,電腦及週邊設備業
5432,5432.TWO,SOLOMON DATA,新門,40.44,,TPEx LISTED,綠能環保,195.5,192.0,195.5,185.5,1126250,220.18,171.3,166.25,14.13,17.59,9.83,23.34,21.81,191.5,322.0,322.0,195.5,322.0,2.09,-39.29,-39.29,0.0,39.29,True,False,False,False,True,False,False,True,False,2026-10-06,綠能環保
5434,5434.TW,TOPCO,崇越,1200.91,,TWSE LISTED,電子通路業,619.0,620.0,633.0,613.0,1094774,677.67,588.8,563.9,5.13,9.77,-0.16,9.17,14.63,623.0,623.0,623.0,633.0,633.0,1.61,1.61,1.61,2.21,2.21,False,False,False,False,True,True,True,True,True,2026-10-06,電子通路業
5438,5438.TWO,TIS,東友,19.02,,TPEx LISTED,電腦及週邊設備業,16.9,17.0,17.1,16.85,42000,0.71,17.19,16.975,-1.69,-0.44,-1.17,-2.03,-0.59,24.65,46.2,46.2,24.65,46.2,-30.63,-62.99,-62.99,31.44,63.42,False,False,False,False,False,False,False,False,False,2026-10-06,電腦及週邊設備業
5439,5439.TWO,FHt,高技,245.92,,TPEx LISTED,電子零組件業,264.5,264.5,270.0,259.0,2708490,716.4,256.7,254.1,3.04,4.09,1.34,5.38,4.55,463.5,463.5,463.5,463.5,463.5,-41.75,-41.75,-41.75,42.93,42.93,True,False,False,False,False,False,False,False,False,2026-10-06,電子零組件業
5443,5443.TWO,GPM,均豪,186.16,,TPEx LISTED,半導體業,113.0,115.5,115.5,112.5,1269620,143.47,113.2,110.4,-0.18,2.36,-1.31,0.89,3.2,142.0,166.0,166.0,142.0,166.0,-18.66,-30.42,-30.42,20.42,31.93,False,False,False,False,False,False,False,False,False,2026-10-06,半導體業
5450,5450.TWO,NAMLIONG,南良,17.81,,TPEx LISTED,其他,14.55,14.4,14.65,14.3,128069,1.86,14.6,14.675,-0.34,-0.85,0.69,-0.34,-1.36,20.6,22.8,31.0,20.6,22.8,-28.88,-35.75,-52.74,29.37,36.18,False,False,False,False,False,False,False,False,False,2026-10-06,其他
5452,5452.TWO,UNIC,佶優,47.6,,TPEx LISTED,其他電子業,32.0,30.4,32.8,30.05,6384544,204.31,28.96,28.305,10.5,13.05,6.67,16.58,17.86,40.85,45.95,45.95,40.85,45.95,-19.71,-28.62,-28.62,21.66,30.36,True,True,False,False,False,False,False,False,False,2026-10-06,其他電子業
5455,5455.TWO,SY,昇益,20.17,,TPEx LISTED,建材營造,30.8,30.8,30.8,30.8,1000,0.03,30.74,30.625,0.2,0.57,0.0,0.33,0.33,31.0,95.9,95.9,31.0,95.9,-0.65,-67.88,-67.88,0.65,67.88,False,False,False,False,False,False,False,True,False,2026-10-06,建材營造
5457,5457.TWO,SPEED TECH,宣德,47.69,,TPEx LISTED,電子零組件業,24.3,24.45,24.7,24.0,428000,10.4,24.19,24.05,0.45,1.04,1.25,1.67,3.4,42.0,71.4,138.5,42.0,71.4,-41.19,-65.41,-82.17,42.14,65.97,False,False,False,True,False,False,False,False,False,2026-10-06,電子零組件業
5460,5460.TWO,MUSTANG,同協,10.29,,TPEx LISTED,電子零組件業,17.5,17.55,17.6,17.3,80115,1.4,17.37,17.17,0.75,1.92,-0.28,1.45,3.55,21.2,23.25,23.25,21.2,23.25,-16.98,-24.3,-24.3,17.45,24.73,False,False,False,False,False,False,False,False,False,2026-10-06,電子零組件業
5464,5464.TWO,LIN HORN,霖宏,64.6,,TPEx LISTED,電子零組件業,90.9,95.0,96.0,90.5,417003,37.91,91.24,90.84,-0.37,0.07,-3.19,-1.73,1.0,109.0,109.0,109.0,109.0,109.0,-11.93,-11.93,-11.93,16.61,16.61,False,False,False,False,False,False,False,False,False,2026-10-06,電子零組件業
5465,5465.TWO,LFE,富驊,48.66,,TPEx LISTED,電腦及週邊設備業,32.95,32.7,33.15,32.2,334001,11.01,33.13,32.775,-0.54,0.53,0.76,-2.66,-5.04,36.95,53.7,64.3,36.95,53.7,-10.28,-38.27,-48.44,10.83,38.64,False,False,False,False,False,False,False,False,False,2026-10-06,電腦及週邊設備業
5468,5468.TWO,TMTECH,凱鈺,14.52,,TPEx LISTED,半導體業,24.65,24.4,24.7,24.35,115000,2.83,25.17,24.99,-2.07,-1.36,-0.2,-3.14,-3.52,36.5,36.5,43.39,36.5,36.5,-32.33,-32.33,-43.07,32.47,32.47,False,False,False,False,False,False,False,False,False,2026-10-06,半導體業
5469,5469.TW,HSB,瀚宇博,391.36,,TWSE LISTED,電子零組件業,80.5,78.5,80.9,78.0,3867028,311.3,76.68,74.88,4.98,7.51,2.68,7.91,9.38,109.0,115.0,115.0,109.0,115.0,-25.78,-29.65,-29.65,26.15,30.0,True,True,False,False,False,False,False,False,False,2026-10-06,電子零組件業
5471,5471.TW,SONIX,松翰,87.13,,TWSE LISTED,半導體業,51.9,52.7,52.7,51.4,734290,38.11,52.54,52.32,-1.22,-0.8,-1.33,-0.95,-1.52,69.1,69.1,119.0,69.1,69.1,-23.73,-23.73,-55.71,24.89,24.89,False,False,False,False,False,False,False,False,False,2026-10-06,半導體業
5474,5474.TWO,YUAN,聰泰,64.8,,TPEx LISTED,電腦及週邊設備業,163.0,162.5,165.0,160.0,221001,36.02,162.6,163.0,0.25,0.0,2.19,-1.21,3.16,201.5,228.0,313.33,201.5,228.0,-18.11,-27.63,-47.34,19.11,28.51,False,False,False,True,False,False,False,False,False,2026-10-06,電腦及週邊設備業
5475,5475.TWO,GLOTECH,德宏,230.1,,TPEx LISTED,電子零組件業,181.0,186.0,188.0,180.0,2143853,388.04,180.6,180.15,0.22,0.47,-1.63,1.69,0.28,404.5,404.5,404.5,404.5,404.5,-53.52,-53.52,-53.52,55.25,55.25,False,False,False,True,False,False,False,False,False,2026-10-06,電子零組件業
5478,5478.TWO,SOFT-WORLD,智冠,151.39,,TPEx LISTED,文化創意業,97.0,97.1,97.2,97.0,34111,3.31,97.26,97.17,-0.27,-0.17,-0.1,-0.51,0.0,116.0,206.0,206.0,116.0,206.0,-16.21,-52.82,-52.82,16.38,52.91,False,False,False,False,False,False,False,False,False,2026-10-06,文化創意業
5481,5481.TWO,SINOTACT,新華,14.57,,TPEx LISTED,其他,20.4,21.7,21.7,19.55,693103,14.14,21.57,21.78,-5.42,-6.34,-5.99,-7.69,-7.27,24.3,34.65,55.34,24.3,34.65,-10.7,-37.37,-60.79,16.05,41.13,False,False,False,False,False,False,False,False,False,2026-10-06,其他
5483,5483.TWO,SAS,中美晶,1378.63,,TPEx LISTED,半導體業,215.0,214.5,220.5,211.0,17281666,3715.56,214.0,201.35,0.47,6.78,0.23,1.65,13.76,279.5,279.5,279.5,279.5,279.5,-21.11,-21.11,-21.11,23.08,23.08,False,False,False,False,False,False,False,False,False,2026-10-06,半導體業
5484,5484.TW,EverFocus,慧友,25.72,,TWSE LISTED,光電業,38.5,38.65,38.7,38.45,167005,6.43,39.01,39.285,-1.31,-2.0,-0.52,-1.79,-1.91,58.9,118.5,118.5,58.9,118.5,-34.3,-67.34,-67.34,34.63,67.51,False,False,False,False,False,False,False,False,False,2026-10-06,光電業
5487,5487.TWO,TONTEK,通泰,6.98,,TPEx LISTED,半導體業,28.8,29.2,29.45,28.75,117000,3.37,28.9,28.995,-0.35,-0.67,-1.03,0.35,1.05,31.25,42.75,54.8,31.25,42.75,-5.76,-31.11,-46.26,7.84,32.63,False,False,False,False,False,False,False,True,False,2026-10-06,半導體業
5488,5488.TWO,SP,松普,11.13,,TPEx LISTED,電子零組件業,12.15,12.05,12.2,11.85,218155,2.65,12.15,11.995,-0.0,1.29,0.83,0.0,3.4,19.3,19.4,19.4,19.3,19.4,-36.79,-37.11,-37.11,37.05,37.37,False,False,False,False,False,False,False,False,False,2026-10-06,電子零組件業
5489,5489.TWO,DYNACOLOR,彩富,42.78,,TPEx LISTED,其他電子業,41.65,41.7,42.2,41.5,26000,1.08,42.11,42.805,-1.09,-2.7,-0.12,-1.65,-1.3,68.8,68.8,68.8,68.8,68.8,-38.66,-38.66,-38.66,39.46,39.46,False,False,False,False,False,False,False,False,False,2026-10-06,其他電子業
5490,5490.TWO,XAC,同亨,24.37,,TPEx LISTED,電腦及週邊設備業,25.35,25.3,25.55,25.3,118010,2.99,25.55,25.54,-0.78,-0.74,0.4,-0.98,-0.39,36.35,39.0,75.5,36.35,39.0,-29.71,-34.49,-66.16,30.26,35.0,False,False,False,False,False,False,False,False,False,2026-10-06,電腦及週邊設備業
5493,5493.TWO,Sanlien,三聯,39.36,,TPEx LISTED,其他電子業,90.1,90.9,91.0,89.9,88100,7.94,90.6,91.29,-0.55,-1.3,-0.22,-0.66,-0.55,107.5,116.19,116.19,107.5,116.19,-15.35,-21.68,-21.68,16.19,22.45,False,False,False,False,False,False,False,False,False,2026-10-06,其他電子業
5498,5498.TWO,KEY WARE,凱崴,104.32,,TPEx LISTED,電子零組件業,53.9,54.8,56.0,53.9,2139146,115.3,53.22,51.985,1.28,3.68,-1.64,6.52,8.12,87.2,87.2,87.2,87.2,87.2,-35.78,-35.78,-35.78,38.19,38.19,False,False,False,False,False,False,False,False,False,2026-10-06,電子零組件業
5508,5508.TWO,YCDC,永信建,115.24,,TPEx LISTED,建材營造,53.0,53.0,53.4,52.9,114053,6.04,53.24,53.39,-0.45,-0.73,0.0,-0.75,0.0,66.0,322.0,322.0,66.0,322.0,-19.09,-83.42,-83.42,19.7,83.54,False,False,False,False,False,False,False,False,False,2026-10-06,建材營造
5511,5511.TWO,TE CHANG,德昌,93.16,,TPEx LISTED,建材營造,68.5,68.5,68.6,68.1,94802,6.49,68.98,69.34,-0.7,-1.21,0.0,-1.15,-1.72,75.3,75.3,75.3,75.3,75.3,-8.9,-8.9,-8.9,9.03,9.03,False,False,False,False,False,False,False,True,True,2026-10-06,建材營造
5512,5512.TWO,RICH,力麒,57.4,,TPEx LISTED,建材營造,7.49,7.5,7.5,7.44,997600,7.47,7.62,7.661,-1.71,-2.23,-0.27,-2.73,-2.73,8.35,15.24,15.24,8.35,15.24,-10.18,-50.8,-50.8,10.3,50.86,False,False,False,False,False,False,False,False,False,2026-10-06,建材營造
5514,5514.TWO,SUN FON,三豐,35.54,,TPEx LISTED,建材營造,15.05,15.05,15.05,15.05,12000,0.18,15.1,14.995,-0.33,0.37,-0.66,-0.33,-0.33,17.35,24.22,24.22,17.35,24.22,-13.26,-37.87,-37.87,13.26,37.87,False,False,False,False,False,False,False,False,False,2026-10-06,建材營造
5515,5515.TW,CHIEN KUO,建國,104.63,,TWSE LISTED,建材營造,51.9,51.8,53.1,51.0,585805,30.4,51.52,51.395,0.74,0.98,1.37,0.78,-1.52,56.4,56.4,56.4,56.4,56.4,-5.85,-5.85,-5.85,7.98,7.98,False,False,False,True,False,False,False,True,True,2026-10-06,建材營造
5516,5516.TWO,SUN-SEA,雙喜,6.19,,TPEx LISTED,建材營造,12.0,11.9,12.0,11.75,33000,0.4,11.95,11.995,0.42,0.04,0.0,0.0,0.0,17.0,27.62,29.79,17.0,27.62,-29.41,-56.56,-59.72,29.41,56.56,False,False,True,True,False,False,False,False,False,2026-10-06,建材營造
5519,5519.TW,LD,隆大,56.96,,TWSE LISTED,建材營造,24.75,24.85,24.85,24.7,275899,6.83,25.01,25.235,-1.04,-1.92,-0.2,-1.59,-1.0,33.86,58.0,58.0,33.86,58.0,-26.6,-57.16,-57.16,26.9,57.33,False,False,False,False,False,False,False,False,False,2026-10-06,建材營造
5520,5520.TWO,Lihtai,力泰,50.5,,TPEx LISTED,建材營造,84.2,84.0,84.6,84.0,6000,0.51,83.68,83.19,0.62,1.21,0.24,0.84,1.2,91.9,98.3,98.3,91.9,98.3,-7.94,-13.94,-13.94,8.38,14.34,False,False,False,False,False,False,False,True,False,2026-10-06,建材營造
5521,5521.TW,KSECO,工信,53.9,,TWSE LISTED,建材營造,10.95,10.8,11.35,10.75,6690569,73.26,10.73,10.65,2.05,2.82,1.86,2.82,4.29,28.0,28.0,28.0,28.0,28.0,-59.46,-59.46,-59.46,60.89,60.89,True,True,False,False,False,False,False,False,False,2026-10-06,建材營造
5522,5522.TW,Farglory,遠雄,468.96,,TWSE LISTED,建材營造,60.0,60.1,60.4,59.8,584283,35.06,60.48,60.81,-0.79,-1.33,-0.17,-1.32,-1.15,83.9,98.7,98.7,83.9,98.7,-28.01,-38.8,-38.8,28.49,39.21,False,False,False,False,False,False,False,False,False,2026-10-06,建材營造
5523,5523.TWO,FONG CHIEN,豐謙,46.81,,TPEx LISTED,建材營造,30.2,30.1,30.3,30.1,151000,4.56,30.28,30.315,-0.26,-0.38,0.0,-0.49,-0.49,33.05,36.3,36.75,33.05,36.3,-8.32,-16.53,-17.55,8.62,16.8,False,False,False,False,False,False,False,True,False,2026-10-06,建材營造
5525,5525.TW,SWEETEN,順天,69.82,,TWSE LISTED,建材營造,21.95,21.85,22.0,21.7,73149,1.61,21.88,22.06,0.32,-0.5,0.92,0.23,0.0,28.3,41.57,41.57,28.3,41.57,-22.26,-47.08,-47.08,22.44,47.2,False,False,False,False,False,False,False,False,False,2026-10-06,建材營造
5529,5529.TWO,MEGA,鉅陞,27.55,,TPEx LISTED,建材營造,26.05,25.95,26.5,25.95,59000,1.54,26.11,26.11,-0.23,-0.23,0.39,0.0,-1.7,29.46,39.48,39.48,29.46,39.48,-10.06,-32.87,-32.87,11.58,34.01,False,False,False,False,False,False,False,False,False,2026-10-06,建材營造
5530,5530.TWO,LUNG YEN,龍巖,201.01,,TPEx LISTED,其他,47.85,48.2,48.2,47.8,269000,12.87,48.48,48.695,-1.3,-1.74,-0.83,-1.85,-1.85,58.4,90.0,90.0,58.4,90.0,-17.47,-46.44,-46.44,18.07,46.83,False,False,False,False,False,False,False,False,False,2026-10-06,其他
5531,5531.TW,Shining,鄉林,66.09,,TWSE LISTED,建材營造,6.76,6.69,6.85,6.69,938222,6.34,6.828,6.902,-1.0,-2.06,1.05,-2.17,-1.31,9.15,14.75,20.1,9.15,14.75,-25.14,-53.56,-65.92,26.12,54.17,False,False,False,False,False,False,False,False,False,2026-10-06,建材營造
5533,5533.TW,FOUNDING,皇鼎,39.65,,TWSE LISTED,建材營造,13.9,13.9,13.95,13.9,150776,2.1,13.9,13.96,-0.0,-0.43,0.36,0.0,0.36,14.85,28.95,28.95,14.85,28.95,-6.06,-51.81,-51.81,6.4,51.99,False,False,False,False,False,False,False,True,False,2026-10-06,建材營造
5534,5534.TW,CHONG HONG,長虹,224.2,,TWSE LISTED,建材營造,71.1,71.8,71.8,70.6,1238678,88.07,72.46,73.31,-1.88,-3.01,-0.97,-3.0,-3.0,87.8,150.5,150.5,87.8,150.5,-18.22,-52.29,-52.29,19.02,52.76,False,False,False,False,False,False,False,False,False,2026-10-06,建材營造
5536,5536.TWO,ACTER,聖暉*,1233.36,,TPEx LISTED,其他電子業,994.0,955.0,994.0,950.0,1951043,1939.34,956.4,923.2,3.93,7.67,4.19,3.65,10.2,1490.0,1490.0,1490.0,1490.0,1490.0,-33.29,-33.29,-33.29,33.29,33.29,False,False,False,False,False,False,False,False,False,2026-10-06,其他電子業
5538,5538.TW,TONG MING,東明-KY,72.94,,TWSE LISTED,鋼鐵工業,36.25,37.2,37.2,36.2,100200,3.63,36.29,35.82,-0.11,1.2,-2.55,0.83,2.4,38.75,40.9,67.9,38.75,40.9,-4.0,-9.05,-45.21,6.45,11.37,False,False,False,False,False,False,False,True,False,2026-10-06,鋼鐵工業
5543,5543.TWO,Buima,桓鼎-KY,12.84,,TPEx LISTED,建材營造,27.5,27.6,27.6,26.9,3000,0.08,27.23,27.225,0.99,1.01,0.18,1.85,2.04,36.9,49.48,70.16,36.9,49.48,-25.2,-44.22,-60.66,25.47,44.42,False,False,False,True,False,False,False,False,False,2026-10-06,建材營造
5546,5546.TW,YGI,永固-KY,11.57,,TWSE LISTED,建材營造,14.05,13.85,14.05,13.5,13000,0.18,14.0,14.145,0.36,-0.67,0.36,1.44,-0.35,23.85,42.55,90.0,23.85,42.55,-41.09,-66.98,-84.39,41.09,66.98,False,False,False,False,False,False,False,False,False,2026-10-06,建材營造
5547,5547.TWO,Jioushun,久舜,10.3,,TPEx LISTED,建材營造,20.2,20.1,20.2,20.1,18373,0.37,20.15,20.075,0.25,0.62,0.75,0.25,1.0,25.17,25.17,25.17,25.17,25.17,-19.76,-19.76,-19.76,19.76,19.76,False,False,False,False,False,False,False,False,False,2026-10-06,建材營造
5548,5548.TWO,ANCANG,安倉,12.74,,TPEx LISTED,建材營造,20.0,20.05,20.05,19.95,29000,0.58,20.05,20.155,-0.25,-0.77,-0.25,0.0,-0.99,24.15,36.29,36.29,24.15,36.29,-16.98,-44.75,-44.75,17.19,44.89,False,False,False,False,False,False,False,False,False,2026-10-06,建材營造
5601,5601.TWO,TACT,台聯櫃,18.73,,TPEx LISTED,航運業,28.9,29.55,29.55,28.9,10615,0.31,29.56,29.625,-2.23,-2.45,-5.4,0.0,0.0,38.0,39.95,45.5,38.0,39.95,-22.24,-26.03,-35.05,23.95,27.66,False,False,False,False,False,False,False,False,False,2026-10-06,航運業
5603,5603.TWO,SEA&LAND,陸海,14.89,,TPEx LISTED,航運業,14.2,13.4,14.5,13.3,233101,3.31,13.63,13.555,4.18,4.76,4.8,5.19,5.97,19.95,34.35,44.62,19.95,34.35,-27.32,-57.79,-67.5,28.82,58.66,False,False,False,True,False,False,False,False,False,2026-10-06,航運業
5604,5604.TWO,CLTC,中連,34.27,,TPEx LISTED,其他,31.5,31.7,31.75,31.35,12000,0.38,31.45,31.25,0.16,0.8,-0.79,0.32,1.78,40.2,51.5,108.0,40.2,51.5,-21.02,-38.35,-70.6,21.64,38.83,False,False,False,False,False,False,False,False,False,2026-10-06,其他
5607,5607.TW,Farglory FTZ,遠雄港,193.8,,TWSE LISTED,航運業,52.3,51.8,52.7,51.8,283423,14.82,52.04,52.15,0.5,0.29,0.97,0.77,0.77,58.4,59.01,69.11,58.4,59.01,-9.76,-10.69,-23.75,10.45,11.36,False,False,False,True,False,False,False,False,False,2026-10-06,航運業
5608,5608.TW,S. W.,四維航,65.01,,TWSE LISTED,航運業,16.7,16.8,17.2,16.7,2083929,34.8,16.92,16.98,-1.3,-1.65,-0.6,-1.76,0.0,19.75,25.15,71.47,19.75,25.15,-12.91,-31.61,-75.93,15.44,33.6,False,False,False,False,False,False,False,False,False,2026-10-06,航運業
5609,5609.TWO,DIMERCO,中菲行,111.88,,TPEx LISTED,航運業,78.3,77.7,78.5,77.5,247928,19.41,78.0,78.3,0.38,0.0,0.77,0.51,0.13,85.5,105.5,141.09,85.5,105.5,-8.19,-25.59,-44.36,8.42,25.78,False,False,False,True,False,False,False,True,False,2026-10-06,航運業
5701,5701.TWO,JFS,劍湖山,5.72,,TPEx LISTED,觀光餐旅,4.0,4.0,4.03,4.0,21437,0.09,4.05,4.105,-1.23,-2.56,-1.23,-1.72,-1.72,6.5,7.51,12.39,6.5,7.51,-38.0,-46.34,-67.47,38.46,46.74,False,False,False,False,False,False,False,False,False,2026-10-06,觀光餐旅
5703,5703.TWO,Landis Taipei,亞都麗緻,9.48,,TPEx LISTED,觀光餐旅,13.5,13.5,13.5,13.5,1000,0.01,13.41,13.655,0.67,-1.14,0.0,1.12,-2.88,16.5,29.95,40.3,16.5,29.95,-18.18,-54.92,-66.5,18.18,54.92,False,False,False,False,False,False,False,False,False,2026-10-06,觀光餐旅
5704,5704.TWO,Chihpen Royal,老爺知,13.24,,TPEx LISTED,觀光餐旅,22.5,22.45,22.7,22.4,22000,0.49,22.54,22.575,-0.18,-0.33,0.0,-0.44,0.0,27.57,56.9,86.2,27.57,56.9,-17.65,-60.11,-73.67,18.38,60.46,False,False,False,False,False,False,False,False,False,2026-10-06,觀光餐旅
5706,5706.TW,PHX TOUR,鳳凰,37.07,,TWSE LISTED,觀光餐旅,44.25,44.15,44.7,44.1,121731,5.39,44.15,44.145,0.23,0.24,0.57,0.11,0.8,57.2,73.33,111.26,57.2,73.33,-21.85,-39.05,-59.82,22.64,39.66,False,False,False,True,False,False,False,False,False,2026-10-06,觀光餐旅
5864,5864.TWO,CIS,致和證,195.99,,TPEx LISTED,金融保險,38.85,40.35,40.8,38.7,5009017,194.6,39.02,37.935,-0.44,2.41,-2.39,1.57,5.28,48.29,48.29,48.29,48.29,48.29,-15.51,-15.51,-15.51,19.55,19.55,False,False,False,False,False,False,False,False,False,2026-10-06,金融保險
5871,5871.TW,Chailease,中租-KY,1832.93,,TWSE LISTED,其他,105.0,105.5,106.5,105.0,6203307,651.35,106.2,107.15,-1.13,-2.01,-0.47,-2.33,-1.87,122.06,183.93,249.04,122.06,183.93,-12.75,-42.1,-57.24,13.98,42.91,False,False,False,False,False,False,False,False,False,2026-10-06,其他
5876,5876.TW,SCSB,上海商銀,2396.19,,TWSE LISTED,金融保險,48.8,48.55,48.85,48.3,3103250,151.44,48.79,48.995,0.02,-0.4,0.31,0.83,-0.1,50.0,50.0,55.78,50.0,50.0,-2.3,-2.3,-12.43,2.4,2.4,False,False,False,False,False,False,False,True,True,2026-10-06,金融保險
5878,5878.TWO,TABC,台名,9.38,,TPEx LISTED,金融保險,37.5,37.7,37.7,37.5,5000,0.19,37.7,37.89,-0.53,-1.03,0.0,-0.92,-1.06,42.45,51.5,51.8,42.45,51.5,-11.19,-26.8,-27.22,11.66,27.18,False,False,False,False,False,False,False,False,False,2026-10-06,金融保險
5880,5880.TW,TCFHC,合庫金,4170.93,,TWSE LISTED,金融保險,25.95,25.9,26.05,25.8,11978025,310.83,26.02,26.36,-0.27,-1.56,0.19,-0.19,-0.38,27.6,27.6,27.6,27.6,27.6,-5.62,-5.62,-5.62,5.98,5.98,False,False,False,False,False,False,False,True,True,2026-10-06,金融保險
5902,5902.TWO,Tait,德記,32.18,,TPEx LISTED,居家生活,34.05,34.0,34.55,33.85,415000,14.13,34.23,34.25,-0.53,-0.58,-0.15,-0.73,-0.44,44.75,49.75,49.75,44.75,49.75,-22.79,-30.55,-30.55,23.91,31.56,False,False,False,False,False,False,False,False,False,2026-10-06,居家生活
5903,5903.TWO,FamilyMart,全家,414.07,,TPEx LISTED,居家生活,185.5,186.0,186.0,185.5,9100,1.69,186.0,185.95,-0.27,-0.24,-0.54,-0.27,-0.54,197.0,211.5,280.0,197.0,211.5,-5.58,-12.06,-33.57,5.84,12.29,False,False,False,False,False,False,False,True,False,2026-10-06,居家生活
5904,5904.TWO,POYA*,寶雅*,731.27,,TPEx LISTED,居家生活,68.7,68.8,69.4,68.6,2609913,179.3,68.94,69.56,-0.35,-1.24,-0.15,-0.58,-0.15,92.3,92.3,92.3,92.3,92.3,-24.81,-24.81,-24.81,25.57,25.57,False,False,False,False,False,False,False,False,False,2026-10-06,居家生活
5905,5905.TWO,NRL,南仁湖,20.53,,TPEx LISTED,觀光餐旅,7.29,7.29,7.33,7.25,341000,2.49,7.326,7.313,-0.49,-0.31,0.0,-1.49,-1.49,9.8,25.4,25.4,9.8,25.4,-25.2,-71.14,-71.14,25.61,71.3,False,False,False,False,False,False,False,False,False,2026-10-06,觀光餐旅
5906,5906.TW,TAINAN CAYMAN,台南-KY,14.62,,TWSE LISTED,貿易百貨,38.95,38.95,38.95,38.95,1066,0.04,40.04,40.51,-2.72,-3.85,0.0,-5.69,-4.77,50.76,76.03,79.86,50.76,76.03,-23.27,-48.77,-51.23,23.27,48.77,False,False,False,False,False,False,False,False,False,2026-10-06,貿易百貨
5907,5907.TW,GORG,大洋-KY,9.09,,TWSE LISTED,貿易百貨,4.65,4.75,4.88,4.65,601000,2.79,4.752,4.79,-2.15,-2.92,-2.11,-3.13,-2.92,6.64,14.3,39.65,6.64,14.3,-26.51,-65.87,-87.69,29.97,67.48,False,False,False,False,False,False,False,False,False,2026-10-06,貿易百貨
6005,6005.TW,CSC,群益證,804.11,,TWSE LISTED,金融保險,32.75,33.15,33.25,32.4,6982313,228.67,32.34,32.255,1.27,1.53,-0.76,2.66,3.48,40.27,40.27,40.27,40.27,40.27,-17.44,-17.44,-17.44,18.68,18.68,False,False,False,False,False,False,False,False,False,2026-10-06,金融保險
6015,6015.TWO,HORIZON Sec.,宏遠證,72.05,,TPEx LISTED,金融保險,17.85,18.3,18.4,17.85,1619760,28.91,17.86,17.78,-0.06,0.39,-1.38,1.42,2.59,24.0,24.0,27.41,24.0,24.0,-23.33,-23.33,-32.86,25.62,25.62,False,False,False,False,False,False,False,False,False,2026-10-06,金融保險
6016,6016.TWO,concords,康和證,184.61,,TPEx LISTED,金融保險,23.9,24.65,24.85,23.9,4599979,109.94,24.03,23.835,-0.54,0.27,-1.85,0.84,1.7,32.44,32.44,32.44,32.44,32.44,-23.41,-23.41,-23.41,26.34,26.34,False,False,False,False,False,False,False,False,False,2026-10-06,金融保險
6020,6020.TWO,TACHAN,大展證,51.86,,TPEx LISTED,金融保險,20.55,20.6,20.6,20.55,6157,0.13,20.6,20.615,-0.24,-0.32,-0.24,0.0,0.24,26.15,26.15,28.5,26.15,26.15,-21.22,-21.22,-27.72,21.41,21.41,False,False,False,False,False,False,False,False,False,2026-10-06,金融保險
6021,6021.TWO,GOOD FINANCE,美好證,132.91,,TPEx LISTED,金融保險,42.6,43.25,44.3,42.5,296500,12.63,42.13,42.63,1.12,-0.07,-0.35,2.16,3.65,45.85,45.85,45.85,45.85,45.85,-3.38,-3.38,-3.38,7.09,7.09,False,False,False,False,False,False,False,True,True,2026-10-06,金融保險
6023,6023.TWO,Yuanta Futures,元大期貨,378.54,,TPEx LISTED,金融保險,84.5,84.3,84.9,84.3,172150,14.55,84.66,85.91,-0.19,-1.64,0.24,-0.35,-1.74,94.78,94.78,94.78,94.78,94.78,-10.43,-10.43,-10.43,10.85,10.85,False,False,False,False,False,False,False,False,False,2026-10-06,金融保險
6024,6024.TW,CFC,群益期,158.68,,TWSE LISTED,金融保險,59.5,59.7,59.8,59.5,174994,10.41,59.86,60.4,-0.6,-1.49,-0.34,-0.67,-1.16,63.8,63.8,63.8,63.8,63.8,-6.27,-6.27,-6.27,6.74,6.74,False,False,False,False,False,False,False,True,True,2026-10-06,金融保險
6026,6026.TWO,GFS,福邦證,62.79,,TPEx LISTED,金融保險,15.85,16.05,16.1,15.85,824220,13.06,15.95,15.92,-0.63,-0.44,-0.94,0.0,-0.31,19.55,19.55,19.91,19.55,19.55,-17.65,-17.65,-19.13,18.93,18.93,False,False,False,False,False,False,False,False,False,2026-10-06,金融保險
6028,6028.TWO,GIBC,公勝保經,25.5,,TPEx LISTED,金融保險,102.0,99.0,103.0,99.0,50005,5.1,99.86,99.0,2.14,3.03,2.72,2.82,3.24,124.5,150.45,150.45,124.5,150.45,-17.27,-31.54,-31.54,18.07,32.21,False,False,False,True,False,False,False,False,False,2026-10-06,金融保險
6101,6101.TWO,KIC,寬魚國際,43.84,,TPEx LISTED,文化創意業,37.6,37.8,37.8,37.3,307061,11.55,37.58,37.835,0.05,-0.62,0.67,-0.4,0.94,50.6,51.6,96.8,50.6,51.6,-25.3,-26.74,-60.95,25.69,27.13,False,False,False,False,False,False,False,False,False,2026-10-06,文化創意業
6103,6103.TWO,AVID,合邦,4.94,,TPEx LISTED,半導體業,36.3,36.0,36.3,36.0,9123,0.33,36.87,37.57,-1.55,-3.38,1.11,-1.63,-13.16,54.6,55.7,115.69,54.6,55.7,-33.52,-34.83,-68.62,33.52,34.83,False,False,False,False,False,False,False,False,False,2026-10-06,半導體業
6104,6104.TWO,GLI,創惟,80.01,,TPEx LISTED,半導體業,87.8,90.4,90.4,87.2,1287038,113.0,90.8,90.7,-3.3,-3.2,-3.2,-4.25,-3.52,111.0,189.5,333.5,111.0,189.5,-18.56,-52.3,-72.89,20.9,53.67,False,False,False,False,False,False,False,False,False,2026-10-06,半導體業
6108,6108.TW,APCB INC.,競國,27.47,,TWSE LISTED,電子零組件業,25.4,25.8,26.0,25.1,2216172,56.29,25.36,24.7,0.16,2.83,-0.97,1.6,4.1,26.6,26.6,33.8,26.6,26.6,-2.26,-2.26,-23.08,4.51,4.51,False,False,False,False,False,False,False,True,True,2026-10-06,電子零組件業
6109,6109.TWO,AtechOEM,亞元,9.05,,TPEx LISTED,通信網路業,10.3,10.3,10.4,10.3,67102,0.69,10.41,10.435,-1.06,-1.29,-0.96,-1.44,-0.48,15.4,17.75,20.6,15.4,17.75,-32.47,-41.41,-49.51,33.12,41.97,False,False,False,False,False,False,False,False,False,2026-10-06,通信網路業
6111,6111.TWO,SFG,光聚晶電,39.34,,TPEx LISTED,文化創意業,36.25,37.0,37.0,36.2,112003,4.06,37.68,37.24,-3.8,-2.66,-2.03,-4.86,-4.1,51.3,86.2,127.76,51.3,86.2,-27.88,-57.08,-71.04,29.34,57.95,False,False,False,False,False,False,False,False,False,2026-10-06,文化創意業
6112,6112.TW,Metaage,邁達特,84.1,,TWSE LISTED,資訊服務業,44.65,45.2,46.1,44.5,1454650,64.95,46.59,47.4,-4.16,-5.8,-0.56,-6.39,-5.7,53.1,77.7,82.6,53.1,77.7,-13.18,-40.67,-44.19,15.91,42.54,False,False,False,False,False,False,False,False,False,2026-10-06,資訊服務業
6113,6113.TWO,ASEC,亞矽,12.51,,TPEx LISTED,電子通路業,23.8,24.15,24.15,23.7,105100,2.5,24.0,23.185,-0.83,2.65,-1.65,-4.42,7.45,31.3,45.24,45.24,31.3,45.24,-22.84,-46.62,-46.62,23.96,47.39,False,False,False,False,False,False,False,False,False,2026-10-06,電子通路業
6114,6114.TWO,JUIC,久威,10.01,,TPEx LISTED,電子零組件業,22.8,23.0,23.0,22.8,54010,1.23,23.28,23.29,-2.06,-2.1,-2.15,-2.77,-1.94,34.5,55.3,78.64,34.5,55.3,-33.33,-58.41,-70.75,33.91,58.77,False,False,False,False,False,False,False,False,False,2026-10-06,電子零組件業
6115,6115.TW,I-SHENG,鎰勝,82.1,,TWSE LISTED,電子零組件業,43.75,44.5,44.5,43.75,121000,5.29,43.98,44.09,-0.52,-0.77,-0.79,-0.68,-0.57,50.1,59.5,59.5,50.1,59.5,-11.18,-25.21,-25.21,12.67,26.47,False,False,False,False,False,False,False,False,False,2026-10-06,電子零組件業
6116,6116.TW,Hannstar,彩晶,441.66,,TWSE LISTED,光電業,15.45,15.95,16.05,15.45,40200800,621.1,15.88,15.445,-2.71,0.03,-2.83,-1.28,3.69,22.7,22.7,30.7,22.7,22.7,-29.3,-29.3,-47.72,31.94,31.94,False,False,False,False,False,False,False,False,False,2026-10-06,光電業
6117,6117.TW,IN WIN,迎廣,63.61,,TWSE LISTED,電腦及週邊設備業,68.7,62.8,68.7,62.4,1662000,114.18,63.58,62.67,8.05,9.62,9.92,10.27,11.35,95.9,163.5,163.5,95.9,163.5,-28.36,-57.98,-57.98,28.36,57.98,False,False,False,True,False,False,False,False,False,2026-10-06,電腦及週邊設備業
6118,6118.TWO,Xander,建達,14.63,,TPEx LISTED,電子通路業,16.1,16.05,16.2,16.05,49000,0.79,16.13,16.02,-0.19,0.5,0.31,-1.23,0.94,20.3,30.4,51.5,20.3,30.4,-20.2,-46.71,-68.54,20.69,47.04,False,False,False,False,False,False,False,False,False,2026-10-06,電子通路業
6120,6120.TW,DARWIN,達運,84.76,,TWSE LISTED,光電業,14.15,14.4,14.45,14.0,7170674,101.47,14.57,13.725,-2.88,3.1,-1.39,-4.07,8.43,16.5,21.78,51.33,16.5,21.78,-12.42,-33.65,-71.85,14.24,35.03,False,False,False,False,False,False,False,False,False,2026-10-06,光電業
6121,6121.TWO,SMP,新普,689.02,,TPEx LISTED,電腦及週邊設備業,372.5,378.0,378.0,368.0,1093817,407.45,378.8,377.65,-1.66,-1.36,-2.49,-1.84,-1.84,487.5,551.0,551.0,487.5,551.0,-22.46,-31.4,-31.4,23.59,32.4,False,False,False,False,False,False,False,False,False,2026-10-06,電腦及週邊設備業
6122,6122.TWO,KPEC,擎邦,44.59,,TPEx LISTED,電機機械,57.1,61.8,61.8,56.8,2846500,162.54,61.12,58.33,-6.58,-2.11,-7.61,-8.35,-4.36,64.2,73.62,73.62,64.2,73.62,-3.74,-16.05,-16.05,11.06,22.44,False,False,False,False,False,False,False,False,False,2026-10-06,電機機械
6123,6123.TWO,GrandTech,上奇,26.48,,TPEx LISTED,資訊服務業,42.65,42.7,42.7,42.55,20105,0.86,42.9,42.99,-0.58,-0.79,-0.35,-0.7,-1.27,48.45,79.6,79.6,48.45,79.6,-11.87,-46.36,-46.36,11.97,46.42,False,False,False,False,False,False,False,False,False,2026-10-06,資訊服務業
6124,6124.TWO,YCTC,業強,49.27,,TPEx LISTED,電子零組件業,27.0,27.2,27.25,26.75,29000,0.78,27.14,27.11,-0.52,-0.41,-0.74,-0.74,-1.64,41.6,48.0,53.9,41.6,48.0,-34.5,-43.23,-49.44,35.1,43.75,False,False,False,False,False,False,False,False,False,2026-10-06,電子零組件業
6125,6125.TWO,KENMEC,廣運,128.99,,TPEx LISTED,電機機械,49.8,50.5,50.5,49.8,462682,23.04,50.15,49.58,-0.7,0.44,-0.99,-0.1,1.12,78.6,140.0,140.0,78.6,140.0,-35.75,-63.93,-63.93,36.64,64.43,False,False,False,False,False,False,False,False,False,2026-10-06,電機機械
6126,6126.TWO,SINGATRON,信音,42.46,,TPEx LISTED,電子零組件業,32.65,33.0,33.1,32.35,1256152,41.01,31.8,31.265,2.67,4.43,-2.25,6.01,6.01,44.5,44.5,44.5,44.5,44.5,-25.62,-25.62,-25.62,26.63,26.63,False,False,False,False,False,False,False,False,False,2026-10-06,電子零組件業
6127,6127.TWO,LEATEC,九豪,61.39,,TPEx LISTED,電子零組件業,56.8,56.8,58.7,56.0,4382926,248.95,56.3,52.53,0.89,8.13,-1.73,0.0,11.37,102.0,102.0,102.0,102.0,102.0,-42.45,-42.45,-42.45,44.31,44.31,False,False,False,False,False,False,False,False,False,2026-10-06,電子零組件業
6128,6128.TW,GPI,上福,24.69,,TWSE LISTED,電腦及週邊設備業,19.35,19.25,19.35,19.0,22000,0.43,19.2,19.195,0.78,0.81,1.84,0.52,1.31,27.15,43.65,49.0,27.15,43.65,-28.73,-55.67,-60.51,28.73,55.67,False,False,False,True,False,False,False,False,False,2026-10-06,電腦及週邊設備業
6129,6129.TWO,PTC,普誠,22.76,,TPEx LISTED,半導體業,14.174,14.321,14.321,14.026,329028,4.66,14.439,14.672,-1.84,-3.39,-1.03,-2.04,-1.71,23.72,37.47,64.23,23.72,37.47,-39.62,-61.78,-77.7,40.25,62.17,False,False,False,False,False,False,False,False,False,2026-10-06,半導體業
6130,6130.TWO,SHANGYA,上亞科技,11.22,,TPEx LISTED,生技醫療業,22.75,22.6,23.0,22.5,68001,1.55,23.24,23.46,-2.11,-3.03,0.89,-3.4,-4.41,45.75,48.3,72.82,45.75,48.3,-49.73,-52.38,-68.41,50.27,52.9,False,False,False,False,False,False,False,False,False,2026-10-06,生技醫療業
6133,6133.TW,GBE,金橋,32.76,,TWSE LISTED,電子零組件業,28.0,29.4,29.55,28.0,4058816,113.65,29.05,28.095,-3.61,-0.34,-4.27,-4.44,-1.75,31.0,31.0,32.35,31.0,31.0,-4.68,-4.68,-8.66,9.68,9.68,False,False,False,False,False,False,False,True,True,2026-10-06,電子零組件業
6134,6134.TWO,WanShih,萬旭,23.17,,TPEx LISTED,電子零組件業,28.3,29.75,29.75,28.3,542993,15.37,28.89,29.05,-2.04,-2.58,-2.75,-2.25,-3.25,41.8,44.75,44.75,41.8,44.75,-28.83,-33.52,-33.52,32.3,36.76,False,False,False,False,False,False,False,False,False,2026-10-06,電子零組件業
6136,6136.TW,FTC,富爾特,28.94,,TWSE LISTED,通信網路業,25.05,25.1,25.2,25.0,281888,7.06,25.17,25.005,-0.48,0.18,-0.6,-0.79,0.4,29.5,29.5,29.5,29.5,29.5,-14.58,-14.58,-14.58,15.08,15.08,False,False,False,False,False,False,False,False,False,2026-10-06,通信網路業
6138,6138.TWO,ANPEC,茂達,213.66,,TPEx LISTED,半導體業,282.5,287.5,287.5,279.0,524080,148.05,282.8,279.35,-0.11,1.13,-1.74,-0.35,1.44,441.0,441.0,441.0,441.0,441.0,-34.81,-34.81,-34.81,35.94,35.94,False,False,False,False,False,False,False,False,False,2026-10-06,半導體業
6139,6139.TW,L & K,亞翔,1872.83,,TWSE LISTED,其他電子業,795.0,797.0,805.0,784.0,2851935,2267.29,775.0,752.9,2.58,5.59,0.63,4.74,8.61,987.0,987.0,987.0,987.0,987.0,-18.44,-18.44,-18.44,19.45,19.45,True,True,False,False,False,False,False,False,False,2026-10-06,其他電子業
6140,6140.TWO,DIMENSION,訊達電腦,11.89,,TPEx LISTED,資訊服務業,21.65,19.75,21.65,19.75,1009751,21.86,20.34,21.095,6.44,2.63,9.9,7.98,4.34,26.9,47.18,47.18,26.9,47.18,-19.52,-54.11,-54.11,19.52,54.11,False,False,False,True,False,False,False,False,False,2026-10-06,資訊服務業
6141,6141.TW,PLOTECH,柏承,58.04,,TWSE LISTED,電子零組件業,51.2,52.0,52.1,50.8,1039070,53.2,51.48,51.37,-0.54,-0.33,0.0,-1.92,-3.21,59.9,59.9,59.9,59.9,59.9,-13.02,-13.02,-13.02,14.52,14.52,False,False,False,False,False,False,False,False,False,2026-10-06,電子零組件業
6142,6142.TW,CAMEO,友勁,27.65,,TWSE LISTED,通信網路業,9.09,9.02,9.12,8.98,454007,4.13,9.18,9.122,-0.98,-0.35,0.33,-0.87,0.33,12.05,13.95,19.85,12.05,13.95,-24.32,-34.62,-54.06,24.56,34.84,False,False,False,False,False,False,False,False,False,2026-10-06,通信網路業
6143,6143.TWO,"NETRONIX,INC.",振曜,68.07,,TPEx LISTED,通信網路業,79.1,80.5,80.5,79.1,521010,41.21,80.34,81.04,-1.54,-2.39,-1.25,-1.86,-2.35,122.5,159.5,159.5,122.5,159.5,-34.29,-49.53,-49.53,35.43,50.41,False,False,False,False,False,False,False,False,False,2026-10-06,通信網路業
6144,6144.TWO,DMT,得利影,5.05,,TPEx LISTED,文化創意業,13.2,13.4,13.6,13.15,16100,0.21,13.13,12.85,0.53,2.72,1.15,3.12,5.18,22.3,125.0,125.0,22.3,125.0,-39.01,-89.12,-89.12,40.81,89.44,False,False,False,False,False,False,False,False,False,2026-10-06,文化創意業
6146,6146.TWO,SPORTON,耕興,185.4,,TPEx LISTED,其他電子業,182.0,181.5,183.5,181.0,158400,28.83,181.9,181.1,0.05,0.5,0.55,0.28,1.11,239.5,295.0,295.0,239.5,295.0,-23.38,-37.8,-37.8,24.01,38.31,False,False,False,True,False,False,False,False,False,2026-10-06,其他電子業
6147,6147.TWO,CHIPBOND,頎邦,1612.01,,TPEx LISTED,半導體業,216.5,218.5,220.0,211.0,21222650,4594.7,218.1,217.0,-0.73,-0.23,0.23,-3.99,3.84,313.5,313.5,313.5,313.5,313.5,-29.82,-29.82,-29.82,30.94,30.94,False,False,False,False,False,False,False,False,False,2026-10-06,半導體業
6148,6148.TWO,AZION,驊宏資,17.57,,TPEx LISTED,資訊服務業,37.7,36.75,39.9,36.75,5322226,200.65,37.65,38.205,0.13,-1.32,3.86,-0.92,-2.08,42.1,80.0,80.0,42.1,80.0,-5.23,-50.12,-50.12,10.45,52.87,False,False,False,False,False,False,False,False,False,2026-10-06,資訊服務業
6150,6150.TWO,Tul,撼訊,31.67,,TPEx LISTED,電腦及週邊設備業,65.5,65.7,66.0,64.9,405001,26.53,66.76,64.09,-1.89,2.2,-1.21,-6.29,5.48,83.6,104.0,381.82,83.6,104.0,-21.05,-36.54,-82.71,21.65,37.02,False,False,False,False,False,False,False,False,False,2026-10-06,電腦及週邊設備業
6151,6151.TWO,GINAR,晉倫,19.26,,TPEx LISTED,其他電子業,34.85,34.8,35.3,34.6,67000,2.33,34.91,34.97,-0.17,-0.34,-0.71,0.58,0.29,51.0,64.9,64.9,51.0,64.9,-30.78,-45.61,-45.61,31.67,46.3,False,False,False,False,False,False,False,False,False,2026-10-06,其他電子業
6152,6152.TW,PRIME,百一,31.79,,TWSE LISTED,通信網路業,18.95,18.95,18.95,18.9,6135872,116.27,16.53,15.895,14.64,19.22,9.86,22.65,25.5,22.2,22.2,22.2,22.2,22.2,-14.64,-14.64,-14.64,14.64,14.64,True,True,False,False,False,False,False,False,False,2026-10-06,通信網路業
6153,6153.TW,Career Tech.,嘉聯益,114.51,,TWSE LISTED,電子零組件業,18.0,18.15,18.35,17.95,3221392,57.99,17.96,17.62,0.22,2.16,0.84,1.12,1.98,25.8,26.2,71.84,25.8,26.2,-28.88,-29.96,-74.46,30.23,31.3,False,False,False,False,False,False,False,False,False,2026-10-06,電子零組件業
6154,6154.TWO,Sunfar,順發,11.29,,TPEx LISTED,電子通路業,14.1,14.15,14.15,14.1,5000,0.07,14.18,14.165,-0.56,-0.46,-0.7,-0.7,-0.35,14.7,17.45,23.75,14.7,17.45,-3.74,-18.91,-40.42,4.08,19.2,False,False,False,False,False,False,False,True,False,2026-10-06,電子通路業
6155,6155.TW,KC,鈞寶,59.42,,TWSE LISTED,電子零組件業,67.5,70.0,70.2,66.7,2863780,193.31,68.78,63.73,-1.86,5.92,-4.93,-3.02,5.47,103.0,103.0,103.0,103.0,103.0,-31.84,-31.84,-31.84,34.47,34.47,False,False,False,False,False,False,False,False,False,2026-10-06,電子零組件業
6156,6156.TWO,SONG SHANG,松上,25.78,,TPEx LISTED,電子零組件業,23.9,22.45,24.45,22.1,2704228,64.63,22.42,21.74,6.6,9.94,7.42,9.89,10.39,34.5,40.6,40.6,34.5,40.6,-29.13,-39.78,-39.78,30.72,41.13,False,False,False,False,False,False,False,False,False,2026-10-06,電子零組件業
6158,6158.TWO,P-TWO,禾昌,9.8,,TPEx LISTED,電子零組件業,17.8,17.8,17.8,17.55,59840,1.07,17.49,17.38,1.77,2.42,0.0,3.19,3.19,22.35,41.5,101.2,22.35,41.5,-20.36,-57.11,-82.41,20.36,57.11,False,False,False,False,False,False,False,False,False,2026-10-06,電子零組件業
6160,6160.TWO,Cipherlab,欣技,9.59,,TPEx LISTED,電腦及週邊設備業,14.0,14.0,14.2,14.0,103033,1.44,13.93,13.98,0.5,0.14,0.36,0.72,0.72,19.25,34.95,41.6,19.25,34.95,-26.23,-59.37,-65.87,27.27,59.94,False,False,False,False,False,False,False,False,False,2026-10-06,電腦及週邊設備業
6161,6161.TWO,JETWAY,捷波,27.56,,TPEx LISTED,電腦及週邊設備業,49.0,49.3,49.3,49.0,23151,1.13,49.92,49.52,-1.84,-1.05,-0.31,-2.58,0.0,65.0,98.13,98.13,65.0,98.13,-24.15,-49.76,-49.76,24.62,50.07,False,False,False,False,False,False,False,False,False,2026-10-06,電腦及週邊設備業
6163,6163.TWO,HWACOM,華電網,62.44,,TPEx LISTED,資訊服務業,41.95,43.0,43.05,41.65,1140060,47.83,41.93,41.765,0.05,0.44,-3.34,1.33,1.08,76.6,76.6,76.6,76.6,76.6,-43.8,-43.8,-43.8,45.23,45.23,False,False,True,True,False,False,False,False,False,2026-10-06,資訊服務業
6164,6164.TW,LEDTECH,華興,10.64,,TWSE LISTED,光電業,13.3,14.25,14.25,13.1,3694290,49.13,12.98,12.64,2.47,5.22,-3.97,5.98,7.26,17.4,22.94,26.12,17.4,22.94,-18.1,-37.87,-45.45,23.56,42.02,False,False,False,False,False,False,False,False,False,2026-10-06,光電業
6165,6165.TW,Lang,浪凡,37.09,,TWSE LISTED,數位雲端,47.7,48.55,48.65,47.7,627020,29.91,49.06,49.11,-2.77,-2.87,-1.85,-3.83,-2.35,55.0,64.2,91.2,55.0,64.2,-11.55,-24.22,-46.66,13.27,25.7,False,False,False,False,False,False,False,False,False,2026-10-06,數位雲端
6166,6166.TW,ADLINK,凌華,283.11,,TWSE LISTED,電腦及週邊設備業,130.0,133.0,133.5,129.0,1299227,168.9,130.5,129.85,-0.38,0.12,0.39,0.0,-3.7,174.0,174.0,174.0,174.0,174.0,-23.28,-23.28,-23.28,25.29,25.29,False,False,False,False,False,False,False,False,False,2026-10-06,電腦及週邊設備業
6167,6167.TWO,POWERTIP,久正,15.04,,TPEx LISTED,光電業,10.51,10.459,10.561,10.459,190769,2.01,10.469,10.495,0.39,0.15,0.49,0.49,0.98,17.86,21.42,23.07,17.86,21.42,-40.86,-50.7,-54.21,41.14,50.94,False,False,True,True,False,False,False,False,False,2026-10-06,光電業
6168,6168.TW,HARVATEK CORPOR,宏齊,90.12,,TWSE LISTED,光電業,43.8,46.95,47.6,42.4,16851235,738.08,45.83,44.625,-4.43,-1.85,-7.01,-6.81,-3.1,50.6,50.6,50.6,50.6,50.6,-5.93,-5.93,-5.93,13.44,13.44,False,False,False,False,False,False,False,False,False,2026-10-06,光電業
6169,6169.TWO,InterServ,昱泉,2.81,,TPEx LISTED,文化創意業,12.0,12.0,12.0,12.0,2299,0.03,11.97,11.99,0.25,0.08,0.0,1.27,0.0,19.9,30.5,106.05,19.9,30.5,-39.7,-60.66,-88.68,39.7,60.66,False,False,False,False,False,False,False,False,False,2026-10-06,文化創意業
6170,6170.TWO,WELLDONE,統振,47.51,,TPEx LISTED,通信網路業,48.85,48.65,48.85,48.65,132639,6.48,48.91,48.585,-0.12,0.55,0.41,-0.61,0.1,53.8,62.8,65.5,53.8,62.8,-9.2,-22.21,-25.42,9.2,22.21,False,False,False,False,False,False,False,True,False,2026-10-06,通信網路業
6171,6171.TWO,Tacheng,大城地產,24.1,,TPEx LISTED,建材營造,24.1,24.0,24.35,23.85,37000,0.89,25.34,25.855,-4.89,-6.79,0.42,-11.88,-9.4,28.95,59.6,59.6,28.95,59.6,-15.89,-59.14,-59.14,16.75,59.56,False,False,False,False,False,False,False,False,False,2026-10-06,建材營造
6173,6173.TWO,P.D.C.,信昌電,486.21,,TPEx LISTED,電子零組件業,302.128,311.17,317.553,302.128,5097380,1540.06,312.766,317.819,-3.4,-4.94,-2.74,-6.12,-4.54,385.64,385.64,385.64,385.64,385.64,-17.66,-17.66,-17.66,21.66,21.66,False,False,False,False,False,False,False,False,False,2026-10-06,電子零組件業
6174,6174.TWO,AKER,安碁,27.25,,TPEx LISTED,電子零組件業,54.5,58.5,58.5,54.5,2817200,153.54,53.1,48.825,2.64,11.62,-9.92,9.0,20.98,67.0,67.0,67.0,67.0,67.0,-12.69,-12.69,-12.69,18.66,18.66,False,False,False,False,False,False,False,False,False,2026-10-06,電子零組件業
6175,6175.TWO,LITON,立敦,114.09,,TPEx LISTED,電子零組件業,76.0,75.0,76.1,74.1,1039005,78.96,74.92,72.44,1.44,4.91,1.06,-0.39,9.83,123.0,123.0,123.0,123.0,123.0,-38.13,-38.13,-38.13,38.21,38.21,False,False,False,False,False,False,False,False,False,2026-10-06,電子零組件業
6176,6176.TW,ROEC,瑞儀,319.12,,TWSE LISTED,光電業,91.5,92.5,92.5,91.4,708533,64.83,91.74,91.95,-0.26,-0.49,-0.87,0.11,1.44,182.67,299.33,299.33,182.67,299.33,-49.36,-69.1,-69.1,49.91,69.43,False,False,False,False,False,False,False,False,False,2026-10-06,光電業
6177,6177.TW,"DA-LI CO.,LTD.",達麗,213.28,,TWSE LISTED,建材營造,45.15,45.15,45.55,45.05,841295,37.98,45.91,46.325,-1.66,-2.54,-0.33,-3.22,-2.38,56.6,69.82,69.82,56.6,69.82,-19.52,-34.76,-34.76,20.23,35.34,False,False,False,False,False,False,False,False,False,2026-10-06,建材營造
6179,6179.TWO,ATE ENERGY,亞通,66.59,,TPEx LISTED,其他,37.55,36.1,38.0,35.6,7793643,292.65,36.41,36.44,3.13,3.05,5.03,4.45,0.27,41.9,41.9,54.86,41.9,41.9,-9.31,-9.31,-30.73,10.38,10.38,False,False,False,True,False,False,False,False,False,2026-10-06,其他
6180,6180.TWO,GAMANIA,橘子,72.3,,TPEx LISTED,文化創意業,41.2,41.0,41.5,40.75,229232,9.44,41.36,41.06,-0.39,0.34,-0.36,-1.08,0.24,54.4,90.8,119.5,54.4,90.8,-23.71,-54.3,-65.27,24.26,54.63,False,False,False,False,False,False,False,False,False,2026-10-06,文化創意業
6182,6182.TWO,WAFER WORKS,合晶,800.39,,TPEx LISTED,半導體業,128.0,132.0,134.5,126.5,66984914,8574.07,131.5,124.85,-2.66,2.52,-2.66,-1.54,5.79,194.5,194.5,194.5,194.5,194.5,-30.85,-30.85,-30.85,34.19,34.19,False,False,False,False,False,False,False,False,False,2026-10-06,半導體業
6183,6183.TW,TRADE-VAN,關貿,137.55,,TWSE LISTED,資訊服務業,91.7,91.0,91.7,90.9,28000,2.57,91.78,91.46,-0.09,0.26,0.33,-0.65,1.33,100.0,112.0,112.0,100.0,112.0,-8.3,-18.13,-18.13,8.3,18.13,False,False,False,False,False,False,False,True,False,2026-10-06,資訊服務業
6184,6184.TW,Dafeng TV Ltd.,大豐電,63.13,,TWSE LISTED,其他,39.9,40.0,40.0,39.85,51009,2.04,40.17,40.255,-0.67,-0.88,-0.5,-1.24,-0.5,49.35,61.7,61.7,49.35,61.7,-18.95,-35.17,-35.17,19.15,35.33,False,False,False,False,False,False,False,False,False,2026-10-06,其他
6185,6185.TWO,PLASTRON,幃翔,18.73,,TPEx LISTED,電子零組件業,12.5,12.35,12.55,12.35,151050,1.89,12.5,12.525,0.0,-0.2,0.4,-0.79,1.21,15.65,19.3,28.6,15.65,19.3,-19.81,-34.97,-56.12,20.13,35.23,False,False,False,False,False,False,False,False,False,2026-10-06,電子零組件業
6186,6186.TWO,Shin Ruenn,新潤,56.13,,TPEx LISTED,建材營造,28.8,28.6,28.95,28.55,339321,9.77,28.92,29.13,-0.41,-1.13,0.52,-1.03,-0.69,55.7,96.96,96.96,55.7,96.96,-48.03,-70.14,-70.14,48.29,70.3,False,False,False,False,False,False,False,False,False,2026-10-06,建材營造
6187,6187.TWO,ALL RING,萬潤,1508.33,,TPEx LISTED,半導體業,1535.0,1500.0,1590.0,1445.0,5523630,8478.77,1393.0,1312.5,10.19,16.95,3.02,20.39,17.18,1490.0,1490.0,1490.0,1590.0,1590.0,6.71,6.71,6.71,3.46,3.46,True,False,False,False,True,True,True,True,True,2026-10-06,半導體業
6188,6188.TWO,QSI,廣明,172.03,,TPEx LISTED,電腦及週邊設備業,61.8,61.6,62.2,61.5,455139,28.13,62.0,62.03,-0.32,-0.37,0.32,-0.48,0.32,122.5,135.0,135.0,122.5,135.0,-49.22,-53.93,-53.93,49.55,54.22,False,False,False,False,False,False,False,False,False,2026-10-06,電腦及週邊設備業
6189,6189.TW,Promate,豐藝,130.99,,TWSE LISTED,電子通路業,49.65,49.5,50.0,49.2,303407,15.06,49.91,49.43,-0.52,0.45,0.51,-1.1,-1.1,60.5,94.58,94.58,60.5,94.58,-17.36,-47.14,-47.14,17.93,47.51,False,False,False,False,False,False,False,False,False,2026-10-06,電子通路業
6190,6190.TWO,WONDERFUL,萬泰科,142.13,,TPEx LISTED,通信網路業,76.2,78.8,79.7,76.2,9094926,693.03,73.2,71.12,4.1,7.14,-1.55,7.02,9.96,99.6,99.6,99.6,99.6,99.6,-19.98,-19.98,-19.98,23.49,23.49,False,False,False,False,False,False,False,False,False,2026-10-06,通信網路業
6191,6191.TW,GBM,精成科,433.4,,TWSE LISTED,電子零組件業,86.8,86.4,87.4,86.3,1963198,170.41,85.14,84.14,1.95,3.16,1.05,2.97,4.45,121.5,149.5,149.5,121.5,149.5,-28.07,-41.54,-41.54,28.56,41.94,True,True,False,False,False,False,False,False,False,2026-10-06,電子零組件業
6192,6192.TW,LUMAX,巨路,106.25,,TWSE LISTED,其他電子業,110.5,110.5,111.0,110.5,53000,5.86,110.0,110.2,0.45,0.27,0.0,0.45,0.91,136.0,136.0,136.0,136.0,136.0,-18.38,-18.38,-18.38,18.75,18.75,False,False,False,False,False,False,False,False,False,2026-10-06,其他電子業
6194,6194.TWO,YUFO,育富,15.14,,TPEx LISTED,電子零組件業,31.55,30.9,32.3,30.9,226060,7.13,30.3,30.31,4.13,4.09,4.99,4.82,6.59,36.25,52.1,52.1,36.25,52.1,-10.9,-38.0,-38.0,12.97,39.44,False,False,False,False,False,False,False,False,False,2026-10-06,電子零組件業
6195,6195.TWO,SCAN-D,詩肯,14.1,,TPEx LISTED,居家生活,28.1,28.1,28.2,28.0,17009,0.48,28.15,28.085,-0.18,0.05,0.0,-0.35,-0.71,29.25,43.2,64.1,29.25,43.2,-3.59,-34.72,-56.01,3.93,34.95,False,False,False,False,False,False,False,True,False,2026-10-06,居家生活
6196,6196.TW,MIC,帆宣,1460.78,,TWSE LISTED,其他電子業,663.0,684.0,684.0,649.0,3153270,2090.62,629.4,587.5,5.34,12.85,-2.36,10.13,21.88,679.0,679.0,679.0,684.0,684.0,0.74,0.74,0.74,3.07,3.07,False,False,False,False,True,True,True,True,True,2026-10-06,其他電子業
6197,6197.TW,JPC,佳必琪,450.55,,TWSE LISTED,電子零組件業,365.0,351.0,371.0,351.0,7222639,2636.26,341.1,330.05,7.01,10.59,5.8,10.61,14.42,405.0,405.0,405.0,405.0,405.0,-8.4,-8.4,-8.4,9.88,9.88,True,True,False,False,False,False,False,True,True,2026-10-06,電子零組件業
6198,6198.TWO,Rich Circle,瑞築,33.77,,TPEx LISTED,建材營造,19.7,19.7,19.7,19.7,1000,0.02,19.84,19.645,-0.71,0.28,1.29,-1.75,1.55,27.9,70.9,70.9,27.9,70.9,-29.39,-72.21,-72.21,29.39,72.21,False,False,False,False,False,False,False,False,False,2026-10-06,建材營造
6199,6199.TWO,TienPin,天品,83.68,,TPEx LISTED,其他,135.5,133.5,135.5,133.5,5161470,699.38,131.3,125.95,3.2,7.58,1.5,5.86,7.54,134.0,146.0,146.0,135.5,146.0,1.12,-7.19,-7.19,0.0,7.19,True,True,False,False,True,False,False,True,True,2026-10-06,其他
6201,6201.TW,YAHORNG,亞弘電,39.25,,TWSE LISTED,其他電子業,44.0,44.0,44.5,43.95,46000,2.02,44.32,44.485,-0.72,-1.09,-0.11,-1.23,-0.45,56.9,69.9,69.9,56.9,69.9,-21.79,-36.34,-36.34,22.67,37.05,False,False,False,False,False,False,False,False,False,2026-10-06,其他電子業
6202,6202.TW,HOLTEK,盛群,139.62,,TWSE LISTED,半導體業,60.6,61.1,61.4,59.5,1568843,95.07,60.66,59.42,-0.1,1.99,-0.33,0.83,3.77,81.0,81.0,151.5,81.0,81.0,-24.2,-24.2,-59.47,25.19,25.19,False,False,False,False,False,False,False,False,False,2026-10-06,半導體業
6203,6203.TWO,Sea Sonic,海韻電,49.28,,TPEx LISTED,電子零組件業,59.8,60.0,60.0,59.8,35080,2.1,60.08,59.93,-0.47,-0.22,-0.33,-0.83,-0.17,78.1,101.5,131.5,78.1,101.5,-23.18,-40.89,-54.37,23.43,41.08,False,False,False,False,False,False,False,False,False,2026-10-06,電子零組件業
6204,6204.TWO,ALPHA,艾華,25.53,,TPEx LISTED,電子零組件業,110.5,111.5,116.5,109.5,417115,46.09,108.2,106.05,2.13,4.2,-2.21,5.74,7.28,130.0,171.0,171.0,130.0,171.0,-10.38,-31.87,-31.87,15.0,35.38,False,False,False,False,False,False,False,False,False,2026-10-06,電子零組件業
6205,6205.TW,COXOC,詮欣,59.79,,TWSE LISTED,電子零組件業,72.7,72.4,73.7,72.2,690365,50.19,72.42,71.43,0.39,1.78,0.14,1.25,2.25,104.5,104.5,104.5,104.5,104.5,-29.47,-29.47,-29.47,30.43,30.43,False,False,False,False,False,False,False,False,False,2026-10-06,電子零組件業
6206,6206.TW,FLYTECH,飛捷,193.85,,TWSE LISTED,電腦及週邊設備業,135.5,137.5,138.0,135.5,535400,72.55,137.7,139.2,-1.6,-2.66,-1.45,-2.52,-5.24,159.0,183.0,183.0,159.0,183.0,-13.21,-24.59,-24.59,14.78,25.96,False,False,False,False,False,False,False,False,False,2026-10-06,電腦及週邊設備業
6207,6207.TWO,LASERTEK,雷科,133.55,,TPEx LISTED,電子零組件業,143.5,153.0,153.0,143.5,11773670,1689.52,147.9,134.85,-2.97,6.41,-5.59,-1.03,4.36,181.5,181.5,181.5,181.5,181.5,-15.7,-15.7,-15.7,20.94,20.94,False,False,False,False,False,False,False,False,False,2026-10-06,電子零組件業
6208,6208.TWO,Htc,日揚,75.38,,TPEx LISTED,半導體業,79.8,80.0,80.6,79.3,181000,14.44,79.12,77.08,0.86,3.53,-0.13,0.38,6.97,108.5,108.5,108.5,108.5,108.5,-25.71,-25.71,-25.71,26.45,26.45,False,False,False,False,False,False,False,False,False,2026-10-06,半導體業
6209,6209.TW,KINKO,今國光,158.79,,TWSE LISTED,光電業,87.3,89.0,92.5,86.1,22034166,1923.58,84.7,81.91,3.07,6.58,-0.68,5.56,7.12,104.5,104.5,104.5,104.5,104.5,-11.48,-11.48,-11.48,16.46,16.46,False,False,False,False,False,False,False,False,False,2026-10-06,光電業
6210,6210.TWO,KINTECH,慶生,6.17,,TPEx LISTED,電子零組件業,17.6,17.7,17.7,17.25,18000,0.32,17.84,17.685,-1.35,-0.48,-2.22,-1.68,-0.85,22.65,30.9,57.8,22.65,30.9,-21.85,-42.72,-69.38,22.3,43.04,False,False,False,False,False,False,False,False,False,2026-10-06,電子零組件業
6212,6212.TWO,LI MING,理銘,32.69,,TPEx LISTED,建材營造,32.05,32.05,32.05,32.05,1000,0.03,32.41,32.49,-1.11,-1.35,0.16,-0.62,-4.75,41.4,119.5,119.5,41.4,119.5,-22.58,-73.18,-73.18,22.58,73.18,False,False,False,False,False,False,False,False,False,2026-10-06,建材營造
6213,6213.TW,ITEQ,聯茂,2861.51,,TWSE LISTED,電子零組件業,787.0,797.0,818.0,762.0,31772839,25005.22,697.2,632.7,12.88,24.39,4.79,22.59,26.94,751.0,751.0,751.0,818.0,818.0,8.92,8.92,8.92,3.79,3.79,True,True,False,False,True,True,True,True,True,2026-10-06,電子零組件業
6214,6214.TW,SYSTEX,精誠,513.18,,TWSE LISTED,資訊服務業,188.5,188.0,189.5,188.0,405672,76.47,188.5,189.4,0.0,-0.48,0.0,-0.26,-0.26,195.0,195.0,195.0,195.0,195.0,-2.82,-2.82,-2.82,3.33,3.33,False,False,False,False,False,False,False,True,True,2026-10-06,資訊服務業
6215,6215.TW,Aurotek,和椿,81.94,,TWSE LISTED,其他電子業,98.1,98.4,99.2,97.0,319063,31.3,97.7,97.55,0.41,0.56,0.31,1.03,0.93,138.0,164.0,164.0,138.0,164.0,-28.12,-39.51,-39.51,28.91,40.18,False,False,False,True,False,False,False,False,False,2026-10-06,其他電子業
6216,6216.TW,DrayTek Corp.,居易,19.26,,TWSE LISTED,通信網路業,19.8,19.9,19.9,19.7,60000,1.19,19.81,19.7,-0.05,0.51,-0.5,0.25,1.54,29.15,53.9,53.9,29.15,53.9,-31.73,-63.08,-63.08,32.08,63.27,False,False,False,False,False,False,False,False,False,2026-10-06,通信網路業
6217,6217.TWO,C.C.P.,中探針,203.95,,TPEx LISTED,電子零組件業,174.0,180.0,183.5,172.0,2379216,413.98,176.1,173.7,-1.19,0.17,-2.25,-0.29,0.58,371.0,371.0,371.0,371.0,371.0,-50.54,-50.54,-50.54,53.1,53.1,False,False,False,False,False,False,False,False,False,2026-10-06,電子零組件業
6218,6218.TWO,Hauman,豪勉,36.31,,TPEx LISTED,通信網路業,56.5,58.8,62.7,56.3,5044559,285.02,61.4,62.38,-7.98,-9.43,-7.98,-10.03,-10.6,69.0,69.0,69.0,69.0,69.0,-9.13,-9.13,-9.13,18.12,18.12,False,False,False,False,False,False,False,False,False,2026-10-06,通信網路業
6219,6219.TWO,FULL WANG,富旺,15.25,,TPEx LISTED,建材營造,12.2,12.15,12.2,12.05,104000,1.27,12.21,12.17,-0.08,0.25,0.41,-1.21,0.41,20.9,54.76,54.76,20.9,54.76,-41.63,-77.72,-77.72,41.63,77.72,False,False,False,False,False,False,False,False,False,2026-10-06,建材營造
6220,6220.TWO,YFC-BONEAGLE,岳豐,37.49,,TPEx LISTED,電子零組件業,25.6,25.4,26.8,25.4,720001,18.43,25.37,25.275,0.91,1.29,1.19,1.19,1.39,46.5,46.5,74.77,46.5,46.5,-42.37,-42.37,-64.16,44.95,44.95,False,False,False,False,False,False,False,False,False,2026-10-06,電子零組件業
6221,6221.TWO,Genesis,晉泰,51.93,,TPEx LISTED,資訊服務業,30.8,30.25,32.6,30.2,2142627,65.99,30.62,31.13,0.59,-1.06,2.33,-0.48,-6.24,33.9,65.78,65.78,33.9,65.78,-3.83,-50.44,-50.44,9.14,53.18,False,False,False,False,False,False,False,True,False,2026-10-06,資訊服務業
6222,6222.TWO,Li Hsuan,立軒,19.14,,TPEx LISTED,光電業,20.0,19.95,20.0,19.95,7000,0.14,19.69,19.19,1.57,4.22,0.5,3.63,6.38,23.6,48.8,48.8,23.6,48.8,-15.25,-59.02,-59.02,15.25,59.02,False,False,False,False,False,False,False,False,False,2026-10-06,光電業
6223,6223.TWO,MPI,旺矽,5555.54,,TPEx LISTED,半導體業,5670.0,5530.0,5725.0,5425.0,828944,4700.11,5331.0,5371.5,6.36,5.56,2.72,12.72,9.35,7700.0,7700.0,7700.0,7700.0,7700.0,-25.65,-25.65,-25.65,26.36,26.36,True,False,False,False,False,False,False,False,False,2026-10-06,半導體業
6224,6224.TW,PTTC.,聚鼎,67.15,,TWSE LISTED,電子零組件業,78.4,81.5,81.5,78.2,450050,35.28,79.88,81.6,-1.85,-3.92,-1.63,-4.04,-3.45,97.5,97.5,188.0,97.5,97.5,-16.41,-16.41,-56.65,19.59,19.59,False,False,False,False,False,False,False,False,False,2026-10-06,電子零組件業
6225,6225.TW,aiPlex,天瀚,42.18,,TWSE LISTED,光電業,70.3,68.8,70.6,66.6,216270,15.2,67.12,59.58,4.74,17.99,1.59,5.08,26.9,80.0,80.0,80.0,80.0,80.0,-11.75,-11.75,-11.75,12.12,12.12,True,True,False,False,False,False,False,False,False,2026-10-06,光電業
6226,6226.TW,Para Light,光鼎,48.76,,TWSE LISTED,光電業,42.2,43.65,45.65,41.0,25132209,1060.58,44.94,44.565,-6.1,-5.31,-1.86,-12.08,-7.35,51.7,51.7,51.7,51.7,51.7,-11.7,-11.7,-11.7,18.38,18.38,False,False,False,False,False,False,False,False,False,2026-10-06,光電業
6227,6227.TWO,Macnica Galaxy,茂綸,107.7,,TPEx LISTED,電子通路業,141.5,144.0,144.0,140.5,785716,111.18,138.7,136.65,2.02,3.55,-0.7,3.28,4.04,151.5,151.5,151.5,151.5,151.5,-4.95,-4.95,-4.95,6.6,6.6,False,False,False,False,False,False,False,True,True,2026-10-06,電子通路業
6228,6228.TWO,PIE,全譜,5.13,,TPEx LISTED,電腦及週邊設備業,17.7,18.0,18.0,17.7,4000,0.07,18.18,17.92,-2.64,-1.23,-1.67,-2.48,-10.61,28.05,78.6,78.6,28.05,78.6,-35.83,-77.1,-77.1,36.9,77.48,False,False,False,False,False,False,False,False,False,2026-10-06,電腦及週邊設備業
6229,6229.TWO,V-TAC,研通,9.65,,TPEx LISTED,半導體業,23.9,24.15,24.15,23.7,53001,1.27,24.12,23.93,-0.91,-0.13,-1.04,-1.04,-0.42,31.25,46.55,56.0,31.25,46.55,-22.72,-48.12,-56.88,23.52,48.66,False,False,False,False,False,False,False,False,False,2026-10-06,半導體業
6230,6230.TW,NCCI,尼得科超眾,98.43,,TWSE LISTED,電腦及週邊設備業,114.0,113.0,114.5,112.0,74100,8.45,112.5,112.15,1.33,1.65,0.88,2.7,2.24,190.5,403.5,403.5,190.5,403.5,-39.9,-71.62,-71.62,40.16,71.75,True,False,True,True,False,False,False,False,False,2026-10-06,電腦及週邊設備業
6231,6231.TWO,Insyde,系微,106.83,,TPEx LISTED,資訊服務業,234.0,240.0,240.0,234.0,170171,39.82,237.0,233.4,-1.27,0.26,-0.85,-1.27,-2.9,373.0,614.0,614.0,373.0,614.0,-35.66,-60.91,-60.91,37.27,61.89,False,False,False,False,False,False,False,False,False,2026-10-06,資訊服務業
6233,6233.TWO,PROLIFIC,旺玖,19.76,,TPEx LISTED,半導體業,24.4,24.0,24.9,23.7,373001,9.1,23.58,22.49,3.48,8.49,3.39,3.61,11.93,31.0,49.8,55.4,31.0,49.8,-19.68,-50.0,-55.05,21.29,51.0,False,False,False,False,False,False,False,False,False,2026-10-06,半導體業
6234,6234.TWO,TERA AUTO,高僑,38.15,,TPEx LISTED,光電業,38.0,39.05,39.05,38.0,264000,10.03,39.22,39.205,-3.11,-3.07,-2.19,-3.92,-2.31,63.3,63.3,63.3,63.3,63.3,-38.31,-38.31,-38.31,39.97,39.97,False,False,False,False,False,False,False,False,False,2026-10-06,光電業
6235,6235.TW,Waffer,華孚,74.96,,TWSE LISTED,電腦及週邊設備業,37.5,38.0,38.25,37.5,598501,22.44,38.69,38.835,-3.08,-3.44,-2.22,-4.21,-3.47,64.8,150.5,183.0,64.8,150.5,-40.97,-74.58,-79.1,42.13,75.08,False,False,False,False,False,False,False,False,False,2026-10-06,電腦及週邊設備業
6236,6236.TWO,Neith Corp.,中湛,7.04,,TPEx LISTED,數位雲端,16.9,16.9,16.9,16.9,0,0.0,17.58,17.575,-3.87,-3.84,0.0,-9.63,-8.4,28.55,37.8,46.85,28.55,37.8,-40.81,-55.29,-63.93,40.81,55.29,False,False,False,False,False,False,False,False,False,2026-10-06,數位雲端
6237,6237.TWO,CMEI,驊訊,28.04,,TPEx LISTED,半導體業,35.2,35.7,36.0,35.2,175022,6.16,36.07,35.965,-2.41,-2.13,-1.12,-4.22,-2.76,58.5,74.9,177.0,58.5,74.9,-38.46,-51.94,-79.66,39.83,53.0,False,False,False,False,False,False,False,False,False,2026-10-06,半導體業
6239,6239.TW,PTI,力成,2357.15,,TWSE LISTED,半導體業,310.5,302.5,312.0,299.5,26721610,8297.06,299.6,293.7,3.64,5.72,4.37,6.15,10.5,387.0,387.0,387.0,387.0,387.0,-19.38,-19.38,-19.38,19.77,19.77,False,False,False,False,False,False,False,False,False,2026-10-06,半導體業
6240,6240.TWO,Sung Gang,松崗,5.97,,TPEx LISTED,資訊服務業,26.1,26.8,26.8,25.65,16000,0.42,25.87,25.415,0.89,2.7,0.38,3.16,2.35,28.25,31.8,94.4,28.25,31.8,-5.13,-15.72,-71.61,7.61,17.92,False,False,False,False,False,False,False,True,False,2026-10-06,資訊服務業
6241,6241.TWO,AMIGO,鑫永洋,7.47,,TPEx LISTED,通信網路業,16.4,16.2,16.5,16.0,77648,1.27,16.27,15.9,0.8,3.14,0.92,1.55,5.47,26.18,33.17,60.3,26.18,33.17,-36.97,-50.25,-72.64,37.35,50.55,False,False,False,False,False,False,False,False,False,2026-10-06,通信網路業
6242,6242.TWO,LI KANG,立康,10.77,,TPEx LISTED,生技醫療業,33.85,33.9,33.9,33.85,6000,0.2,33.93,33.97,-0.24,-0.35,0.0,-0.59,-0.73,39.4,59.56,68.94,39.4,59.56,-13.96,-43.08,-50.83,14.09,43.17,False,False,False,False,False,False,False,False,False,2026-10-06,生技醫療業
6243,6243.TW,ENE,迅杰,17.65,,TWSE LISTED,半導體業,39.0,40.6,40.6,39.0,291447,11.37,40.07,39.6,-2.67,-1.52,-2.99,-3.82,0.0,55.5,90.4,90.4,55.5,90.4,-26.85,-55.09,-55.09,29.73,56.86,False,False,False,False,False,False,False,False,False,2026-10-06,半導體業
6244,6244.TWO,MOTECH,茂迪,88.83,,TPEx LISTED,光電業,22.95,23.6,23.9,22.95,2728457,62.62,23.84,23.755,-3.73,-3.39,-1.29,-3.77,-2.34,39.1,39.1,50.96,39.1,39.1,-38.87,-38.87,-53.1,41.3,41.3,False,False,False,False,False,False,False,False,False,2026-10-06,光電業
6245,6245.TWO,Lanner,立端,128.72,,TPEx LISTED,通信網路業,87.8,90.0,90.9,87.8,588500,51.67,88.24,87.43,-0.5,0.42,-1.46,-0.57,-1.01,94.3,124.0,133.02,94.3,124.0,-3.61,-26.69,-31.66,6.89,29.19,False,False,False,False,False,False,False,True,False,2026-10-06,通信網路業
6246,6246.TWO,TTFIC,臺龍,4.79,,TPEx LISTED,光電業,12.65,12.65,12.65,12.6,3000,0.04,12.71,12.8,-0.47,-1.17,-0.39,-0.39,-1.94,18.9,32.75,32.75,18.9,32.75,-33.07,-61.37,-61.37,33.07,61.37,False,False,False,False,False,False,False,False,False,2026-10-06,光電業
6248,6248.TWO,TMP,沛波,17.14,,TPEx LISTED,鋼鐵工業,17.15,17.15,17.2,17.0,31000,0.53,17.18,16.995,-0.17,0.91,0.0,-0.58,1.78,22.3,37.15,37.15,22.3,37.15,-22.87,-53.7,-53.7,23.09,53.84,False,False,False,False,False,False,False,False,False,2026-10-06,鋼鐵工業
6257,6257.TW,SIGURD,矽格,1383.99,,TWSE LISTED,半導體業,286.0,269.5,286.0,267.5,35472236,10145.06,262.8,254.0,8.83,12.6,10.0,11.5,20.93,279.5,279.5,279.5,286.0,286.0,2.33,2.33,2.33,0.0,0.0,True,True,False,False,True,True,True,True,True,2026-10-06,半導體業
6259,6259.TWO,BULLWILL,百徽,9.06,,TPEx LISTED,電子零組件業,32.3,33.4,33.4,32.1,228025,7.37,32.03,30.67,0.84,5.31,-2.56,1.57,10.24,43.3,43.3,43.3,43.3,43.3,-22.86,-22.86,-22.86,25.4,25.4,False,False,False,False,False,False,False,False,False,2026-10-06,電子零組件業
6261,6261.TWO,YTEC,久元,100.61,,TPEx LISTED,半導體業,78.3,78.6,79.3,77.9,354045,27.72,78.7,78.79,-0.51,-0.62,0.26,-1.01,-0.13,136.0,136.0,136.0,136.0,136.0,-41.69,-41.69,-41.69,42.43,42.43,False,False,False,False,False,False,False,False,False,2026-10-06,半導體業
6263,6263.TWO,Planet,普萊德,109.69,,TPEx LISTED,通信網路業,175.5,168.0,177.0,166.0,679411,119.24,166.9,161.95,5.15,8.37,5.09,7.01,12.86,195.0,195.5,195.5,195.0,195.5,-9.23,-9.46,-9.46,10.0,10.23,False,False,False,False,False,False,False,True,False,2026-10-06,通信網路業
6264,6264.TWO,KL,富裔,8.3,,TPEx LISTED,建材營造,6.09,6.03,6.09,6.03,5000,0.03,6.11,6.061,-0.33,0.48,0.66,1.0,1.33,7.29,18.5,32.67,7.29,18.5,-16.46,-67.08,-81.36,16.46,67.08,False,False,False,False,False,False,False,False,False,2026-10-06,建材營造
6265,6265.TWO,KCU,方土昶,57.49,,TPEx LISTED,電子通路業,48.65,49.3,49.65,48.6,757200,36.84,49.14,48.495,-1.0,0.32,-0.82,-1.22,1.78,68.7,68.7,68.7,68.7,68.7,-27.73,-27.73,-27.73,29.18,29.18,False,False,False,False,False,False,False,False,False,2026-10-06,電子通路業
6266,6266.TWO,TOP UNION,泰詠,40.85,,TPEx LISTED,電子零組件業,26.55,27.3,27.4,26.35,492886,13.09,26.08,25.495,1.8,4.14,-1.67,6.41,6.84,32.0,33.41,40.17,32.0,33.41,-14.38,-17.99,-31.8,17.03,20.54,False,False,False,False,False,False,False,False,False,2026-10-06,電子零組件業
6269,6269.TW,FLEXIUM,台郡,209.84,,TWSE LISTED,電子零組件業,64.8,65.6,66.2,64.7,2252659,145.97,65.4,65.06,-0.92,-0.4,-0.46,-0.31,-0.15,91.8,101.5,153.0,91.8,101.5,-27.89,-34.78,-56.73,29.41,36.16,False,False,False,False,False,False,False,False,False,2026-10-06,電子零組件業
6270,6270.TWO,PCT,倍微,21.9,,TPEx LISTED,電子通路業,30.35,30.7,30.7,30.25,175000,5.31,30.43,30.04,-0.26,1.03,0.33,-0.65,0.33,46.55,46.55,46.55,46.55,46.55,-34.05,-34.05,-34.05,34.8,34.8,False,False,False,False,False,False,False,False,False,2026-10-06,電子通路業
6271,6271.TW,THEIL,同欣電,498.6,,TWSE LISTED,半導體業,238.5,241.0,242.5,235.5,4470387,1066.19,233.7,231.1,2.05,3.2,0.0,3.47,5.07,302.0,302.0,302.0,302.0,302.0,-19.7,-19.7,-19.7,21.03,21.03,False,False,False,False,False,False,False,False,False,2026-10-06,半導體業
6272,6272.TW,WIESON,驊陞,20.56,,TWSE LISTED,電子零組件業,25.15,25.25,25.5,25.0,129000,3.24,25.41,25.525,-1.02,-1.47,-0.4,-0.2,-0.98,46.0,68.3,68.3,46.0,68.3,-44.57,-62.66,-62.66,45.33,63.18,False,False,False,False,False,False,False,False,False,2026-10-06,電子零組件業
6274,6274.TWO,tuc,台燿,5255.52,,TPEx LISTED,電子零組件業,1755.0,1775.0,1775.0,1680.0,16873713,29613.37,1642.0,1552.5,6.88,13.04,-1.4,14.33,18.18,1920.0,1920.0,1920.0,1920.0,1920.0,-7.55,-7.55,-7.55,8.59,8.59,False,False,False,False,False,False,False,True,True,2026-10-06,電子零組件業
6275,6275.TWO,Y.S.TECH,元山,37.88,,TPEx LISTED,電子零組件業,47.15,47.65,47.65,47.0,163004,7.69,47.45,46.685,-0.63,1.0,-1.05,-0.63,1.29,61.9,72.6,72.6,61.9,72.6,-23.02,-34.37,-34.37,23.83,35.06,False,False,False,False,False,False,False,False,False,2026-10-06,電子零組件業
6276,6276.TWO,Antec,安鈦克,4.29,,TPEx LISTED,電腦及週邊設備業,19.45,19.6,19.95,19.45,10137,0.2,19.56,19.585,-0.56,-0.69,-1.52,-1.02,0.0,40.5,138.57,138.57,40.5,138.57,-50.74,-85.6,-85.6,51.98,85.96,False,False,False,False,False,False,False,False,False,2026-10-06,電腦及週邊設備業
6277,6277.TW,ATEN,宏正,93.31,,TWSE LISTED,電腦及週邊設備業,78.1,77.1,78.2,77.0,101000,7.89,77.4,77.68,0.9,0.54,1.3,0.51,1.83,88.6,88.6,103.0,88.6,88.6,-11.74,-11.74,-24.08,11.85,11.85,False,False,False,True,False,False,False,False,False,2026-10-06,電腦及週邊設備業
6278,6278.TW,TSMT,台表科,684.21,,TWSE LISTED,光電業,234.0,230.0,237.5,217.5,19057580,4459.47,221.1,215.05,5.83,8.81,6.36,8.08,8.33,254.5,254.5,254.5,254.5,254.5,-6.68,-6.68,-6.68,8.06,8.06,True,False,False,False,False,False,False,True,True,2026-10-06,光電業
6279,6279.TWO,HU LANE,胡連,138.65,,TPEx LISTED,電子零組件業,116.5,116.5,117.0,115.5,225092,26.22,115.1,113.5,1.22,2.64,0.0,3.1,4.48,131.0,184.76,184.76,131.0,184.76,-10.69,-36.68,-36.68,11.07,36.95,False,False,False,False,False,False,False,False,False,2026-10-06,電子零組件業
6281,6281.TW,E-LIFE,全國電,50.38,,TWSE LISTED,電子通路業,50.8,50.5,50.8,50.5,29050,1.48,50.9,50.97,-0.2,-0.33,0.2,-0.59,-0.78,63.7,88.4,88.5,63.7,88.4,-20.25,-42.53,-42.6,20.25,42.53,False,False,False,False,False,False,False,False,False,2026-10-06,電子通路業
6282,6282.TW,Acbel,康舒,374.97,,TWSE LISTED,電子零組件業,43.8,44.55,44.55,43.8,4799688,210.23,43.89,43.445,-0.21,0.82,-1.46,1.15,2.34,70.8,70.8,70.8,70.8,70.8,-37.08,-37.08,-37.08,38.14,38.14,False,False,False,False,False,False,False,False,False,2026-10-06,電子零組件業
6283,6283.TW,SOE,淳安,28.04,,TWSE LISTED,其他電子業,19.0,19.0,19.0,18.8,50000,0.95,19.17,19.0,-0.89,0.0,0.53,-1.55,1.06,26.65,38.45,76.2,26.65,38.45,-28.71,-50.59,-75.07,28.71,50.59,False,False,False,False,False,False,False,False,False,2026-10-06,其他電子業
6284,6284.TWO,INPAQ,佳邦,117.25,,TPEx LISTED,電子零組件業,78.7,79.6,79.7,78.0,820150,64.55,78.92,77.18,-0.28,1.97,-1.87,-1.99,2.21,131.0,131.0,131.0,131.0,131.0,-39.16,-39.16,-39.16,39.92,39.92,False,False,False,False,False,False,False,False,False,2026-10-06,電子零組件業
6285,6285.TW,WNC,啟碁,1237.61,,TWSE LISTED,通信網路業,256.0,256.0,270.0,254.5,18561604,4751.77,243.0,238.3,5.35,7.43,2.61,8.7,10.11,336.5,336.5,336.5,336.5,336.5,-19.76,-19.76,-19.76,23.92,23.92,True,False,False,False,False,False,False,False,False,2026-10-06,通信網路業
6290,6290.TWO,LONGWELL,良維,491.99,,TPEx LISTED,電子零組件業,290.0,284.0,290.5,277.0,4415144,1280.39,281.2,278.05,3.13,4.3,3.02,4.5,7.61,375.0,375.0,375.0,375.0,375.0,-22.53,-22.53,-22.53,22.67,22.67,False,False,False,True,False,False,False,False,False,2026-10-06,電子零組件業
6291,6291.TWO,AIC,沛亨,195.09,,TPEx LISTED,半導體業,464.5,494.0,494.0,464.5,811227,376.81,486.9,491.95,-4.6,-5.58,-4.82,-5.01,-6.91,718.0,718.0,718.0,718.0,718.0,-31.2,-31.2,-31.2,35.31,35.31,False,False,False,False,False,False,False,False,False,2026-10-06,半導體業
6292,6292.TWO,AXIS,迅德,32.71,,TPEx LISTED,電子零組件業,70.2,71.5,73.9,70.0,582020,40.86,69.22,67.94,1.42,3.33,-1.4,4.46,5.09,74.0,88.9,88.9,74.0,88.9,-0.14,-16.87,-16.87,5.14,21.03,False,False,False,False,False,False,False,True,False,2026-10-06,電子零組件業
6294,6294.TWO,Tekom,智基,7.23,,TPEx LISTED,文化創意業,27.75,28.0,28.0,27.7,15001,0.42,28.05,28.26,-1.07,-1.8,-1.07,-1.42,-1.77,48.5,121.23,150.0,48.5,121.23,-42.27,-76.9,-81.33,42.78,77.11,False,False,False,False,False,False,False,False,False,2026-10-06,文化創意業
6405,6405.TW,ONANO,悅城,26.71,,TWSE LISTED,光電業,40.6,41.9,42.15,40.1,841036,34.15,44.04,43.23,-7.81,-6.08,-3.1,-9.98,-10.87,89.1,89.1,89.1,89.1,89.1,-52.69,-52.69,-52.69,54.43,54.43,False,False,False,False,False,False,False,False,False,2026-10-06,光電業
6409,6409.TW,VOLTRONIC,旭隼,785.46,,TWSE LISTED,其他電子業,890.0,900.0,910.0,883.0,235576,209.66,893.0,888.6,-0.34,0.16,-0.11,-0.11,1.48,1380.0,2385.0,2385.0,1380.0,2385.0,-34.06,-61.84,-61.84,35.51,62.68,False,False,False,False,False,False,False,False,False,2026-10-06,其他電子業
6411,6411.TWO,Amazing,晶焱,78.11,,TPEx LISTED,半導體業,78.5,79.8,79.8,78.1,190100,14.92,78.54,78.49,-0.05,0.01,-0.25,0.13,1.29,117.5,133.5,298.92,117.5,133.5,-32.09,-40.22,-73.3,33.19,41.2,False,False,False,False,False,False,False,False,False,2026-10-06,半導體業
6412,6412.TW,Chicony Power,群電,296.57,,TWSE LISTED,電子零組件業,74.0,75.6,76.1,74.0,966419,71.52,74.7,74.49,-0.94,-0.66,-1.46,-0.8,-0.13,112.0,196.0,196.0,112.0,196.0,-32.05,-61.17,-61.17,33.93,62.24,False,False,False,False,False,False,False,False,False,2026-10-06,電子零組件業
6414,6414.TW,ENNOCONN,樺漢,606.02,,TWSE LISTED,電腦及週邊設備業,400.5,408.0,411.0,400.5,737451,295.35,400.8,389.85,-0.07,2.73,-1.72,-0.5,0.63,522.0,522.0,522.0,522.0,522.0,-21.26,-21.26,-21.26,23.28,23.28,False,False,False,False,False,False,False,False,False,2026-10-06,電腦及週邊設備業
6415,6415.TW,Silergy,矽力*-KY,1754.68,,TWSE LISTED,半導體業,449.5,440.0,454.5,432.5,2264201,1017.76,427.7,425.65,5.1,5.6,1.7,8.84,9.9,694.0,694.0,1372.5,694.0,694.0,-34.51,-34.51,-66.89,35.23,35.23,True,False,False,False,False,False,False,False,False,2026-10-06,半導體業
6416,6416.TW,CASWELL,瑞祺電通,89.49,,TWSE LISTED,通信網路業,122.0,119.5,123.0,119.0,737354,89.96,118.8,117.9,2.69,3.48,2.09,1.24,5.17,124.0,166.5,196.0,124.0,166.5,-0.81,-26.13,-37.24,1.61,26.73,False,False,False,False,False,False,False,True,False,2026-10-06,通信網路業
6417,6417.TWO,SAG,韋僑,43.96,,TPEx LISTED,通信網路業,104.0,103.0,104.0,102.5,50000,5.2,102.9,102.45,1.07,1.51,1.46,1.96,1.96,152.5,152.5,194.5,152.5,152.5,-31.8,-31.8,-46.53,31.8,31.8,False,False,False,False,False,False,False,False,False,2026-10-06,通信網路業
6418,6418.TWO,Y-S ELEC.,詠昇,11.82,,TPEx LISTED,電子零組件業,34.25,33.95,34.4,33.95,43000,1.47,34.45,34.665,-0.58,-1.2,0.29,-0.87,-1.01,44.2,80.0,80.0,44.2,80.0,-22.17,-57.0,-57.0,22.51,57.19,False,False,False,False,False,False,False,False,False,2026-10-06,電子零組件業
6419,6419.TWO,NUUO,京晨科,22.17,,TPEx LISTED,光電業,168.5,170.0,170.0,164.0,593007,99.92,161.4,156.2,4.4,7.87,-1.75,8.71,10.86,194.5,194.5,194.5,194.5,194.5,-12.6,-12.6,-12.6,13.37,13.37,False,False,False,False,False,False,False,False,False,2026-10-06,光電業
6423,6423.TWO,YMC,億而得,27.42,,TPEx LISTED,半導體業,88.4,92.0,92.0,88.4,113040,9.99,91.24,88.72,-3.11,-0.36,-3.91,-6.36,2.91,136.0,137.71,180.34,136.0,137.71,-32.35,-33.19,-48.99,35.0,35.81,False,False,False,False,False,False,False,False,False,2026-10-06,半導體業
6425,6425.TWO,EFC,易發,38.28,,TPEx LISTED,電機機械,74.5,77.3,78.3,72.5,737339,54.93,78.24,75.68,-4.78,-1.56,-2.74,-8.36,0.68,109.0,109.0,109.0,109.0,109.0,-28.17,-28.17,-28.17,31.65,31.65,False,False,False,False,False,False,False,False,False,2026-10-06,電機機械
6426,6426.TW,APOGEE,統新,135.17,,TWSE LISTED,通信網路業,351.0,362.0,375.0,350.0,2761351,969.23,350.9,361.9,0.03,-3.01,-1.82,3.39,-0.85,412.0,412.0,412.0,412.0,412.0,-8.98,-8.98,-8.98,14.81,14.81,False,False,False,False,False,False,False,False,False,2026-10-06,通信網路業
6431,6431.TW,KL,光麗-KY,16.17,,TWSE LISTED,生技醫療業,16.6,16.85,16.85,16.35,28000,0.46,17.15,17.26,-3.21,-3.82,-1.78,-5.68,-5.41,30.25,32.0,40.05,30.25,32.0,-44.3,-47.34,-57.93,45.12,48.12,False,False,False,False,False,False,False,False,False,2026-10-06,生技醫療業
6432,6432.TWO,ARLITECH,今展科,24.9,,TPEx LISTED,電子零組件業,64.2,66.6,66.9,64.2,586229,37.64,66.24,63.51,-3.08,1.09,-4.32,-8.02,7.9,86.9,86.9,86.9,86.9,86.9,-23.01,-23.01,-23.01,26.12,26.12,False,False,False,False,False,False,False,False,False,2026-10-06,電子零組件業
6435,6435.TWO,Sinopower,大中,99.27,,TPEx LISTED,半導體業,265.0,271.0,272.0,264.0,727149,192.69,266.5,257.8,-0.56,2.79,-4.16,1.15,4.95,447.5,447.5,447.5,447.5,447.5,-39.22,-39.22,-39.22,40.78,40.78,False,False,False,False,False,False,False,False,False,2026-10-06,半導體業
6438,6438.TW,SAA,迅得,137.7,,TWSE LISTED,其他電子業,167.5,168.0,168.0,165.0,658314,110.27,166.3,160.7,0.72,4.23,0.0,1.82,3.4,193.0,249.89,249.89,193.0,249.89,-12.95,-32.77,-32.77,13.21,32.97,False,False,False,False,False,False,False,False,False,2026-10-06,其他電子業
6441,6441.TWO,IBS,廣錠,12.02,,TPEx LISTED,電腦及週邊設備業,22.55,24.7,24.7,22.45,569020,12.83,24.4,24.585,-7.58,-8.28,-9.44,-9.44,-8.89,33.35,56.6,161.65,33.35,56.6,-25.94,-56.36,-84.72,32.38,60.16,False,False,False,False,False,False,False,False,False,2026-10-06,電腦及週邊設備業
6442,6442.TW,EZconn,光聖,1349.99,,TWSE LISTED,通信網路業,1650.0,1705.0,1710.0,1640.0,1388265,2290.64,1590.0,1553.0,3.77,6.25,-3.23,11.49,10.0,2540.0,2540.0,2540.0,2540.0,2540.0,-32.68,-32.68,-32.68,35.04,35.04,False,False,False,False,False,False,False,False,False,2026-10-06,通信網路業
6443,6443.TW,TSEC,元晶,143.58,,TWSE LISTED,光電業,28.0,28.7,28.8,27.8,6348261,177.75,28.32,28.15,-1.13,-0.53,-0.71,0.36,1.82,56.5,56.5,56.5,56.5,56.5,-49.03,-49.03,-49.03,50.44,50.44,False,False,False,False,False,False,False,False,False,2026-10-06,光電業
6446,6446.TW,PEC,藥華藥,4963.61,,TWSE LISTED,生技醫療業,1175.0,1200.0,1225.0,1170.0,1466800,1723.49,1183.0,1175.0,-0.68,0.0,-1.26,0.43,-1.67,1645.0,1645.0,1645.0,1645.0,1645.0,-25.53,-25.53,-25.53,28.57,28.57,False,False,False,False,False,False,False,False,False,2026-10-06,生技醫療業
6449,6449.TW,APAQ,鈺邦,218.67,,TWSE LISTED,電子零組件業,238.0,234.0,245.0,233.0,5523412,1314.57,225.8,218.1,5.4,9.12,4.85,3.48,15.82,483.5,483.5,483.5,483.5,483.5,-49.33,-49.33,-49.33,50.78,50.78,False,False,False,False,False,False,False,False,False,2026-10-06,電子零組件業
6451,6451.TW,ShunSin,訊芯-KY,494.99,,TWSE LISTED,半導體業,420.0,433.0,439.0,420.0,1439226,604.47,422.9,421.8,-0.69,-0.43,-2.78,1.69,0.84,756.0,756.0,756.0,756.0,756.0,-41.93,-41.93,-41.93,44.44,44.44,False,False,False,False,False,False,False,False,False,2026-10-06,半導體業
6456,6456.TW,GIS,GIS-KY,336.59,,TWSE LISTED,光電業,99.6,97.6,99.6,96.2,15825007,1576.17,92.6,85.78,7.56,16.11,9.93,13.31,11.41,95.7,95.7,379.0,99.6,99.6,4.08,4.08,-73.72,0.0,0.0,False,False,False,False,True,True,False,True,True,2026-10-06,光電業
6461,6461.TWO,Intech,益得,32.21,,TPEx LISTED,生技醫療業,29.2,27.2,29.3,27.2,496948,14.51,26.17,25.19,11.58,15.92,9.36,21.41,20.16,42.44,55.01,88.77,42.44,55.01,-30.95,-46.74,-66.99,31.19,46.92,True,False,False,False,False,False,False,False,False,2026-10-06,生技醫療業
6462,6462.TWO,EGIS,神盾,93.53,,TPEx LISTED,半導體業,102.5,103.5,104.0,102.0,318118,32.61,105.0,102.36,-2.38,0.14,-0.97,-4.21,-0.49,160.5,347.5,347.5,160.5,347.5,-35.2,-70.07,-70.07,36.14,70.5,False,False,False,False,False,False,False,False,False,2026-10-06,半導體業
6464,6464.TW,top MSO,台數科,101.92,,TWSE LISTED,其他,76.1,76.2,76.2,76.1,7129,0.54,76.68,76.87,-0.76,-1.0,-1.42,-1.17,0.4,80.6,82.98,123.37,80.6,82.98,-5.46,-8.17,-38.23,5.58,8.29,False,False,False,False,False,False,False,True,True,2026-10-06,其他
6465,6465.TWO,ATrack,威潤,23.92,,TPEx LISTED,通信網路業,40.5,41.55,41.55,40.5,222000,8.99,41.36,41.675,-2.08,-2.82,-0.86,-2.64,-2.29,77.4,77.4,106.54,77.4,77.4,-46.32,-46.32,-61.0,47.67,47.67,False,False,False,False,False,False,False,False,False,2026-10-06,通信網路業
6469,6469.TWO,Great Tree,大樹,99.91,,TPEx LISTED,生技醫療業,62.8,63.3,63.3,62.6,298722,18.76,63.88,64.16,-1.69,-2.12,-0.79,-2.48,-2.64,103.0,288.24,288.24,103.0,288.24,-38.54,-78.04,-78.04,39.03,78.21,False,False,False,False,False,False,False,False,False,2026-10-06,生技醫療業
6470,6470.TWO,U-MEDIA,宇智,16.1,,TPEx LISTED,通信網路業,42.7,42.7,42.75,42.4,23000,0.98,42.69,42.815,0.02,-0.27,0.23,0.0,0.0,54.8,70.0,94.3,54.8,70.0,-21.99,-38.93,-54.67,22.08,39.0,False,False,False,False,False,False,False,False,False,2026-10-06,通信網路業
6472,6472.TW,Bora,保瑞,533.2,,TWSE LISTED,生技醫療業,416.5,422.5,424.0,415.5,344708,143.57,422.2,423.15,-1.35,-1.57,-0.95,-3.03,-1.42,633.0,812.64,812.64,633.0,812.64,-33.02,-47.82,-47.82,34.2,48.75,False,False,False,False,False,False,False,False,False,2026-10-06,生技醫療業
6474,6474.TWO,WFE,華豫寧,18.8,,TPEx LISTED,電子通路業,35.8,35.65,35.8,35.65,26000,0.93,35.67,35.555,0.36,0.69,0.42,0.99,0.85,41.25,48.9,48.9,41.25,48.9,-13.21,-26.79,-26.79,13.21,26.79,False,False,False,False,False,False,False,False,False,2026-10-06,電子通路業
6477,6477.TW,Anji,安集,41.72,,TWSE LISTED,光電業,33.7,34.3,34.3,33.7,494261,16.66,34.55,34.695,-2.46,-2.87,-1.03,-3.16,-1.17,45.1,48.5,74.81,45.1,48.5,-23.95,-29.28,-54.15,25.28,30.52,False,False,False,False,False,False,False,False,False,2026-10-06,光電業
6482,6482.TWO,FUN YOURS,弘煜科,6.67,,TPEx LISTED,文化創意業,23.3,23.5,23.5,23.3,11400,0.27,23.63,23.665,-1.4,-1.54,-0.85,-1.48,-0.21,39.95,78.0,78.0,39.95,78.0,-41.18,-69.87,-69.87,41.68,70.13,False,False,False,False,False,False,False,False,False,2026-10-06,文化創意業
6485,6485.TWO,ASolid,點序,36.9,,TPEx LISTED,半導體業,77.9,79.0,80.8,76.0,843004,65.67,80.44,75.09,-3.16,3.74,-1.39,-8.03,11.29,130.0,130.0,191.0,130.0,130.0,-37.85,-37.85,-57.7,40.08,40.08,False,False,False,False,False,False,False,False,False,2026-10-06,半導體業
6486,6486.TWO,IDT,互動,39.7,,TPEx LISTED,通信網路業,78.0,77.5,78.4,77.0,40001,3.12,79.76,80.41,-2.21,-3.0,0.0,-4.06,-3.23,92.6,101.0,101.0,92.6,101.0,-15.33,-22.38,-22.38,15.77,22.77,False,False,False,False,False,False,False,False,False,2026-10-06,通信網路業
6488,6488.TWO,GWC,環球晶,5761.27,,TPEx LISTED,半導體業,1205.0,1175.0,1260.0,1145.0,13446482,16203.01,1139.0,1044.0,5.79,15.42,2.12,11.06,27.51,1600.0,1600.0,1600.0,1600.0,1600.0,-21.25,-21.25,-21.25,24.69,24.69,False,False,False,False,False,False,False,False,False,2026-10-06,半導體業
6491,6491.TW,PEGAVISION,晶碩,309.27,,TWSE LISTED,生技醫療業,396.5,404.0,404.0,393.5,378107,149.92,411.6,408.45,-3.67,-2.93,-1.61,-5.93,-2.34,428.0,548.0,669.32,428.0,548.0,-5.61,-26.28,-39.64,7.36,27.65,False,False,False,False,False,False,False,True,False,2026-10-06,生技醫療業
6492,6492.TWO,SH,生華科,38.72,,TPEx LISTED,生技醫療業,33.7,34.3,34.3,33.7,99468,3.35,34.18,34.195,-1.4,-1.45,-0.44,-2.6,-1.32,66.5,66.5,309.5,66.5,66.5,-48.42,-48.42,-88.92,49.32,49.32,False,False,False,False,False,False,False,False,False,2026-10-06,生技醫療業
6494,6494.TWO,Nyquest,九齊,16.63,,TPEx LISTED,半導體業,52.7,54.5,54.5,52.0,95000,5.01,52.62,51.95,0.15,1.44,-0.38,0.57,3.74,72.3,95.5,182.0,72.3,95.5,-24.62,-42.93,-70.05,27.11,44.82,False,False,False,False,False,False,False,False,False,2026-10-06,半導體業
6496,6496.TWO,Excelsior,科懋,11.33,,TPEx LISTED,生技醫療業,23.95,24.3,24.3,23.65,12000,0.29,23.91,23.845,0.17,0.44,-1.03,0.63,1.91,30.55,40.15,92.6,30.55,40.15,-20.46,-39.48,-73.76,21.6,40.35,False,False,False,True,False,False,False,False,False,2026-10-06,生技醫療業
6498,6498.TWO,PTIC,久禾光,35.61,,TPEx LISTED,光電業,75.0,69.9,76.0,69.1,572134,42.91,69.66,68.47,7.67,9.54,7.45,9.81,11.11,115.5,150.5,150.5,115.5,150.5,-34.2,-49.5,-49.5,35.06,50.17,True,False,False,False,False,False,False,False,False,2026-10-06,光電業
6499,6499.TWO,Medeon,益安,76.1,,TPEx LISTED,生技醫療業,78.5,80.1,80.1,78.3,200000,15.7,78.94,76.42,-0.56,2.72,-1.38,-0.76,5.37,134.0,154.5,154.5,134.0,154.5,-40.22,-48.16,-48.16,41.42,49.19,False,False,False,False,False,False,False,False,False,2026-10-06,生技醫療業
6504,6504.TW,NAN LIU,南六,27.15,,TWSE LISTED,其他,37.4,37.5,38.05,37.1,81000,3.03,37.23,37.145,0.46,0.69,0.94,0.54,0.54,52.8,89.2,334.5,52.8,89.2,-27.94,-57.34,-88.62,29.17,58.07,False,False,False,True,False,False,False,False,False,2026-10-06,其他
6505,6505.TW,FPCC,台塑化,9668.85,,TWSE LISTED,油電燃氣業,101.5,99.5,103.5,97.7,23638798,2399.34,98.32,93.61,3.23,8.43,2.94,7.75,7.64,103.0,103.0,151.0,103.5,103.5,0.49,0.49,-31.46,1.93,1.93,False,False,False,False,True,True,False,True,True,2026-10-06,油電燃氣業
6506,6506.TWO,SBI,雙邦,15.53,,TPEx LISTED,紡織纖維,18.85,18.6,18.85,18.6,188576,3.55,18.65,18.47,1.07,2.06,1.07,1.62,1.89,21.3,23.3,26.13,21.3,23.3,-11.5,-19.1,-27.86,11.5,19.1,True,False,False,False,False,False,False,False,False,2026-10-06,紡織纖維
6508,6508.TWO,HKC,惠光,22.54,,TPEx LISTED,農業科技業,26.05,26.1,26.6,26.0,38009,0.99,26.52,27.255,-1.77,-4.42,-0.19,-3.52,-3.52,30.3,35.15,68.5,30.3,35.15,-12.21,-24.32,-61.17,14.03,25.89,False,False,False,False,False,False,False,False,False,2026-10-06,農業科技業
6509,6509.TWO,HOPAX,聚和,97.26,,TPEx LISTED,化學工業,49.35,50.1,50.2,49.2,687869,33.95,49.41,48.44,-0.12,1.88,-1.1,1.13,2.49,59.2,59.2,82.9,59.2,59.2,-15.2,-15.2,-39.45,16.64,16.64,False,False,False,False,False,False,False,False,False,2026-10-06,化學工業
6510,6510.TWO,CHPT,精測,1005.99,,TPEx LISTED,半導體業,3055.0,3125.0,3140.0,3050.0,494712,1511.35,3059.0,3240.5,-0.13,-5.72,-1.61,1.83,-2.71,4475.0,4475.0,4475.0,4475.0,4475.0,-29.83,-29.83,-29.83,31.73,31.73,False,False,False,False,False,False,False,False,False,2026-10-06,半導體業
6512,6512.TWO,GoMax,啟發電,5.1,,TPEx LISTED,其他電子業,20.2,20.2,20.2,20.2,0,0.0,20.22,20.215,-0.1,-0.07,0.0,-0.25,-0.25,22.15,33.0,44.8,22.15,33.0,-8.8,-38.79,-54.91,8.8,38.79,False,False,False,False,False,False,False,True,False,2026-10-06,其他電子業
6515,6515.TW,WinWay,穎崴,2234.07,,TWSE LISTED,半導體業,6130.0,6220.0,6285.0,6060.0,415612,2547.7,6021.0,5918.5,1.81,3.57,-1.21,6.24,8.02,11490.0,11490.0,11490.0,11490.0,11490.0,-45.3,-45.3,-45.3,46.65,46.65,False,False,False,False,False,False,False,False,False,2026-10-06,半導體業
6516,6516.TWO,KINGWAY,勤崴國際,31.89,,TPEx LISTED,資訊服務業,56.6,56.7,56.7,56.0,23763,1.34,56.54,56.92,0.11,-0.56,0.0,0.18,0.71,70.6,96.0,210.87,70.6,96.0,-19.69,-40.94,-73.11,19.83,41.04,False,False,True,False,False,False,False,False,False,2026-10-06,資訊服務業
6517,6517.TWO,BASO,保勝光學,20.43,,TPEx LISTED,光電業,66.8,66.5,67.1,65.9,168139,11.23,65.26,64.61,2.36,3.39,0.6,5.2,6.37,84.6,112.5,185.0,84.6,112.5,-20.69,-40.36,-63.73,21.04,40.62,True,False,False,False,False,False,False,False,False,2026-10-06,光電業
6525,6525.TW,GEM,捷敏-KY,183.25,,TWSE LISTED,半導體業,142.0,146.5,147.0,138.5,1918217,272.39,138.7,135.9,2.38,4.49,1.43,4.03,6.37,221.0,221.0,221.0,221.0,221.0,-33.48,-33.48,-33.48,35.75,35.75,True,True,False,False,False,False,False,False,False,2026-10-06,半導體業
6526,6526.TW,Airoha,達發,1410.4,,TWSE LISTED,半導體業,842.0,844.0,857.0,836.0,570641,480.48,837.4,816.9,0.55,3.07,0.12,1.57,3.44,885.0,885.0,885.0,885.0,885.0,-3.16,-3.16,-3.16,4.86,4.86,True,False,False,False,False,False,False,True,True,2026-10-06,半導體業
6527,6527.TWO,Crystalvue,明達醫,18.92,,TPEx LISTED,生技醫療業,74.3,74.4,74.5,74.3,7000,0.52,74.68,74.75,-0.51,-0.6,0.0,-0.93,-0.93,81.1,95.0,118.57,81.1,95.0,-8.14,-21.58,-37.17,8.38,21.79,False,False,False,False,False,False,False,True,False,2026-10-06,生技醫療業
6530,6530.TWO,Axcen,創威,32.2,,TPEx LISTED,通信網路業,95.4,99.0,99.5,95.4,1237213,118.03,100.18,99.96,-4.77,-4.56,-3.15,-6.47,-4.12,139.0,139.0,139.0,139.0,139.0,-28.42,-28.42,-28.42,31.37,31.37,False,False,False,False,False,False,False,False,False,2026-10-06,通信網路業
6531,6531.TW,AP Memory,愛普*,1704.91,,TWSE LISTED,半導體業,1045.0,1080.0,1085.0,1020.0,4426888,4626.1,992.0,975.1,5.34,7.17,-0.95,12.0,12.49,1305.0,1305.0,1305.0,1305.0,1305.0,-16.86,-16.86,-16.86,19.92,19.92,False,False,False,False,False,False,False,False,False,2026-10-06,半導體業
6532,6532.TWO,CT,瑞耘,41.56,,TPEx LISTED,半導體業,111.0,111.0,112.5,109.0,808590,89.75,116.8,108.69,-4.97,2.13,-0.89,-9.39,2.78,127.0,127.0,127.0,127.0,127.0,-11.42,-11.42,-11.42,12.6,12.6,False,False,False,False,False,False,False,False,False,2026-10-06,半導體業
6533,6533.TW,ANDES,晶心科,174.75,,TWSE LISTED,半導體業,345.0,336.0,348.0,326.0,1861379,642.18,346.6,308.15,-0.46,11.96,2.68,-5.87,13.67,366.5,573.0,642.0,366.5,573.0,-5.05,-39.27,-45.79,5.87,39.79,False,False,False,False,False,False,False,True,False,2026-10-06,半導體業
6534,6534.TW,CHBIO,正瀚-創,97.45,,TWSE LISTED,生技醫療業,94.8,93.5,94.9,93.2,136000,12.89,92.4,91.36,2.6,3.77,1.94,4.41,5.57,104.0,123.5,161.22,104.0,123.5,-8.75,-23.16,-41.14,8.85,23.24,True,True,False,False,False,False,False,True,False,2026-10-06,生技醫療業
6535,6535.TWO,LUMOSA,順藥,135.62,,TPEx LISTED,生技醫療業,80.8,86.2,86.2,80.8,252250,20.38,82.78,81.36,-2.39,-0.69,-4.94,-0.12,0.12,196.0,400.0,400.0,196.0,400.0,-56.02,-78.45,-78.45,58.78,79.8,False,False,False,False,False,False,False,False,False,2026-10-06,生技醫療業
6538,6538.TWO,Brave Screen,倉和,112.56,,TPEx LISTED,電子零組件業,302.0,322.0,322.0,302.0,1347487,406.94,347.1,377.45,-12.99,-19.99,-9.99,-18.27,-15.76,468.0,468.0,468.0,468.0,468.0,-31.2,-31.2,-31.2,35.47,35.47,False,False,False,False,False,False,False,False,False,2026-10-06,電子零組件業
6541,6541.TW,Tanvex,泰福-KY,88.45,,TWSE LISTED,生技醫療業,33.35,31.15,34.05,30.95,1047530,34.94,31.15,30.99,7.06,7.62,6.04,10.25,11.35,56.8,82.0,461.3,56.8,82.0,-40.05,-58.48,-92.62,41.29,59.33,False,False,True,True,False,False,False,False,False,2026-10-06,生技醫療業
6542,6542.TWO,GAMESPARCS,隆中,16.8,,TPEx LISTED,文化創意業,40.0,40.0,40.0,40.0,2000,0.08,39.98,40.54,0.05,-1.33,1.27,0.25,-2.44,58.5,75.5,103.33,58.5,75.5,-31.62,-47.02,-61.29,31.62,47.02,False,False,False,False,False,False,False,False,False,2026-10-06,文化創意業
6546,6546.TWO,AMPAK,正基,41.11,,TPEx LISTED,通信網路業,61.5,60.6,62.7,60.6,230000,14.14,60.34,59.72,1.92,2.98,1.15,3.02,4.95,90.8,245.0,245.0,90.8,245.0,-30.95,-74.41,-74.41,32.27,74.9,True,True,False,False,False,False,False,False,False,2026-10-06,通信網路業
6547,6547.TWO,MVC,高端疫苗,199.34,,TPEx LISTED,生技醫療業,60.6,60.7,63.0,60.6,2908603,176.26,61.36,60.64,-1.24,-0.07,0.33,-3.19,-0.49,72.2,77.0,280.2,72.2,77.0,-12.74,-18.18,-77.52,16.07,21.3,False,False,False,False,False,False,False,False,False,2026-10-06,生技醫療業
6548,6548.TWO,CWTC,長科*,728.06,,TPEx LISTED,半導體業,76.6,78.1,78.3,75.9,4412215,337.98,75.0,73.7,2.13,3.93,-1.79,7.13,6.69,104.0,104.0,104.0,104.0,104.0,-24.71,-24.71,-24.71,26.35,26.35,False,False,False,False,False,False,False,False,False,2026-10-06,半導體業
6550,6550.TW,PG,北極星藥業-KY,74.61,,TWSE LISTED,生技醫療業,16.05,16.2,16.45,16.05,432776,6.95,16.87,17.813,-4.86,-9.9,-0.93,-8.29,-7.76,69.2,157.53,446.25,69.2,157.53,-76.23,-89.56,-96.31,76.81,89.81,False,False,False,False,False,False,False,False,False,2026-10-06,生技醫療業
6552,6552.TW,JMC,易華電,20.54,,TWSE LISTED,半導體業,24.75,25.0,25.0,24.7,43000,1.06,24.89,24.755,-0.56,-0.02,-0.8,-1.39,-0.2,38.0,64.8,188.55,38.0,64.8,-34.21,-61.42,-86.74,34.87,61.81,False,False,False,False,False,False,False,False,False,2026-10-06,半導體業
6556,6556.TWO,Topview,勝品,17.82,,TPEx LISTED,光電業,62.0,61.0,62.0,61.0,11000,0.68,61.48,61.54,0.85,0.75,1.81,0.65,0.16,73.6,132.0,194.5,73.6,132.0,-15.76,-53.03,-68.12,15.76,53.03,False,False,False,True,False,False,False,False,False,2026-10-06,光電業
6558,6558.TW,SYNergy,興能高,23.63,,TWSE LISTED,其他電子業,25.2,25.4,25.45,25.15,142085,3.58,25.29,24.97,-0.36,0.92,-0.79,-0.59,-0.79,41.55,67.2,83.6,41.55,67.2,-38.75,-62.13,-69.56,39.35,62.5,False,False,False,False,False,False,False,False,False,2026-10-06,其他電子業
6560,6560.TWO,APPROPHO,欣普羅,11.48,,TPEx LISTED,光電業,34.3,33.8,34.3,33.05,145000,4.97,32.44,32.715,5.73,4.84,9.94,5.21,5.86,46.7,54.8,90.47,46.7,54.8,-26.55,-37.41,-62.09,26.55,37.41,False,False,False,False,False,False,False,False,False,2026-10-06,光電業
6561,6561.TWO,Chief,是方,243.62,,TPEx LISTED,通信網路業,312.5,314.0,314.5,311.0,49003,15.31,311.4,311.15,0.35,0.43,-0.48,0.64,1.3,390.0,546.0,546.0,390.0,546.0,-19.36,-42.4,-42.4,19.87,42.77,False,False,False,True,False,False,False,False,False,2026-10-06,通信網路業
6568,6568.TWO,Rafael Micro,宏觀,42.5,,TPEx LISTED,半導體業,138.0,138.0,139.5,135.0,116001,16.01,139.8,141.2,-1.29,-2.27,0.36,-1.43,-4.17,283.0,283.0,426.5,283.0,283.0,-50.71,-50.71,-67.29,51.24,51.24,False,False,False,False,False,False,False,False,False,2026-10-06,半導體業
6569,6569.TWO,onyx,醫揚,39.22,,TPEx LISTED,生技醫療業,91.6,91.7,92.1,91.2,17000,1.56,91.72,91.84,-0.13,-0.26,-0.11,0.33,-0.43,129.0,237.85,237.85,129.0,237.85,-28.6,-61.28,-61.28,28.99,61.49,False,False,False,False,False,False,False,False,False,2026-10-06,生技醫療業
6570,6570.TWO,APLEX,維田,17.61,,TPEx LISTED,電腦及週邊設備業,47.45,47.5,47.55,47.35,37008,1.76,47.45,47.26,0.0,0.4,0.0,-0.21,-0.63,65.5,78.0,78.0,65.5,78.0,-27.4,-39.04,-39.04,27.56,39.17,False,False,False,False,False,False,False,False,False,2026-10-06,電腦及週邊設備業
6573,6573.TW,HY,虹揚-KY,12.8,,TWSE LISTED,半導體業,15.9,16.55,16.55,15.8,340000,5.41,16.3,16.21,-2.45,-1.91,-3.93,-2.45,0.0,29.8,29.8,82.02,29.8,29.8,-44.46,-44.46,-79.82,46.64,46.64,False,False,False,False,False,False,False,False,False,2026-10-06,半導體業
6574,6574.TWO,MIKOBEAUTE,霈方,26.28,,TPEx LISTED,生技醫療業,119.5,120.5,121.0,118.5,27000,3.23,119.2,119.6,0.25,-0.08,-0.42,0.84,0.0,154.0,154.0,175.0,154.0,154.0,-21.43,-21.43,-30.86,22.4,22.4,False,False,False,False,False,False,False,False,False,2026-10-06,生技醫療業
6576,6576.TWO,Foresee,逸達,123.67,,TPEx LISTED,生技醫療業,78.5,78.1,78.8,77.9,80458,6.32,78.92,79.75,-0.53,-1.57,0.0,-0.76,-1.51,88.3,107.5,139.45,88.3,107.5,-10.76,-26.7,-43.49,11.1,26.98,False,False,False,False,False,False,False,False,False,2026-10-06,生技醫療業
6577,6577.TWO,PSC,勁豐,48.71,,TPEx LISTED,電腦及週邊設備業,81.1,80.0,81.1,79.2,20000,1.62,80.66,80.11,0.55,1.24,0.75,0.75,2.14,96.8,138.0,138.0,96.8,138.0,-16.22,-41.23,-41.23,16.22,41.23,False,False,False,True,False,False,False,False,False,2026-10-06,電腦及週邊設備業
6578,6578.TWO,DaBomb,達邦蛋白,11.73,,TPEx LISTED,農業科技業,16.3,16.15,16.3,16.1,38000,0.62,16.41,16.605,-0.67,-1.84,-0.31,-1.21,-1.51,20.7,33.9,33.9,20.7,33.9,-21.26,-51.92,-51.92,21.26,51.92,False,False,False,False,False,False,False,False,False,2026-10-06,農業科技業
6579,6579.TW,AAEON,研揚,266.04,,TWSE LISTED,電腦及週邊設備業,157.0,159.5,159.5,156.5,269111,42.25,158.6,156.0,-1.01,0.64,-0.63,-2.18,-0.32,189.5,193.38,225.77,189.5,193.38,-15.83,-17.52,-29.35,17.15,18.81,False,False,False,False,False,False,False,False,False,2026-10-06,電腦及週邊設備業
6581,6581.TW,TSU,鋼聯,122.4,,TWSE LISTED,綠能環保,110.0,107.5,110.0,107.5,13000,1.43,108.5,108.65,1.38,1.24,1.85,1.85,1.85,115.0,125.5,160.0,115.0,125.5,-4.35,-12.35,-31.25,4.35,12.35,False,False,False,True,False,False,False,True,False,2026-10-06,綠能環保
6582,6582.TW,Shin Foong,申豐,33.39,,TWSE LISTED,橡膠工業,31.45,31.0,31.65,30.95,30015,0.94,31.32,31.16,0.42,0.93,0.32,0.48,2.11,38.6,76.5,373.0,38.6,76.5,-18.01,-58.63,-91.51,18.52,58.89,False,False,False,True,False,False,False,False,False,2026-10-06,橡膠工業
6584,6584.TWO,NAN JUEN,南俊國際,393.3,,TPEx LISTED,電子零組件業,551.0,538.0,560.0,533.0,658646,362.91,538.8,543.6,2.26,1.36,1.85,3.77,1.47,855.0,855.0,855.0,855.0,855.0,-34.5,-34.5,-34.5,35.56,35.56,False,False,True,True,False,False,False,False,False,2026-10-06,電子零組件業
6585,6585.TW,DingZing,鼎基,75.74,,TWSE LISTED,其他,105.0,104.5,105.0,103.5,111071,11.66,103.9,104.6,1.06,0.38,1.45,2.44,1.45,151.5,237.5,237.5,151.5,237.5,-30.69,-55.79,-55.79,30.69,55.79,False,False,False,True,False,False,False,False,False,2026-10-06,其他
6588,6588.TWO,EOC,東典光電,38.0,,TPEx LISTED,通信網路業,109.5,112.5,113.0,108.5,665101,72.83,110.6,111.05,-0.99,-1.4,-1.79,-0.45,1.86,166.5,166.5,291.82,166.5,166.5,-32.13,-32.13,-61.28,34.23,34.23,False,False,False,False,False,False,False,False,False,2026-10-06,通信網路業
6589,6589.TW,EirGenix,台康生技,153.75,,TWSE LISTED,生技醫療業,50.9,50.9,51.5,50.6,390000,19.85,51.64,51.87,-1.43,-1.87,0.39,-2.86,-1.36,67.6,111.0,195.0,67.6,111.0,-23.82,-53.6,-73.59,24.7,54.14,False,False,False,False,False,False,False,False,False,2026-10-06,生技醫療業
6590,6590.TWO,Provision,普鴻,18.45,,TPEx LISTED,資訊服務業,64.3,64.3,64.3,63.7,26000,1.67,65.0,66.21,-1.08,-2.88,0.16,-1.23,-2.87,75.0,79.77,82.04,75.0,79.77,-14.27,-19.39,-21.62,14.27,19.39,False,False,False,False,False,False,False,False,False,2026-10-06,資訊服務業
6591,6591.TW,SUN MAX,動力-KY,17.31,,TWSE LISTED,電腦及週邊設備業,42.1,43.6,43.6,41.7,147200,6.2,42.7,43.57,-1.41,-3.37,-1.86,-2.32,-2.55,77.3,101.21,121.55,77.3,101.21,-43.6,-56.92,-64.13,45.54,58.41,False,False,False,False,False,False,False,False,False,2026-10-06,電腦及週邊設備業
6592,6592.TW,HOTAI FINANCE,和潤企業,357.51,,TWSE LISTED,其他,55.7,55.1,55.8,55.1,468396,26.09,56.26,57.08,-1.0,-2.42,0.54,-2.28,-2.11,65.44,118.27,140.5,65.44,118.27,-14.73,-52.82,-60.28,14.88,52.9,False,False,False,False,False,False,False,False,False,2026-10-06,其他
6593,6593.TWO,TNP,台灣銘板,10.16,,TPEx LISTED,資訊服務業,31.9,31.65,31.95,31.6,15000,0.48,32.03,32.105,-0.41,-0.64,0.31,-1.24,-1.09,42.55,215.0,215.0,42.55,215.0,-24.91,-85.14,-85.14,25.03,85.16,False,False,False,False,False,False,False,False,False,2026-10-06,資訊服務業
6596,6596.TWO,KHAM Inc.,寬宏藝術,36.67,,TPEx LISTED,文化創意業,96.5,95.9,96.6,95.8,76010,7.33,96.78,96.87,-0.29,-0.38,0.21,-0.72,-0.41,155.0,181.0,181.0,155.0,181.0,-37.68,-46.63,-46.63,37.74,46.69,False,False,False,False,False,False,False,False,False,2026-10-06,文化創意業
6597,6597.TWO,ECOCERA,立誠,19.5,,TPEx LISTED,電子零組件業,64.9,64.9,64.9,64.9,0,0.0,64.9,66.67,0.0,-2.65,0.0,3.02,-5.26,82.8,161.0,161.0,82.8,161.0,-21.62,-59.69,-59.69,21.62,59.69,False,False,False,False,False,False,False,False,False,2026-10-06,電子零組件業
6598,6598.TW,Applied BioCode,ABC-KY,27.35,,TWSE LISTED,生技醫療業,26.6,26.65,27.15,26.35,211000,5.61,26.94,27.205,-1.26,-2.22,-0.75,-0.19,-2.21,31.9,33.6,182.5,31.9,33.6,-14.89,-19.2,-85.12,16.61,20.83,False,False,False,False,False,False,False,False,False,2026-10-06,生技醫療業
6603,6603.TWO,FCS,富強鑫,47.47,,TPEx LISTED,電機機械,28.35,28.3,28.7,28.0,1761078,49.93,28.9,28.495,-1.9,-0.51,0.18,-4.87,-3.08,35.95,35.95,35.95,35.95,35.95,-20.17,-20.17,-20.17,21.14,21.14,False,False,False,False,False,False,False,False,False,2026-10-06,電機機械
6604,6604.TWO,JUOKU,儒億,12.76,,TPEx LISTED,電機機械,25.15,25.8,25.8,24.9,1140383,28.68,27.65,28.18,-9.04,-10.75,-10.82,-11.29,-10.82,40.4,40.4,40.4,40.4,40.4,-36.14,-36.14,-36.14,37.75,37.75,False,False,False,False,False,False,False,False,False,2026-10-06,電機機械
6605,6605.TW,DEPO,帝寶,223.85,,TWSE LISTED,汽車工業,135.0,135.5,136.0,135.0,124085,16.75,136.7,137.85,-1.24,-2.07,-0.37,-2.88,-2.17,173.0,277.5,277.5,173.0,277.5,-21.39,-50.99,-50.99,21.97,51.35,False,False,False,False,False,False,False,False,False,2026-10-06,汽車工業
6606,6606.TW,KENT,建德工業,26.14,,TWSE LISTED,電機機械,23.7,24.6,24.9,23.7,310020,7.35,24.72,24.91,-4.13,-4.86,-4.63,-5.2,-4.24,28.45,37.8,37.8,28.45,37.8,-12.48,-34.13,-34.13,16.7,37.3,False,False,False,False,False,False,False,False,False,2026-10-06,電機機械
6609,6609.TWO,TTT,瀧澤科,28.33,,TPEx LISTED,電機機械,39.1,38.9,39.2,38.65,48040,1.88,39.35,39.58,-0.64,-1.21,0.13,-1.14,-1.26,50.0,126.5,126.5,50.0,126.5,-21.6,-69.01,-69.01,21.8,69.09,False,False,False,False,False,False,False,False,False,2026-10-06,電機機械
6612,6612.TWO,ICARES,奈米醫材,37.95,,TPEx LISTED,生技醫療業,72.6,73.7,74.6,72.6,43431,3.15,74.56,73.08,-2.63,-0.66,-2.16,-5.71,1.11,81.5,146.18,147.14,81.5,146.18,-8.47,-48.97,-49.3,10.92,50.33,False,False,False,False,False,False,False,False,False,2026-10-06,生技醫療業
6613,6613.TWO,Novatech,朋億*,221.73,,TPEx LISTED,其他電子業,285.0,285.0,286.5,282.5,297033,84.65,280.6,274.65,1.57,3.77,0.18,2.33,5.56,397.0,397.0,397.0,397.0,397.0,-27.83,-27.83,-27.83,28.21,28.21,True,True,False,False,False,False,False,False,False,2026-10-06,其他電子業
6614,6614.TW,IISI,資拓宏宇,28.96,,TWSE LISTED,數位雲端,35.9,35.2,36.0,35.15,48000,1.72,35.44,35.485,1.3,1.17,1.7,1.7,2.13,51.2,91.3,91.3,51.2,91.3,-29.69,-60.57,-60.57,29.88,60.68,False,False,False,True,False,False,False,False,False,2026-10-06,數位雲端
6615,6615.TWO,SOFIVA,慧智,7.2,,TPEx LISTED,生技醫療業,33.35,33.95,34.25,33.35,43200,1.44,33.6,33.695,-0.74,-1.02,-1.91,-0.45,-0.15,40.0,86.0,155.0,40.0,86.0,-14.38,-60.17,-77.9,16.63,61.22,False,False,False,False,False,False,False,False,False,2026-10-06,生技醫療業
6616,6616.TWO,TIL,特昇-KY,2.96,,TPEx LISTED,居家生活,8.35,8.21,8.35,8.2,8000,0.07,8.298,8.24,0.63,1.33,-1.18,1.09,1.46,11.35,17.7,38.06,11.35,17.7,-26.43,-52.82,-78.06,26.43,52.82,False,False,False,True,False,False,False,False,False,2026-10-06,居家生活
6617,6617.TWO,Gongwin,共信-KY,161.3,,TPEx LISTED,生技醫療業,126.5,128.5,131.0,126.5,399700,50.56,131.2,135.0,-3.58,-6.3,-0.78,-4.17,-4.89,149.0,223.5,457.0,149.0,223.5,-12.08,-41.39,-71.33,15.1,43.4,False,False,False,False,False,False,False,False,False,2026-10-06,生技醫療業
6620,6620.TWO,Handa Pharma,漢達,220.76,,TPEx LISTED,生技醫療業,133.0,145.0,145.0,131.5,4537465,603.48,141.6,136.2,-6.07,-2.35,-8.9,-7.96,-2.21,155.0,206.0,217.57,155.0,206.0,-6.45,-29.61,-33.36,14.19,35.44,False,False,False,False,False,False,False,False,False,2026-10-06,生技醫療業
6624,6624.TWO,EC,萬年清,8.58,,TPEx LISTED,綠能環保,38.0,39.35,39.35,36.9,8000,0.3,38.42,38.46,-1.09,-1.2,-3.8,0.0,-3.06,72.7,75.0,86.47,72.7,75.0,-45.87,-47.53,-54.49,47.73,49.33,False,False,False,False,False,False,False,False,False,2026-10-06,綠能環保
6625,6625.TW,Binlive,必應,42.61,,TWSE LISTED,其他,73.5,73.4,73.6,73.1,65150,4.79,73.8,73.93,-0.41,-0.58,-0.27,-0.68,-0.54,91.0,115.45,195.15,91.0,115.45,-19.12,-36.25,-62.29,19.23,36.34,False,False,False,False,False,False,False,False,False,2026-10-06,其他
6629,6629.TWO,TK-KY,泰金-KY,39.72,,TPEx LISTED,居家生活,103.5,104.0,104.0,103.0,9000,0.93,103.4,103.8,0.1,-0.29,0.49,0.0,0.0,137.0,160.0,160.0,137.0,160.0,-24.09,-35.0,-35.0,24.45,35.31,False,False,False,False,False,False,False,False,False,2026-10-06,居家生活
6637,6637.TWO,MIC,醫影,14.37,,TPEx LISTED,生技醫療業,53.6,53.7,53.7,53.4,18000,0.96,53.62,53.96,-0.04,-0.67,0.37,-0.56,-0.92,83.0,152.0,152.0,83.0,152.0,-35.3,-64.67,-64.67,35.42,64.74,False,False,False,False,False,False,False,False,False,2026-10-06,生技醫療業
6640,6640.TWO,GMM,均華,328.15,,TPEx LISTED,半導體業,1135.0,1160.0,1175.0,1110.0,597064,677.67,1115.0,1082.0,1.79,4.9,-2.58,2.25,9.13,1860.0,1860.0,1860.0,1860.0,1860.0,-36.83,-36.83,-36.83,38.98,38.98,False,False,False,False,False,False,False,False,False,2026-10-06,半導體業
6641,6641.TW,GSD-KY,基士德-KY,6.2,,TWSE LISTED,綠能環保,17.0,16.85,17.0,16.85,10000,0.17,16.99,16.955,0.06,0.27,-0.29,0.59,0.29,28.3,45.3,85.54,28.3,45.3,-39.93,-62.47,-80.13,39.93,62.47,False,False,False,True,False,False,False,False,False,2026-10-06,綠能環保
6642,6642.TWO,FUZETEC,富致,29.92,,TPEx LISTED,電子零組件業,80.0,82.2,82.2,79.6,126025,10.08,82.08,80.61,-2.53,-0.76,-2.56,-3.61,-0.87,101.0,101.0,108.13,101.0,101.0,-18.61,-18.61,-23.98,20.79,20.79,False,False,False,False,False,False,False,False,False,2026-10-06,電子零組件業
6643,6643.TWO,M31,M31,216.51,,TPEx LISTED,半導體業,508.0,509.0,518.0,507.0,447600,227.38,521.6,507.2,-2.61,0.16,0.0,-2.5,0.59,730.0,1745.79,1745.79,730.0,1745.79,-29.04,-70.33,-70.33,30.41,70.9,False,False,False,False,False,False,False,False,False,2026-10-06,半導體業
6645,6645.TW,KIM FOREST,金萬林-創,7.82,,TWSE LISTED,生技醫療業,12.85,12.8,13.05,12.7,55000,0.71,12.8,12.655,0.39,1.54,0.78,0.78,2.8,18.5,48.1,78.64,18.5,48.1,-29.46,-72.87,-83.4,30.54,73.28,False,False,False,False,False,False,False,False,False,2026-10-06,生技醫療業
6649,6649.TWO,TWBM,台生材,15.81,,TPEx LISTED,生技醫療業,37.65,37.15,38.65,37.1,157000,5.91,37.17,36.7,1.29,2.59,1.35,1.21,2.31,52.5,80.4,80.4,52.5,80.4,-26.38,-51.93,-51.93,28.29,53.17,False,False,False,False,False,False,False,False,False,2026-10-06,生技醫療業
6651,6651.TWO,CYSTEK,全宇昕,53.81,,TPEx LISTED,半導體業,155.5,157.0,157.0,150.0,254500,39.57,151.1,151.35,2.91,2.74,-0.32,5.42,3.32,177.5,177.5,177.5,177.5,177.5,-11.55,-11.55,-11.55,12.39,12.39,False,False,False,True,False,False,False,False,False,2026-10-06,半導體業
6654,6654.TWO,TZI,天正國際,90.12,,TPEx LISTED,其他電子業,220.0,221.0,221.0,217.0,55000,12.1,216.8,207.95,1.48,5.79,0.46,4.76,10.0,242.0,242.0,242.0,242.0,242.0,-8.68,-8.68,-8.68,9.09,9.09,False,False,False,False,False,False,False,True,True,2026-10-06,其他電子業
6655,6655.TW,KD,科定,107.16,,TWSE LISTED,其他,133.0,125.5,133.0,125.5,72000,9.58,126.7,125.6,4.97,5.89,5.98,6.4,6.83,141.0,158.0,176.0,141.0,158.0,-5.67,-15.82,-24.43,5.67,15.82,False,False,False,True,False,False,False,True,False,2026-10-06,其他
6657,6657.TW,ENERGENESIS,華安,30.37,,TWSE LISTED,生技醫療業,34.2,33.2,35.5,33.2,413000,14.12,33.08,32.98,3.39,3.7,3.64,4.91,5.39,59.7,85.6,100.92,59.7,85.6,-40.54,-58.53,-64.82,42.71,60.05,True,False,False,False,False,False,False,False,False,2026-10-06,生技醫療業
6658,6658.TW,SynPower,聯策,77.89,,TWSE LISTED,其他電子業,203.0,208.0,212.5,195.0,2481249,503.69,189.3,183.4,7.24,10.69,1.5,12.15,12.15,260.0,260.0,260.0,260.0,260.0,-18.27,-18.27,-18.27,21.92,21.92,True,False,False,False,False,False,False,False,False,2026-10-06,其他電子業
6661,6661.TWO,WELGENE,威健生技,3.95,,TPEx LISTED,生技醫療業,16.95,16.95,16.95,16.95,1000,0.02,16.43,16.23,3.16,4.44,2.11,4.63,4.63,20.35,39.4,41.5,20.35,39.4,-16.71,-56.98,-59.16,16.71,56.98,False,False,False,False,False,False,False,False,False,2026-10-06,生技醫療業
6662,6662.TWO,BioLASCO,樂斯科,7.3,,TPEx LISTED,生技醫療業,28.5,28.5,28.5,28.5,2000,0.06,28.54,28.49,-0.14,0.04,-0.35,0.0,0.0,32.4,41.0,71.09,32.4,41.0,-12.04,-30.49,-59.91,12.04,30.49,False,False,False,False,False,False,False,False,False,2026-10-06,生技醫療業
6664,6664.TWO,Group Up,群翊,236.35,,TPEx LISTED,電子零組件業,386.5,388.0,390.0,375.5,366154,141.52,379.4,365.9,1.87,5.63,0.39,4.04,4.46,497.5,497.5,497.5,497.5,497.5,-21.61,-21.61,-21.61,22.31,22.31,True,False,False,False,False,False,False,False,False,2026-10-06,電子零組件業
6666,6666.TW,LLF-KY,羅麗芬-KY,21.28,,TWSE LISTED,生技醫療業,44.9,44.8,45.55,44.4,21000,0.94,45.45,45.285,-1.21,-0.85,-0.99,-2.29,-1.64,47.0,75.2,216.0,47.0,75.2,-3.09,-39.43,-78.91,4.47,40.29,False,False,False,False,False,False,False,True,False,2026-10-06,生技醫療業
6667,6667.TWO,Trusval,信紘科,128.37,,TPEx LISTED,其他電子業,260.5,263.0,264.0,259.5,304852,79.41,261.6,261.3,-0.42,-0.31,-1.51,-0.19,0.58,302.5,310.0,310.0,302.5,310.0,-12.73,-14.84,-14.84,13.88,15.97,False,False,False,False,False,False,False,False,False,2026-10-06,其他電子業
6668,6668.TW,Zhong Yang,中揚光,55.16,,TWSE LISTED,光電業,51.5,48.35,52.3,48.25,8320183,428.49,48.25,48.31,6.74,6.6,6.74,9.34,8.08,54.1,79.7,253.55,54.1,79.7,-3.33,-34.38,-79.37,4.81,35.38,True,False,False,True,False,False,False,True,False,2026-10-06,光電業
6669,6669.TW,Wiwynn,緯穎,12828.57,,TWSE LISTED,電腦及週邊設備業,2290.0,2200.0,2335.0,2185.0,4835086,11072.35,2145.0,2131.0,6.76,7.46,6.51,8.53,9.05,2875.0,2875.0,2875.0,2875.0,2875.0,-18.78,-18.78,-18.78,20.35,20.35,False,False,False,False,False,False,False,False,False,2026-10-06,電腦及週邊設備業
6670,6670.TW,FSP,復盛應用,376.34,,TWSE LISTED,運動休閒,270.0,271.5,275.0,268.5,226225,61.08,270.7,271.6,-0.26,-0.59,0.0,-0.37,-1.1,304.5,383.5,383.5,304.5,383.5,-9.69,-28.29,-28.29,11.33,29.6,False,False,False,False,False,False,False,False,False,2026-10-06,運動休閒
6671,6671.TW,San Neng-KY,三能-KY,14.0,,TWSE LISTED,居家生活,23.05,23.4,23.4,22.75,20000,0.46,22.97,22.93,0.35,0.52,-1.07,0.88,0.88,40.4,48.15,53.0,40.4,48.15,-42.08,-51.4,-55.85,42.95,52.13,False,False,False,True,False,False,False,False,False,2026-10-06,居家生活
6672,6672.TW,Ventec,騰輝電子-KY,375.04,,TWSE LISTED,電子零組件業,459.5,456.0,459.5,435.0,2842350,1306.06,424.8,371.6,8.17,23.65,1.88,13.32,36.96,457.5,457.5,457.5,459.5,459.5,0.44,0.44,0.44,0.0,0.0,True,True,False,False,True,True,True,True,True,2026-10-06,電子零組件業
6674,6674.TW,CBN,鋐寶科技,12.45,,TWSE LISTED,通信網路業,18.25,18.3,18.3,18.25,88000,1.61,18.3,18.205,-0.27,0.25,-0.27,-0.54,0.0,22.15,32.45,56.5,22.15,32.45,-17.38,-43.61,-67.61,17.61,43.76,False,False,False,False,False,False,False,False,False,2026-10-06,通信網路業
6679,6679.TWO,ZILLTEK,鈺太,110.23,,TPEx LISTED,半導體業,200.5,204.5,204.5,199.5,427089,85.63,205.3,203.5,-2.34,-1.47,-2.91,-1.96,-2.67,352.5,499.0,499.0,352.5,499.0,-41.99,-59.02,-59.02,43.12,59.82,False,False,False,False,False,False,False,False,False,2026-10-06,半導體業
6680,6680.TWO,SINTRONES,鑫創電子,12.74,,TPEx LISTED,電腦及週邊設備業,50.8,51.0,51.0,50.7,4000,0.2,51.44,52.63,-1.24,-3.48,-1.36,-1.36,-0.97,70.88,114.57,114.57,70.88,114.57,-28.05,-55.49,-55.49,28.33,55.66,False,False,False,False,False,False,False,False,False,2026-10-06,電腦及週邊設備業
6683,6683.TWO,KSMT,雍智科技,414.67,,TPEx LISTED,半導體業,1505.0,1575.0,1580.0,1495.0,2854203,4295.58,1520.0,1541.5,-0.99,-2.37,4.51,-4.44,2.03,2565.0,2565.0,2565.0,2565.0,2565.0,-38.4,-38.4,-38.4,41.33,41.33,False,False,False,False,False,False,False,False,False,2026-10-06,半導體業
6684,6684.TWO,AlgolTek,安格,21.79,,TPEx LISTED,半導體業,48.9,49.05,49.1,48.35,50010,2.45,49.65,49.645,-1.51,-1.5,-0.31,-2.4,-3.93,66.7,135.5,227.23,66.7,135.5,-26.39,-63.76,-78.39,26.69,63.91,False,False,False,False,False,False,False,False,False,2026-10-06,半導體業
6689,6689.TW,ECV,伊雲谷,42.64,,TWSE LISTED,數位雲端,62.7,63.1,65.0,62.7,382100,23.96,63.92,64.14,-1.91,-2.25,-0.63,-2.34,-2.64,88.5,141.5,425.0,88.5,141.5,-26.55,-54.06,-84.71,29.15,55.69,False,False,False,False,False,False,False,False,False,2026-10-06,數位雲端
6690,6690.TWO,ACSI,安碁資訊,52.95,,TPEx LISTED,數位雲端,176.5,178.0,180.5,176.0,177030,31.25,176.7,177.9,-0.11,-0.79,-0.28,-0.28,-0.56,201.0,280.5,280.5,201.0,280.5,-10.2,-35.65,-35.65,12.19,37.08,False,False,False,False,False,False,False,False,False,2026-10-06,數位雲端
6691,6691.TW,YANKEY,洋基工程,1051.01,,TWSE LISTED,其他電子業,787.0,794.0,794.0,769.0,1000874,787.69,754.8,700.8,4.27,12.3,-0.88,7.37,20.34,794.0,794.0,794.0,794.0,794.0,0.0,0.0,0.0,0.88,0.88,False,False,False,False,False,False,False,True,True,2026-10-06,其他電子業
6692,6692.TWO,AES,進能服,13.03,,TPEx LISTED,綠能環保,22.15,22.65,22.65,22.0,26070,0.58,23.0,23.045,-3.7,-3.88,-4.73,-3.9,-4.53,33.5,55.36,55.36,33.5,55.36,-32.39,-59.08,-59.08,33.88,59.99,False,False,False,False,False,False,False,False,False,2026-10-06,綠能環保
6693,6693.TWO,inergy,廣閎科,94.18,,TPEx LISTED,半導體業,206.0,215.5,215.5,206.0,1060523,218.47,210.3,203.35,-2.04,1.3,-4.41,-3.06,-5.5,280.0,280.0,280.0,280.0,280.0,-23.04,-23.04,-23.04,26.43,26.43,False,False,False,False,False,False,False,False,False,2026-10-06,半導體業
6695,6695.TW,iCatchtek,芯鼎,55.83,,TWSE LISTED,半導體業,52.2,52.8,53.3,51.9,360001,18.79,53.94,52.46,-3.23,-0.5,-0.95,-5.78,-3.51,69.0,99.5,99.5,69.0,99.5,-22.75,-46.43,-46.43,24.35,47.54,False,False,False,False,False,False,False,False,False,2026-10-06,半導體業
6697,6697.TWO,ITTS,東捷資訊,11.22,,TPEx LISTED,資訊服務業,41.05,41.0,41.05,41.0,15000,0.62,41.14,41.24,-0.22,-0.46,-0.12,-0.12,-0.12,48.95,66.0,80.0,48.95,66.0,-16.14,-37.8,-48.69,16.14,37.8,False,False,False,False,False,False,False,False,False,2026-10-06,資訊服務業
6698,6698.TW,FINEMAT,旭暉應材,20.71,,TWSE LISTED,其他電子業,31.2,31.4,31.5,31.2,131111,4.09,31.95,32.05,-2.35,-2.65,-0.48,-3.26,-7.96,48.45,61.0,103.49,48.45,61.0,-34.98,-48.36,-69.56,35.6,48.85,False,False,False,False,False,False,False,False,False,2026-10-06,其他電子業
6703,6703.TWO,SHINY,軒郁,36.57,,TPEx LISTED,生技醫療業,99.9,100.0,100.5,99.9,12000,1.2,100.38,100.44,-0.48,-0.54,-0.6,-0.6,-0.1,112.27,264.98,264.98,112.27,264.98,-10.49,-62.07,-62.07,11.02,62.3,False,False,False,False,False,False,False,False,False,2026-10-06,生技醫療業
6706,6706.TW,FitTech,惠特,116.25,,TWSE LISTED,光電業,148.0,151.5,155.5,148.0,2340933,346.46,151.7,150.95,-2.44,-1.95,-2.31,-4.21,-1.99,225.0,225.0,259.0,225.0,225.0,-30.89,-30.89,-39.96,34.22,34.22,False,False,False,False,False,False,False,False,False,2026-10-06,光電業
6708,6708.TWO,MARS,天擎,21.15,,TPEx LISTED,半導體業,72.9,75.4,75.4,69.5,1725623,125.8,62.48,51.95,16.68,40.33,6.27,28.35,54.94,68.6,68.6,184.77,75.4,75.4,9.91,9.91,-59.19,3.32,3.32,True,True,False,False,True,True,False,True,True,2026-10-06,半導體業
6712,6712.TWO,Ever Supreme,長聖,160.78,,TPEx LISTED,生技醫療業,160.0,160.0,161.5,158.5,228769,36.6,161.0,160.6,-0.62,-0.37,0.0,-1.23,-0.93,184.0,186.15,322.75,184.0,186.15,-12.23,-13.24,-49.96,13.04,14.05,False,False,False,False,False,False,False,False,False,2026-10-06,生技醫療業
6715,6715.TW,Lintes,嘉基,329.42,,TWSE LISTED,電子零組件業,482.5,485.5,492.5,450.0,2200436,1061.71,461.4,459.0,4.57,5.12,0.42,6.51,6.75,569.0,569.0,569.0,569.0,569.0,-13.44,-13.44,-13.44,15.2,15.2,False,False,True,True,False,False,False,False,False,2026-10-06,電子零組件業
6716,6716.TWO,PDK,應廣,44.15,,TPEx LISTED,半導體業,146.0,145.0,146.0,139.5,3813434,556.76,126.3,121.25,15.6,20.41,9.77,24.26,27.51,140.0,155.5,199.17,146.0,155.5,4.29,-6.11,-26.7,0.0,6.11,True,False,False,False,True,False,False,True,True,2026-10-06,半導體業
6719,6719.TW,uPI,力智,199.43,,TWSE LISTED,半導體業,189.0,192.5,192.5,187.0,382295,72.25,188.9,186.6,0.05,1.29,-1.31,0.53,2.72,326.5,326.5,1015.0,326.5,326.5,-41.04,-41.04,-81.03,42.11,42.11,False,False,False,False,False,False,False,False,False,2026-10-06,半導體業
6720,6720.TWO,MP,久昌,37.63,,TPEx LISTED,半導體業,124.5,123.0,124.5,116.5,169000,21.04,125.8,126.85,-1.03,-1.85,0.0,-1.58,-2.35,182.0,240.5,240.5,182.0,240.5,-31.59,-48.23,-48.23,31.59,48.23,False,False,False,False,False,False,False,False,False,2026-10-06,半導體業
6721,6721.TWO,Sincere group,信實,12.09,,TPEx LISTED,其他,49.35,50.0,50.0,48.2,33050,1.63,49.99,50.155,-1.28,-1.61,-1.69,-1.69,-1.3,62.9,65.0,75.2,62.9,65.0,-20.51,-23.08,-33.51,21.54,24.08,False,False,False,False,False,False,False,False,False,2026-10-06,其他
6722,6722.TW,Whetron,輝創,29.22,,TWSE LISTED,其他電子業,33.05,33.25,33.25,32.7,40376,1.33,32.72,32.655,1.01,1.21,0.0,1.69,2.32,58.2,71.3,71.3,58.2,71.3,-42.87,-53.37,-53.37,43.21,53.65,False,False,False,False,False,False,False,False,False,2026-10-06,其他電子業
6725,6725.TWO,CHCT,矽科宏晟,81.87,,TPEx LISTED,其他電子業,220.5,223.0,226.0,218.0,95100,20.97,220.6,219.05,-0.05,0.66,-1.12,-0.23,1.38,424.0,424.0,424.0,424.0,424.0,-46.7,-46.7,-46.7,48.0,48.0,False,False,False,False,False,False,False,False,False,2026-10-06,其他電子業
6727,6727.TWO,AMI,亞泰金屬,141.95,,TPEx LISTED,電子零組件業,528.0,537.0,558.0,522.0,1732532,914.78,509.6,495.4,3.61,6.58,-0.56,8.2,9.32,697.0,697.0,697.0,697.0,697.0,-19.94,-19.94,-19.94,24.25,24.25,False,False,False,False,False,False,False,False,False,2026-10-06,電子零組件業
6728,6728.TWO,UP YOUNG,上洋,32.68,,TPEx LISTED,居家生活,108.5,108.0,109.0,108.0,21000,2.28,108.7,108.45,-0.18,0.05,0.0,-0.46,0.46,145.5,192.0,193.5,145.5,192.0,-25.09,-43.23,-43.67,25.43,43.49,False,False,False,False,False,False,False,False,False,2026-10-06,居家生活
6730,6730.TWO,LAGIS,常廣,11.56,,TPEx LISTED,生技醫療業,31.85,31.85,31.85,31.85,1000,0.03,31.97,32.065,-0.38,-0.67,0.0,-1.09,-0.47,40.0,52.2,81.4,40.0,52.2,-20.37,-38.98,-60.87,20.37,38.98,False,False,False,False,False,False,False,False,False,2026-10-06,生技醫療業
6732,6732.TWO,sensortek,昇佳電子,74.35,,TPEx LISTED,半導體業,152.0,152.5,153.5,151.5,103021,15.66,152.7,151.15,-0.46,0.56,-0.98,0.0,0.66,217.0,542.0,948.0,217.0,542.0,-29.26,-71.68,-83.81,29.95,71.96,False,False,False,False,False,False,False,False,False,2026-10-06,半導體業
6733,6733.TWO,BioGend,博晟生醫,32.97,,TPEx LISTED,生技醫療業,24.55,24.6,24.85,24.5,64000,1.57,24.83,24.995,-1.13,-1.78,-0.2,-1.6,-2.19,42.0,49.15,49.65,42.0,49.15,-40.83,-49.44,-49.95,41.55,50.05,False,False,False,False,False,False,False,False,False,2026-10-06,生技醫療業
6735,6735.TWO,AMIDA,美達科技,29.97,,TPEx LISTED,其他電子業,64.9,65.9,65.9,64.9,62075,4.03,66.56,65.3,-2.49,-0.61,-2.11,-2.84,0.0,149.5,149.5,149.5,149.5,149.5,-55.92,-55.92,-55.92,56.59,56.59,False,False,False,False,False,False,False,False,False,2026-10-06,其他電子業
6739,6739.TWO,GUTC,竹陞科技,259.66,,TPEx LISTED,其他電子業,1110.0,1150.0,1150.0,1110.0,208047,230.93,1130.0,1112.5,-1.77,-0.22,-1.33,0.45,-1.33,1760.0,1760.0,1760.0,1760.0,1760.0,-34.66,-34.66,-34.66,36.93,36.93,False,False,False,False,False,False,False,False,False,2026-10-06,其他電子業
6741,6741.TWO,91APP,91APP*-KY,65.72,,TPEx LISTED,數位雲端,54.5,54.8,54.8,54.5,106050,5.78,55.04,55.6,-0.98,-1.98,-0.73,-1.98,-1.62,75.7,118.0,427.0,75.7,118.0,-27.61,-53.56,-87.17,28.01,53.81,False,False,False,False,False,False,False,False,False,2026-10-06,數位雲端
6742,6742.TW,Vti,澤米,41.91,,TWSE LISTED,光電業,58.8,61.6,62.8,58.4,2253391,132.5,57.72,55.94,1.87,5.11,-2.33,5.76,8.49,74.9,93.8,145.58,74.9,93.8,-16.15,-33.05,-56.86,21.5,37.31,False,False,False,False,False,False,False,False,False,2026-10-06,光電業
6743,6743.TW,AMPACS,安普新,53.48,,TWSE LISTED,其他電子業,35.65,35.75,36.25,35.6,596395,21.26,34.41,32.345,3.6,10.22,0.14,6.42,14.63,36.45,76.8,152.12,36.45,76.8,-0.55,-52.8,-76.17,2.19,53.58,True,True,False,False,False,False,False,True,False,2026-10-06,其他電子業
6751,6751.TWO,AST,智聯服務,9.87,,TPEx LISTED,資訊服務業,44.45,44.45,44.45,44.45,0,0.0,44.38,44.215,0.16,0.53,0.0,1.02,-1.11,71.1,92.6,149.42,71.1,92.6,-37.48,-52.0,-70.25,37.48,52.0,False,False,False,False,False,False,False,False,False,2026-10-06,資訊服務業
6752,6752.TWO,GSS,叡揚,36.96,,TPEx LISTED,資訊服務業,96.6,96.6,97.3,96.6,13000,1.26,96.38,96.38,0.23,0.23,0.0,0.42,0.73,126.21,190.94,190.94,126.21,190.94,-22.91,-49.04,-49.04,23.46,49.41,False,False,False,False,False,False,False,False,False,2026-10-06,資訊服務業
6753,6753.TW,LUNGTEH,龍德造船,153.6,,TWSE LISTED,航運業,131.0,132.0,132.0,131.0,216564,28.37,132.3,132.5,-0.98,-1.13,0.0,-1.5,-1.13,169.0,214.0,214.0,169.0,214.0,-21.89,-38.32,-38.32,22.49,38.79,False,False,False,False,False,False,False,False,False,2026-10-06,航運業
6754,6754.TW,Rich Honour,匯僑設計,27.56,,TWSE LISTED,居家生活,41.75,40.1,41.75,40.05,11000,0.46,41.31,41.55,1.07,0.48,1.83,1.83,0.85,48.3,94.9,94.9,48.3,94.9,-13.56,-56.01,-56.01,13.56,56.01,False,False,False,True,False,False,False,False,False,2026-10-06,居家生活
6756,6756.TW,VLI,威鋒電子,67.89,,TWSE LISTED,半導體業,97.0,98.7,100.5,97.0,191045,18.53,97.8,97.84,-0.82,-0.86,-1.22,-1.02,-1.82,115.5,296.0,625.0,115.5,296.0,-12.99,-66.05,-83.92,16.02,67.23,False,False,False,False,False,False,False,False,False,2026-10-06,半導體業
6757,6757.TW,TTW,台灣虎航,242.17,,TWSE LISTED,航運業,52.7,53.1,53.2,52.7,421111,22.19,53.3,53.59,-1.13,-1.66,-0.57,-1.31,-1.31,73.0,109.0,109.0,73.0,109.0,-27.12,-51.19,-51.19,27.81,51.65,False,False,False,False,False,False,False,False,False,2026-10-06,航運業
6761,6761.TWO,Wendell,穩得,58.55,,TPEx LISTED,電子零組件業,167.5,168.5,169.0,167.0,103000,17.25,166.9,165.55,0.36,1.18,-1.18,1.82,2.45,239.0,239.0,239.0,239.0,239.0,-29.29,-29.29,-29.29,29.92,29.92,False,False,False,False,False,False,False,False,False,2026-10-06,電子零組件業
6762,6762.TWO,Delta Asia,達亞,57.61,,TPEx LISTED,生技醫療業,156.0,156.0,156.0,156.0,0,0.0,157.4,159.05,-0.89,-1.92,0.0,0.0,-1.89,188.57,241.41,241.41,188.57,241.41,-17.27,-35.38,-35.38,17.27,35.38,False,False,False,False,False,False,False,False,False,2026-10-06,生技醫療業
6763,6763.TWO,Green World,綠界科技*,75.55,,TPEx LISTED,數位雲端,41.05,41.25,41.25,41.0,109021,4.48,41.22,41.345,-0.41,-0.71,-0.12,-0.36,-0.24,58.6,96.8,138.1,58.6,96.8,-29.61,-57.39,-70.13,29.95,57.59,False,False,False,False,False,False,False,False,False,2026-10-06,數位雲端
6767,6767.TWO,Wiltrom,台微醫,9.29,,TPEx LISTED,生技醫療業,23.7,24.3,24.3,23.5,6000,0.14,24.34,24.545,-2.63,-3.44,-3.07,-3.66,-3.07,30.25,42.9,52.0,30.25,42.9,-19.67,-43.36,-53.27,21.65,44.76,False,False,False,False,False,False,False,False,False,2026-10-06,生技醫療業
6768,6768.TW,SPG-KY,志強-KY,127.46,,TWSE LISTED,運動休閒,63.7,64.0,64.0,63.1,125010,7.96,63.3,62.95,0.63,1.19,0.95,0.63,1.92,109.5,173.5,173.5,109.5,173.5,-41.55,-63.11,-63.11,41.83,63.29,False,False,False,False,False,False,False,False,False,2026-10-06,運動休閒
6770,6770.TW,PSMC,力積電,3501.08,,TWSE LISTED,半導體業,74.3,75.9,76.0,74.2,66992492,4977.54,75.28,73.83,-1.3,0.64,-1.98,-0.27,2.77,94.5,94.5,94.5,94.5,94.5,-19.58,-19.58,-19.58,21.38,21.38,False,False,False,False,False,False,False,False,False,2026-10-06,半導體業
6771,6771.TW,PHET,平和環保-創,13.25,,TWSE LISTED,綠能環保,42.5,41.8,42.5,41.8,11000,0.47,42.66,42.39,-0.38,0.26,0.0,-1.16,1.67,48.75,90.2,95.24,48.75,90.2,-12.82,-52.88,-55.38,12.82,52.88,False,False,False,False,False,False,False,False,False,2026-10-06,綠能環保
6776,6776.TW,Weblink,展碁國際,47.81,,TWSE LISTED,電子通路業,52.2,52.1,52.5,52.1,52001,2.71,52.6,52.44,-0.76,-0.46,-0.38,-1.14,0.58,75.5,75.5,75.5,75.5,75.5,-30.46,-30.46,-30.46,30.86,30.86,False,False,False,False,False,False,False,False,False,2026-10-06,電子通路業
6781,6781.TW,AES-KY,AES-KY,875.54,,TWSE LISTED,電子零組件業,1025.0,1050.0,1060.0,1020.0,539802,553.3,1029.0,1020.0,-0.39,0.49,-2.38,0.0,1.49,1370.0,1555.0,2015.0,1370.0,1555.0,-22.63,-31.83,-47.39,25.18,34.08,False,False,False,False,False,False,False,False,False,2026-10-06,電子零組件業
6782,6782.TW,VISCO,視陽,145.84,,TWSE LISTED,生技醫療業,231.5,231.5,231.5,229.0,80000,18.52,235.2,236.95,-1.57,-2.3,1.09,-2.53,-1.28,256.0,304.5,388.5,256.0,304.5,-9.57,-23.97,-40.41,9.57,23.97,False,False,False,False,False,False,False,True,False,2026-10-06,生技醫療業
6785,6785.TWO,Alar,昱展新藥,62.19,,TPEx LISTED,生技醫療業,93.1,94.1,94.1,92.8,44026,4.1,94.52,96.22,-1.5,-3.24,-1.38,-2.31,-3.22,313.0,465.0,465.0,313.0,465.0,-69.94,-79.76,-79.76,70.26,79.98,False,False,False,False,False,False,False,False,False,2026-10-06,生技醫療業
6788,6788.TWO,Brillian,華景電,143.53,,TPEx LISTED,半導體業,370.5,376.5,380.0,367.5,274099,101.55,360.5,350.0,2.77,5.86,-1.59,6.93,7.55,549.0,549.0,549.0,549.0,549.0,-30.78,-30.78,-30.78,32.51,32.51,False,False,False,False,False,False,False,False,False,2026-10-06,半導體業
6789,6789.TW,VisEra,采鈺,1540.57,,TWSE LISTED,半導體業,484.0,495.0,500.0,484.0,1258185,608.96,489.1,478.45,-1.04,1.16,-0.82,-1.02,1.15,642.0,642.0,642.0,642.0,642.0,-22.12,-22.12,-22.12,24.61,24.61,False,False,False,False,False,False,False,False,False,2026-10-06,半導體業
6790,6790.TW,YFYCPG,永豐實,99.77,,TWSE LISTED,造紙工業,37.35,37.3,37.4,37.2,87200,3.26,37.51,37.635,-0.43,-0.76,0.27,-0.8,-0.66,41.25,58.3,78.3,41.25,58.3,-9.33,-35.85,-52.23,9.45,35.93,False,False,False,False,False,False,False,True,False,2026-10-06,造紙工業
6791,6791.TWO,TADC,虎門科技,21.26,,TPEx LISTED,資訊服務業,102.0,101.0,102.0,100.5,23030,2.35,100.3,99.88,1.69,2.12,2.51,1.49,2.93,145.0,175.0,175.0,145.0,175.0,-29.66,-41.71,-41.71,29.66,41.71,False,False,False,False,False,False,False,False,False,2026-10-06,資訊服務業
6792,6792.TW,Unictron,詠業,28.63,,TWSE LISTED,通信網路業,59.8,58.5,59.8,58.5,31000,1.85,59.14,59.1,1.12,1.18,2.22,1.36,1.53,76.5,104.5,229.0,76.5,104.5,-21.83,-42.78,-73.89,21.83,42.78,False,False,False,True,False,False,False,False,False,2026-10-06,通信網路業
6794,6794.TW,UnicoCell,向榮生技,46.84,,TWSE LISTED,生技醫療業,73.6,75.0,75.8,73.1,80000,5.89,74.7,74.29,-1.47,-0.93,-3.16,0.55,2.51,93.2,96.0,104.0,93.2,96.0,-18.67,-21.04,-27.12,21.03,23.33,False,False,False,False,False,False,False,False,False,2026-10-06,生技醫療業
6796,6796.TW,MiiS,晉弘,22.53,,TWSE LISTED,生技醫療業,56.0,56.5,58.4,55.4,37000,2.07,55.36,53.25,1.16,5.16,-1.75,5.46,8.32,99.0,115.0,137.12,99.0,115.0,-41.01,-49.22,-57.41,43.43,51.3,False,False,False,False,False,False,False,False,False,2026-10-06,生技醫療業
6799,6799.TW,M3TEK,來頡,40.03,,TWSE LISTED,半導體業,91.7,92.1,93.3,90.0,300000,27.51,91.82,89.28,-0.13,2.71,-0.11,-0.54,1.55,118.0,228.0,361.5,118.0,228.0,-20.93,-59.08,-74.19,22.29,59.78,False,False,False,False,False,False,False,False,False,2026-10-06,半導體業
6803,6803.TWO,ECOVE Corp.,崑鼎,191.45,,TPEx LISTED,綠能環保,263.0,266.0,266.0,263.0,84166,22.14,265.9,266.15,-1.09,-1.18,-0.94,-1.5,-1.31,312.5,317.5,330.0,312.5,317.5,-14.88,-16.22,-19.39,15.84,17.17,False,False,False,False,False,False,False,False,False,2026-10-06,綠能環保
6804,6804.TWO,Axman,明係,8.74,,TPEx LISTED,運動休閒,18.4,18.55,18.55,17.95,31012,0.57,18.4,18.315,-0.0,0.46,-0.81,0.27,1.66,21.05,63.3,80.1,21.05,63.3,-11.88,-70.7,-76.84,12.59,70.93,False,False,False,False,False,False,False,False,False,2026-10-06,運動休閒
6805,6805.TW,Fositek,富世達,1655.58,,TWSE LISTED,電子零組件業,2415.0,2445.0,2505.0,2380.0,2008658,4850.91,2404.0,2458.0,0.46,-1.75,-1.43,1.05,-3.98,2750.0,2750.0,2750.0,2750.0,2750.0,-8.91,-8.91,-8.91,12.18,12.18,False,False,True,False,False,False,False,False,False,2026-10-06,電子零組件業
6807,6807.TW,FY-KY,峰源-KY,17.68,,TWSE LISTED,居家生活,32.75,31.55,32.75,31.55,7000,0.23,32.29,32.4,1.42,1.08,2.18,1.39,2.66,47.95,100.0,100.0,47.95,100.0,-31.7,-67.25,-67.25,31.7,67.25,False,False,False,True,False,False,False,False,False,2026-10-06,居家生活
6811,6811.TWO,AEB,宏碁資訊,103.0,,TPEx LISTED,數位雲端,248.5,246.5,254.0,245.5,364374,90.55,243.8,245.95,1.93,1.04,0.81,2.05,3.76,272.5,350.0,399.0,272.5,350.0,-6.79,-27.43,-36.34,8.81,29.0,False,False,False,True,False,False,False,True,False,2026-10-06,數位雲端
6821,6821.TWO,LKM,聯寶,16.45,,TPEx LISTED,電子零組件業,45.8,45.5,47.25,44.95,264009,12.09,44.56,42.7,2.78,7.26,0.66,8.4,11.84,76.3,76.3,90.7,76.3,76.3,-38.07,-38.07,-47.91,39.97,39.97,False,False,False,False,False,False,False,False,False,2026-10-06,電子零組件業
6823,6823.TWO,GreenFILTEC,濾能,20.34,,TPEx LISTED,半導體業,61.2,61.7,61.7,60.1,39422,2.41,60.92,60.76,0.46,0.72,0.66,0.82,-2.86,113.5,113.5,197.81,113.5,113.5,-45.64,-45.64,-68.81,46.08,46.08,False,False,False,True,False,False,False,False,False,2026-10-06,半導體業
6829,6829.TWO,CFPREC,千附精密,122.78,,TPEx LISTED,半導體業,207.5,206.0,209.5,206.0,321100,66.63,207.0,208.75,0.24,-0.6,0.73,1.22,-0.48,287.5,287.5,287.5,287.5,287.5,-27.13,-27.13,-27.13,27.83,27.83,False,False,False,False,False,False,False,False,False,2026-10-06,半導體業
6830,6830.TW,MSS,汎銓,286.76,,TWSE LISTED,其他電子業,527.0,554.0,558.0,525.0,1505924,793.62,537.6,540.6,-1.97,-2.52,-4.18,-0.75,-1.13,1000.0,1000.0,1000.0,1000.0,1000.0,-44.2,-44.2,-44.2,47.3,47.3,False,False,False,False,False,False,False,False,False,2026-10-06,其他電子業
6831,6831.TW,MICROLOOPS,邁科,335.81,,TWSE LISTED,電腦及週邊設備業,497.5,497.0,503.0,485.0,718157,357.28,482.7,494.3,3.07,0.65,1.74,4.85,1.12,970.0,970.0,970.0,970.0,970.0,-48.14,-48.14,-48.14,48.71,48.71,True,False,False,True,False,False,False,False,False,2026-10-06,電腦及週邊設備業
6834,6834.TW,EVEROHMS,天二科技,108.82,,TWSE LISTED,電子零組件業,123.0,126.5,127.0,121.5,3495990,430.01,120.347,115.781,2.2,6.24,-1.99,5.83,12.41,143.0,143.0,143.0,143.0,143.0,-11.19,-11.19,-11.19,13.99,13.99,False,False,False,False,False,False,False,False,False,2026-10-06,電子零組件業
6835,6835.TW,CMI,圓裕,21.34,,TWSE LISTED,電子零組件業,32.25,32.0,32.25,31.4,20000,0.65,31.54,31.395,2.25,2.72,0.78,3.53,4.37,41.5,58.9,81.0,41.5,58.9,-22.29,-45.25,-60.19,22.29,45.25,False,False,True,False,False,False,False,False,False,2026-10-06,電子零組件業
6838,6838.TW,FRMSP,台新藥,37.97,,TWSE LISTED,生技醫療業,25.15,25.0,25.15,24.8,99000,2.49,25.47,25.255,-1.26,-0.42,-0.59,-2.52,-1.95,33.3,66.9,68.0,33.3,66.9,-24.47,-62.41,-63.01,24.47,62.41,False,False,False,False,False,False,False,False,False,2026-10-06,生技醫療業
6840,6840.TWO,BTL,東研信超,29.51,,TPEx LISTED,其他電子業,95.9,97.6,97.6,95.5,196000,18.8,97.96,100.78,-2.1,-4.84,-1.13,-3.42,-3.62,111.5,111.5,119.09,111.5,111.5,-12.47,-12.47,-18.05,13.99,13.99,False,False,False,False,False,False,False,False,False,2026-10-06,其他電子業
6841,6841.TWO,EFAI,長佳智能,53.42,,TPEx LISTED,生技醫療業,56.1,55.6,56.2,55.2,87000,4.88,56.8,55.34,-1.23,1.37,0.9,-1.58,1.45,73.0,124.0,230.0,73.0,124.0,-23.01,-54.68,-75.57,23.15,54.76,False,False,False,False,False,False,False,False,False,2026-10-06,生技醫療業
6843,6843.TWO,JDV,進典,12.72,,TPEx LISTED,電機機械,38.2,38.45,38.45,38.0,10000,0.38,38.42,38.595,-0.57,-1.02,-0.26,-0.65,-0.39,57.0,67.0,67.0,57.0,67.0,-32.54,-42.61,-42.61,32.98,42.99,False,False,False,False,False,False,False,False,False,2026-10-06,電機機械
6844,6844.TWO,NORBEL,諾貝兒,21.33,,TPEx LISTED,生技醫療業,57.0,56.5,57.0,56.3,8100,0.46,57.16,57.06,-0.28,-0.11,0.18,-0.7,-0.7,75.8,236.0,251.0,75.8,236.0,-24.8,-75.85,-77.29,24.8,75.85,False,False,False,False,False,False,False,False,False,2026-10-06,生技醫療業
6846,6846.TWO,GREENYN,綠茵,15.64,,TPEx LISTED,食品工業,57.8,58.0,58.0,57.8,2000,0.12,58.34,58.47,-0.93,-1.15,-1.2,-1.03,-0.69,76.7,91.7,120.5,76.7,91.7,-24.38,-36.75,-51.87,24.64,36.97,False,False,False,False,False,False,False,False,False,2026-10-06,食品工業
6854,6854.TW,PlayNitride,錼創科技-KY創,109.21,,TWSE LISTED,半導體業,92.8,94.1,97.3,90.3,352012,32.67,93.54,92.93,-0.79,-0.14,-0.22,-0.96,1.98,197.5,277.5,277.5,197.5,277.5,-50.73,-64.94,-64.94,53.01,66.56,False,False,False,False,False,False,False,False,False,2026-10-06,半導體業
6855,6855.TWO,Eclatorq,數泓科,25.92,,TPEx LISTED,其他電子業,111.5,112.0,112.0,111.5,6600,0.74,114.1,114.35,-2.28,-2.49,-1.76,-3.88,-3.88,136.0,177.0,177.0,136.0,177.0,-17.65,-36.72,-36.72,18.01,37.01,False,False,False,False,False,False,False,False,False,2026-10-06,其他電子業
6856,6856.TWO,ST media,鑫傳,11.77,,TPEx LISTED,文化創意業,41.75,41.75,41.75,41.75,0,0.0,41.64,41.795,0.26,-0.11,0.0,1.71,-0.12,57.8,82.7,132.0,57.8,82.7,-27.77,-49.52,-68.37,27.77,49.52,False,False,False,False,False,False,False,False,False,2026-10-06,文化創意業
6859,6859.TWO,BEST OPT,伯特光,51.15,,TPEx LISTED,光電業,123.0,123.0,123.5,122.5,33000,4.06,121.9,120.95,0.9,1.69,0.0,2.07,2.5,140.5,224.0,224.0,140.5,224.0,-12.1,-44.87,-44.87,12.46,45.09,False,False,False,False,False,False,False,False,False,2026-10-06,光電業
6861,6861.TW,INCX,睿生光電,112.53,,TWSE LISTED,生技醫療業,270.5,295.5,295.5,270.5,1817259,491.57,293.5,281.8,-7.84,-4.01,-8.46,-7.36,-5.09,490.0,490.0,490.0,490.0,490.0,-39.69,-39.69,-39.69,44.8,44.8,False,False,False,False,False,False,False,False,False,2026-10-06,生技醫療業
6862,6862.TW,TRIO-KY,三集瑞-KY,69.5,,TWSE LISTED,電子零組件業,139.0,140.5,140.5,139.0,81092,11.27,140.3,140.05,-0.93,-0.75,-1.07,-2.11,0.72,248.0,284.0,284.0,248.0,284.0,-43.35,-50.53,-50.53,43.95,51.06,False,False,False,False,False,False,False,False,False,2026-10-06,電子零組件業
6863,6863.TW,Arizon RFID,永道-KY,72.19,,TWSE LISTED,通信網路業,96.4,96.3,96.8,96.0,31140,3.0,95.86,96.67,0.56,-0.28,0.31,0.94,0.21,142.5,323.0,323.0,142.5,323.0,-32.07,-70.03,-70.03,32.35,70.15,True,False,False,False,False,False,False,False,False,2026-10-06,通信網路業
6865,6865.TWO,WebComm,偉康科技,4.26,,TPEx LISTED,數位雲端,26.9,27.65,27.65,26.9,12100,0.33,27.81,27.83,-3.27,-3.34,-2.89,-2.71,-3.93,50.2,87.0,198.0,50.2,87.0,-44.92,-68.22,-86.04,46.41,69.08,False,False,False,False,False,False,False,False,False,2026-10-06,數位雲端
6869,6869.TW,J&V Energy,雲豹能源,95.1,,TWSE LISTED,綠能環保,69.0,68.6,70.7,68.0,262110,18.09,69.88,69.96,-1.26,-1.37,0.58,-0.58,-2.68,123.5,330.0,330.0,123.5,330.0,-42.75,-78.58,-78.58,44.13,79.09,False,False,False,False,False,False,False,False,False,2026-10-06,綠能環保
6870,6870.TWO,Turn Cloud,騰雲,87.93,,TPEx LISTED,數位雲端,310.5,317.0,322.5,310.5,55362,17.19,316.1,318.7,-1.77,-2.57,-2.97,-1.27,-6.05,340.0,340.0,340.0,340.0,340.0,-5.15,-5.15,-5.15,8.68,8.68,False,False,False,False,False,False,False,True,True,2026-10-06,數位雲端
6872,6872.TWO,NaviFUS,浩宇生醫,15.71,,TPEx LISTED,生技醫療業,22.2,23.0,23.0,22.1,56000,1.24,22.97,23.14,-3.35,-4.06,-1.33,-3.48,-7.5,27.05,41.0,41.0,27.05,41.0,-14.97,-43.9,-43.9,17.93,45.85,False,False,False,False,False,False,False,False,False,2026-10-06,生技醫療業
6873,6873.TW,HDRE,泓德能源,91.44,,TWSE LISTED,綠能環保,64.1,65.9,65.9,63.9,571993,36.66,66.76,67.76,-3.98,-5.4,-2.73,-5.6,-5.6,126.5,271.87,271.87,126.5,271.87,-47.91,-75.76,-75.76,49.33,76.42,False,False,False,False,False,False,False,False,False,2026-10-06,綠能環保
6874,6874.TWO,M-POWER,倍力,15.42,,TPEx LISTED,資訊服務業,70.1,69.7,71.0,69.5,21002,1.47,70.08,69.77,0.03,0.47,0.57,-0.43,-0.14,88.45,130.91,199.09,88.45,130.91,-19.73,-45.76,-64.34,20.75,46.45,False,False,False,True,False,False,False,False,False,2026-10-06,資訊服務業
6875,6875.TWO,PBI,國邑*,35.27,,TPEx LISTED,生技醫療業,27.3,27.05,28.6,26.95,255000,6.96,29.48,31.115,-7.39,-12.26,-0.91,-12.78,-12.92,53.5,125.5,158.44,53.5,125.5,-46.54,-77.21,-81.95,48.97,78.25,False,False,False,False,False,False,False,False,False,2026-10-06,生技醫療業
6877,6877.TWO,HYE,鏵友益,62.5,,TPEx LISTED,其他電子業,132.5,144.0,144.0,131.0,410207,54.35,138.9,131.6,-4.61,0.68,-8.93,-4.33,3.52,198.0,198.0,198.0,198.0,198.0,-27.27,-27.27,-27.27,33.08,33.08,False,False,False,False,False,False,False,False,False,2026-10-06,其他電子業
6881,6881.TWO,RTD,潤德,32.25,,TPEx LISTED,其他,215.0,214.5,215.0,214.5,3000,0.65,215.0,215.0,0.0,0.0,-0.23,0.0,0.23,284.0,284.0,284.0,284.0,284.0,-24.3,-24.3,-24.3,24.3,24.3,False,False,False,False,False,False,False,False,False,2026-10-06,其他
6884,6884.TWO,HSNC,海柏特,5.65,,TPEx LISTED,資訊服務業,30.75,30.7,30.75,30.55,5264,0.16,30.93,31.365,-0.58,-1.96,0.49,-2.07,-1.13,38.4,68.3,83.8,38.4,68.3,-19.92,-54.98,-63.31,19.92,54.98,False,False,False,False,False,False,False,False,False,2026-10-06,資訊服務業
6885,6885.TW,BRIM,全福生技,38.92,,TWSE LISTED,生技醫療業,29.25,29.8,30.2,29.2,742000,21.7,30.49,30.605,-4.07,-4.43,-0.17,-7.14,-5.65,33.0,80.5,88.28,33.0,80.5,-8.48,-62.48,-65.79,11.36,63.66,False,False,False,False,False,False,False,False,False,2026-10-06,生技醫療業
6887,6887.TW,BORETECH-KY,寶綠特-KY,27.42,,TWSE LISTED,綠能環保,36.95,36.95,37.2,36.5,37010,1.37,37.89,38.27,-2.48,-3.45,-1.6,-2.64,-3.02,64.2,102.0,102.0,64.2,102.0,-42.06,-63.53,-63.53,42.45,63.77,False,False,False,False,False,False,False,False,False,2026-10-06,綠能環保
6890,6890.TW,Lai Yih,來億-KY,369.19,,TWSE LISTED,運動休閒,147.5,147.0,147.5,145.0,140000,20.65,147.6,147.45,-0.07,0.03,0.34,-0.67,0.34,285.5,538.0,538.0,285.5,538.0,-48.34,-72.58,-72.58,48.34,72.58,False,False,False,False,False,False,False,False,False,2026-10-06,運動休閒
6894,6894.TWO,WRT,衛司特,85.44,,TPEx LISTED,綠能環保,359.0,353.5,362.0,353.5,64000,22.98,360.2,364.3,-0.33,-1.45,0.28,-0.28,-0.83,418.0,418.0,418.0,418.0,418.0,-13.4,-13.4,-13.4,14.11,14.11,False,False,False,False,False,False,False,False,False,2026-10-06,綠能環保
6895,6895.TWO,WPTI,宏碩系統,53.71,,TPEx LISTED,半導體業,157.5,156.0,157.5,152.0,26000,4.09,153.2,148.2,2.81,6.28,0.64,4.3,8.62,211.5,346.5,346.5,211.5,346.5,-25.53,-54.55,-54.55,25.53,54.55,False,False,False,False,False,False,False,False,False,2026-10-06,半導體業
6899,6899.TWO,AMT,創為精密,20.99,,TPEx LISTED,光電業,49.5,50.1,50.1,49.1,20000,0.99,49.58,49.73,-0.16,-0.46,-0.2,0.0,0.0,70.8,84.9,101.5,70.8,84.9,-29.24,-40.99,-50.64,30.08,41.7,False,False,False,False,False,False,False,False,False,2026-10-06,光電業
6901,6901.TW,DIAMOND BIOFUND,鑽石投資,148.48,,TWSE LISTED,其他,17.4,17.9,18.3,17.4,3297564,57.38,17.18,16.545,1.28,5.17,-3.33,4.5,0.87,22.4,57.2,200.19,22.4,57.2,-18.3,-68.01,-90.86,22.32,69.58,False,False,False,False,False,False,False,False,False,2026-10-06,其他
6902,6902.TW,Gogolook,GOGOLOOK,50.81,,TWSE LISTED,數位雲端,143.0,147.0,147.5,142.5,334035,47.77,150.9,158.65,-5.24,-9.86,-3.05,-7.74,-12.0,183.0,220.0,282.5,183.0,220.0,-19.4,-32.95,-47.79,21.86,35.0,False,False,False,False,False,False,False,False,False,2026-10-06,數位雲端
6903,6903.TWO,JH,巨漢,215.7,,TPEx LISTED,其他電子業,323.5,332.0,334.5,321.0,308164,99.69,320.0,313.05,1.09,3.34,-1.37,2.37,6.24,451.5,451.5,451.5,451.5,451.5,-25.91,-25.91,-25.91,28.35,28.35,False,False,False,False,False,False,False,False,False,2026-10-06,其他電子業
6904,6904.TWO,PROXENE,伯鑫,22.76,,TPEx LISTED,其他,123.0,122.0,123.0,122.0,2000,0.25,122.8,121.65,0.16,1.11,0.0,0.0,1.23,135.0,243.0,243.0,135.0,243.0,-8.89,-49.38,-49.38,8.89,49.38,False,False,True,False,False,False,False,True,False,2026-10-06,其他
6906,6906.TW,Groundhog,現觀科,26.63,,TWSE LISTED,數位雲端,79.4,82.7,82.7,79.0,56049,4.45,82.68,82.48,-3.97,-3.73,-3.99,-5.48,-5.14,114.5,230.5,230.5,114.5,230.5,-27.77,-64.12,-64.12,30.66,65.55,False,False,False,False,False,False,False,False,False,2026-10-06,數位雲端
6907,6907.TWO,ATK-KY,雅特力-KY,119.49,,TPEx LISTED,半導體業,191.0,194.0,196.5,190.0,813726,155.42,194.3,188.9,-1.7,1.11,-1.29,-3.78,5.82,246.0,246.0,246.0,246.0,246.0,-20.12,-20.12,-20.12,22.36,22.36,False,False,False,False,False,False,False,False,False,2026-10-06,半導體業
6908,6908.TW,AGM,宏碁遊戲-創,9.78,,TWSE LISTED,電子通路業,26.3,26.55,26.6,26.05,69100,1.82,26.78,28.005,-1.79,-6.09,-0.94,-4.36,-2.77,71.0,92.7,156.0,71.0,92.7,-62.54,-71.31,-82.95,62.96,71.63,False,False,False,False,False,False,False,False,False,2026-10-06,電子通路業
6909,6909.TW,tCt,創控,29.15,,TWSE LISTED,半導體業,43.2,43.8,43.8,43.15,244056,10.54,43.42,42.675,-0.51,1.23,-1.71,1.05,2.98,71.5,71.5,71.5,71.5,71.5,-38.74,-38.74,-38.74,39.58,39.58,False,False,False,False,False,False,False,False,False,2026-10-06,半導體業
6910,6910.TWO,Grandsys,德鴻,7.81,,TPEx LISTED,數位雲端,25.6,25.6,25.6,25.55,14010,0.36,26.28,26.04,-2.59,-1.69,-0.78,-4.48,-3.4,41.4,62.5,76.0,41.4,62.5,-38.16,-59.04,-66.32,38.16,59.04,False,False,False,False,False,False,False,False,False,2026-10-06,數位雲端
6913,6913.TWO,VSO,鴻呈,56.78,,TPEx LISTED,電子零組件業,129.5,131.0,131.0,129.0,96508,12.5,129.4,128.85,0.08,0.5,-0.38,0.39,1.97,169.0,176.15,176.15,169.0,176.15,-22.49,-25.63,-25.63,23.37,26.48,False,False,False,False,False,False,False,False,False,2026-10-06,電子零組件業
6914,6914.TW,PSS,阜爾運通,94.97,,TWSE LISTED,其他,119.5,119.0,120.0,118.0,62300,7.44,118.7,119.55,0.67,-0.04,0.84,1.27,0.0,129.17,207.5,207.5,129.17,207.5,-7.1,-42.17,-42.17,7.48,42.41,False,False,False,False,False,False,False,True,False,2026-10-06,其他
6916,6916.TW,WINSTAR,華凌,12.99,,TWSE LISTED,光電業,19.25,19.4,19.4,18.9,48000,0.92,18.86,18.54,2.07,3.83,1.05,4.05,4.34,23.6,34.3,39.42,23.6,34.3,-17.8,-43.44,-50.78,18.43,43.88,True,False,False,False,False,False,False,False,False,2026-10-06,光電業
6918,6918.TW,A Plus Biotech,愛派司,25.58,,TWSE LISTED,生技醫療業,74.0,73.5,74.0,73.5,93000,6.88,73.92,74.27,0.11,-0.36,0.27,0.14,0.0,87.8,136.0,136.0,87.8,136.0,-15.72,-45.59,-45.59,15.72,45.59,False,False,False,False,False,False,False,False,False,2026-10-06,生技醫療業
6919,6919.TW,Caliway,康霈*,1222.4,,TWSE LISTED,生技醫療業,78.5,79.1,79.2,78.1,2507876,196.87,79.06,80.12,-0.71,-2.02,-0.38,-0.76,-1.26,181.0,277.0,277.0,181.0,277.0,-56.24,-71.41,-71.41,56.63,71.66,False,False,False,False,False,False,False,False,False,2026-10-06,生技醫療業
6921,6921.TW,LeRain,嘉雨思-創,21.2,,TWSE LISTED,半導體業,65.7,65.6,65.7,65.6,14000,0.92,66.42,66.57,-1.08,-1.31,-0.45,-1.05,-1.94,104.5,104.5,104.5,104.5,104.5,-37.13,-37.13,-37.13,37.13,37.13,False,False,False,False,False,False,False,False,False,2026-10-06,半導體業
6922,6922.TWO,Neousys,宸曜,57.3,,TPEx LISTED,電腦及週邊設備業,211.0,215.0,218.0,211.0,71020,14.99,216.1,213.25,-2.36,-1.06,-1.86,-4.52,-6.22,230.0,255.27,255.27,230.0,255.27,-5.22,-14.6,-14.6,8.26,17.34,False,False,False,False,False,False,False,True,False,2026-10-06,電腦及週邊設備業
6923,6923.TW,ctrt,中台,66.56,,TWSE LISTED,綠能環保,73.6,73.5,73.7,73.0,60014,4.42,74.38,75.22,-1.05,-2.15,0.14,-1.87,-1.6,113.0,132.0,145.5,113.0,132.0,-34.78,-44.17,-49.35,34.87,44.24,False,False,False,False,False,False,False,False,False,2026-10-06,綠能環保
6924,6924.TW,EIKEI-KY,榮惠-KY創,28.15,,TWSE LISTED,電子零組件業,136.5,130.5,138.0,129.0,87000,11.88,134.3,134.5,1.64,1.49,3.02,1.87,1.11,193.5,193.5,193.5,193.5,193.5,-28.68,-28.68,-28.68,29.46,29.46,False,False,False,True,False,False,False,False,False,2026-10-06,電子零組件業
6925,6925.TWO,eLand,意藍,14.3,,TPEx LISTED,數位雲端,71.5,69.2,75.5,68.2,905000,64.71,71.02,67.45,0.68,6.0,3.32,-0.83,-4.67,96.5,193.0,193.0,96.5,193.0,-21.76,-60.88,-60.88,25.91,62.95,False,False,False,False,False,False,False,False,False,2026-10-06,數位雲端
6928,6928.TW,UTI,攸泰科技,37.62,,TWSE LISTED,電腦及週邊設備業,43.75,45.7,45.7,43.75,138065,6.04,45.56,45.79,-3.97,-4.46,-4.27,-5.91,-3.85,62.9,129.0,129.0,62.9,129.0,-27.34,-64.57,-64.57,30.45,66.09,False,False,False,False,False,False,False,False,False,2026-10-06,電腦及週邊設備業
6929,6929.TWO,We Can,佑全,9.69,,TPEx LISTED,生技醫療業,21.5,22.9,22.9,21.2,10000,0.21,21.85,21.905,-1.6,-1.85,-1.6,-1.38,-0.69,36.5,120.5,169.0,36.5,120.5,-37.26,-81.0,-86.45,41.1,82.16,False,False,False,False,False,False,False,False,False,2026-10-06,生技醫療業
6931,6931.TW,Qing Song,青松健康,25.1,,TWSE LISTED,生技醫療業,37.95,37.55,38.1,37.55,77010,2.92,38.44,38.66,-1.27,-1.84,-0.26,-2.44,-2.06,63.5,114.43,114.43,63.5,114.43,-40.0,-66.7,-66.7,40.24,66.84,False,False,False,False,False,False,False,False,False,2026-10-06,生技醫療業
6933,6933.TW,AMAX,AMAX-KY,159.11,,TWSE LISTED,電腦及週邊設備業,374.5,385.5,386.5,371.0,1004380,376.14,380.6,365.2,-1.6,2.55,-2.47,-5.07,-0.93,413.0,413.0,413.0,413.0,413.0,-6.42,-6.42,-6.42,9.32,9.32,False,False,False,False,False,False,False,True,True,2026-10-06,電腦及週邊設備業
6934,6934.TW,HCMED,心誠鎂,26.59,,TWSE LISTED,生技醫療業,73.6,74.2,74.4,73.6,55000,4.05,74.48,74.46,-1.18,-1.15,-1.08,-2.13,-3.29,175.0,175.0,175.0,175.0,175.0,-57.49,-57.49,-57.49,57.94,57.94,False,False,False,False,False,False,False,False,False,2026-10-06,生技醫療業
6937,6937.TW,Skytech,天虹,200.26,,TWSE LISTED,半導體業,296.0,310.0,313.0,294.0,719413,212.95,302.3,302.2,-2.08,-2.05,-2.15,-1.82,-3.9,358.5,414.0,414.0,358.5,414.0,-12.69,-24.4,-24.4,17.43,28.5,False,False,False,False,False,False,False,False,False,2026-10-06,半導體業
6944,6944.TW,Mega Union,兆聯實業,823.47,,TWSE LISTED,綠能環保,826.0,823.0,832.0,814.0,451469,372.91,802.8,771.5,2.89,7.06,1.47,3.25,6.44,857.69,857.69,857.69,857.69,857.69,-3.0,-3.0,-3.0,3.7,3.7,False,False,False,False,False,False,False,True,True,2026-10-06,綠能環保
6945,6945.TWO,APBio,圓祥生技,138.49,,TPEx LISTED,生技醫療業,142.0,128.5,142.0,128.5,665253,94.47,139.8,138.4,1.57,2.6,9.65,-0.7,1.43,236.0,236.0,236.0,236.0,236.0,-39.83,-39.83,-39.83,39.83,39.83,False,False,False,True,False,False,False,False,False,2026-10-06,生技醫療業
6947,6947.TW,Techzone,台鎔科技,73.01,,TWSE LISTED,綠能環保,68.8,69.6,69.6,68.0,246245,16.94,68.54,68.1,0.38,1.03,0.15,0.44,2.38,97.8,97.8,97.8,97.8,97.8,-28.83,-28.83,-28.83,29.65,29.65,False,False,False,True,False,False,False,False,False,2026-10-06,綠能環保
6949,6949.TW,PELL BMT,沛爾生醫*-創,613.17,,TWSE LISTED,生技醫療業,46.75,47.95,48.9,46.65,1848201,86.4,47.77,49.325,-2.14,-5.22,-1.79,-5.36,-4.98,1490.0,1490.0,1490.0,1490.0,1490.0,-96.72,-96.72,-96.72,96.86,96.86,False,False,False,False,False,False,False,False,False,2026-10-06,生技醫療業
6951,6951.TW,CHIN HSIN,青新-創,35.98,,TWSE LISTED,綠能環保,69.2,69.1,69.2,69.0,15260,1.06,69.24,69.24,-0.06,-0.06,0.14,-0.29,0.14,75.28,75.28,75.28,75.28,75.28,-8.08,-8.08,-8.08,8.08,8.08,False,False,False,False,False,False,False,True,True,2026-10-06,綠能環保
6952,6952.TW,DWS,大武山,26.72,,TWSE LISTED,其他,39.1,38.75,39.1,38.75,11010,0.43,38.87,38.73,0.59,0.96,0.9,0.77,0.77,47.75,85.0,104.58,47.75,85.0,-18.12,-54.0,-62.61,18.12,54.0,False,False,False,False,False,False,False,False,False,2026-10-06,其他
6953,6953.TWO,GDE,家碩,77.74,,TPEx LISTED,半導體業,259.0,257.0,263.0,257.0,123100,31.88,254.0,246.2,1.97,5.2,0.58,2.57,7.47,299.0,339.0,339.0,299.0,339.0,-12.04,-22.42,-22.42,13.38,23.6,True,True,False,False,False,False,False,False,False,2026-10-06,半導體業
6955,6955.TW,BONRAYBIO,邦睿生技-創,28.56,,TWSE LISTED,生技醫療業,94.0,93.5,94.0,93.5,8000,0.75,94.44,94.62,-0.47,-0.66,0.53,-1.26,-1.36,143.17,151.23,151.23,143.17,151.23,-34.35,-37.84,-37.84,34.35,37.84,False,False,False,False,False,False,False,False,False,2026-10-06,生技醫療業
6957,6957.TW,Horizon,裕慶-KY,225.18,,TWSE LISTED,其他,404.0,417.5,417.5,391.0,844066,341.0,389.2,347.9,3.8,16.13,-1.46,5.21,19.7,413.0,413.0,413.0,417.5,417.5,1.09,1.09,1.09,3.23,3.23,False,False,False,False,True,True,True,True,True,2026-10-06,其他
6958,6958.TW,INFINITE,日盛台駿,72.28,,TWSE LISTED,其他,17.15,16.5,17.15,16.25,78006,1.34,17.16,17.28,-0.06,-0.75,3.0,-2.0,0.59,19.47,50.96,67.27,19.47,50.96,-11.92,-66.34,-74.5,11.92,66.34,False,False,False,False,False,False,False,False,False,2026-10-06,其他
6961,6961.TWO,Uni Travel,旅天下,12.33,,TPEx LISTED,觀光餐旅,45.95,46.1,46.1,45.8,46000,2.11,47.2,47.31,-2.65,-2.87,-2.03,-3.57,-3.57,78.4,128.21,128.21,78.4,128.21,-41.2,-64.04,-64.04,41.39,64.16,False,False,False,False,False,False,False,False,False,2026-10-06,觀光餐旅
6962,6962.TW,ITH-KY,奕力-KY,163.48,,TWSE LISTED,半導體業,33.2,34.25,34.3,33.2,1827861,60.68,33.22,32.405,-0.06,2.45,-2.06,0.15,4.24,41.4,67.6,67.6,41.4,67.6,-17.15,-49.26,-49.26,19.81,50.89,False,False,False,False,False,False,False,False,False,2026-10-06,半導體業
6965,6965.TW,CJ,中傑-KY,94.74,,TWSE LISTED,運動休閒,60.6,59.7,60.7,59.3,90219,5.47,61.78,64.87,-1.91,-6.58,1.34,-4.11,-6.48,94.3,225.0,225.0,94.3,225.0,-35.63,-73.02,-73.02,35.74,73.07,False,False,False,False,False,False,False,False,False,2026-10-06,運動休閒
6967,6967.TWO,TRANS-SUN,汎瑋材料,22.35,,TPEx LISTED,電子零組件業,73.5,71.4,73.5,71.4,191527,14.08,71.22,68.78,3.2,6.86,3.67,2.8,9.38,89.0,89.0,89.0,89.0,89.0,-17.42,-17.42,-17.42,17.42,17.42,False,False,False,False,False,False,False,False,False,2026-10-06,電子零組件業
6968,6968.TWO,WONDERPETS,萬達寵物,20.83,,TPEx LISTED,居家生活,41.3,41.3,41.4,41.1,31000,1.28,41.36,41.455,-0.15,-0.37,0.0,-0.36,-0.6,57.55,96.02,96.02,57.55,96.02,-28.06,-56.88,-56.88,28.24,56.99,False,False,False,False,False,False,False,False,False,2026-10-06,居家生活
6969,6969.TW,Transcene,成信實業*-創,13.4,,TWSE LISTED,綠能環保,30.55,31.3,31.9,30.55,147010,4.49,30.73,31.285,-0.59,-2.35,-2.4,0.33,-3.48,39.8,69.7,69.7,39.8,69.7,-19.85,-54.23,-54.23,23.24,56.17,False,False,False,False,False,False,False,False,False,2026-10-06,綠能環保
6971,6971.TWO,HM Env. Tech,惠民實業,9.22,,TPEx LISTED,綠能環保,23.85,23.95,23.95,23.6,17000,0.41,23.57,23.67,1.19,0.76,0.42,2.36,0.63,32.9,75.2,75.2,32.9,75.2,-27.2,-68.15,-68.15,27.51,68.28,True,False,False,True,False,False,False,False,False,2026-10-06,綠能環保
6982,6982.TWO,WALRUS PUMP,大井泵浦,18.18,,TPEx LISTED,電機機械,44.6,45.0,45.0,44.4,10000,0.45,44.68,44.17,-0.18,0.97,-0.89,-0.22,2.53,68.0,109.0,109.0,68.0,109.0,-33.82,-58.72,-58.72,34.41,59.08,False,False,False,False,False,False,False,False,False,2026-10-06,電機機械
6983,6983.TWO,HYP,華洋精機,71.18,,TPEx LISTED,其他電子業,395.0,375.5,395.0,360.5,359132,141.86,362.1,355.2,9.09,11.2,9.87,11.9,14.16,550.0,550.0,550.0,550.0,550.0,-28.18,-28.18,-28.18,28.18,28.18,True,True,False,False,False,False,False,False,False,2026-10-06,其他電子業
6986,6986.TWO,HEXUN,和迅,22.94,,TPEx LISTED,生技醫療業,44.0,44.0,44.0,43.9,146000,6.42,44.01,44.33,-0.02,-0.74,0.0,0.0,0.0,67.8,91.3,91.3,67.8,91.3,-35.1,-51.81,-51.81,35.1,51.81,False,False,False,False,False,False,False,False,False,2026-10-06,生技醫療業
6988,6988.TW,WELLYSUN,威力暘-創,6.09,,TWSE LISTED,汽車工業,12.8,11.8,12.85,11.8,209000,2.68,11.86,11.835,7.93,8.15,9.4,9.87,11.3,21.4,32.0,32.0,21.4,32.0,-39.95,-59.84,-59.84,40.19,60.0,False,False,True,True,False,False,False,False,False,2026-10-06,汽車工業
6994,6994.TW,FWP,富威電力,22.29,,TWSE LISTED,綠能環保,30.05,31.3,31.65,30.05,1063500,31.96,29.94,28.595,0.37,5.09,-5.95,3.09,12.97,105.0,166.5,166.5,105.0,166.5,-69.86,-80.99,-80.99,71.38,81.95,False,False,False,False,False,False,False,False,False,2026-10-06,綠能環保
6996,6996.TWO,forcelead,力領科技,70.29,,TPEx LISTED,半導體業,167.0,166.0,167.5,166.0,23010,3.84,168.2,169.0,-0.71,-1.18,0.91,-1.47,-0.89,213.0,341.5,341.5,213.0,341.5,-21.36,-50.95,-50.95,21.6,51.1,False,False,False,False,False,False,False,False,False,2026-10-06,半導體業
6997,6997.TWO,Nextlink,博弘,15.21,,TPEx LISTED,數位雲端,68.8,68.8,69.0,68.4,9000,0.62,67.6,67.58,1.78,1.81,3.46,2.69,1.18,91.0,170.0,170.0,91.0,170.0,-24.18,-59.41,-59.41,24.4,59.53,False,False,False,False,False,False,False,False,False,2026-10-06,數位雲端
7402,7402.TWO,Brinno,邑錡,35.1,,TPEx LISTED,光電業,99.5,100.0,100.5,99.3,102012,10.15,100.3,100.14,-0.8,-0.64,0.0,-1.0,0.4,149.5,172.0,172.0,149.5,172.0,-32.78,-41.57,-41.57,33.44,42.15,False,False,False,False,False,False,False,False,False,2026-10-06,光電業
7547,7547.TWO,INTUMIT,碩網,20.79,,TPEx LISTED,數位雲端,61.2,63.4,64.0,61.2,117120,7.17,63.58,59.91,-3.74,2.15,-3.92,-4.52,-6.28,94.2,154.0,154.0,94.2,154.0,-32.06,-58.44,-58.44,35.03,60.26,False,False,False,False,False,False,False,False,False,2026-10-06,數位雲端
7556,7556.TWO,YEEDEX,意德士科技,85.93,,TPEx LISTED,半導體業,295.5,309.0,314.0,288.0,306455,90.56,279.1,270.75,5.88,9.14,-1.5,12.57,10.47,322.12,322.12,322.12,322.12,322.12,-2.52,-2.52,-2.52,8.26,8.26,False,False,False,False,False,False,False,True,True,2026-10-06,半導體業
7584,7584.TWO,HAPPYTUK,樂意,5.05,,TPEx LISTED,文化創意業,29.6,28.85,30.95,28.85,11000,0.33,28.8,28.385,2.78,4.28,3.86,3.5,2.25,40.94,138.88,138.88,40.94,138.88,-24.4,-77.71,-77.71,27.7,78.69,False,False,False,False,False,False,False,False,False,2026-10-06,文化創意業
7610,7610.TW,LIANYOU METALS,聯友金屬-創,1043.67,,TWSE LISTED,綠能環保,1790.0,1835.0,1865.0,1780.0,510475,913.75,1766.0,1801.0,1.36,-0.61,-0.56,0.56,3.47,2640.0,2640.0,2640.0,2640.0,2640.0,-29.36,-29.36,-29.36,32.2,32.2,False,False,False,False,False,False,False,False,False,2026-10-06,綠能環保
7631,7631.TW,GENIIDEAS,聚賢研發-創,28.5,,TWSE LISTED,其他電子業,141.5,141.5,141.5,139.0,120008,16.98,142.6,140.7,-0.77,0.57,0.0,-2.75,2.91,178.5,178.5,178.5,178.5,178.5,-20.73,-20.73,-20.73,20.73,20.73,False,False,False,False,False,False,False,False,False,2026-10-06,其他電子業
7642,7642.TWO,Champ-Ray,昶瑞機電,19.63,,TPEx LISTED,電機機械,65.0,67.0,67.1,65.0,94000,6.11,67.6,68.3,-3.85,-4.83,-3.7,-4.69,-5.11,95.1,136.5,136.5,95.1,136.5,-29.44,-50.84,-50.84,31.65,52.38,False,False,False,False,False,False,False,False,False,2026-10-06,電機機械
7689,7689.TW,CLIMAX,大鵬科CLMX,93.03,,TWSE LISTED,通信網路業,159.0,163.0,163.0,158.0,86158,13.7,160.9,160.0,-1.18,-0.62,-3.05,-1.24,0.32,321.0,321.0,321.0,321.0,321.0,-49.22,-49.22,-49.22,50.47,50.47,False,False,False,False,False,False,False,False,False,2026-10-06,通信網路業
7703,7703.TWO,RAYZHER,銳澤,71.4,,TPEx LISTED,其他電子業,205.5,205.0,205.5,204.5,18000,3.7,204.5,202.6,0.49,1.43,0.0,0.24,3.01,258.0,310.0,310.0,258.0,310.0,-20.35,-33.71,-33.71,20.35,33.71,False,False,False,False,False,False,False,False,False,2026-10-06,其他電子業
7704,7704.TWO,Finesse,明遠精密,20.46,,TPEx LISTED,半導體業,60.6,59.6,61.0,59.6,27000,1.64,60.92,61.46,-0.53,-1.4,0.33,-0.98,-1.14,75.6,133.0,133.0,75.6,133.0,-19.31,-54.14,-54.14,19.84,54.44,False,False,False,False,False,False,False,False,False,2026-10-06,半導體業
7705,7705.TW,Mercuries F&B,三商餐飲,19.66,,TWSE LISTED,觀光餐旅,29.75,29.6,29.75,29.4,63000,1.87,29.8,29.855,-0.17,-0.35,-0.34,0.17,0.0,40.45,138.0,138.0,40.45,138.0,-26.45,-78.44,-78.44,26.45,78.44,False,False,False,False,False,False,False,False,False,2026-10-06,觀光餐旅
7708,7708.TWO,FIG,全家餐飲,23.36,,TPEx LISTED,觀光餐旅,91.6,92.4,92.4,91.5,13071,1.2,91.92,91.88,-0.35,-0.3,-0.22,-0.65,-0.33,97.0,150.0,150.0,97.0,150.0,-4.74,-38.4,-38.4,5.57,38.93,False,False,False,False,False,False,False,True,False,2026-10-06,觀光餐旅
7709,7709.TWO,Honor,榮田,34.41,,TPEx LISTED,電機機械,88.0,88.3,88.3,85.1,159423,14.03,86.6,86.96,1.62,1.2,0.46,2.56,1.73,146.5,146.5,146.5,146.5,146.5,-39.73,-39.73,-39.73,39.93,39.93,False,False,True,True,False,False,False,False,False,2026-10-06,電機機械
7711,7711.TW,ASROCK RACK,永擎,444.54,,TWSE LISTED,電腦及週邊設備業,620.0,640.0,655.0,612.0,1294093,802.34,608.0,575.2,1.97,7.79,-2.21,0.65,13.55,675.0,675.0,675.0,675.0,675.0,-2.96,-2.96,-2.96,8.15,8.15,False,False,False,False,False,False,False,True,True,2026-10-06,電腦及週邊設備業
7712,7712.TWO,POTENS,博盛半導體,56.17,,TPEx LISTED,半導體業,172.5,180.5,180.5,172.0,866100,149.4,169.8,165.55,1.59,4.2,-1.99,2.07,7.14,218.0,326.5,326.5,218.0,326.5,-17.2,-44.72,-44.72,20.87,47.17,False,False,False,False,False,False,False,False,False,2026-10-06,半導體業
7713,7713.TWO,WeLeader,威力德生醫,33.43,,TPEx LISTED,生技醫療業,73.5,72.2,73.5,72.2,13000,0.96,73.88,74.0,-0.51,-0.68,0.68,-1.08,-0.81,75.0,86.0,86.0,75.0,86.0,-2.0,-14.53,-14.53,2.0,14.53,False,False,False,False,False,False,False,True,False,2026-10-06,生技醫療業
7714,7714.TWO,UFTC,創泓科技,35.28,,TPEx LISTED,數位雲端,168.0,170.0,173.5,168.0,276030,46.37,170.0,167.75,-1.18,0.15,-0.88,-0.88,3.7,215.5,215.5,215.5,215.5,215.5,-19.49,-19.49,-19.49,22.04,22.04,False,False,False,False,False,False,False,False,False,2026-10-06,數位雲端
7715,7715.TWO,Yuh Shan,裕山,8.86,,TPEx LISTED,綠能環保,27.05,27.0,27.5,26.6,81000,2.19,27.8,27.75,-2.7,-2.52,0.37,-4.59,-1.99,44.0,72.3,72.3,44.0,72.3,-37.5,-61.96,-61.96,38.52,62.59,False,False,False,False,False,False,False,False,False,2026-10-06,綠能環保
7716,7716.TWO,ITI,昱臺國際,5.5,,TPEx LISTED,航運業,24.45,24.45,24.45,24.45,0,0.0,24.24,24.095,0.87,1.47,0.0,2.09,2.3,27.3,43.85,43.85,27.3,43.85,-10.44,-44.24,-44.24,10.44,44.24,False,False,False,False,False,False,False,False,False,2026-10-06,航運業
7717,7717.TWO,Lightel-KY,萊德光電-KY,147.25,,TPEx LISTED,通信網路業,593.0,606.0,651.0,593.0,3393612,2012.41,580.2,588.2,2.21,0.82,0.17,7.62,0.17,959.0,959.0,959.0,959.0,959.0,-32.12,-32.12,-32.12,38.16,38.16,True,False,False,False,False,False,False,False,False,2026-10-06,通信網路業
7718,7718.TWO,SPEC,友鋮,21.3,,TPEx LISTED,電機機械,45.95,45.95,45.95,45.95,15000,0.69,45.91,45.955,0.09,-0.01,0.0,-0.11,-1.61,56.3,67.3,67.3,56.3,67.3,-18.38,-31.72,-31.72,18.38,31.72,False,False,False,False,False,False,False,False,False,2026-10-06,電機機械
7721,7721.TW,MICROPROGRAM,微程式,34.44,,TWSE LISTED,數位雲端,62.2,63.1,63.1,62.1,59020,3.67,62.52,62.3,-0.51,-0.16,-1.27,0.48,0.65,93.0,94.2,94.2,93.0,94.2,-32.15,-33.01,-33.01,33.12,33.97,False,False,False,False,False,False,False,False,False,2026-10-06,數位雲端
7722,7722.TW,LINEPAY,LINEPAY,186.35,,TWSE LISTED,數位雲端,261.0,263.5,263.5,259.0,35021,9.14,260.4,260.45,0.23,0.21,-0.38,0.38,1.16,542.86,980.95,980.95,542.86,980.95,-51.46,-73.14,-73.14,51.92,73.39,False,False,False,True,False,False,False,False,False,2026-10-06,數位雲端
7723,7723.TWO,JHU JIAN,築間,9.85,,TPEx LISTED,觀光餐旅,19.85,18.2,19.85,18.2,813100,16.14,18.56,18.465,6.95,7.5,9.97,8.77,8.47,35.8,172.0,172.0,35.8,172.0,-44.55,-88.46,-88.46,44.55,88.46,False,False,False,True,False,False,False,False,False,2026-10-06,觀光餐旅
7728,7728.TWO,Enlitech,光焱科技,89.27,,TPEx LISTED,其他電子業,638.0,642.0,642.0,633.0,20002,12.76,647.0,618.8,-1.39,3.1,0.31,-1.69,5.11,970.3,970.3,970.3,970.3,970.3,-33.83,-33.83,-33.83,34.25,34.25,False,False,False,False,False,False,False,False,False,2026-10-06,其他電子業
7730,7730.TW,NEMS,暉盛-創,73.8,,TWSE LISTED,半導體業,191.0,191.5,193.0,189.0,65042,12.42,188.0,179.95,1.6,6.14,1.6,-1.8,9.46,232.86,232.86,232.86,232.86,232.86,-17.12,-17.12,-17.12,17.98,17.98,False,False,False,False,False,False,False,False,False,2026-10-06,半導體業
7732,7732.TW,KING SHING,金興精密,21.64,,TWSE LISTED,汽車工業,33.45,32.7,33.45,32.7,28000,0.94,33.11,33.56,1.03,-0.33,2.29,0.75,-0.15,42.5,59.0,59.0,42.5,59.0,-21.29,-43.31,-43.31,21.29,43.31,False,False,False,False,False,False,False,False,False,2026-10-06,汽車工業
7734,7734.TWO,APT,印能科技,771.4,,TPEx LISTED,半導體業,2755.0,2790.0,2830.0,2755.0,146146,402.63,2766.0,2698.5,-0.4,2.09,-1.25,-1.43,2.8,4635.0,4635.0,4635.0,4635.0,4635.0,-38.94,-38.94,-38.94,40.56,40.56,False,False,False,False,False,False,False,False,False,2026-10-06,半導體業
7736,7736.TW,HUSHAN,虎山,54.34,,TWSE LISTED,汽車工業,71.5,72.0,72.2,70.2,144000,10.3,69.9,69.24,2.29,3.26,0.7,4.08,4.84,96.4,148.5,148.5,96.4,148.5,-25.1,-51.38,-51.38,25.83,51.85,True,True,False,False,False,False,False,False,False,2026-10-06,汽車工業
7738,7738.TWO,EUI,東聯互動,42.68,,TPEx LISTED,數位雲端,156.0,156.5,156.5,153.0,55200,8.61,155.5,156.4,0.32,-0.26,0.65,0.0,0.0,206.5,261.5,261.5,206.5,261.5,-24.21,-40.15,-40.15,24.46,40.34,False,False,False,False,False,False,False,False,False,2026-10-06,數位雲端
7740,7740.TW,SEETEL,熙特爾-創,60.3,,TWSE LISTED,綠能環保,100.5,103.0,103.5,100.5,186659,18.76,102.4,107.55,-1.86,-6.56,-1.95,-1.95,-1.47,182.21,262.45,262.45,182.21,262.45,-43.2,-60.56,-60.56,44.84,61.71,False,False,False,False,False,False,False,False,False,2026-10-06,綠能環保
7743,7743.TWO,KFS,金利食安,9.7,,TPEx LISTED,食品工業,26.6,26.05,26.6,25.9,241010,6.41,25.55,25.245,4.11,5.37,2.7,6.4,9.47,26.05,74.5,74.5,26.6,74.5,2.11,-64.3,-64.3,0.0,64.3,True,False,False,False,True,False,False,True,False,2026-10-06,食品工業
7744,7744.TWO,WB,崴寶,168.4,,TPEx LISTED,電子零組件業,525.0,527.0,532.0,520.0,50083,26.29,528.0,529.7,-0.57,-0.89,-0.57,-2.23,0.38,618.0,618.0,618.0,618.0,618.0,-13.92,-13.92,-13.92,15.05,15.05,False,False,False,False,False,False,False,False,False,2026-10-06,電子零組件業
7747,7747.TWO,GCS,昕奇雲端,33.64,,TPEx LISTED,數位雲端,111.5,111.5,111.5,111.5,0,0.0,111.6,112.15,-0.09,-0.58,0.0,0.0,0.45,125.45,170.91,170.91,125.45,170.91,-11.12,-34.76,-34.76,11.12,34.76,False,False,False,False,False,False,False,False,False,2026-10-06,數位雲端
7749,7749.TW,iGo-KY,意騰-KY,180.83,,TWSE LISTED,半導體業,389.0,398.5,398.5,387.5,145035,56.42,395.6,391.9,-1.67,-0.74,-2.51,-3.11,0.78,560.0,716.0,716.0,560.0,716.0,-28.84,-44.34,-44.34,30.54,45.67,False,False,False,False,False,False,False,False,False,2026-10-06,半導體業
7750,7750.TW,Syntec,新代,1422.49,,TWSE LISTED,電機機械,1980.0,2070.0,2100.0,1970.0,238132,471.5,1949.0,1953.0,1.59,1.38,-4.35,4.49,1.02,3070.0,3070.0,3070.0,3070.0,3070.0,-31.6,-31.6,-31.6,35.5,35.5,False,False,False,False,False,False,False,False,False,2026-10-06,電機機械
7751,7751.TWO,HORNG TERNG,竑騰,427.53,,TPEx LISTED,半導體業,1590.0,1620.0,1625.0,1560.0,84600,134.51,1608.0,1541.0,-1.12,3.18,-0.93,-2.45,2.25,2805.0,2805.0,2805.0,2805.0,2805.0,-42.07,-42.07,-42.07,43.32,43.32,False,False,False,False,False,False,False,False,False,2026-10-06,半導體業
7753,7753.TWO,SAVC,星亞,8.93,,TPEx LISTED,光電業,35.7,35.9,35.9,35.6,17000,0.61,35.67,35.61,0.08,0.25,0.14,0.0,0.28,52.5,74.5,74.5,52.5,74.5,-31.62,-51.81,-51.81,32.0,52.08,False,False,False,True,False,False,False,False,False,2026-10-06,光電業
7757,7757.TWO,Lebledor,金色三麥,21.4,,TPEx LISTED,觀光餐旅,88.8,88.9,88.9,88.8,10000,0.89,89.34,89.59,-0.6,-0.88,-0.67,-0.45,-1.88,119.0,310.0,310.0,119.0,310.0,-25.29,-71.32,-71.32,25.38,71.35,False,False,False,False,False,False,False,False,False,2026-10-06,觀光餐旅
7760,7760.TW,ENJOY,享溫馨,21.4,,TWSE LISTED,觀光餐旅,33.15,32.8,33.15,32.5,54014,1.79,32.7,32.855,1.38,0.9,1.07,2.0,-0.3,43.6,69.0,69.0,43.6,69.0,-23.97,-51.96,-51.96,23.97,51.96,False,False,True,True,False,False,False,False,False,2026-10-06,觀光餐旅
7765,7765.TW,CHT Security,中華資安,93.77,,TWSE LISTED,數位雲端,230.5,230.5,232.5,230.0,97041,22.37,233.1,236.75,-1.12,-2.64,0.66,-2.54,-2.74,289.5,408.5,408.5,289.5,408.5,-19.69,-43.08,-43.08,20.38,43.57,False,False,False,False,False,False,False,False,False,2026-10-06,數位雲端
7767,7767.TWO,HPI,仁大資訊,13.71,,TPEx LISTED,資訊服務業,45.55,46.0,46.0,45.5,17015,0.78,46.05,46.29,-1.09,-1.6,-0.98,-1.62,-1.41,51.9,76.3,76.3,51.9,76.3,-11.37,-39.71,-39.71,12.24,40.3,False,False,False,False,False,False,False,False,False,2026-10-06,資訊服務業
7768,7768.TW,PVI,頌勝科技,211.95,,TWSE LISTED,半導體業,302.5,303.5,303.5,300.0,66000,19.96,304.5,301.6,-0.66,0.3,-1.31,0.5,-0.49,494.0,494.0,494.0,494.0,494.0,-38.56,-38.56,-38.56,38.77,38.77,False,False,False,False,False,False,False,False,False,2026-10-06,半導體業
7769,7769.TW,HON,鴻勁,10624.87,,TWSE LISTED,半導體業,5905.0,5940.0,6115.0,5815.0,927849,5478.95,5659.0,5768.0,4.35,2.38,1.55,7.56,5.73,8465.0,8465.0,8465.0,8465.0,8465.0,-27.76,-27.76,-27.76,30.24,30.24,True,False,False,False,False,False,False,False,False,2026-10-06,半導體業
7770,7770.TWO,ZEITEC,君曜,12.28,,TPEx LISTED,半導體業,40.85,41.65,41.65,40.85,24000,0.98,42.05,41.22,-2.85,-0.9,-2.74,-1.45,-4.89,69.6,130.0,130.0,69.6,130.0,-40.16,-67.96,-67.96,41.31,68.58,False,False,False,False,False,False,False,False,False,2026-10-06,半導體業
7772,7772.TWO,MOE,耀穎,40.01,,TPEx LISTED,半導體業,151.0,167.5,167.5,151.0,1250523,188.83,172.9,175.3,-12.67,-13.86,-9.85,-17.93,-14.2,340.0,340.0,340.0,340.0,340.0,-50.74,-50.74,-50.74,55.59,55.59,False,False,False,False,False,False,False,False,False,2026-10-06,半導體業
7777,7777.TWO,ABICO ASIA,能率亞洲,69.79,,TPEx LISTED,其他,37.4,39.35,40.7,37.05,3143821,117.58,38.27,36.965,-2.27,1.18,-2.86,-2.22,5.06,48.5,48.5,48.5,48.5,48.5,-16.08,-16.08,-16.08,22.89,22.89,False,False,False,False,False,False,False,False,False,2026-10-06,其他
7780,7780.TW,DAIKEN,大研生醫*,128.39,,TWSE LISTED,食品工業,15.85,15.8,15.9,15.65,1157259,18.34,16.02,16.075,-1.06,-1.4,0.32,-1.86,-1.25,192.0,192.0,192.0,192.0,192.0,-91.72,-91.72,-91.72,91.74,91.74,False,False,False,False,False,False,False,False,False,2026-10-06,食品工業
7782,7782.TWO,SPEEDING ROCKET,光速火箭,5.85,,TPEx LISTED,居家生活,25.2,25.3,26.3,25.0,24000,0.6,25.19,25.26,0.04,-0.24,0.0,0.2,1.0,31.4,62.7,62.7,31.4,62.7,-16.24,-58.05,-58.05,19.75,59.81,False,False,True,False,False,False,False,False,False,2026-10-06,居家生活
7786,7786.TW,DFO,東方風能,206.75,,TWSE LISTED,綠能環保,117.5,120.0,120.0,117.5,81147,9.53,118.7,118.5,-1.01,-0.84,-2.49,-0.84,-0.84,173.0,296.0,296.0,173.0,296.0,-30.64,-59.46,-59.46,32.08,60.3,False,False,False,False,False,False,False,False,False,2026-10-06,綠能環保
7788,7788.TW,SONG CHUAN,松川精密,291.47,,TWSE LISTED,電子零組件業,365.5,339.5,365.5,335.0,3848253,1406.54,317.9,303.8,14.97,20.31,9.92,25.82,27.13,347.0,347.0,347.0,365.5,365.5,5.33,5.33,5.33,0.0,0.0,True,False,False,False,True,True,True,True,True,2026-10-06,電子零組件業
7791,7791.TW,LUCKY ROYAL,皇家可口,43.04,,TWSE LISTED,食品工業,53.8,54.1,54.1,53.0,71005,3.82,54.64,55.18,-1.54,-2.5,-0.92,-1.82,-2.89,72.9,84.5,84.5,72.9,84.5,-25.79,-35.98,-35.98,26.2,36.33,False,False,False,False,False,False,False,False,False,2026-10-06,食品工業
7792,7792.TWO,AM-POWER,安葆,210.68,,TPEx LISTED,其他電子業,451.5,450.0,461.5,438.5,651186,294.01,432.0,414.9,4.51,8.82,2.96,7.24,8.53,453.0,453.0,453.0,461.5,461.5,1.88,1.88,1.88,2.17,2.17,True,False,False,False,True,True,True,True,True,2026-10-06,其他電子業
7794,7794.TWO,API,宏碁智新,8.54,,TPEx LISTED,居家生活,30.5,30.25,30.5,30.25,10000,0.3,30.37,30.365,0.43,0.44,0.83,0.66,0.83,34.8,34.8,34.8,34.8,34.8,-12.36,-12.36,-12.36,12.36,12.36,False,False,False,True,False,False,False,False,False,2026-10-06,居家生活
7795,7795.TW,EPM,長廣,437.5,,TWSE LISTED,電子零組件業,555.0,567.0,567.0,535.0,1338917,743.1,537.2,515.2,3.31,7.73,-0.72,3.54,11.9,666.0,666.0,666.0,666.0,666.0,-14.86,-14.86,-14.86,16.67,16.67,False,False,False,False,False,False,False,False,False,2026-10-06,電子零組件業
7799,7799.TW,HNMC,禾榮科,840.28,,TWSE LISTED,生技醫療業,531.0,537.0,545.0,531.0,382026,202.86,541.0,525.45,-1.85,1.06,-1.12,-4.32,8.26,582.0,860.0,860.0,582.0,860.0,-6.36,-36.63,-36.63,8.76,38.26,False,False,False,False,False,False,False,True,False,2026-10-06,生技醫療業
7803,7803.TW,aetherAI,雲象科技-創,16.66,,TWSE LISTED,生技醫療業,17.65,17.65,17.65,17.1,85000,1.5,17.73,17.96,-0.45,-1.73,0.0,-0.84,-0.56,27.3,27.3,27.3,27.3,27.3,-35.35,-35.35,-35.35,35.35,35.35,False,False,False,False,False,False,False,False,False,2026-10-06,生技醫療業
7805,7805.TWO,QNAP,威聯通,195.77,,TPEx LISTED,數位雲端,492.5,498.5,498.5,491.0,9040,4.45,492.9,495.5,-0.08,-0.61,-1.2,0.51,0.72,680.0,710.83,710.83,680.0,710.83,-26.69,-29.87,-29.87,27.57,30.72,False,False,False,False,False,False,False,False,False,2026-10-06,數位雲端
7810,7810.TWO,JTRON,捷創科技,50.12,,TPEx LISTED,半導體業,247.5,254.0,254.0,243.0,161005,39.85,242.3,234.45,2.15,5.57,-0.6,5.32,8.79,339.5,339.5,339.5,339.5,339.5,-25.18,-25.18,-25.18,27.1,27.1,False,False,False,False,False,False,False,False,False,2026-10-06,半導體業
7811,7811.TWO,Minson,民盛,24.1,,TPEx LISTED,運動休閒,72.2,72.0,72.2,72.0,9000,0.65,72.74,72.97,-0.74,-1.06,0.28,-1.77,-1.77,132.0,168.0,168.0,132.0,168.0,-45.3,-57.02,-57.02,45.3,57.02,False,False,False,False,False,False,False,False,False,2026-10-06,運動休閒
7812,7812.TW,TMYTEK,稜研科技*-創,41.6,,TWSE LISTED,通信網路業,64.6,65.8,65.8,64.1,106100,6.85,65.44,70.15,-1.28,-7.91,-1.37,0.16,-6.92,127.0,127.0,127.0,127.0,127.0,-48.19,-48.19,-48.19,49.13,49.13,False,False,False,False,False,False,False,False,False,2026-10-06,通信網路業
7814,7814.TWO,HORIEN,海昌生技,13.05,,TPEx LISTED,生技醫療業,29.0,28.0,29.0,27.9,40000,1.16,28.41,28.395,2.08,2.13,2.84,2.11,2.11,45.4,51.4,51.4,45.4,51.4,-36.12,-43.58,-43.58,36.12,43.58,False,False,False,True,False,False,False,False,False,2026-10-06,生技醫療業
7818,7818.TW,KEMFLO,溢泰實業,100.29,,TWSE LISTED,綠能環保,60.8,60.0,60.8,59.6,104750,6.37,60.2,60.13,1.0,1.11,1.33,1.16,1.5,126.0,194.0,194.0,126.0,194.0,-51.75,-68.66,-68.66,51.75,68.66,False,False,False,True,False,False,False,False,False,2026-10-06,綠能環保
7819,7819.TWO,Systex Fintech,精誠金融,8.36,,TPEx LISTED,資訊服務業,33.1,33.25,33.25,33.1,34000,1.13,33.49,33.92,-1.16,-2.42,-0.45,-1.78,-3.5,108.5,454.5,454.5,108.5,454.5,-69.35,-92.68,-92.68,69.49,92.72,False,False,False,False,False,False,False,False,False,2026-10-06,資訊服務業
7820,7820.TWO,Liying EPTech,立盈,40.79,,TPEx LISTED,綠能環保,108.0,109.5,109.5,108.0,10000,1.08,110.3,108.3,-2.09,-0.28,-2.7,-1.82,-0.46,221.5,252.5,252.5,221.5,252.5,-50.56,-56.63,-56.63,51.24,57.23,False,False,False,False,False,False,False,False,False,2026-10-06,綠能環保
7821,7821.TW,MDT,神數,42.79,,TWSE LISTED,汽車工業,35.1,35.05,35.1,34.75,94420,3.31,35.47,36.295,-1.04,-3.29,-0.14,-2.09,-2.77,76.9,76.9,76.9,76.9,76.9,-54.36,-54.36,-54.36,54.36,54.36,False,False,False,False,False,False,False,False,False,2026-10-06,汽車工業
7822,7822.TW,V5 TECHNOLOGIES,倍利科,444.67,,TWSE LISTED,半導體業,976.0,1005.0,1025.0,976.0,316222,308.63,992.8,945.8,-1.69,3.19,-1.41,-2.4,0.0,1875.0,1875.0,1875.0,1875.0,1875.0,-45.33,-45.33,-45.33,47.95,47.95,False,False,False,False,False,False,False,False,False,2026-10-06,半導體業
7823,7823.TW,CyCraft-KY,奧義賽博-KY創,26.69,,TWSE LISTED,數位雲端,79.7,79.9,79.9,78.6,34000,2.71,79.84,80.27,-0.18,-0.71,-0.25,-0.25,-0.38,165.0,165.0,165.0,165.0,165.0,-51.58,-51.58,-51.58,51.7,51.7,False,False,False,False,False,False,False,False,False,2026-10-06,數位雲端
7825,7825.TWO,NSTC,和亞智慧,18.17,,TPEx LISTED,其他電子業,78.6,80.6,80.9,78.6,192000,15.09,82.82,80.63,-5.1,-2.52,-2.48,-8.18,-5.98,229.0,229.0,229.0,229.0,229.0,-64.67,-64.67,-64.67,65.68,65.68,False,False,False,False,False,False,False,False,False,2026-10-06,其他電子業
7827,7827.TW,Hanchor-KY,漢康-KY創,234.58,,TWSE LISTED,生技醫療業,166.5,167.0,169.5,165.0,326000,54.28,166.2,164.5,0.18,1.22,-0.6,0.91,1.83,187.0,187.0,187.0,187.0,187.0,-9.36,-9.36,-9.36,10.96,10.96,False,False,False,False,False,False,False,False,False,2026-10-06,生技醫療業
7828,7828.TWO,INNOSTAR,創新服務,745.09,,TPEx LISTED,半導體業,1840.0,1840.0,1865.0,1830.0,104136,191.61,1858.0,1909.0,-0.97,-3.61,0.0,-1.87,-3.16,2510.0,2510.0,2510.0,2510.0,2510.0,-25.7,-25.7,-25.7,26.69,26.69,False,False,False,False,False,False,False,False,False,2026-10-06,半導體業
7835,7835.TW,H2U,永悅健康-創,9.26,,TWSE LISTED,數位雲端,19.9,19.6,21.65,19.5,118000,2.35,19.94,19.995,-0.2,-0.48,0.0,0.76,-0.5,50.0,50.0,50.0,50.0,50.0,-56.7,-56.7,-56.7,60.2,60.2,False,False,False,False,False,False,False,False,False,2026-10-06,數位雲端
7839,7839.TWO,PRO360,達人網,6.68,,TPEx LISTED,數位雲端,44.25,44.0,44.5,43.0,12892,0.57,43.28,43.245,2.24,2.32,2.91,2.91,2.19,71.6,89.29,89.29,71.6,89.29,-37.85,-50.16,-50.16,38.2,50.44,False,False,False,True,False,False,False,False,False,2026-10-06,數位雲端
7842,7842.TWO,GREENET,天能綠電,17.87,,TPEx LISTED,綠能環保,97.9,97.9,97.9,97.9,0,0.0,97.72,97.54,0.18,0.37,0.0,0.2,-0.71,185.0,280.0,280.0,185.0,280.0,-47.08,-65.04,-65.04,47.08,65.04,False,False,False,False,False,False,False,False,False,2026-10-06,綠能環保
7855,7855.TW,HLC,和運租車,79.71,,TWSE LISTED,其他,41.4,41.3,41.5,41.2,704090,29.15,41.38,41.64,0.05,-0.58,0.24,0.0,-0.24,43.8,43.8,43.8,43.8,43.8,-5.25,-5.25,-5.25,5.48,5.48,False,False,False,False,False,False,False,True,True,2026-10-06,其他
7856,7856.TWO,HTSI,漢測,1382.7,,TPEx LISTED,半導體業,4190.0,4275.0,4275.0,4130.0,295990,1240.2,4243.0,4410.5,-1.25,-5.0,-2.1,-2.56,-2.9,5445.0,5445.0,5445.0,5445.0,5445.0,-21.49,-21.49,-21.49,23.05,23.05,False,False,False,False,False,False,False,False,False,2026-10-06,半導體業
8011,8011.TW,TTCC,台通,28.21,,TWSE LISTED,通信網路業,17.0,16.15,17.3,16.15,2307130,39.22,16.27,16.15,4.49,5.26,5.59,5.92,7.59,23.25,35.55,35.55,23.25,35.55,-25.59,-51.34,-51.34,26.88,52.18,False,False,False,True,False,False,False,False,False,2026-10-06,通信網路業
8016,8016.TW,Sitronix,矽創,355.61,,TWSE LISTED,半導體業,296.0,296.0,297.5,291.5,539202,159.6,290.6,286.65,1.86,3.26,0.85,2.6,3.86,376.5,376.5,416.5,376.5,376.5,-20.98,-20.98,-28.57,21.38,21.38,True,False,False,False,False,False,False,False,False,2026-10-06,半導體業
8021,8021.TW,Topoint,尖點,813.69,,TWSE LISTED,其他電子業,561.0,566.0,584.0,557.0,8717717,4890.64,529.855,502.714,5.88,11.59,0.84,12.26,17.64,627.0,627.0,627.0,627.0,627.0,-6.86,-6.86,-6.86,10.53,10.53,True,True,False,False,False,False,False,False,False,2026-10-06,其他電子業
8024,8024.TWO,Alpha,佑華,5.6,,TPEx LISTED,半導體業,12.4,12.55,12.55,12.25,39000,0.48,12.44,12.54,-0.32,-1.12,0.0,0.4,-1.2,18.25,24.9,43.9,18.25,24.9,-31.23,-49.6,-71.41,32.05,50.2,False,False,False,False,False,False,False,False,False,2026-10-06,半導體業
8027,8027.TWO,E&R,鈦昇,229.93,,TPEx LISTED,電機機械,209.5,209.5,213.5,207.0,2349634,492.25,212.8,198.7,-1.55,5.44,0.0,0.0,3.71,297.0,297.0,297.0,297.0,297.0,-28.11,-28.11,-28.11,29.46,29.46,False,False,False,False,False,False,False,False,False,2026-10-06,電機機械
8028,8028.TW,PSI,昇陽半導體,513.94,,TWSE LISTED,半導體業,280.0,285.0,285.0,278.0,3237264,906.43,281.5,274.45,-0.53,2.02,-0.53,0.0,-3.11,365.0,365.0,365.0,365.0,365.0,-21.92,-21.92,-21.92,23.29,23.29,False,False,False,False,False,False,False,False,False,2026-10-06,半導體業
8032,8032.TWO,KORYO,光菱,18.86,,TPEx LISTED,電子通路業,36.4,36.4,36.8,36.15,70000,2.55,36.21,36.075,0.52,0.9,0.69,0.55,1.68,49.1,93.2,93.2,49.1,93.2,-25.05,-60.52,-60.52,25.87,60.94,False,False,False,False,False,False,False,False,False,2026-10-06,電子通路業
8033,8033.TW,TT,雷虎,285.63,,TWSE LISTED,其他,173.5,175.0,177.0,172.5,1571388,272.64,174.3,171.8,-0.46,0.99,0.29,-1.14,2.66,272.0,272.0,272.0,272.0,272.0,-34.93,-34.93,-34.93,36.21,36.21,False,False,False,False,False,False,False,False,False,2026-10-06,其他
8034,8034.TWO,OPNET,榮群,11.01,,TPEx LISTED,通信網路業,19.45,19.75,19.75,19.45,94000,1.83,19.87,20.23,-2.11,-3.86,-1.52,-2.51,-5.12,29.4,37.67,49.89,29.4,37.67,-32.82,-47.57,-60.41,33.84,48.36,False,False,False,False,False,False,False,False,False,2026-10-06,通信網路業
8038,8038.TWO,CAEC,長園科,21.58,,TPEx LISTED,電子零組件業,34.65,35.6,35.6,34.5,117126,4.06,34.66,33.56,-0.03,3.25,-2.12,2.36,6.78,61.1,63.0,74.75,61.1,63.0,-41.73,-43.49,-52.38,43.29,45.0,False,False,False,False,False,False,False,False,False,2026-10-06,電子零組件業
8039,8039.TW,TAIFLEX,台虹,779.54,,TWSE LISTED,電子零組件業,295.5,303.5,305.5,291.5,21113180,6238.94,296.8,279.95,-0.44,5.55,-2.64,2.43,8.04,364.0,364.0,364.0,364.0,364.0,-16.07,-16.07,-16.07,18.82,18.82,False,False,False,False,False,False,False,False,False,2026-10-06,電子零組件業
8040,8040.TWO,IC+,九暘,89.86,,TPEx LISTED,半導體業,93.2,95.0,95.5,92.5,985158,91.82,95.36,93.1,-2.27,0.11,-0.85,-2.31,-6.8,130.5,130.5,130.5,130.5,130.5,-26.82,-26.82,-26.82,28.58,28.58,False,False,False,False,False,False,False,False,False,2026-10-06,半導體業
8042,8042.TWO,CHINSAN,金山電,153.83,,TPEx LISTED,電子零組件業,117.0,119.5,120.0,117.0,2233462,261.32,117.2,114.721,-0.17,1.99,-1.27,-0.85,4.93,227.0,227.0,227.0,227.0,227.0,-47.14,-47.14,-47.14,48.46,48.46,False,False,False,False,False,False,False,False,False,2026-10-06,電子零組件業
8043,8043.TWO,3H,蜜望實,110.67,,TPEx LISTED,電子零組件業,138.5,141.0,142.0,138.0,989012,136.98,138.0,134.95,0.36,2.63,-1.42,0.0,5.32,239.5,239.5,239.5,239.5,239.5,-40.71,-40.71,-40.71,42.17,42.17,False,False,False,False,False,False,False,False,False,2026-10-06,電子零組件業
8044,8044.TWO,PChome online,網家,48.53,,TPEx LISTED,數位雲端,23.7,23.8,23.85,23.5,195000,4.62,24.04,23.985,-1.41,-1.19,0.21,-2.07,-1.66,33.9,61.8,355.89,33.9,61.8,-29.65,-61.41,-93.3,30.09,61.65,False,False,False,False,False,False,False,False,False,2026-10-06,數位雲端
8045,8045.TW,TWOWAY,達運光電,50.85,,TWSE LISTED,通信網路業,53.5,55.2,55.4,53.5,109005,5.83,54.78,54.08,-2.34,-1.07,-3.6,-2.19,0.19,94.6,185.0,185.0,94.6,185.0,-41.44,-70.05,-70.05,43.45,71.08,False,False,False,False,False,False,False,False,False,2026-10-06,通信網路業
8046,8046.TW,N.P.C,南電,9724.79,,TWSE LISTED,電子零組件業,1505.0,1500.0,1520.0,1485.0,7436034,11191.23,1444.0,1316.5,4.22,14.32,0.67,5.99,18.5,1550.0,1550.0,1550.0,1550.0,1550.0,-1.94,-1.94,-1.94,2.9,2.9,True,True,False,False,False,False,False,True,True,2026-10-06,電子零組件業
8047,8047.TWO,GCC,星雲,16.55,,TPEx LISTED,其他電子業,47.8,51.0,51.1,46.05,66300,3.17,50.44,48.975,-5.23,-2.4,-6.27,-6.27,-6.27,60.0,60.8,60.8,60.0,60.8,-14.83,-15.95,-15.95,20.33,21.38,False,False,False,False,False,False,False,False,False,2026-10-06,其他電子業
8048,8048.TWO,RUBYTECH,德勝,30.79,,TPEx LISTED,通信網路業,51.8,50.6,52.0,50.5,108244,5.61,51.16,50.49,1.25,2.59,0.97,1.97,2.78,74.56,87.57,96.62,74.56,87.57,-30.26,-40.62,-46.18,30.53,40.85,False,False,False,False,False,False,False,False,False,2026-10-06,通信網路業
8049,8049.TWO,AMPIRE,晶采,28.86,,TPEx LISTED,光電業,24.4,24.55,24.55,24.4,89000,2.17,24.64,24.555,-0.97,-0.63,-0.61,-1.61,-0.41,29.45,43.7,45.15,29.45,43.7,-16.64,-43.82,-45.63,17.15,44.16,False,False,False,False,False,False,False,False,False,2026-10-06,光電業
8050,8050.TWO,IBASE,廣積,124.76,,TPEx LISTED,電腦及週邊設備業,60.8,62.6,62.6,60.5,1083040,65.85,62.4,61.66,-2.56,-1.39,-1.94,-4.1,-7.46,69.4,95.1,112.5,69.4,95.1,-9.8,-34.17,-44.36,12.39,36.07,False,False,False,False,False,False,False,False,False,2026-10-06,電腦及週邊設備業
8054,8054.TWO,Alcor Micro,安國,93.29,,TPEx LISTED,半導體業,85.8,87.3,87.4,85.8,679180,58.27,88.2,86.83,-2.72,-1.19,-1.72,-4.45,-1.61,145.5,224.0,224.0,145.5,224.0,-39.93,-60.98,-60.98,41.03,61.7,False,False,False,False,False,False,False,False,False,2026-10-06,半導體業
8059,8059.TWO,CTI,凱碩,20.44,,TPEx LISTED,通信網路業,17.55,17.8,18.0,17.55,52800,0.93,17.62,17.9,-0.4,-1.96,-1.4,0.0,1.45,42.41,77.99,77.99,42.41,77.99,-57.56,-76.92,-76.92,58.62,77.5,False,False,False,False,False,False,False,False,False,2026-10-06,通信網路業
8064,8064.TWO,CONTREL,東捷,250.43,,TPEx LISTED,光電業,135.5,137.5,141.0,135.5,4619750,625.98,140.5,138.8,-3.56,-2.38,-0.73,-5.57,-4.24,189.5,189.5,189.5,189.5,189.5,-25.59,-25.59,-25.59,28.5,28.5,False,False,False,False,False,False,False,False,False,2026-10-06,光電業
8066,8066.TWO,LIFESTYLE,來思達,5.39,,TPEx LISTED,居家生活,14.7,14.85,14.85,14.25,28215,0.41,14.92,14.965,-1.47,-1.77,-1.01,-1.67,-2.0,21.0,37.85,142.0,21.0,37.85,-29.29,-60.77,-89.54,30.0,61.16,False,False,False,False,False,False,False,False,False,2026-10-06,居家生活
8067,8067.TWO,Gish INT,志旭,2.32,,TPEx LISTED,電子通路業,11.2,11.4,11.4,11.2,6000,0.07,11.71,11.73,-4.36,-4.52,0.0,-6.67,-8.94,17.0,22.6,28.36,17.0,22.6,-32.94,-49.56,-59.81,34.12,50.44,False,False,False,False,False,False,False,False,False,2026-10-06,電子通路業
8068,8068.TWO,Chander,全達,13.85,,TPEx LISTED,電子通路業,17.15,17.4,17.45,17.05,191050,3.28,17.58,17.555,-2.45,-2.31,-2.0,-3.38,-2.56,29.55,47.95,49.3,29.55,47.95,-40.95,-63.61,-64.6,41.96,64.23,False,False,False,False,False,False,False,False,False,2026-10-06,電子通路業
8069,8069.TWO,EIH,元太,1720.47,,TPEx LISTED,光電業,149.0,147.0,151.5,145.0,10655262,1587.63,145.4,144.9,2.48,2.83,1.71,3.47,4.56,251.0,322.0,322.0,251.0,322.0,-39.64,-52.95,-52.95,40.64,53.73,False,False,True,False,False,False,False,False,False,2026-10-06,光電業
8070,8070.TW,CHANG WAH,長華*,370.08,,TWSE LISTED,電子通路業,51.0,52.3,52.6,50.8,1772050,90.37,50.76,50.255,0.47,1.48,-1.35,1.59,2.62,66.0,72.0,72.0,66.0,72.0,-20.3,-26.94,-26.94,22.73,29.17,False,False,False,False,False,False,False,False,False,2026-10-06,電子通路業
8071,8071.TWO,ABICO,能率網通,13.04,,TPEx LISTED,電子零組件業,21.7,22.1,22.7,21.7,322010,6.99,22.03,21.965,-1.5,-1.21,-1.36,-1.36,-0.69,35.1,35.1,35.1,35.1,35.1,-35.33,-35.33,-35.33,38.18,38.18,False,False,False,False,False,False,False,False,False,2026-10-06,電子零組件業
8072,8072.TW,AV TECH,陞泰,21.96,,TWSE LISTED,電子通路業,27.45,27.1,27.8,26.9,159000,4.36,27.58,27.6,-0.47,-0.54,1.29,-1.26,-1.26,34.6,55.0,55.0,34.6,55.0,-19.65,-49.45,-49.45,20.66,50.09,False,False,False,False,False,False,False,False,False,2026-10-06,電子通路業
8074,8074.TWO,AURONA,鉅橡,48.79,,TPEx LISTED,電子零組件業,56.1,56.6,57.9,56.1,918945,51.55,54.74,52.87,2.48,6.11,-2.09,8.3,10.43,96.3,96.3,96.3,96.3,96.3,-39.88,-39.88,-39.88,41.74,41.74,False,False,False,False,False,False,False,False,False,2026-10-06,電子零組件業
8076,8076.TWO,FIRICH,伍豐,62.53,,TPEx LISTED,電腦及週邊設備業,21.4,21.4,21.5,21.35,392284,8.39,21.61,21.575,-0.97,-0.81,0.0,-0.93,-0.47,29.9,38.25,58.74,29.9,38.25,-28.09,-43.79,-63.4,28.43,44.05,False,False,False,False,False,False,False,False,False,2026-10-06,電腦及週邊設備業
8077,8077.TWO,GWH,洛碁,9.04,,TPEx LISTED,觀光餐旅,41.2,41.05,41.2,41.05,2000,0.08,41.63,42.305,-1.03,-2.61,-0.72,-1.44,-5.07,56.3,80.9,148.75,56.3,80.9,-26.82,-49.07,-72.3,26.82,49.07,False,False,False,False,False,False,False,False,False,2026-10-06,觀光餐旅
8080,8080.TWO,TerraLink,泰霖,19.07,,TPEx LISTED,建材營造,28.4,28.0,28.4,27.85,28204,0.8,28.04,28.14,1.28,0.92,1.43,1.43,1.43,47.75,47.75,91.0,47.75,47.75,-40.52,-40.52,-68.79,40.52,40.52,False,False,False,True,False,False,False,False,False,2026-10-06,建材營造
8081,8081.TW,GMT,致新,226.2,,TWSE LISTED,半導體業,262.5,261.0,263.5,257.0,602605,158.18,257.0,254.75,2.14,3.04,1.35,2.94,2.74,347.5,347.5,347.5,347.5,347.5,-24.17,-24.17,-24.17,24.46,24.46,True,False,False,False,False,False,False,False,False,2026-10-06,半導體業
8083,8083.TWO,TIC,瑞穎,55.86,,TPEx LISTED,電機機械,159.0,158.5,160.0,157.5,96200,15.3,157.4,156.55,1.02,1.56,0.63,1.6,2.25,182.5,190.0,214.0,182.5,190.0,-12.33,-15.79,-25.23,12.88,16.32,True,True,False,False,False,False,False,False,False,2026-10-06,電機機械
8084,8084.TWO,CHIP HOPE,巨虹,12.3,,TPEx LISTED,電子通路業,17.7,17.7,17.7,17.7,91502,1.62,22.04,29.125,-19.69,-39.23,-9.92,-26.86,-40.6,68.1,117.0,142.5,68.1,117.0,-74.01,-84.87,-87.58,74.01,84.87,False,False,False,False,False,False,False,False,False,2026-10-06,電子通路業
8085,8085.TWO,FD,福華,20.65,,TPEx LISTED,其他電子業,14.75,15.15,15.15,14.65,232905,3.44,14.66,14.49,0.61,1.79,-0.67,1.03,3.51,19.0,97.6,97.6,19.0,97.6,-20.26,-84.48,-84.48,22.37,84.89,False,False,False,False,False,False,False,False,False,2026-10-06,其他電子業
8086,8086.TWO,AWSC,宏捷科,250.56,,TPEx LISTED,半導體業,127.5,128.5,130.0,124.0,8938654,1139.68,121.2,115.5,5.2,10.39,-1.16,10.87,15.91,183.0,183.0,196.5,183.0,183.0,-28.96,-28.96,-33.84,30.33,30.33,False,False,False,False,False,False,False,False,False,2026-10-06,半導體業
8087,8087.TWO,LEADSUN,麗升能源,8.97,,TPEx LISTED,綠能環保,23.2,24.6,24.6,22.9,39000,0.9,23.52,23.74,-1.36,-2.27,-3.33,-1.69,0.87,40.6,68.5,73.84,40.6,68.5,-39.41,-64.09,-66.69,42.86,66.13,False,False,False,False,False,False,False,False,False,2026-10-06,綠能環保
8088,8088.TWO,PANRAM,品安,26.78,,TPEx LISTED,半導體業,43.95,44.55,44.55,43.65,185100,8.14,44.09,43.23,-0.32,1.67,-0.11,0.69,4.02,73.1,73.1,73.1,73.1,73.1,-39.06,-39.06,-39.06,39.88,39.88,False,False,False,False,False,False,False,False,False,2026-10-06,半導體業
8089,8089.TWO,Comtrend,康全電訊,12.77,,TPEx LISTED,通信網路業,19.35,19.35,19.35,19.2,84051,1.63,19.48,19.44,-0.67,-0.46,0.0,-1.28,1.04,31.2,131.56,131.56,31.2,131.56,-37.98,-85.29,-85.29,37.98,85.29,False,False,False,False,False,False,False,False,False,2026-10-06,通信網路業
8091,8091.TWO,FB,翔名,132.11,,TPEx LISTED,半導體業,232.0,240.0,245.0,232.0,1191133,276.34,228.3,222.5,1.62,4.27,-3.33,7.66,5.45,303.5,303.5,303.5,303.5,303.5,-19.28,-19.28,-19.28,23.56,23.56,False,False,False,False,False,False,False,False,False,2026-10-06,半導體業
8092,8092.TWO,CWPT,建暐,6.92,,TPEx LISTED,其他電子業,12.1,12.5,12.5,11.95,73000,0.88,12.35,12.565,-2.02,-3.7,-0.82,-3.59,-3.59,20.95,35.7,35.7,20.95,35.7,-40.33,-64.99,-64.99,42.24,66.11,False,False,False,False,False,False,False,False,False,2026-10-06,其他電子業
8093,8093.TWO,ENERMAX,保銳,14.85,,TPEx LISTED,電子零組件業,26.25,24.9,26.45,24.8,71800,1.88,25.05,24.48,4.79,7.23,5.63,3.96,10.06,28.95,53.0,60.24,28.95,53.0,-8.64,-50.09,-56.09,9.33,50.47,False,False,False,False,False,False,False,True,False,2026-10-06,電子零組件業
8096,8096.TWO,CoAsia,擎亞,132.62,,TPEx LISTED,電子通路業,88.8,90.2,90.2,88.0,2192364,194.68,88.72,87.15,0.09,1.89,-1.33,1.49,0.11,177.0,177.0,177.0,177.0,177.0,-49.04,-49.04,-49.04,49.83,49.83,False,False,False,False,False,False,False,False,False,2026-10-06,電子通路業
8097,8097.TWO,ATW,常珵,29.22,,TPEx LISTED,通信網路業,48.45,48.3,48.5,48.0,43000,2.08,48.63,48.705,-0.37,-0.52,-0.82,-0.21,0.62,62.7,97.0,97.0,62.7,97.0,-22.65,-50.0,-50.0,22.73,50.05,False,False,False,False,False,False,False,False,False,2026-10-06,通信網路業
8099,8099.TWO,TSTI,大世科,59.54,,TPEx LISTED,資訊服務業,59.5,61.4,61.4,59.1,77024,4.58,59.88,60.07,-0.63,-0.95,-0.17,-1.33,-0.5,77.2,110.18,110.18,77.2,110.18,-20.47,-44.27,-44.27,22.93,46.0,False,False,False,False,False,False,False,False,False,2026-10-06,資訊服務業
8101,8101.TW,Arima Comm.,華冠,5.53,,TWSE LISTED,通信網路業,10.6,10.35,10.7,10.15,40307,0.43,10.92,11.03,-2.93,-3.9,-5.36,-4.07,-0.93,16.8,35.45,35.45,16.8,35.45,-36.31,-69.82,-69.82,36.9,70.1,False,False,False,False,False,False,False,False,False,2026-10-06,通信網路業
8102,8102.TWO,JEILIN,傑霖科技,13.31,,TPEx LISTED,半導體業,57.0,59.6,59.6,56.5,21000,1.2,59.02,59.62,-3.42,-4.39,-4.36,-3.39,-4.2,81.9,112.5,112.5,81.9,112.5,-27.23,-47.02,-47.02,30.4,49.33,False,False,False,False,False,False,False,False,False,2026-10-06,半導體業
8103,8103.TW,CviLux,瀚荃,93.73,,TWSE LISTED,電子零組件業,119.5,124.0,124.5,118.5,2658552,317.7,121.5,122.2,-1.65,-2.21,-1.65,-3.63,2.14,136.5,136.5,136.5,136.5,136.5,-8.79,-8.79,-8.79,12.45,12.45,False,False,False,False,False,False,False,False,False,2026-10-06,電子零組件業
8104,8104.TW,RiTdisplay,錸寶,32.57,,TWSE LISTED,光電業,31.3,31.3,31.55,31.25,191001,5.98,31.64,31.345,-1.07,-0.14,-0.16,-1.26,-0.32,47.8,60.22,104.84,47.8,60.22,-34.0,-47.61,-69.91,34.52,48.03,False,False,False,False,False,False,False,False,False,2026-10-06,光電業
8105,8105.TW,GiantPlus,凌巨,66.45,,TWSE LISTED,光電業,15.05,15.45,15.45,15.05,1209012,18.2,15.55,15.28,-3.22,-1.51,-1.63,-2.59,1.01,25.75,25.75,26.15,25.75,25.75,-40.0,-40.0,-40.92,41.55,41.55,False,False,False,False,False,False,False,False,False,2026-10-06,光電業
8107,8107.TWO,KENMOS,大億金茂,8.85,,TPEx LISTED,電機機械,11.8,11.7,12.05,11.7,47789,0.56,11.9,12.02,-0.84,-1.83,-1.26,0.0,-2.07,16.7,35.0,54.2,16.7,35.0,-27.84,-65.57,-77.77,29.34,66.29,False,False,False,False,False,False,False,False,False,2026-10-06,電機機械
8109,8109.TWO,P-DUKE,博大,112.15,,TPEx LISTED,電子零組件業,136.5,139.0,139.5,136.5,202105,27.59,140.3,136.45,-2.71,0.04,-1.8,-5.54,1.49,166.5,166.5,166.5,166.5,166.5,-16.22,-16.22,-16.22,18.02,18.02,False,False,False,False,False,False,False,False,False,2026-10-06,電子零組件業
8110,8110.TW,WALTON,華東,252.66,,TWSE LISTED,半導體業,48.8,50.0,50.0,48.5,4218930,205.88,49.17,49.4,-0.75,-1.21,-0.81,0.21,0.83,88.0,88.0,88.0,88.0,88.0,-43.18,-43.18,-43.18,44.55,44.55,False,False,False,False,False,False,False,False,False,2026-10-06,半導體業
8111,8111.TWO,LIGITEK,立碁,100.7,,TPEx LISTED,光電業,92.3,98.9,99.7,90.6,39433463,3639.71,85.94,81.8,7.4,12.84,-2.12,18.33,15.81,94.3,94.3,94.3,99.7,99.7,5.73,5.73,5.73,7.42,7.42,False,False,False,False,True,True,True,True,True,2026-10-06,光電業
8112,8112.TW,Supreme,至上,474.85,,TWSE LISTED,電子通路業,84.0,84.2,84.4,83.5,3229978,271.32,83.76,83.29,0.29,0.85,-0.12,0.24,1.57,104.0,104.0,104.0,104.0,104.0,-18.85,-18.85,-18.85,19.23,19.23,False,False,False,False,False,False,False,False,False,2026-10-06,電子通路業
8114,8114.TW,POSIFLEX,振樺電,136.91,,TWSE LISTED,電腦及週邊設備業,179.0,180.5,181.0,177.5,161003,28.82,178.7,177.85,0.17,0.65,0.0,0.56,0.0,276.5,382.0,382.0,276.5,382.0,-34.54,-52.62,-52.62,35.26,53.14,False,False,False,True,False,False,False,False,False,2026-10-06,電腦及週邊設備業
8121,8121.TWO,ACME,越峰,67.84,,TPEx LISTED,電子零組件業,31.85,32.4,32.65,31.3,1121500,35.72,32.92,31.07,-3.25,2.51,-2.0,-8.08,-0.16,57.2,57.2,57.41,57.2,57.2,-42.92,-42.92,-43.13,44.32,44.32,False,False,False,False,False,False,False,False,False,2026-10-06,電子零組件業
8131,8131.TW,FATC,福懋科,279.48,,TWSE LISTED,半導體業,63.2,64.0,64.0,62.7,1061340,67.08,63.06,62.28,0.22,1.48,-0.47,1.12,2.6,87.1,87.1,87.1,87.1,87.1,-26.52,-26.52,-26.52,27.44,27.44,False,False,False,False,False,False,False,False,False,2026-10-06,半導體業
8147,8147.TWO,NEXTRON,正淩,58.75,,TPEx LISTED,電子零組件業,140.5,146.0,146.0,140.5,326010,45.8,145.5,142.25,-3.44,-1.23,-0.71,-2.09,-5.07,197.5,197.5,197.5,197.5,197.5,-26.08,-26.08,-26.08,28.86,28.86,False,False,False,False,False,False,False,False,False,2026-10-06,電子零組件業
8150,8150.TW,ChipMOS,南茂,898.27,,TWSE LISTED,半導體業,127.5,124.0,130.5,123.0,77051395,9824.05,121.7,114.05,4.77,11.79,2.82,10.39,22.01,133.0,133.0,133.0,133.0,133.0,-1.88,-1.88,-1.88,4.14,4.14,False,False,False,False,False,False,False,True,True,2026-10-06,半導體業
8155,8155.TWO,ACCL,博智,207.06,,TPEx LISTED,電子零組件業,332.0,335.5,335.5,324.0,581082,192.92,322.8,327.5,2.85,1.37,0.76,5.9,8.5,480.0,480.0,480.0,480.0,480.0,-30.1,-30.1,-30.1,30.83,30.83,True,False,False,True,False,False,False,False,False,2026-10-06,電子零組件業
8162,8162.TW,MSEC,微矽電子-創,44.73,,TWSE LISTED,半導體業,65.1,67.3,67.3,64.6,419167,27.29,66.84,64.79,-2.6,0.48,-2.69,-4.26,-0.46,89.9,89.9,89.9,89.9,89.9,-25.14,-25.14,-25.14,27.59,27.59,False,False,False,False,False,False,False,False,False,2026-10-06,半導體業
8163,8163.TW,DARFON,達方,85.12,,TWSE LISTED,電腦及週邊設備業,30.4,30.7,30.8,30.3,484253,14.72,30.63,30.385,-0.75,0.05,-0.98,-0.65,0.83,47.8,74.6,95.8,47.8,74.6,-35.56,-58.71,-67.85,36.4,59.25,False,False,False,False,False,False,False,False,False,2026-10-06,電腦及週邊設備業
8171,8171.TWO,Formosa,天宇,23.53,,TPEx LISTED,綠能環保,20.85,20.65,20.85,20.5,131101,2.73,20.74,20.63,0.53,1.07,0.72,0.72,1.21,32.05,46.2,70.34,32.05,46.2,-34.95,-54.87,-70.36,34.95,54.87,False,False,False,True,False,False,False,False,False,2026-10-06,綠能環保
8176,8176.TWO,ZCOM,智捷,5.84,,TPEx LISTED,通信網路業,9.76,9.77,9.79,9.66,151048,1.47,9.752,9.774,0.08,-0.14,0.0,0.51,-0.2,14.4,20.6,20.7,14.4,20.6,-32.01,-52.48,-52.71,32.22,52.62,False,False,False,False,False,False,False,False,False,2026-10-06,通信網路業
8182,8182.TWO,HELE,加高,45.39,,TPEx LISTED,電子零組件業,42.4,44.5,45.4,42.15,1484797,62.96,43.85,42.06,-3.31,0.81,-5.36,-4.18,2.91,60.7,60.7,64.5,60.7,60.7,-25.21,-25.21,-29.61,30.15,30.15,False,False,False,False,False,False,False,False,False,2026-10-06,電子零組件業
8201,8201.TW,BESTA,無敵,10.91,,TWSE LISTED,其他電子業,17.5,17.8,17.8,16.7,678329,11.87,16.93,14.895,3.37,17.49,7.03,-0.85,19.86,17.95,21.5,26.3,17.95,21.5,-0.84,-17.21,-32.32,2.51,18.6,False,False,False,False,False,False,False,True,False,2026-10-06,其他電子業
8210,8210.TW,CHENBRO,勤誠,1111.73,,TWSE LISTED,電腦及週邊設備業,885.0,888.0,894.0,876.0,2297168,2032.99,859.4,876.1,2.98,1.02,-0.56,4.73,0.91,1590.0,1590.0,1590.0,1590.0,1590.0,-43.77,-43.77,-43.77,44.34,44.34,False,False,False,True,False,False,False,False,False,2026-10-06,電腦及週邊設備業
8213,8213.TW,tpt,志超,93.04,,TWSE LISTED,電子零組件業,34.3,33.95,34.35,33.85,485017,16.64,34.18,33.64,0.35,1.96,1.33,0.88,4.57,43.8,45.3,55.2,43.8,45.3,-21.58,-24.17,-37.77,21.69,24.28,False,False,False,False,False,False,False,False,False,2026-10-06,電子零組件業
8215,8215.TW,BMC,明基材,90.59,,TWSE LISTED,光電業,28.25,28.8,29.05,28.1,1231555,34.79,29.06,28.745,-2.79,-1.72,-1.22,-2.92,0.89,33.4,37.9,46.35,33.4,37.9,-13.02,-23.35,-37.32,15.42,25.46,False,False,False,False,False,False,False,False,False,2026-10-06,光電業
8222,8222.TW,Aero Win,寶一,24.17,,TWSE LISTED,電機機械,35.25,35.4,35.4,35.1,81000,2.86,35.48,35.405,-0.65,-0.44,-0.42,-0.84,-0.14,46.55,69.5,69.6,46.55,69.5,-23.95,-49.06,-49.14,24.27,49.28,False,False,False,False,False,False,False,False,False,2026-10-06,電機機械
8227,8227.TWO,PGC,巨有科技,146.31,,TPEx LISTED,半導體業,370.0,366.0,377.0,350.0,613009,226.81,368.0,338.6,0.54,9.27,1.09,1.79,9.79,384.5,449.5,449.5,384.5,449.5,-1.95,-16.13,-16.13,3.77,17.69,False,False,False,False,False,False,False,True,False,2026-10-06,半導體業
8234,8234.TWO,NEXCOM,新漢,87.84,,TPEx LISTED,電腦及週邊設備業,62.2,62.7,63.0,62.2,199000,12.38,62.78,62.15,-0.92,0.08,-0.96,-1.27,0.16,81.7,122.5,122.5,81.7,122.5,-22.89,-48.57,-48.57,23.87,49.22,False,False,False,False,False,False,False,False,False,2026-10-06,電腦及週邊設備業
8240,8240.TWO,WAH HONG,華宏,55.6,,TPEx LISTED,光電業,55.6,58.0,58.0,55.5,930591,51.74,58.34,55.32,-4.7,0.51,-4.14,-7.64,2.02,81.8,81.8,81.8,81.8,81.8,-29.1,-29.1,-29.1,32.03,32.03,False,False,False,False,False,False,False,False,False,2026-10-06,光電業
8249,8249.TW,CSI,菱光,54.3,,TWSE LISTED,電子零組件業,39.4,40.2,40.35,39.0,218059,8.59,39.96,39.635,-1.4,-0.59,-2.72,0.0,0.9,64.6,76.9,76.9,64.6,76.9,-37.54,-47.53,-47.53,39.01,48.76,False,False,False,False,False,False,False,False,False,2026-10-06,電子零組件業
8255,8255.TWO,ATC,朋程,153.96,,TPEx LISTED,電機機械,151.0,153.0,153.0,149.0,335008,50.59,150.4,145.75,0.4,3.6,-0.33,1.0,4.14,233.0,233.5,294.54,233.0,233.5,-34.33,-34.48,-48.05,35.19,35.33,False,False,False,False,False,False,False,False,False,2026-10-06,電機機械
8261,8261.TW,APEC,富鼎,237.16,,TWSE LISTED,半導體業,199.5,204.5,204.5,191.0,14784679,2949.54,189.7,183.15,5.17,8.93,-2.68,9.92,13.03,380.5,380.5,380.5,380.5,380.5,-46.25,-46.25,-46.25,47.57,47.57,False,False,False,False,False,False,False,False,False,2026-10-06,半導體業
8271,8271.TW,Apacer,宇瞻,260.52,,TWSE LISTED,半導體業,201.0,203.0,203.0,200.0,683616,137.41,201.4,201.25,-0.2,-0.12,0.25,0.0,0.75,271.0,271.0,271.0,271.0,271.0,-25.09,-25.09,-25.09,25.83,25.83,False,False,False,False,False,False,False,False,False,2026-10-06,半導體業
8272,8272.TWO,Changing,全景軟體,11.42,,TPEx LISTED,資訊服務業,60.1,60.5,60.5,60.0,26001,1.56,62.26,63.47,-3.47,-5.31,-1.15,-5.95,-8.24,82.4,156.0,156.0,82.4,156.0,-26.58,-61.22,-61.22,27.06,61.47,False,False,False,False,False,False,False,False,False,2026-10-06,資訊服務業
8277,8277.TWO,UNIFOSA,商丞,6.12,,TPEx LISTED,半導體業,15.5,15.3,15.55,15.3,66447,1.03,15.4,15.695,0.65,-1.24,1.31,0.0,-0.64,29.69,43.84,52.43,29.69,43.84,-47.63,-64.53,-70.34,47.8,64.65,False,False,False,False,False,False,False,False,False,2026-10-06,半導體業
8279,8279.TWO,SYNGEN,生展,21.79,,TPEx LISTED,生技醫療業,80.4,80.1,82.0,80.1,31000,2.49,79.76,79.05,0.8,1.71,0.37,-0.5,2.16,141.0,177.0,197.0,141.0,177.0,-41.84,-53.67,-58.38,42.98,54.58,False,False,False,False,False,False,False,False,False,2026-10-06,生技醫療業
8284,8284.TWO,MITAKE,三竹,31.98,,TPEx LISTED,資訊服務業,67.6,67.6,67.6,67.6,1000,0.07,67.76,68.09,-0.24,-0.72,-0.29,0.0,-0.59,70.0,74.6,74.9,70.0,74.6,-3.43,-9.38,-9.75,3.43,9.38,False,False,False,False,False,False,False,True,True,2026-10-06,資訊服務業
8289,8289.TWO,Taitien,泰藝,37.11,,TPEx LISTED,電子零組件業,54.3,56.8,57.2,53.6,2080500,112.97,53.0,48.88,2.45,11.09,-5.07,6.47,17.92,78.0,78.0,78.0,78.0,78.0,-26.67,-26.67,-26.67,30.38,30.38,False,False,False,False,False,False,False,False,False,2026-10-06,電子零組件業
8291,8291.TWO,SMT,尚茂,4.9,,TPEx LISTED,電子零組件業,28.05,27.15,28.25,27.1,31020,0.87,28.33,28.9,-0.99,-2.94,-0.18,-1.06,-2.94,133.0,133.0,133.0,133.0,133.0,-78.76,-78.76,-78.76,78.91,78.91,False,False,False,False,False,False,False,False,False,2026-10-06,電子零組件業
8299,8299.TWO,Phison,群聯,4622.35,,TPEx LISTED,半導體業,2090.0,2110.0,2120.0,2085.0,1319757,2758.29,2109.0,2133.5,-0.9,-2.04,-0.48,-0.95,-1.18,2880.0,2880.0,2880.0,2880.0,2880.0,-26.39,-26.39,-26.39,27.43,27.43,False,False,False,False,False,False,False,False,False,2026-10-06,半導體業
8341,8341.TW,SF,日友,95.81,,TWSE LISTED,綠能環保,73.7,73.9,73.9,73.6,143014,10.54,74.06,74.32,-0.49,-0.83,-0.14,-0.67,-0.81,96.6,120.5,274.23,96.6,120.5,-23.5,-38.67,-73.05,23.71,38.84,False,False,False,False,False,False,False,False,False,2026-10-06,綠能環保
8342,8342.TWO,I JANG,益張,27.84,,TPEx LISTED,其他,83.0,83.0,83.0,83.0,0,0.0,83.3,83.6,-0.36,-0.72,0.0,-0.6,-0.6,95.0,95.0,97.99,95.0,95.0,-12.63,-12.63,-15.3,12.63,12.63,False,False,False,False,False,False,False,False,False,2026-10-06,其他
8349,8349.TWO,QST,恒耀國際,85.83,,TPEx LISTED,鋼鐵工業,41.1,40.15,41.2,40.15,224100,9.21,40.51,39.615,1.46,3.75,2.37,1.48,3.79,47.35,64.63,100.64,47.35,64.63,-12.99,-36.25,-59.06,13.2,36.4,False,False,False,False,False,False,False,False,False,2026-10-06,鋼鐵工業
8354,8354.TWO,KH,冠好,13.0,,TPEx LISTED,其他,16.55,16.7,16.7,16.55,18000,0.3,16.73,16.905,-1.08,-2.1,-0.9,-1.19,-2.07,19.5,19.8,21.03,19.5,19.8,-14.36,-15.66,-20.58,15.13,16.41,False,False,False,False,False,False,False,False,False,2026-10-06,其他
8358,8358.TWO,CO-TECH,金居,1391.76,,TPEx LISTED,電子零組件業,551.0,577.0,578.0,548.0,25540469,14072.8,528.0,512.9,4.36,7.43,-3.33,9.11,10.64,758.0,758.0,758.0,758.0,758.0,-23.75,-23.75,-23.75,27.31,27.31,False,False,False,False,False,False,False,False,False,2026-10-06,電子零組件業
8367,8367.TW,CS,建新國際,37.79,,TWSE LISTED,航運業,41.0,40.3,41.0,40.1,39000,1.6,40.73,40.57,0.66,1.06,0.61,0.49,2.37,47.2,54.4,87.5,47.2,54.4,-13.14,-24.63,-53.14,13.14,24.63,False,False,False,True,False,False,False,False,False,2026-10-06,航運業
8374,8374.TW,ACE PILLAR,羅昇,85.31,,TWSE LISTED,電機機械,76.0,77.0,77.0,75.5,144000,10.94,77.0,76.63,-1.3,-0.82,-1.17,-1.17,0.0,118.5,169.0,169.0,118.5,169.0,-35.02,-54.44,-54.44,35.86,55.03,False,False,False,False,False,False,False,False,False,2026-10-06,電機機械
8383,8383.TWO,ChenFull,千附,79.75,,TPEx LISTED,半導體業,70.1,69.9,72.3,69.1,1714716,120.2,68.82,67.91,1.86,3.22,1.15,3.24,3.7,95.0,95.0,95.0,95.0,95.0,-23.89,-23.89,-23.89,26.21,26.21,True,False,False,False,False,False,False,False,False,2026-10-06,半導體業
8390,8390.TWO,JYD,金益鼎,88.43,,TPEx LISTED,綠能環保,92.0,89.3,93.0,89.1,556131,51.16,90.44,90.42,1.72,1.75,3.37,1.88,2.91,132.0,132.0,132.0,132.0,132.0,-29.55,-29.55,-29.55,30.3,30.3,False,False,False,True,False,False,False,False,False,2026-10-06,綠能環保
8401,8401.TWO,BAI SHA,白紗科,16.01,,TPEx LISTED,其他,22.65,22.75,22.75,22.6,16000,0.36,22.72,22.7,-0.31,-0.22,-0.22,-0.22,-0.44,29.85,33.22,33.22,29.85,33.22,-23.79,-31.53,-31.53,24.12,31.83,False,False,False,False,False,False,False,False,False,2026-10-06,其他
8403,8403.TWO,SHAREHOPE,盛弘,25.88,,TPEx LISTED,生技醫療業,18.8,18.95,18.95,18.8,107885,2.03,18.88,18.925,-0.42,-0.66,-0.27,-0.53,-1.31,24.4,31.5,41.54,24.4,31.5,-22.34,-39.84,-54.38,22.95,40.32,False,False,False,False,False,False,False,False,False,2026-10-06,生技醫療業
8404,8404.TW,PAIHO SHIH,百和興業-KY,55.85,,TWSE LISTED,其他,13.3,13.0,13.4,12.95,363000,4.83,13.2,13.38,0.76,-0.6,2.31,0.0,1.14,25.25,34.24,56.43,25.25,34.24,-46.93,-60.86,-76.25,47.33,61.15,False,False,False,False,False,False,False,False,False,2026-10-06,其他
8409,8409.TWO,EBM,商之器,5.76,,TPEx LISTED,生技醫療業,18.0,18.0,18.0,18.0,5000,0.09,18.01,18.045,-0.06,-0.25,0.0,0.0,0.0,23.0,27.5,37.5,23.0,27.5,-21.74,-34.55,-52.0,21.74,34.55,False,False,False,False,False,False,False,False,False,2026-10-06,生技醫療業
8410,8410.TWO,Sen Tien,森田,9.86,,TPEx LISTED,電腦及週邊設備業,26.95,27.5,27.5,26.95,304000,8.19,27.58,27.96,-2.28,-3.61,-2.53,-3.06,-3.75,39.9,95.4,95.4,39.9,95.4,-31.08,-71.17,-71.17,32.46,71.75,False,False,False,False,False,False,False,False,False,2026-10-06,電腦及週邊設備業
8411,8411.TW,KINGCAN,福貞-KY,25.55,,TWSE LISTED,其他,11.7,11.75,11.8,11.5,279000,3.26,11.76,11.995,-0.51,-2.46,0.0,-1.68,-1.68,13.3,15.8,33.67,13.3,15.8,-11.28,-25.32,-64.96,12.03,25.95,False,False,False,False,False,False,False,False,False,2026-10-06,其他
8415,8415.TWO,Brighton-Best,大國鋼,362.06,,TPEx LISTED,鋼鐵工業,35.1,35.15,35.2,35.0,217000,7.62,35.24,35.19,-0.4,-0.26,0.0,-1.27,-0.14,39.4,41.45,45.35,39.4,41.45,-10.66,-15.08,-22.38,10.91,15.32,False,False,False,False,False,False,False,False,False,2026-10-06,鋼鐵工業
8416,8416.TWO,SWTC,實威,47.82,,TPEx LISTED,資訊服務業,169.5,169.5,169.5,169.5,0,0.0,169.6,169.35,-0.06,0.09,0.0,0.3,0.3,191.0,207.0,207.0,191.0,207.0,-11.26,-18.12,-18.12,11.26,18.12,False,False,False,False,False,False,False,False,False,2026-10-06,資訊服務業
8421,8421.TWO,XYP,旭源,7.15,,TPEx LISTED,其他,13.05,13.05,13.05,13.0,27000,0.35,13.0,12.93,0.38,0.93,0.38,0.38,1.56,17.9,17.9,21.45,17.9,17.9,-27.09,-27.09,-39.16,27.09,27.09,False,False,False,False,False,False,False,False,False,2026-10-06,其他
8422,8422.TW,Cleanaway,可寧衛*,342.41,,TWSE LISTED,綠能環保,25.2,25.3,25.35,25.1,3630778,91.5,25.5,25.59,-1.18,-1.52,-0.4,-1.56,-1.18,51.9,51.9,51.9,51.9,51.9,-51.16,-51.16,-51.16,51.45,51.45,False,False,False,False,False,False,False,False,False,2026-10-06,綠能環保
8423,8423.TWO,Polygreen,保綠-KY,7.47,,TPEx LISTED,綠能環保,17.9,17.8,18.7,17.8,37000,0.66,17.98,17.995,-0.44,-0.53,0.56,-0.56,-0.83,19.8,29.87,29.87,19.8,29.87,-5.56,-37.39,-37.39,9.6,40.07,False,False,False,False,False,False,False,True,False,2026-10-06,綠能環保
8424,8424.TWO,WELLPOOL,惠普,25.2,,TPEx LISTED,建材營造,69.9,69.9,69.9,69.9,2000,0.14,70.24,69.87,-0.48,0.04,-0.57,-1.13,-0.14,76.6,76.8,79.4,76.6,76.8,-8.75,-8.98,-11.96,8.75,8.98,False,False,False,False,False,False,False,True,True,2026-10-06,建材營造
8426,8426.TWO,Redwood,紅木-KY,10.4,,TPEx LISTED,其他,20.7,20.35,20.8,20.3,38000,0.79,20.64,20.615,0.29,0.41,0.49,0.24,0.24,28.95,92.8,92.8,28.95,92.8,-28.15,-77.59,-77.59,28.5,77.69,False,False,False,True,False,False,False,False,False,2026-10-06,其他
8429,8429.TW,Jinli,金麗-KY,10.94,,TWSE LISTED,貿易百貨,5.89,5.91,5.93,5.82,160136,0.94,5.902,5.891,-0.2,-0.02,-0.17,-0.34,0.68,8.13,14.45,41.26,8.13,14.45,-27.06,-58.96,-85.63,27.55,59.24,False,False,False,False,False,False,False,False,False,2026-10-06,貿易百貨
8431,8431.TWO,SPT,匯鑽科,29.8,,TPEx LISTED,其他電子業,61.1,63.6,64.4,61.0,869431,53.12,64.06,64.15,-4.62,-4.75,-3.93,-5.56,-7.84,81.7,81.7,99.0,81.7,81.7,-21.18,-21.18,-34.95,25.21,25.21,False,False,False,False,False,False,False,False,False,2026-10-06,其他電子業
8432,8432.TWO,TSH,東生華,20.54,,TPEx LISTED,生技醫療業,53.5,54.0,54.5,53.4,324000,17.33,51.4,50.96,4.09,4.98,4.9,5.52,5.73,58.9,71.1,101.5,58.9,71.1,-7.47,-23.35,-46.31,9.17,24.75,False,False,False,False,False,False,False,True,False,2026-10-06,生技醫療業
8433,8433.TWO,BON FAME,弘帆,28.56,,TPEx LISTED,居家生活,52.4,52.6,52.7,52.2,29000,1.52,52.68,52.81,-0.53,-0.78,-0.38,-0.76,-1.13,64.2,108.5,180.0,64.2,108.5,-17.91,-51.43,-70.72,18.38,51.71,False,False,False,False,False,False,False,False,False,2026-10-06,居家生活
8435,8435.TWO,Zimmite,鉅邁,18.66,,TPEx LISTED,其他,53.0,53.2,53.2,52.9,39000,2.07,53.22,53.08,-0.41,-0.15,-0.38,-0.56,0.0,60.5,79.5,79.5,60.5,79.5,-12.07,-33.08,-33.08,12.4,33.33,False,False,False,False,False,False,False,False,False,2026-10-06,其他
8436,8436.TWO,TCI,大江,120.67,,TPEx LISTED,生技醫療業,102.5,103.5,104.0,102.0,871200,89.3,104.5,104.8,-1.91,-2.19,-1.91,-2.38,-2.84,162.0,192.5,525.68,162.0,192.5,-35.8,-45.97,-80.22,36.73,46.75,False,False,False,False,False,False,False,False,False,2026-10-06,生技醫療業
8437,8437.TWO,Dadi,大地-KY,5.5,,TPEx LISTED,其他,11.7,11.0,12.1,10.85,173000,2.02,10.8,10.277,8.33,13.85,6.36,10.38,15.84,17.45,72.5,259.0,17.45,72.5,-30.66,-83.31,-95.33,32.95,83.86,False,False,False,False,False,False,False,False,False,2026-10-06,其他
8438,8438.TW,AMIA,昶昕,56.58,,TWSE LISTED,綠能環保,80.9,81.0,81.5,79.6,304000,24.59,81.56,78.6,-0.81,2.93,-0.12,0.0,1.13,112.0,112.0,112.0,112.0,112.0,-27.23,-27.23,-27.23,27.77,27.77,False,False,False,False,False,False,False,False,False,2026-10-06,綠能環保
8440,8440.TWO,E＆E,綠電,10.05,,TPEx LISTED,綠能環保,20.0,20.2,20.35,20.0,46700,0.93,20.2,20.26,-0.99,-1.28,-0.99,-0.99,-4.53,31.8,58.43,80.53,31.8,58.43,-36.01,-65.17,-74.73,37.11,65.77,False,False,False,False,False,False,False,False,False,2026-10-06,綠能環保
8442,8442.TW,WW,威宏-KY,31.89,,TWSE LISTED,其他,45.45,45.5,45.95,45.45,17000,0.77,45.7,45.525,-0.55,-0.16,-1.09,-0.33,1.45,73.5,135.0,135.0,73.5,135.0,-37.48,-65.96,-65.96,38.16,66.33,False,False,False,False,False,False,False,False,False,2026-10-06,其他
8443,8443.TW,ASO,阿瘦,7.45,,TWSE LISTED,貿易百貨,11.15,11.05,11.15,11.0,11001,0.12,11.11,11.165,0.36,-0.13,0.0,0.45,0.0,12.25,12.85,19.95,12.25,12.85,-8.98,-13.23,-44.11,8.98,13.23,False,False,True,False,False,False,False,True,False,2026-10-06,貿易百貨
8444,8444.TWO,Green River,綠河-KY,5.44,,TPEx LISTED,其他,4.35,4.35,4.35,4.35,0,0.0,4.35,4.409,0.0,-1.34,0.0,0.0,-1.14,12.1,43.9,173.47,12.1,43.9,-64.05,-90.09,-97.49,64.05,90.09,False,False,False,False,False,False,False,False,False,2026-10-06,其他
8446,8446.TWO,HIM Music,華研,45.51,,TPEx LISTED,文化創意業,86.0,85.8,86.2,85.2,57000,4.9,85.06,84.73,1.11,1.5,1.06,1.3,1.9,100.0,131.5,158.0,100.0,131.5,-13.8,-34.45,-45.44,14.0,34.6,False,False,False,False,False,False,False,False,False,2026-10-06,文化創意業
8450,8450.TWO,PILI,霹靂,7.26,,TPEx LISTED,文化創意業,14.15,14.15,14.2,14.0,20010,0.28,14.25,14.265,-0.7,-0.81,-0.7,-1.05,-1.74,18.7,29.95,95.45,18.7,29.95,-24.06,-52.59,-85.12,24.33,52.75,False,False,False,False,False,False,False,False,False,2026-10-06,文化創意業
8454,8454.TW,momo,富邦媒,635.94,,TWSE LISTED,數位雲端,240.0,234.5,241.0,234.5,245145,58.83,238.6,240.0,0.59,0.0,2.35,0.42,1.69,467.0,498.87,1504.84,467.0,498.87,-48.39,-51.69,-83.99,48.61,51.89,False,False,False,True,False,False,False,False,False,2026-10-06,數位雲端
8455,8455.TWO,Daito ME,大拓-KY,5.66,,TPEx LISTED,其他電子業,22.45,22.1,22.45,22.1,8000,0.18,22.17,22.245,1.26,0.92,1.58,1.58,1.58,48.05,48.05,49.5,48.05,48.05,-53.28,-53.28,-54.65,53.28,53.28,False,False,False,True,False,False,False,False,False,2026-10-06,其他電子業
8462,8462.TW,Power Wind,柏文,126.2,,TWSE LISTED,運動休閒,157.0,156.5,158.0,156.5,38080,5.98,157.4,158.15,-0.25,-0.73,-0.32,0.0,0.0,181.0,181.0,266.2,181.0,181.0,-12.71,-12.71,-40.65,13.26,13.26,False,False,False,False,False,False,False,False,False,2026-10-06,運動休閒
8463,8463.TW,RTM,潤泰材,31.88,,TWSE LISTED,其他,21.25,21.0,21.25,21.0,25000,0.53,21.18,21.15,0.33,0.47,1.19,0.24,1.43,27.7,34.5,52.4,27.7,34.5,-23.29,-38.41,-59.45,23.29,38.41,False,False,False,True,False,False,False,False,False,2026-10-06,其他
8464,8464.TW,Nien Made,億豐,1066.59,,TWSE LISTED,居家生活,364.0,365.0,365.0,360.0,186234,67.79,363.3,368.1,0.19,-1.11,0.41,0.41,-2.28,438.0,525.0,525.0,438.0,525.0,-16.67,-30.48,-30.48,16.89,30.67,False,False,False,False,False,False,False,False,False,2026-10-06,居家生活
8466,8466.TW,M.J.,美吉吉-KY,12.23,,TWSE LISTED,其他,15.4,14.8,15.45,14.8,17000,0.26,15.17,15.45,1.52,-0.32,1.65,1.65,0.98,24.05,68.0,141.5,24.05,68.0,-35.76,-77.28,-89.08,35.97,77.35,False,False,True,False,False,False,False,False,False,2026-10-06,其他
8467,8467.TW,BONNY,波力-KY,43.15,,TWSE LISTED,運動休閒,89.2,88.1,91.1,87.8,19000,1.69,88.3,88.63,1.02,0.64,1.02,1.25,1.36,197.5,351.0,351.0,197.5,351.0,-53.87,-74.05,-74.05,54.84,74.59,True,False,True,True,False,False,False,False,False,2026-10-06,運動休閒
8472,8472.TWO,Navicare,納維康,11.74,,TPEx LISTED,數位雲端,66.2,68.4,68.4,66.2,6000,0.4,67.3,72.1,-1.63,-8.18,-0.15,-4.34,-9.44,99.0,106.5,106.5,99.0,106.5,-30.91,-35.77,-35.77,33.13,37.84,False,False,False,False,False,False,False,False,False,2026-10-06,數位雲端
8473,8473.TW,FOREST WATER,山林水,73.11,,TWSE LISTED,綠能環保,40.1,40.55,40.65,39.65,415128,16.65,39.64,39.33,1.16,1.96,-0.62,2.69,1.52,51.72,53.97,64.19,51.72,53.97,-21.41,-24.68,-36.67,22.47,25.7,False,False,False,False,False,False,False,False,False,2026-10-06,綠能環保
8476,8476.TW,TESC,台境*,33.25,,TWSE LISTED,綠能環保,20.0,20.2,20.3,20.0,130000,2.6,20.12,19.845,-0.6,0.78,-0.99,-1.48,0.76,25.05,65.69,71.99,25.05,65.69,-18.96,-69.1,-71.8,20.16,69.55,False,False,False,False,False,False,False,False,False,2026-10-06,綠能環保
8477,8477.TWO,XXTECHEC,創業家,11.87,,TPEx LISTED,數位雲端,14.1,14.0,14.1,13.95,13000,0.18,14.09,14.26,0.07,-1.12,0.71,-0.7,0.0,22.75,23.8,86.58,22.75,23.8,-38.02,-40.76,-83.71,38.02,40.76,False,False,False,False,False,False,False,False,False,2026-10-06,數位雲端
8478,8478.TW,Ocean Alexander,東哥遊艇,131.56,,TWSE LISTED,運動休閒,140.0,139.5,140.0,139.0,32000,4.48,140.6,140.05,-0.43,-0.04,0.36,-1.06,0.72,198.0,458.0,668.0,198.0,458.0,-29.29,-69.43,-79.04,29.29,69.43,False,False,False,False,False,False,False,False,False,2026-10-06,運動休閒
8481,8481.TW,Transart,政伸,27.04,,TWSE LISTED,其他,40.6,40.65,40.85,40.55,16000,0.65,40.68,40.81,-0.2,-0.51,-0.12,-0.12,-0.25,44.5,57.0,95.0,44.5,57.0,-8.2,-28.33,-57.0,8.76,28.77,False,False,False,False,False,False,False,True,False,2026-10-06,其他
8482,8482.TW,Shane Global,商億-KY,52.92,,TWSE LISTED,居家生活,49.25,47.35,49.25,47.35,7000,0.34,48.75,48.145,1.03,2.3,1.86,0.82,4.68,56.3,128.5,152.5,56.3,128.5,-12.52,-61.67,-67.7,12.52,61.67,False,False,False,True,False,False,False,False,False,2026-10-06,居家生活
8487,8487.TW,ELTA,愛爾達-創,18.57,,TWSE LISTED,數位雲端,70.0,70.0,70.0,69.9,14000,0.98,70.28,70.6,-0.4,-0.85,0.0,-0.43,-0.57,85.2,85.2,85.2,85.2,85.2,-17.84,-17.84,-17.84,17.84,17.84,False,False,False,False,False,False,False,False,False,2026-10-06,數位雲端
8488,8488.TW,JYPKG,吉源-KY,7.06,,TWSE LISTED,其他,9.6,9.8,9.8,9.6,44000,0.42,9.794,9.844,-1.98,-2.48,-2.44,-2.44,-2.04,11.45,18.73,49.36,11.45,18.73,-14.41,-47.67,-80.15,16.16,48.74,False,False,False,False,False,False,False,False,False,2026-10-06,其他
8489,8489.TWO,Samebest,三貝德,13.31,,TPEx LISTED,其他,22.2,21.8,22.2,21.65,53201,1.18,22.28,22.375,-0.36,-0.78,0.68,-1.11,-0.22,43.0,54.8,293.25,43.0,54.8,-48.37,-59.49,-92.43,48.37,59.49,False,False,False,False,False,False,False,False,False,2026-10-06,其他
8499,8499.TW,TOP BRIGHT,鼎炫-KY,104.97,,TWSE LISTED,其他電子業,255.0,253.0,255.0,253.0,10000,2.55,255.9,255.15,-0.35,-0.06,-0.39,-0.39,-0.78,346.0,410.0,410.0,346.0,410.0,-26.3,-37.8,-37.8,26.3,37.8,False,False,False,False,False,False,False,False,False,2026-10-06,其他電子業
8905,8905.TWO,ECS,裕國,40.97,,TPEx LISTED,其他,34.3,34.3,34.3,34.3,2000,0.07,34.49,34.72,-0.55,-1.21,-0.58,-0.58,-2.42,41.6,41.6,41.6,41.6,41.6,-17.55,-17.55,-17.55,17.55,17.55,False,False,False,False,False,False,False,False,False,2026-10-06,其他
8906,8906.TWO,Forward,花王,12.7,,TPEx LISTED,其他,28.85,28.5,28.85,28.5,11000,0.32,28.77,29.09,0.28,-0.83,-0.35,-0.35,0.17,41.0,68.3,68.3,41.0,68.3,-29.63,-57.76,-57.76,29.63,57.76,False,False,True,False,False,False,False,False,False,2026-10-06,其他
8908,8908.TWO,SHIN HSIUNG,欣雄,125.82,,TPEx LISTED,油電燃氣業,39.9,39.8,40.0,39.8,9001,0.36,40.02,40.135,-0.3,-0.59,0.13,-0.75,-0.87,48.62,57.58,61.86,48.62,57.58,-17.73,-30.53,-35.34,17.94,30.7,False,False,False,False,False,False,False,False,False,2026-10-06,油電燃氣業
8916,8916.TWO,KLF,光隆,60.7,,TPEx LISTED,其他,40.85,40.9,40.95,40.8,27000,1.1,40.96,40.945,-0.27,-0.23,-0.24,-0.37,-0.61,49.95,65.5,65.5,49.95,65.5,-18.02,-37.48,-37.48,18.22,37.63,False,False,False,False,False,False,False,False,False,2026-10-06,其他
8917,8917.TWO,HTGas,欣泰,85.72,,TPEx LISTED,油電燃氣業,52.7,52.6,52.7,52.6,6000,0.32,53.48,54.04,-1.46,-2.48,-1.68,-1.86,-3.3,69.3,70.1,92.5,69.3,70.1,-23.95,-24.82,-43.03,23.95,24.82,False,False,False,False,False,False,False,False,False,2026-10-06,油電燃氣業
8921,8921.TWO,SHEN'S ART,沈氏,7.66,,TPEx LISTED,其他,16.45,16.45,16.45,16.45,0,0.0,16.59,16.925,-0.84,-2.81,0.0,-2.08,-5.19,19.6,33.0,33.0,19.6,33.0,-16.07,-50.15,-50.15,16.07,50.15,False,False,False,False,False,False,False,False,False,2026-10-06,其他
8923,8923.TWO,C.T.Publishing,時報,5.47,,TPEx LISTED,文化創意業,18.0,18.0,18.0,18.0,0,0.0,18.0,18.31,0.0,-1.69,0.0,0.0,-2.44,20.4,23.2,24.3,20.4,23.2,-11.76,-22.41,-25.93,11.76,22.41,False,False,False,False,False,False,False,False,False,2026-10-06,文化創意業
8924,8924.TWO,O-TA,大田,41.1,,TPEx LISTED,運動休閒,49.05,49.1,49.15,49.0,31000,1.52,49.42,49.5,-0.75,-0.91,-0.3,-1.7,-0.71,75.7,95.1,186.5,75.7,95.1,-35.07,-48.32,-73.65,35.2,48.42,False,False,False,False,False,False,False,False,False,2026-10-06,運動休閒
8926,8926.TW,TCC,台汽電,489.04,,TWSE LISTED,油電燃氣業,58.9,59.1,59.5,58.9,1283091,75.57,59.02,58.88,-0.2,0.03,-0.34,0.0,1.03,84.3,84.3,84.3,84.3,84.3,-29.42,-29.42,-29.42,30.13,30.13,False,False,False,False,False,False,False,False,False,2026-10-06,油電燃氣業
8927,8927.TWO,Pei Chi,北基,77.95,,TPEx LISTED,油電燃氣業,18.6,18.7,18.8,18.6,245509,4.57,18.89,18.965,-1.54,-1.92,-1.33,-2.62,-1.06,29.15,59.08,59.08,29.15,59.08,-35.51,-68.18,-68.18,36.19,68.52,False,False,False,False,False,False,False,False,False,2026-10-06,油電燃氣業
8928,8928.TWO,DYNAMIC,鉅明,11.42,,TPEx LISTED,運動休閒,22.45,22.7,22.7,22.4,50100,1.12,22.83,22.96,-1.66,-2.22,-1.75,-2.39,-1.97,27.4,37.2,54.0,27.4,37.2,-17.15,-38.98,-57.96,18.07,39.65,False,False,False,False,False,False,False,False,False,2026-10-06,運動休閒
8929,8929.TWO,FBIC,富堡,6.5,,TPEx LISTED,其他,12.85,12.8,12.9,12.8,11000,0.14,13.05,12.965,-1.53,-0.89,-1.15,-1.91,-0.39,18.2,37.3,56.65,18.2,37.3,-29.12,-65.42,-77.23,29.4,65.55,False,False,False,False,False,False,False,False,False,2026-10-06,其他
8930,8930.TWO,CKM,青鋼,22.99,,TPEx LISTED,鋼鐵工業,28.1,28.5,28.5,28.1,65000,1.83,28.53,28.7,-1.51,-2.09,-1.4,-2.09,-2.09,33.3,45.9,45.9,33.3,45.9,-14.41,-37.91,-37.91,15.62,38.78,False,False,False,False,False,False,False,False,False,2026-10-06,鋼鐵工業
8931,8931.TWO,TYC,大汽電,52.14,,TPEx LISTED,油電燃氣業,42.65,42.3,42.75,41.75,283001,12.07,42.76,42.905,-0.26,-0.59,0.59,0.0,-1.16,51.6,62.9,84.7,51.6,62.9,-17.15,-32.03,-49.53,17.34,32.19,False,False,False,False,False,False,False,False,False,2026-10-06,油電燃氣業
8932,8932.TWO,Wiselink,智通*,383.84,,TPEx LISTED,數位雲端,90.1,91.9,91.9,90.1,806020,72.62,91.4,92.48,-1.42,-2.57,-1.42,-1.85,-3.53,109.05,109.05,109.05,109.05,109.05,-15.72,-15.72,-15.72,17.37,17.37,False,False,False,False,False,False,False,False,False,2026-10-06,數位雲端
8933,8933.TWO,IDEAL,愛地雅,14.9,,TPEx LISTED,運動休閒,4.56,4.56,4.56,4.4,64100,0.29,4.562,4.525,-0.04,0.77,0.0,-0.87,-0.44,9.49,11.85,24.95,9.49,11.85,-51.95,-61.52,-81.72,51.95,61.52,False,False,False,False,False,False,False,False,False,2026-10-06,運動休閒
8935,8935.TWO,PONTEX,邦泰,21.28,,TPEx LISTED,其他,18.75,18.75,18.8,18.45,30000,0.56,19.13,18.465,-1.99,1.54,0.0,-2.85,-2.85,25.0,31.5,31.5,25.0,31.5,-24.8,-40.32,-40.32,25.0,40.48,False,False,False,False,False,False,False,False,False,2026-10-06,其他
8936,8936.TWO,KTI,國統,131.98,,TPEx LISTED,其他,53.2,53.2,53.7,52.9,940650,50.04,52.78,52.43,0.8,1.47,0.19,0.95,2.5,65.2,99.6,99.6,65.2,99.6,-17.64,-46.08,-46.08,18.4,46.59,False,False,False,False,False,False,False,False,False,2026-10-06,其他
8937,8937.TWO,HER CHEE,合騏*,110.64,,TPEx LISTED,其他,25.05,25.95,25.95,24.9,49000,1.23,25.43,26.26,-1.49,-4.61,-0.6,-1.76,-0.2,42.25,48.75,48.75,42.25,48.75,-38.58,-46.77,-46.77,40.71,48.62,False,False,False,False,False,False,False,False,False,2026-10-06,其他
8938,8938.TWO,ADVANCED GROUP,明安,81.01,,TPEx LISTED,運動休閒,51.6,52.4,52.4,51.6,36000,1.86,52.04,52.26,-0.85,-1.26,0.0,-1.15,-2.09,75.6,87.3,119.0,75.6,87.3,-30.69,-39.98,-55.97,31.75,40.89,False,False,False,False,False,False,False,False,False,2026-10-06,運動休閒
8940,8940.TW,New Palace,新天地,10.16,,TWSE LISTED,觀光餐旅,15.05,15.0,15.1,14.95,29235,0.44,15.0,14.985,0.33,0.43,0.67,0.0,0.33,22.9,34.9,38.8,22.9,34.9,-34.06,-56.73,-61.08,34.28,56.88,False,False,False,True,False,False,False,False,False,2026-10-06,觀光餐旅
8941,8941.TWO,GRAND HALL,關中,15.35,,TPEx LISTED,居家生活,43.9,43.95,44.0,43.2,12100,0.53,43.92,43.955,-0.05,-0.13,-0.11,-0.11,-0.23,47.0,72.43,72.43,47.0,72.43,-6.38,-39.26,-39.26,6.6,39.39,False,False,False,False,False,False,False,True,False,2026-10-06,居家生活
8942,8942.TWO,Xxentria,森鉅,79.93,,TPEx LISTED,其他,40.2,40.0,40.55,39.9,200538,8.06,40.09,40.32,0.27,-0.3,0.88,0.12,0.0,48.35,70.0,79.48,48.35,70.0,-16.13,-42.07,-48.98,16.86,42.57,False,False,False,False,False,False,False,False,False,2026-10-06,其他
8996,8996.TW,KAORI,高力,1496.02,,TWSE LISTED,電機機械,1600.0,1600.0,1600.0,1540.0,650650,1041.04,1575.0,1569.0,1.59,1.98,0.31,2.24,0.95,1680.0,1680.0,1680.0,1680.0,1680.0,-4.76,-4.76,-4.76,4.76,4.76,False,False,True,True,False,False,False,True,True,2026-10-06,電機機械
9802,9802.TW,Fulgent Sun,鈺齊-KY,129.64,,TWSE LISTED,運動休閒,64.5,64.2,64.7,64.2,146050,9.42,64.54,64.24,-0.06,0.4,0.47,-0.46,-0.31,104.0,161.0,205.0,104.0,161.0,-37.79,-59.81,-68.44,37.98,59.94,False,False,False,False,False,False,False,False,False,2026-10-06,運動休閒
9902,9902.TW,TIDEHOLD,台火,12.7,,TWSE LISTED,其他,12.95,12.95,12.95,12.75,196204,2.54,13.07,13.175,-0.92,-1.71,0.0,-1.89,-0.77,18.4,24.9,24.9,18.4,24.9,-29.62,-47.99,-47.99,29.62,47.99,False,False,False,False,False,False,False,False,False,2026-10-06,其他
9904,9904.TW,PCC,寶成,724.91,,TWSE LISTED,運動休閒,24.6,24.35,24.65,24.3,5433988,133.68,24.68,24.75,-0.32,-0.61,1.23,-1.01,-0.81,32.4,44.75,45.05,32.4,44.75,-23.92,-44.92,-45.28,24.07,45.03,False,False,False,False,False,False,False,False,False,2026-10-06,運動休閒
9905,9905.TW,GCM,大華,64.96,,TWSE LISTED,其他,21.3,21.3,21.3,21.2,85000,1.81,21.32,21.26,-0.09,0.19,0.24,-0.47,0.47,22.55,24.75,31.2,22.55,24.75,-5.54,-13.94,-31.73,5.54,13.94,False,False,False,False,False,False,False,True,False,2026-10-06,其他
9906,9906.TW,HSIN BA BA,欣巴巴,36.87,,TWSE LISTED,建材營造,40.8,39.85,41.3,38.9,153100,6.25,39.78,39.945,2.56,2.14,5.02,1.37,3.82,51.36,230.22,230.22,51.36,230.22,-19.59,-82.06,-82.06,20.57,82.28,False,False,False,True,False,False,False,False,False,2026-10-06,建材營造
9907,9907.TW,TON YI,統一實,232.13,,TWSE LISTED,其他,14.7,14.8,14.9,14.7,1434491,21.09,14.84,14.845,-0.94,-0.98,-0.68,-1.01,0.0,19.5,21.45,21.45,19.5,21.45,-23.59,-30.54,-30.54,24.62,31.47,False,False,False,False,False,False,False,False,False,2026-10-06,其他
9908,9908.TW,GTG,大台北,150.26,,TWSE LISTED,油電燃氣業,29.1,28.95,29.15,28.85,340015,9.89,28.99,28.98,0.38,0.41,0.52,0.52,0.69,35.1,35.1,35.2,35.1,35.1,-16.95,-16.95,-17.19,17.09,17.09,False,False,False,True,False,False,False,False,False,2026-10-06,油電燃氣業
9910,9910.TW,FT,豐泰,654.7,,TWSE LISTED,運動休閒,66.3,66.4,66.8,66.2,866403,57.44,67.68,68.39,-2.04,-3.06,-0.6,-3.63,-4.05,117.5,192.0,227.23,117.5,192.0,-43.15,-65.21,-70.6,43.57,65.47,False,False,False,False,False,False,False,False,False,2026-10-06,運動休閒
9911,9911.TW,TAIWAN SAKURA,櫻花,180.53,,TWSE LISTED,居家生活,81.2,81.3,81.5,81.2,171840,13.95,81.38,81.44,-0.22,-0.29,-0.12,-0.37,-0.49,92.8,98.8,98.8,92.8,98.8,-12.18,-17.51,-17.51,12.5,17.81,False,False,False,False,False,False,False,False,False,2026-10-06,居家生活
9912,9912.TW,AIC,偉聯,6.97,,TWSE LISTED,電腦及週邊設備業,12.95,13.15,13.15,12.95,35101,0.45,12.98,12.96,-0.23,-0.08,-1.15,0.0,0.0,14.5,15.5,15.5,14.5,15.5,-9.31,-15.16,-15.16,10.69,16.45,False,False,False,False,False,False,False,False,False,2026-10-06,電腦及週邊設備業
9914,9914.TW,MIC,美利達,197.03,,TWSE LISTED,運動休閒,65.9,66.4,66.6,65.9,1238290,81.6,67.44,67.16,-2.28,-1.88,-0.75,-3.51,-1.79,98.7,259.5,368.0,98.7,259.5,-32.52,-74.34,-81.9,33.23,74.61,False,False,False,False,False,False,False,False,False,2026-10-06,運動休閒
9917,9917.TW,TAIWAN SECOM,中保科,504.55,,TWSE LISTED,其他,106.5,106.5,106.5,105.5,236290,25.16,106.2,106.15,0.28,0.33,0.0,0.0,0.95,117.14,142.38,142.38,117.14,142.38,-9.09,-25.2,-25.2,9.09,25.2,False,False,False,True,False,False,False,True,False,2026-10-06,其他
9918,9918.TW,S.S.N.G,欣天然,78.35,,TWSE LISTED,油電燃氣業,43.4,43.25,43.4,42.8,35091,1.52,43.15,42.975,0.58,0.99,1.4,0.46,2.12,61.3,61.3,61.3,61.3,61.3,-29.2,-29.2,-29.2,29.2,29.2,False,False,False,True,False,False,False,False,False,2026-10-06,油電燃氣業
9919,9919.TW,KNH,康那香,27.45,,TWSE LISTED,其他,14.05,14.0,14.3,14.0,859900,12.08,13.9,13.9,1.08,1.08,1.08,1.81,2.55,21.45,34.5,51.4,21.45,34.5,-33.33,-58.55,-72.18,34.5,59.28,False,False,False,False,False,False,False,False,False,2026-10-06,其他
9921,9921.TW,GIANT,巨大,347.37,,TWSE LISTED,運動休閒,88.6,89.2,89.9,88.4,1226160,108.64,90.8,90.92,-2.42,-2.55,-0.56,-3.49,-5.84,113.5,248.0,373.59,113.5,248.0,-20.79,-63.75,-75.94,21.94,64.27,False,False,False,False,False,False,False,False,False,2026-10-06,運動休閒
9924,9924.TW,TAIWAN FU HSING,福興,56.84,,TWSE LISTED,居家生活,37.7,37.9,38.1,37.7,101600,3.83,37.99,37.93,-0.76,-0.61,-0.53,-1.31,-0.13,52.9,76.75,76.75,52.9,76.75,-27.98,-50.36,-50.36,28.73,50.88,False,False,False,False,False,False,False,False,False,2026-10-06,居家生活
9925,9925.TW,SKS,新保,152.86,,TWSE LISTED,其他,39.45,39.4,39.5,39.35,126323,4.98,39.49,39.555,-0.1,-0.27,0.13,-0.25,0.0,41.6,42.85,44.8,41.6,42.85,-5.05,-7.82,-11.83,5.17,7.93,False,False,False,False,False,False,False,True,True,2026-10-06,其他
9926,9926.TW,S.H.,新海,88.85,,TWSE LISTED,油電燃氣業,49.5,48.85,49.5,48.85,16007,0.79,49.07,49.075,0.88,0.87,1.33,0.81,1.43,57.2,57.2,57.8,57.2,57.2,-13.46,-13.46,-14.36,13.46,13.46,False,False,False,True,False,False,False,False,False,2026-10-06,油電燃氣業
9927,9927.TW,TMI,泰銘,74.76,,TWSE LISTED,其他,62.3,62.1,62.4,62.0,77958,4.86,64.28,67.23,-3.08,-7.33,0.32,-2.66,-10.87,71.5,121.58,121.58,71.5,121.58,-12.73,-48.68,-48.68,12.87,48.76,False,False,False,False,False,False,False,False,False,2026-10-06,其他
9928,9928.TW,CTV,中視,12.77,,TWSE LISTED,其他,18.05,18.25,18.3,17.95,36000,0.65,17.97,17.815,0.45,1.32,0.28,0.0,1.4,19.3,36.3,36.3,19.3,36.3,-5.18,-49.59,-49.59,6.48,50.28,False,False,False,False,False,False,False,True,False,2026-10-06,其他
9929,9929.TW,CHOICE,秋雨,11.6,,TWSE LISTED,其他,11.45,11.05,11.45,11.05,137000,1.57,11.15,11.055,2.69,3.57,3.62,3.15,5.05,15.0,19.5,33.0,15.0,19.5,-23.67,-41.28,-65.3,23.67,41.28,False,False,False,True,False,False,False,False,False,2026-10-06,其他
9930,9930.TW,CHC,中聯資源,146.39,,TWSE LISTED,綠能環保,58.9,59.4,59.4,58.8,196212,11.56,59.7,60.14,-1.34,-2.06,-0.84,-2.16,-2.16,72.6,82.0,82.0,72.6,82.0,-18.18,-27.56,-27.56,18.87,28.17,False,False,False,False,False,False,False,False,False,2026-10-06,綠能環保
9931,9931.TW,HSIN KAO,欣高,41.17,,TWSE LISTED,油電燃氣業,34.2,33.85,34.2,33.8,20000,0.68,34.04,33.96,0.47,0.71,1.03,0.29,1.48,51.3,51.3,51.3,51.3,51.3,-33.33,-33.33,-33.33,33.33,33.33,False,False,False,True,False,False,False,False,False,2026-10-06,油電燃氣業
9933,9933.TW,CTCI,中鼎,427.36,,TWSE LISTED,其他,45.25,46.4,46.4,44.55,7591440,343.51,43.95,42.445,2.96,6.61,-2.37,8.64,12.14,48.75,49.59,49.59,48.75,49.59,-4.82,-6.43,-6.43,7.18,8.75,False,False,False,False,False,False,False,True,True,2026-10-06,其他
9934,9934.TW,GUIC,成霖,39.79,,TWSE LISTED,居家生活,9.68,9.71,9.72,9.63,491000,4.75,9.786,9.816,-1.08,-1.39,-0.1,-1.83,-1.73,12.05,20.65,25.5,12.05,20.65,-19.34,-52.93,-61.88,19.67,53.12,False,False,False,False,False,False,False,False,False,2026-10-06,居家生活
9935,9935.TW,CF,慶豐富,32.19,,TWSE LISTED,居家生活,18.1,18.3,18.4,18.0,291460,5.28,18.27,18.265,-0.93,-0.9,-1.09,-1.36,-0.55,21.3,36.8,50.24,21.3,36.8,-13.62,-50.0,-63.38,15.02,50.82,False,False,False,False,False,False,False,False,False,2026-10-06,居家生活
9937,9937.TW,NPC,全國,169.97,,TWSE LISTED,油電燃氣業,55.0,54.4,55.0,54.3,40799,2.24,54.52,54.35,0.88,1.2,1.1,0.92,1.66,65.0,71.0,85.0,65.0,71.0,-15.38,-22.54,-35.29,15.38,22.54,False,False,True,True,False,False,False,False,False,2026-10-06,油電燃氣業
9938,9938.TW,TAIWAN PAIHO,百和,116.5,,TWSE LISTED,其他,39.1,38.0,39.35,37.9,1410250,55.14,38.41,38.34,1.8,1.98,3.17,1.43,2.36,54.5,86.6,141.0,54.5,86.6,-27.8,-54.56,-72.09,28.26,54.85,False,False,False,True,False,False,False,False,False,2026-10-06,其他
9939,9939.TW,HON CHUAN,宏全,374.17,,TWSE LISTED,其他,126.5,125.5,127.0,125.0,496265,62.78,125.6,125.35,0.72,0.92,0.0,1.61,1.61,145.5,178.5,178.5,145.5,178.5,-12.71,-28.85,-28.85,13.06,29.13,False,False,True,True,False,False,False,False,False,2026-10-06,其他
9940,9940.TW,Sinyi,信義,147.37,,TWSE LISTED,其他,20.0,19.9,20.0,19.85,100151,2.0,20.03,20.135,-0.15,-0.67,0.5,-0.25,0.5,23.25,37.65,39.61,23.25,37.65,-13.98,-46.88,-49.51,13.98,46.88,False,False,False,False,False,False,False,False,False,2026-10-06,其他
9941,9941.TW,TAC,裕融,442.71,,TWSE LISTED,其他,75.4,75.9,75.9,75.0,952815,71.84,76.76,78.09,-1.77,-3.44,-0.66,-3.21,-3.7,87.25,179.27,186.74,87.25,179.27,-13.01,-57.66,-59.36,13.59,57.94,False,False,False,False,False,False,False,False,False,2026-10-06,其他
9942,9942.TW,MAO SHUN,茂順,94.39,,TWSE LISTED,其他,113.5,113.0,114.0,112.0,165034,18.73,113.8,113.9,-0.26,-0.35,0.44,-0.87,0.44,126.0,142.0,163.0,126.0,142.0,-9.52,-19.72,-30.06,9.92,20.07,False,False,False,False,False,False,False,True,False,2026-10-06,其他
9943,9943.TW,HOLIDAY,好樂迪,63.09,,TWSE LISTED,觀光餐旅,50.4,50.5,50.5,50.1,73130,3.69,50.44,50.44,-0.08,-0.08,-0.2,0.0,0.4,60.9,94.8,113.0,60.9,94.8,-17.08,-46.73,-55.31,17.24,46.84,False,False,False,False,False,False,False,False,False,2026-10-06,觀光餐旅
9944,9944.TW,Shinih,新麗,18.16,,TWSE LISTED,其他,17.15,17.2,17.2,17.0,37000,0.63,17.17,17.18,-0.12,-0.17,-0.58,0.0,0.29,18.6,24.05,28.65,18.6,24.05,-7.53,-28.48,-39.97,7.8,28.69,False,False,False,False,False,False,False,True,False,2026-10-06,其他
9945,9945.TW,RUENTEX DEVELOP,潤泰新,819.14,,TWSE LISTED,其他,28.8,28.65,29.1,28.5,2612144,75.23,29.05,29.195,-0.86,-1.35,0.52,-1.54,-0.86,30.85,53.8,59.78,30.85,53.8,-5.67,-45.91,-51.32,6.65,46.47,False,False,False,False,False,False,False,True,False,2026-10-06,其他
9946,9946.TW,SANFAR,三發地產,54.53,,TWSE LISTED,建材營造,16.7,16.75,16.8,16.6,127010,2.12,16.82,17.015,-0.71,-1.85,0.0,-0.89,-0.89,21.85,49.55,49.55,21.85,49.55,-23.11,-66.09,-66.09,23.57,66.3,False,False,False,False,False,False,False,False,False,2026-10-06,建材營造
9949,9949.TWO,TITTOT,琉園,10.81,,TPEx LISTED,文化創意業,24.1,24.05,24.1,24.0,20000,0.48,24.28,24.155,-0.74,-0.23,-1.23,-0.82,-0.62,37.5,37.5,37.5,37.5,37.5,-35.73,-35.73,-35.73,35.73,35.73,False,False,False,False,False,False,False,False,False,2026-10-06,文化創意業
9950,9950.TWO,EMINENT,萬國通,17.11,,TPEx LISTED,塑膠工業,10.2,10.2,10.35,10.15,14000,0.14,10.21,10.215,-0.1,-0.15,0.0,-0.49,-0.49,14.05,30.85,30.85,14.05,30.85,-26.33,-66.45,-66.45,27.4,66.94,False,False,False,False,False,False,False,False,False,2026-10-06,塑膠工業
9951,9951.TWO,MACAUTO,皇田,34.01,,TPEx LISTED,電機機械,46.4,46.5,46.5,46.1,66005,3.06,46.76,47.31,-0.77,-1.92,-0.22,-1.28,-1.49,59.4,79.5,210.5,59.4,79.5,-21.72,-41.51,-77.91,21.89,41.64,False,False,False,False,False,False,False,False,False,2026-10-06,電機機械
9955,9955.TW,SDTI,佳龍,25.22,,TWSE LISTED,綠能環保,24.15,22.9,24.5,22.9,559170,13.5,23.25,23.185,3.87,4.16,5.46,4.55,6.39,41.55,42.1,42.1,41.55,42.1,-41.03,-41.81,-41.81,41.88,42.64,False,False,False,True,False,False,False,False,False,2026-10-06,綠能環保
9958,9958.TW,CIS,世紀鋼,238.34,,TWSE LISTED,鋼鐵工業,89.3,90.0,90.0,89.2,681468,60.86,91.1,91.47,-1.98,-2.37,-0.56,-2.93,-3.04,151.0,373.5,373.5,151.0,373.5,-40.4,-75.9,-75.9,40.86,76.09,False,False,False,False,False,False,False,False,False,2026-10-06,鋼鐵工業
9960,9960.TWO,DACOME,邁達康,12.78,,TPEx LISTED,運動休閒,38.05,38.05,38.05,38.05,0,0.0,38.62,37.865,-1.48,0.49,0.0,1.47,-7.65,41.95,41.95,54.3,41.95,41.95,-9.3,-9.3,-29.93,9.3,9.3,False,False,False,False,False,False,False,True,True,2026-10-06,運動休閒
9962,9962.TWO,YYS,有益,9.2,,TPEx LISTED,鋼鐵工業,10.2,10.3,10.3,10.0,112000,1.14,10.28,10.162,-0.78,0.37,0.49,-1.45,0.49,12.3,19.55,26.0,12.3,19.55,-16.26,-47.31,-60.38,17.07,47.83,False,False,False,False,False,False,False,False,False,2026-10-06,鋼鐵工業
