code,yahoo,name_en,name_zh,board_lot,category,sub_category,main_business,industry_code,shares_outstanding,market_cap_100m_hkd
1101,1101.TW,TCC,台泥,,TWSE LISTED,水泥工業,水泥工業,01,7523181742,
1102,1102.TW,ACC,亞泥,,TWSE LISTED,水泥工業,水泥工業,01,3546562881,
1103,1103.TW,CHC,嘉泥,,TWSE LISTED,水泥工業,水泥工業,01,832874553,
1104,1104.TW,UCC,環泥,,TWSE LISTED,水泥工業,水泥工業,01,686681816,
1108,1108.TW,LUCKY CEMENT,幸福,,TWSE LISTED,水泥工業,水泥工業,01,404738049,
1109,1109.TW,HsingTa,信大,,TWSE LISTED,水泥工業,水泥工業,01,341158868,
1110,1110.TW,SE CEMENT,東泥,,TWSE LISTED,水泥工業,水泥工業,01,572000797,
1201,1201.TW,WEI CHUAN,味全,,TWSE LISTED,食品工業,食品工業,02,506062914,
1203,1203.TW,VE WONG,味王,,TWSE LISTED,食品工業,食品工業,02,240000000,
1210,1210.TW,GREATWALL,大成,,TWSE LISTED,食品工業,食品工業,02,894767222,
1213,1213.TW,OCEANIC Bev.,大飲,,TWSE LISTED,食品工業,食品工業,02,56622627,
1215,1215.TW,CPE,卜蜂,,TWSE LISTED,食品工業,食品工業,02,294790098,
1216,1216.TW,UNI-PRESIDENT,統一,,TWSE LISTED,食品工業,食品工業,02,5682015421,
1217,1217.TW,AGV,愛之味,,TWSE LISTED,食品工業,食品工業,02,494513336,
1218,1218.TW,TAISUN,泰山,,TWSE LISTED,食品工業,食品工業,02,499999038,
1219,1219.TW,FWUSOW,福壽,,TWSE LISTED,食品工業,食品工業,02,341238364,
1220,1220.TW,TAIROUN,台榮,,TWSE LISTED,食品工業,食品工業,02,177077944,
1225,1225.TW,FOPCO,福懋油,,TWSE LISTED,食品工業,食品工業,02,242268306,
1227,1227.TW,SFC,佳格,,TWSE LISTED,食品工業,食品工業,02,915089591,
1229,1229.TW,LHIHC,聯華,,TWSE LISTED,食品工業,食品工業,02,1831879881,
1231,1231.TW,Lian Hwa Foods,聯華食,,TWSE LISTED,食品工業,食品工業,02,328299922,
1232,1232.TW,TTET,大統益,,TWSE LISTED,食品工業,食品工業,02,159974915,
1233,1233.TW,Ten Ren,天仁,,TWSE LISTED,食品工業,食品工業,02,90591948,
1234,1234.TW,HEY SONG,黑松,,TWSE LISTED,食品工業,食品工業,02,401871094,
1235,1235.TW,ST,興泰,,TWSE LISTED,食品工業,食品工業,02,188577836,
1236,1236.TW,Hunya,宏亞,,TWSE LISTED,食品工業,食品工業,02,86674008,
1256,1256.TW,Sunjuice,鮮活果汁-KY,,TWSE LISTED,食品工業,食品工業,02,35781378,
1301,1301.TW,FPC,台塑,,TWSE LISTED,塑膠工業,塑膠工業,03,6365740781,
1303,1303.TW,NPC,南亞,,TWSE LISTED,塑膠工業,塑膠工業,03,7930821589,
1304,1304.TW,USI,台聚,,TWSE LISTED,塑膠工業,塑膠工業,03,1188763500,
1305,1305.TW,CGPC,華夏,,TWSE LISTED,塑膠工業,塑膠工業,03,581050494,
1307,1307.TW,SAN FANG,三芳,,TWSE LISTED,塑膠工業,塑膠工業,03,397818126,
1308,1308.TW,APC,亞聚,,TWSE LISTED,塑膠工業,塑膠工業,03,593743919,
1309,1309.TW,TTC,台達化,,TWSE LISTED,塑膠工業,塑膠工業,03,397586848,
1310,1310.TW,T.S.M.C.,台苯,,TWSE LISTED,塑膠工業,塑膠工業,03,527869764,
1312,1312.TW,GPPC,國喬,,TWSE LISTED,塑膠工業,塑膠工業,03,1506620328,
1313,1313.TW,UPC,聯成,,TWSE LISTED,塑膠工業,塑膠工業,03,1330846107,
1314,1314.TW,CPDC,中石化,,TWSE LISTED,塑膠工業,塑膠工業,03,3784850130,
1315,1315.TW,TAH HSIN,達新,,TWSE LISTED,塑膠工業,塑膠工業,03,99099000,
1316,1316.TW,SUN YAD,上曜,,TWSE LISTED,建材營造,建材營造,14,401646150,
1319,1319.TW,TYG,東陽,,TWSE LISTED,汽車工業,汽車工業,12,591477068,
1321,1321.TW,OPC,大洋,,TWSE LISTED,塑膠工業,塑膠工業,03,227228268,
1323,1323.TW,YONYU,永裕,,TWSE LISTED,塑膠工業,塑膠工業,03,91274554,
1324,1324.TW,GLOBE TAPE,地球,,TWSE LISTED,塑膠工業,塑膠工業,03,75121882,
1325,1325.TW,UK,恆大,,TWSE LISTED,塑膠工業,塑膠工業,03,85281198,
1326,1326.TW,FCFC,台化,,TWSE LISTED,塑膠工業,塑膠工業,03,5861186291,
1337,1337.TW,Asia Plastic,再生-KY,,TWSE LISTED,塑膠工業,塑膠工業,03,268954729,
1338,1338.TW,Hiroca,廣華-KY,,TWSE LISTED,汽車工業,汽車工業,12,83840000,
1339,1339.TW,Y.C.C.,昭輝,,TWSE LISTED,汽車工業,汽車工業,12,74123875,
1340,1340.TW,VICTORY,勝悅-KY,,TWSE LISTED,塑膠工業,塑膠工業,03,152922855,
1341,1341.TW,FULIN-KY,富林-KY,,TWSE LISTED,塑膠工業,塑膠工業,03,52850634,
1342,1342.TW,CCI Yilan,八貫,,TWSE LISTED,其他,其他,20,78500902,
1402,1402.TW,FENC,遠東新,,TWSE LISTED,紡織纖維,紡織纖維,04,5352875227,
1409,1409.TW,SSFC,新纖,,TWSE LISTED,紡織纖維,紡織纖維,04,1618409286,
1410,1410.TW,NYDF,南染,,TWSE LISTED,紡織纖維,紡織纖維,04,62000000,
1413,1413.TW,H.C.,宏洲,,TWSE LISTED,紡織纖維,紡織纖維,04,132112454,
1414,1414.TW,TUNG HO,東和,,TWSE LISTED,紡織纖維,紡織纖維,04,198000000,469.96
1416,1416.TW,KFIC,廣豐,,TWSE LISTED,其他,其他,20,185342168,
1417,1417.TW,CARNIVAL,嘉裕,,TWSE LISTED,紡織纖維,紡織纖維,04,189941840,
1418,1418.TW,TongHwa,東華,,TWSE LISTED,紡織纖維,紡織纖維,04,56834309,
1419,1419.TW,SHINKO.TEXTILE,新紡,,TWSE LISTED,紡織纖維,紡織纖維,04,300041280,
1423,1423.TW,REWARD WOOL,利華,,TWSE LISTED,紡織纖維,紡織纖維,04,99648000,
1432,1432.TW,TAROKO,大魯閣,,TWSE LISTED,運動休閒,運動休閒,37,108000000,
1434,1434.TW,F.T.C,福懋,,TWSE LISTED,紡織纖維,紡織纖維,04,1684664637,
1435,1435.TW,C.F.CORP.,中福,,TWSE LISTED,其他,其他,20,139780080,
1436,1436.TW,HUA YU LIEN,華友聯,,TWSE LISTED,建材營造,建材營造,14,194151795,
1437,1437.TW,GTM,勤益控,,TWSE LISTED,其他,其他,20,201871284,
1438,1438.TW,SanDi,三地開發,,TWSE LISTED,建材營造,建材營造,14,111205759,
1439,1439.TW,ASCENT,雋揚,,TWSE LISTED,建材營造,建材營造,14,92000000,
1440,1440.TW,TAINAN SPINNING,南紡,,TWSE LISTED,紡織纖維,紡織纖維,04,1656815857,
1441,1441.TW,TAH TONG,大東,,TWSE LISTED,紡織纖維,紡織纖維,04,61744387,
1442,1442.TW,ADVANCETEK,名軒,,TWSE LISTED,建材營造,建材營造,14,366211358,
1443,1443.TW,LILYTEXTILE,立益物流,,TWSE LISTED,其他,其他,20,135343011,
1444,1444.TW,LEALEA,力麗,,TWSE LISTED,紡織纖維,紡織纖維,04,995595059,
1445,1445.TW,UNIVERSAL,大宇,,TWSE LISTED,紡織纖維,紡織纖維,04,130666034,
1446,1446.TW,HONG HO,宏和,,TWSE LISTED,紡織纖維,紡織纖維,04,137709513,
1447,1447.TW,LP,力鵬,,TWSE LISTED,紡織纖維,紡織纖維,04,910071242,
1449,1449.TW,CHIA HER,佳和,,TWSE LISTED,紡織纖維,紡織纖維,04,127114572,
1451,1451.TW,NIEN HSING,年興,,TWSE LISTED,紡織纖維,紡織纖維,04,198000000,
1452,1452.TW,HONG YI,宏益,,TWSE LISTED,紡織纖維,紡織纖維,04,132641400,
1453,1453.TW,TA JIANG,大將,,TWSE LISTED,建材營造,建材營造,14,116640340,
1454,1454.TW,TTF,台富,,TWSE LISTED,紡織纖維,紡織纖維,04,129833848,
1455,1455.TW,ZIG SHENG,集盛,,TWSE LISTED,紡織纖維,紡織纖維,04,531688380,
1456,1456.TW,I-HWA,怡華,,TWSE LISTED,建材營造,建材營造,14,93720000,
1457,1457.TW,YI JINN,宜進,,TWSE LISTED,紡織纖維,紡織纖維,04,316730022,
1459,1459.TW,LAN FA,聯發,,TWSE LISTED,紡織纖維,紡織纖維,04,268971680,
1460,1460.TW,EVEREST,宏遠,,TWSE LISTED,紡織纖維,紡織纖維,04,694643484,
1463,1463.TW,CSG,強盛新,,TWSE LISTED,紡織纖維,紡織纖維,04,173268381,
1464,1464.TW,DE LICACY,得力,,TWSE LISTED,紡織纖維,紡織纖維,04,425575733,
1465,1465.TW,WISHER,偉全,,TWSE LISTED,紡織纖維,紡織纖維,04,103607267,
1466,1466.TW,Acelon,聚隆,,TWSE LISTED,紡織纖維,紡織纖維,04,111157320,
1467,1467.TW,TEX-RAY,南緯,,TWSE LISTED,紡織纖維,紡織纖維,04,233624667,
1468,1468.TW,CHANG HO,昶和,,TWSE LISTED,紡織纖維,紡織纖維,04,160405244,
1470,1470.TW,EVERTEX,大統新創,,TWSE LISTED,紡織纖維,紡織纖維,04,85767000,
1471,1471.TW,SL,首利,,TWSE LISTED,電子零組件業,電子零組件業,28,150414536,
1472,1472.TW,TRIOCEAN,三洋實業,,TWSE LISTED,建材營造,建材營造,14,52488082,
1473,1473.TW,TAINAN,台南,,TWSE LISTED,紡織纖維,紡織纖維,04,146153534,
1474,1474.TW,HONMYUE,弘裕,,TWSE LISTED,紡織纖維,紡織纖維,04,129896969,
1475,1475.TW,BIG SUNSHINE,業旺,,TWSE LISTED,紡織纖維,紡織纖維,04,66016749,
1476,1476.TW,ECLAT,儒鴻,,TWSE LISTED,紡織纖維,紡織纖維,04,274367111,
1477,1477.TW,Makalot,聚陽,,TWSE LISTED,紡織纖維,紡織纖維,04,246693713,
1503,1503.TW,SEEC,士電,,TWSE LISTED,電機機械,電機機械,05,520972223,
1504,1504.TW,TECO,東元,,TWSE LISTED,電機機械,電機機械,05,2376440684,
1506,1506.TW,RIGHT WAY,正道,,TWSE LISTED,電機機械,電機機械,05,300388501,
1512,1512.TW,JL,瑞利,,TWSE LISTED,汽車工業,汽車工業,12,98183498,
1513,1513.TW,CHEM,中興電,,TWSE LISTED,電機機械,電機機械,05,503112515,
1514,1514.TW,AEC,亞力,,TWSE LISTED,電機機械,電機機械,05,278570642,
1515,1515.TW,REXON,力山,,TWSE LISTED,電機機械,電機機械,05,181473500,
1516,1516.TW,FALCON,川飛,,TWSE LISTED,其他,其他,20,30008195,
1517,1517.TW,Lee Chi,利奇,,TWSE LISTED,電機機械,電機機械,05,220000007,
1519,1519.TW,FE,華城,,TWSE LISTED,電機機械,電機機械,05,347468929,
1521,1521.TW,TA YIH,大億,,TWSE LISTED,汽車工業,汽車工業,12,76230000,
1522,1522.TW,TYC,堤維西,,TWSE LISTED,汽車工業,汽車工業,12,312897881,
1524,1524.TW,GORDON,耿鼎,,TWSE LISTED,汽車工業,汽車工業,12,165310397,
1525,1525.TW,KSC,江申,,TWSE LISTED,汽車工業,汽車工業,12,73400135,
1526,1526.TW,SUNRACE,日馳,,TWSE LISTED,電機機械,電機機械,05,60000000,
1527,1527.TW,BASSO,鑽全,,TWSE LISTED,電機機械,電機機械,05,138570640,
1528,1528.TW,ANDERSON,恩德,,TWSE LISTED,電機機械,電機機械,05,191331000,
1529,1529.TW,LUXE,樂事綠能,,TWSE LISTED,電機機械,電機機械,05,202849827,
1530,1530.TW,AWEA,亞崴,,TWSE LISTED,電機機械,電機機械,05,103107647,
1531,1531.TW,KAULIN,高林股,,TWSE LISTED,電機機械,電機機械,05,182108080,
1532,1532.TW,CMP,勤美,,TWSE LISTED,電機機械,電機機械,05,422604271,
1533,1533.TW,MORE,車王電,,TWSE LISTED,汽車工業,汽車工業,12,98547486,
1535,1535.TW,CEC,中宇,,TWSE LISTED,電機機械,電機機械,05,123742552,
1536,1536.TW,HOTA,和大,,TWSE LISTED,汽車工業,汽車工業,12,278959513,
1537,1537.TW,KUNG LONG,廣隆,,TWSE LISTED,電機機械,電機機械,05,82062794,
1538,1538.TW,JF,正峰,,TWSE LISTED,電機機械,電機機械,05,32300000,
1539,1539.TW,GT,巨庭,,TWSE LISTED,電機機械,電機機械,05,65370000,
1540,1540.TW,ROUNDTOP,喬福,,TWSE LISTED,電機機械,電機機械,05,85473612,
1541,1541.TW,Chang Type,錩泰,,TWSE LISTED,電機機械,電機機械,05,78800000,
1558,1558.TW,ZENG HSING,伸興,,TWSE LISTED,電機機械,電機機械,05,64535631,
1560,1560.TW,KINIK,中砂,,TWSE LISTED,電機機械,電機機械,05,150289456,
1563,1563.TW,SAI,巧新,,TWSE LISTED,汽車工業,汽車工業,12,169206105,
1568,1568.TW,T.Y.,倉佑,,TWSE LISTED,汽車工業,汽車工業,12,103086559,
1582,1582.TW,SYNCMOLD,信錦,,TWSE LISTED,電子零組件業,電子零組件業,28,144268604,
1583,1583.TW,GOODWAY,程泰,,TWSE LISTED,電機機械,電機機械,05,109400372,
1587,1587.TW,CM,吉茂,,TWSE LISTED,汽車工業,汽車工業,12,80055672,
1589,1589.TW,YGG,永冠-KY,,TWSE LISTED,電機機械,電機機械,05,153135941,
1590,1590.TW,AIRTAC,亞德客-KY,,TWSE LISTED,電機機械,電機機械,05,199999998,
1597,1597.TW,cpc,直得,,TWSE LISTED,電機機械,電機機械,05,89261804,
1598,1598.TW,Dyaco,岱宇,,TWSE LISTED,運動休閒,運動休閒,37,179142092,
1603,1603.TW,CWCO,華電,,TWSE LISTED,電器電纜,電器電纜,06,191688000,
1604,1604.TW,SAMPO,聲寶,,TWSE LISTED,電器電纜,電器電纜,06,384200000,
1605,1605.TW,WALSIN,華新,,TWSE LISTED,電器電纜,電器電纜,06,4431332948,
1608,1608.TW,HE,華榮,,TWSE LISTED,電器電纜,電器電纜,06,632773506,
1609,1609.TW,TA YA,大亞,,TWSE LISTED,電器電纜,電器電纜,06,785261944,
1611,1611.TW,CE,中電,,TWSE LISTED,電器電纜,電器電纜,06,322735742,
1612,1612.TW,HONG TAI,宏泰,,TWSE LISTED,電器電纜,電器電纜,06,316080063,
1614,1614.TW,Taiwan Sanyo,三洋電,,TWSE LISTED,電器電纜,電器電纜,06,269113406,
1615,1615.TW,Dah San,大山,,TWSE LISTED,電器電纜,電器電纜,06,198630339,
1616,1616.TW,EVERTOP,億泰,,TWSE LISTED,電器電纜,電器電纜,06,194148515,
1617,1617.TW,JSW,榮星,,TWSE LISTED,電器電纜,電器電纜,06,169514700,
1618,1618.TW,HK,合機,,TWSE LISTED,電器電纜,電器電纜,06,192691747,
1623,1623.TW,TEWC,大東電,,TWSE LISTED,電器電纜,電器電纜,06,66000000,
1626,1626.TW,AIRMATE,艾美特-KY,,TWSE LISTED,電器電纜,電器電纜,06,149821721,
1702,1702.TW,NAMCHOW,南僑,,TWSE LISTED,食品工業,食品工業,02,294132962,
1707,1707.TW,GKB,葡萄王,,TWSE LISTED,生技醫療業,生技醫療業,22,148137373,
1708,1708.TW,SESODA,東鹼,,TWSE LISTED,化學工業,化學工業,21,249001651,
1709,1709.TW,FUCC,和益,,TWSE LISTED,化學工業,化學工業,21,477016272,
1710,1710.TW,OUCC,東聯,,TWSE LISTED,化學工業,化學工業,21,885703029,
1711,1711.TW,EVERLIGHT,永光,,TWSE LISTED,化學工業,化學工業,21,547752226,
1712,1712.TW,SINON,興農,,TWSE LISTED,化學工業,化學工業,21,420492585,
1713,1713.TW,CCW,國化,,TWSE LISTED,化學工業,化學工業,21,150951700,
1714,1714.TW,HO TUNG,和桐,,TWSE LISTED,化學工業,化學工業,21,991824808,
1717,1717.TW,ETERNAL,長興,,TWSE LISTED,化學工業,化學工業,21,1184245483,
1718,1718.TW,CMFC,中纖,,TWSE LISTED,化學工業,化學工業,21,1685905745,
1720,1720.TW,S.C.P.C,生達,,TWSE LISTED,生技醫療業,生技醫療業,22,196565698,
1721,1721.TW,SUNKO,國慶科技,,TWSE LISTED,化學工業,化學工業,21,184884092,
1722,1722.TW,TFC,台肥,,TWSE LISTED,化學工業,化學工業,21,980000000,
1723,1723.TW,CSCC,中碳,,TWSE LISTED,化學工業,化學工業,21,236904480,
1725,1725.TW,YJE,元禎,,TWSE LISTED,化學工業,化學工業,21,181829978,
1726,1726.TW,Y.C.P.,永記,,TWSE LISTED,化學工業,化學工業,21,162000000,
1727,1727.TW,CHCIW,中華化,,TWSE LISTED,化學工業,化學工業,21,128019559,
1730,1730.TW,FARCENT,花仙子,,TWSE LISTED,化學工業,化學工業,21,63233851,
1731,1731.TW,Maywufa,美吾華,,TWSE LISTED,生技醫療業,生技醫療業,22,132915244,
1732,1732.TW,Mao Bao,毛寶,,TWSE LISTED,化學工業,化學工業,21,42443957,
1733,1733.TW,ApexBio,五鼎,,TWSE LISTED,生技醫療業,生技醫療業,22,99950192,
1734,1734.TW,SINPHAR,杏輝,,TWSE LISTED,生技醫療業,生技醫療業,22,201608581,
1735,1735.TW,EMC,日勝化,,TWSE LISTED,化學工業,化學工業,21,99388000,
1736,1736.TW,JHT,喬山,,TWSE LISTED,運動休閒,運動休閒,37,303394617,
1737,1737.TW,Taiyen,臺鹽,,TWSE LISTED,食品工業,食品工業,02,200000000,
1752,1752.TW,NANG KUANG,南光,,TWSE LISTED,生技醫療業,生技醫療業,22,100988472,
1760,1760.TW,PBF,寶齡富錦,,TWSE LISTED,生技醫療業,生技醫療業,22,85739013,
1762,1762.TW,CCSB,中化生,,TWSE LISTED,生技醫療業,生技醫療業,22,76918000,
1773,1773.TW,SHINY CHEMICAL,勝一,,TWSE LISTED,化學工業,化學工業,21,300000000,
1776,1776.TW,Headway,展宇,,TWSE LISTED,化學工業,化學工業,21,60106952,
1783,1783.TW,MBI,和康生,,TWSE LISTED,生技醫療業,生技醫療業,22,89698115,
1786,1786.TW,SVBI,科妍,,TWSE LISTED,生技醫療業,生技醫療業,22,74827641,
1789,1789.TW,SPT,神隆,,TWSE LISTED,生技醫療業,生技醫療業,22,790739222,
1795,1795.TW,Lotus Pharm,美時,,TWSE LISTED,生技醫療業,生技醫療業,22,270154757,
1802,1802.TW,TGI,台玻,,TWSE LISTED,玻璃陶瓷,玻璃陶瓷,08,2908060800,
1805,1805.TW,BLG,寶徠,,TWSE LISTED,建材營造,建材營造,14,134970455,
1806,1806.TW,CHAMPION,冠軍,,TWSE LISTED,玻璃陶瓷,玻璃陶瓷,08,390403870,
1808,1808.TW,RUN LONG,潤隆,,TWSE LISTED,建材營造,建材營造,14,714425393,
1809,1809.TW,China Glaze,中釉,,TWSE LISTED,玻璃陶瓷,玻璃陶瓷,08,167041937,
1810,1810.TW,HCG,和成,,TWSE LISTED,玻璃陶瓷,玻璃陶瓷,08,302303719,
1817,1817.TW,SANITAR,凱撒衛,,TWSE LISTED,玻璃陶瓷,玻璃陶瓷,08,72600000,
1903,1903.TW,Shihlin Paper,士紙,,TWSE LISTED,造紙工業,造紙工業,09,260039121,
1904,1904.TW,Cheng Loong,正隆,,TWSE LISTED,造紙工業,造紙工業,09,1108274522,
1905,1905.TW,CHP,華紙,,TWSE LISTED,造紙工業,造紙工業,09,1102835316,
1906,1906.TW,Baolong Intl.,寶隆,,TWSE LISTED,造紙工業,造紙工業,09,151000000,
1907,1907.TW,YFY,永豐餘,,TWSE LISTED,造紙工業,造紙工業,09,1660371495,
1909,1909.TW,Longchen P&P,榮成,,TWSE LISTED,造紙工業,造紙工業,09,1327685727,
2002,2002.TW,CSC,中鋼,,TWSE LISTED,鋼鐵工業,鋼鐵工業,10,15734860997,
2006,2006.TW,Tung Ho Steel,東和鋼鐵,,TWSE LISTED,鋼鐵工業,鋼鐵工業,10,730213818,
2007,2007.TW,YH,燁興,,TWSE LISTED,鋼鐵工業,鋼鐵工業,10,530651613,
2008,2008.TW,KHC,高興昌,,TWSE LISTED,鋼鐵工業,鋼鐵工業,10,190852293,
2009,2009.TW,FCC,第一銅,,TWSE LISTED,鋼鐵工業,鋼鐵工業,10,359622165,
2010,2010.TW,CHUN YUAN STEEL,春源,,TWSE LISTED,鋼鐵工業,鋼鐵工業,10,647655390,
2012,2012.TW,CHUN YU,春雨,,TWSE LISTED,鋼鐵工業,鋼鐵工業,10,302162700,
2013,2013.TW,CSSC,中鋼構,,TWSE LISTED,鋼鐵工業,鋼鐵工業,10,200000000,
2014,2014.TW,CHUNG HUNG,中鴻,,TWSE LISTED,鋼鐵工業,鋼鐵工業,10,1435544446,
2015,2015.TW,FH,豐興,,TWSE LISTED,鋼鐵工業,鋼鐵工業,10,581599424,
2017,2017.TW,Quintain Steel,官田鋼,,TWSE LISTED,鋼鐵工業,鋼鐵工業,10,446874691,
2020,2020.TW,MAYER PIPE,美亞,,TWSE LISTED,鋼鐵工業,鋼鐵工業,10,267031320,
2022,2022.TW,TYCOONS,聚亨,,TWSE LISTED,鋼鐵工業,鋼鐵工業,10,337168138,
2023,2023.TW,YP,燁輝,,TWSE LISTED,鋼鐵工業,鋼鐵工業,10,1821240214,
2024,2024.TW,CHIH LIEN,志聯,,TWSE LISTED,鋼鐵工業,鋼鐵工業,10,97500000,
2025,2025.TW,CSSSC,千興,,TWSE LISTED,鋼鐵工業,鋼鐵工業,10,172660536,
2027,2027.TW,TC,大成鋼,,TWSE LISTED,鋼鐵工業,鋼鐵工業,10,2584260615,
2028,2028.TW,WEI CHIH,威致,,TWSE LISTED,鋼鐵工業,鋼鐵工業,10,325714800,
2029,2029.TW,SYSCO,盛餘,,TWSE LISTED,鋼鐵工業,鋼鐵工業,10,321180000,
2030,2030.TW,FROCH,彰源,,TWSE LISTED,鋼鐵工業,鋼鐵工業,10,280526027,
2031,2031.TW,Hkssteel,新光鋼,,TWSE LISTED,鋼鐵工業,鋼鐵工業,10,321146341,
2032,2032.TW,Sinkang,新鋼,,TWSE LISTED,鋼鐵工業,鋼鐵工業,10,130521545,
2033,2033.TW,CHIA TA,佳大,,TWSE LISTED,鋼鐵工業,鋼鐵工業,10,120000000,
2034,2034.TW,YC,允強,,TWSE LISTED,鋼鐵工業,鋼鐵工業,10,528995589,
2038,2038.TW,HAIKWANG,海光,,TWSE LISTED,鋼鐵工業,鋼鐵工業,10,194134303,
2049,2049.TW,HIWIN,上銀,,TWSE LISTED,電機機械,電機機械,05,353792240,
2059,2059.TW,king slide,川湖,,TWSE LISTED,電子零組件業,電子零組件業,28,95297072,
2062,2062.TW,SSM,橋椿,,TWSE LISTED,居家生活,居家生活,38,199994152,
2069,2069.TW,YC,運錩,,TWSE LISTED,鋼鐵工業,鋼鐵工業,10,166386836,
2072,2072.TW,CENE,世紀風電,,TWSE LISTED,綠能環保,綠能環保,35,192000000,
2101,2101.TW,NK,南港,,TWSE LISTED,橡膠工業,橡膠工業,11,733934904,
2102,2102.TW,FEDERAL CORP,泰豐,,TWSE LISTED,橡膠工業,橡膠工業,11,473329207,
2103,2103.TW,TSRC,台橡,,TWSE LISTED,橡膠工業,橡膠工業,11,825709978,
2104,2104.TW,CSRC,國際中橡,,TWSE LISTED,橡膠工業,橡膠工業,11,984733625,
2105,2105.TW,CST,正新,,TWSE LISTED,橡膠工業,橡膠工業,11,3241415536,
2106,2106.TW,KENDA,建大,,TWSE LISTED,橡膠工業,橡膠工業,11,954890000,
2107,2107.TW,FRG,厚生,,TWSE LISTED,橡膠工業,橡膠工業,11,303593400,
2108,2108.TW,NANTEX,南帝,,TWSE LISTED,橡膠工業,橡膠工業,11,492416659,
2109,2109.TW,HWA FONG,華豐,,TWSE LISTED,橡膠工業,橡膠工業,11,279349134,
2114,2114.TW,HYC,鑫永銓,,TWSE LISTED,橡膠工業,橡膠工業,11,77991707,
2115,2115.TW,LU HAI,六暉-KY,,TWSE LISTED,汽車工業,汽車工業,12,104373163,
2201,2201.TW,YL,裕隆,,TWSE LISTED,汽車工業,汽車工業,12,1070001251,
2204,2204.TW,CMC,中華,,TWSE LISTED,汽車工業,汽車工業,12,553620342,
2206,2206.TW,SYM,三陽工業,,TWSE LISTED,汽車工業,汽車工業,12,773675604,
2207,2207.TW,HOTAI MOTOR,和泰車,,TWSE LISTED,汽車工業,汽車工業,12,557102768,
2208,2208.TW,CSBC,台船,,TWSE LISTED,航運業,航運業,15,1274539449,
2211,2211.TW,EGST,長榮鋼,,TWSE LISTED,鋼鐵工業,鋼鐵工業,10,417091463,
2227,2227.TW,YNM,裕日車,,TWSE LISTED,汽車工業,汽車工業,12,300000000,
2228,2228.TW,IRF,劍麟,,TWSE LISTED,汽車工業,汽車工業,12,79779692,
2231,2231.TW,CUB,為升,,TWSE LISTED,汽車工業,汽車工業,12,135931870,
2233,2233.TW,TURVO,宇隆,,TWSE LISTED,汽車工業,汽車工業,12,60288889,
2236,2236.TW,Patec,百達-KY,,TWSE LISTED,汽車工業,汽車工業,12,63517032,
2237,2237.TW,RAC,華德動能-創,,TWSE LISTED,汽車工業,汽車工業,12,128885901,
2239,2239.TW,Cayman Engley,英利-KY,,TWSE LISTED,汽車工業,汽車工業,12,117712593,
2241,2241.TW,Amulaire,艾姆勒,,TWSE LISTED,汽車工業,汽車工業,12,104602306,
2243,2243.TW,HS,宏旭-KY,,TWSE LISTED,汽車工業,汽車工業,12,77373596,
2247,2247.TW,PGUM,汎德永業,,TWSE LISTED,汽車工業,汽車工業,12,80710926,
2248,2248.TW,eLAND,華勝-KY,,TWSE LISTED,汽車工業,汽車工業,12,47600000,
2250,2250.TW,IKKA-KY,IKKA-KY,,TWSE LISTED,汽車工業,汽車工業,12,36388226,
2254,2254.TW,COPLUS,巨鎧精密-創,,TWSE LISTED,汽車工業,汽車工業,12,63907680,
2258,2258.TW,Foxtron,鴻華先進-創,,TWSE LISTED,汽車工業,汽車工業,12,1751267300,
2301,2301.TW,LTC,光寶科,,TWSE LISTED,電腦及週邊設備業,電腦及週邊設備業,25,2316107763,
2302,2302.TW,RECTRON,麗正,,TWSE LISTED,半導體業,半導體業,24,166302881,
2303,2303.TW,UMC,聯電,,TWSE LISTED,半導體業,半導體業,24,12570093899,
2305,2305.TW,MII,全友,,TWSE LISTED,電腦及週邊設備業,電腦及週邊設備業,25,205660827,
2308,2308.TW,DELTA,台達電,,TWSE LISTED,電子零組件業,電子零組件業,28,2597543329,
2312,2312.TW,KINPO,金寶,,TWSE LISTED,其他電子業,其他電子業,31,1505781211,
2313,2313.TW,COMPEQ,華通,,TWSE LISTED,電子零組件業,電子零組件業,28,1233820589,
2314,2314.TW,MTI,台揚,,TWSE LISTED,通信網路業,通信網路業,27,108596422,
2316,2316.TW,WUS,楠梓電,,TWSE LISTED,電子零組件業,電子零組件業,28,182740536,
2317,2317.TW,HON HAI,鴻海,,TWSE LISTED,其他電子業,其他電子業,31,14075746497,
2321,2321.TW,TECOM,東訊,,TWSE LISTED,通信網路業,通信網路業,27,16555060,
2323,2323.TW,CMC,中環,,TWSE LISTED,光電業,光電業,26,980413495,
2324,2324.TW,Compal,仁寶,,TWSE LISTED,電腦及週邊設備業,電腦及週邊設備業,25,4407146625,
2327,2327.TW,YAGEO,國巨*,,TWSE LISTED,電子零組件業,電子零組件業,28,2058730688,
2328,2328.TW,PI,廣宇,,TWSE LISTED,電子零組件業,電子零組件業,28,518346282,
2329,2329.TW,OSE,華泰,,TWSE LISTED,半導體業,半導體業,24,658948333,
2330,2330.TW,TSMC,台積電,,TWSE LISTED,半導體業,半導體業,24,25932370067,
2331,2331.TW,ECS,精英,,TWSE LISTED,電腦及週邊設備業,電腦及週邊設備業,25,557402968,
2332,2332.TW,D-LINK,友訊,,TWSE LISTED,通信網路業,通信網路業,27,602163173,
2337,2337.TW,Macronix,旺宏,,TWSE LISTED,半導體業,半導體業,24,1981856638,
2338,2338.TW,TMC,光罩,,TWSE LISTED,半導體業,半導體業,24,370349183,
2340,2340.TW,TASC,台亞,,TWSE LISTED,半導體業,半導體業,24,438622846,
2342,2342.TW,MVI,茂矽,,TWSE LISTED,半導體業,半導體業,24,157335244,
2344,2344.TW,WEC,華邦電,,TWSE LISTED,半導體業,半導體業,24,4500000193,
2345,2345.TW,ACCTON,智邦,,TWSE LISTED,通信網路業,通信網路業,27,561117897,
2347,2347.TW,Synnex,聯強,,TWSE LISTED,電子通路業,電子通路業,29,1667946968,
2348,2348.TW,Hiyes,海悅,,TWSE LISTED,其他,其他,20,159485596,
2349,2349.TW,RITEK,錸德,,TWSE LISTED,光電業,光電業,26,693679663,
2351,2351.TW,SDI,順德,,TWSE LISTED,半導體業,半導體業,24,193734061,
2352,2352.TW,Qisda,佳世達,,TWSE LISTED,電腦及週邊設備業,電腦及週邊設備業,25,1580506505,
2353,2353.TW,ACER,宏碁,,TWSE LISTED,電腦及週邊設備業,電腦及週邊設備業,25,3047853828,
2354,2354.TW,FTC,鴻準,,TWSE LISTED,其他電子業,其他電子業,31,1414485192,
2355,2355.TW,CHIN-POON,敬鵬,,TWSE LISTED,電子零組件業,電子零組件業,28,397495420,
2356,2356.TW,INVENTEC,英業達,,TWSE LISTED,電腦及週邊設備業,電腦及週邊設備業,25,3587475066,
2357,2357.TW,ASUSTEK,華碩,,TWSE LISTED,電腦及週邊設備業,電腦及週邊設備業,25,742760280,
2359,2359.TW,SOLOMON,所羅門,,TWSE LISTED,其他電子業,其他電子業,31,171471052,
2360,2360.TW,CHROMA,致茂,,TWSE LISTED,其他電子業,其他電子業,31,425245742,
2362,2362.TW,CLEVO CO.,藍天,,TWSE LISTED,電腦及週邊設備業,電腦及週邊設備業,25,622263000,
2363,2363.TW,SiS,矽統,,TWSE LISTED,半導體業,半導體業,24,514988161,
2364,2364.TW,Twinhead,倫飛,,TWSE LISTED,電腦及週邊設備業,電腦及週邊設備業,25,57627513,
2365,2365.TW,KYE,昆盈,,TWSE LISTED,電腦及週邊設備業,電腦及週邊設備業,25,221528496,
2367,2367.TW,UNITECH,燿華,,TWSE LISTED,電子零組件業,電子零組件業,28,706253175,
2368,2368.TW,GCE,金像電,,TWSE LISTED,電子零組件業,電子零組件業,28,530594972,
2369,2369.TW,LPI,菱生,,TWSE LISTED,半導體業,半導體業,24,380102344,
2371,2371.TW,TATUNG COMPANY,大同,,TWSE LISTED,電機機械,電機機械,05,2150834851,
2373,2373.TW,Aurora,震旦行,,TWSE LISTED,其他電子業,其他電子業,31,236202518,
2374,2374.TW,ABILITY,佳能,,TWSE LISTED,光電業,光電業,26,337992133,
2375,2375.TW,KAIMEI,凱美,,TWSE LISTED,電子零組件業,電子零組件業,28,108675334,
2376,2376.TW,GIGABYTE,技嘉,,TWSE LISTED,電腦及週邊設備業,電腦及週邊設備業,25,669888886,
2377,2377.TW,MSI,微星,,TWSE LISTED,電腦及週邊設備業,電腦及週邊設備業,25,844856199,
2379,2379.TW,RT,瑞昱,,TWSE LISTED,半導體業,半導體業,24,515512641,
2380,2380.TW,AVISION,虹光,,TWSE LISTED,電腦及週邊設備業,電腦及週邊設備業,25,60000000,
2382,2382.TW,QCI,廣達,,TWSE LISTED,電腦及週邊設備業,電腦及週邊設備業,25,4107627432,
2383,2383.TW,EMC,台光電,,TWSE LISTED,電子零組件業,電子零組件業,28,358321114,
2385,2385.TW,CHICONY,群光,,TWSE LISTED,電子零組件業,電子零組件業,28,765721188,
2387,2387.TW,SUNREX,精元,,TWSE LISTED,電腦及週邊設備業,電腦及週邊設備業,25,195251051,
2388,2388.TW,VIA,威盛,,TWSE LISTED,半導體業,半導體業,24,555955941,
2390,2390.TW,EVERSPRING,云辰,,TWSE LISTED,其他電子業,其他電子業,31,192619442,
2392,2392.TW,FOXLINK,正崴,,TWSE LISTED,電子零組件業,電子零組件業,28,512326940,
2393,2393.TW,EVERLIGHT,億光,,TWSE LISTED,光電業,光電業,26,443393086,
2395,2395.TW,Advantech,研華,,TWSE LISTED,電腦及週邊設備業,電腦及週邊設備業,25,869046008,
2397,2397.TW,DFI Inc.,友通,,TWSE LISTED,電腦及週邊設備業,電腦及週邊設備業,25,114488857,
2399,2399.TW,BIOSTAR,映泰,,TWSE LISTED,電腦及週邊設備業,電腦及週邊設備業,25,178100000,
2401,2401.TW,SUNPLUS,凌陽,,TWSE LISTED,半導體業,半導體業,24,591994919,
2402,2402.TW,ICHIA,毅嘉,,TWSE LISTED,電子零組件業,電子零組件業,28,307536533,
2404,2404.TW,UIS,漢唐,,TWSE LISTED,其他電子業,其他電子業,31,190586698,
2405,2405.TW,Shuttle,輔信,,TWSE LISTED,電腦及週邊設備業,電腦及週邊設備業,25,343427303,
2406,2406.TW,GSC,國碩,,TWSE LISTED,光電業,光電業,26,350905689,
2408,2408.TW,NTC,南亞科,,TWSE LISTED,半導體業,半導體業,24,3450205894,
2409,2409.TW,AUO,友達,,TWSE LISTED,光電業,光電業,26,7547098972,
2412,2412.TW,CHT,中華電,,TWSE LISTED,通信網路業,通信網路業,27,7757446545,
2413,2413.TW,UMEC,環科,,TWSE LISTED,電子零組件業,電子零組件業,28,127359200,
2414,2414.TW,UT,精技,,TWSE LISTED,電子通路業,電子通路業,29,161735846,
2415,2415.TW,CX TECH,錩新,,TWSE LISTED,電子零組件業,電子零組件業,28,100000000,
2417,2417.TW,AVERMEDIA,圓剛,,TWSE LISTED,電腦及週邊設備業,電腦及週邊設備業,25,157218864,
2419,2419.TW,H.T.,仲琦,,TWSE LISTED,通信網路業,通信網路業,27,321317229,
2420,2420.TW,ZIPPY,新巨,,TWSE LISTED,電子零組件業,電子零組件業,28,152648688,
2421,2421.TW,SUNON,建準,,TWSE LISTED,電子零組件業,電子零組件業,28,286943669,
2423,2423.TW,GW,固緯,,TWSE LISTED,其他電子業,其他電子業,31,145047289,
2424,2424.TW,LUNG HWA,隴華,,TWSE LISTED,通信網路業,通信網路業,27,59585000,
2425,2425.TW,CHAINTECH,承啟,,TWSE LISTED,電腦及週邊設備業,電腦及週邊設備業,25,96498831,
2426,2426.TW,TYNTEK,鼎元,,TWSE LISTED,光電業,光電業,26,300622252,
2427,2427.TW,MDS,三商電,,TWSE LISTED,資訊服務業,資訊服務業,30,197999573,
2428,2428.TW,THINKING,興勤,,TWSE LISTED,電子零組件業,電子零組件業,28,128112726,
2429,2429.TW,PWT,銘旺科,,TWSE LISTED,光電業,光電業,26,86100000,
2430,2430.TW,TKE,燦坤,,TWSE LISTED,電子通路業,電子通路業,29,116800000,
2431,2431.TW,LIEN CHANG,聯昌,,TWSE LISTED,電子零組件業,電子零組件業,28,80714436,
2432,2432.TW,AGT,倚天酷碁-創,,TWSE LISTED,電腦及週邊設備業,電腦及週邊設備業,25,61860000,
2433,2433.TW,HUXEN,互盛電,,TWSE LISTED,其他電子業,其他電子業,31,144496011,
2434,2434.TW,MOSPEC,統懋,,TWSE LISTED,半導體業,半導體業,24,37000000,
2436,2436.TW,Weltrend,偉詮電,,TWSE LISTED,半導體業,半導體業,24,204177561,
2438,2438.TW,ENLIGHT,翔耀,,TWSE LISTED,光電業,光電業,26,71195641,
2439,2439.TW,MERRY,美律,,TWSE LISTED,通信網路業,通信網路業,27,248641314,
2440,2440.TW,SPACE SHUTTLE,太空梭,,TWSE LISTED,電子零組件業,電子零組件業,28,139117271,
2441,2441.TW,GTK,超豐,,TWSE LISTED,半導體業,半導體業,24,568845921,
2442,2442.TW,JEAN,新美齊,,TWSE LISTED,建材營造,建材營造,14,325232021,
2444,2444.TW,AboCom,兆勁,,TWSE LISTED,通信網路業,通信網路業,27,106569573,
2449,2449.TW,KYEC,京元電子,,TWSE LISTED,半導體業,半導體業,24,1283882318,
2450,2450.TW,SENAO,神腦,,TWSE LISTED,通信網路業,通信網路業,27,258252657,
2451,2451.TW,Transcend,創見,,TWSE LISTED,半導體業,半導體業,24,431345675,
2453,2453.TW,SYSCOM,凌群,,TWSE LISTED,資訊服務業,資訊服務業,30,100000000,
2454,2454.TW,MediaTek,聯發科,,TWSE LISTED,半導體業,半導體業,24,1604952613,
2455,2455.TW,VPEC,全新,,TWSE LISTED,通信網路業,通信網路業,27,186983443,
2457,2457.TW,PHIHONG,飛宏,,TWSE LISTED,電子零組件業,電子零組件業,28,424772416,
2458,2458.TW,ELAN,義隆,,TWSE LISTED,半導體業,半導體業,24,303880392,
2459,2459.TW,AUDIX,敦吉,,TWSE LISTED,其他電子業,其他電子業,31,105595615,
2460,2460.TW,GEM,建通,,TWSE LISTED,電子零組件業,電子零組件業,28,169200000,
2461,2461.TW,K LASER,光群雷,,TWSE LISTED,其他電子業,其他電子業,31,190293963,
2462,2462.TW,LINETEK,良得電,,TWSE LISTED,電子零組件業,電子零組件業,28,150784482,
2464,2464.TW,Mirle,盟立,,TWSE LISTED,其他電子業,其他電子業,31,216680434,
2465,2465.TW,LEADTEK,麗臺,,TWSE LISTED,電腦及週邊設備業,電腦及週邊設備業,25,93946031,
2466,2466.TW,COSMO,冠西電,,TWSE LISTED,光電業,光電業,26,173458697,
2467,2467.TW,C SUN,志聖,,TWSE LISTED,電子零組件業,電子零組件業,28,161513684,
2468,2468.TW,FIS,華經,,TWSE LISTED,資訊服務業,資訊服務業,30,69961249,
2471,2471.TW,ARES,資通,,TWSE LISTED,資訊服務業,資訊服務業,30,47253890,
2472,2472.TW,LELON,立隆電,,TWSE LISTED,電子零組件業,電子零組件業,28,164735137,
2474,2474.TW,CATCHER,可成,,TWSE LISTED,其他電子業,其他電子業,31,538821068,
2476,2476.TW,GS,鉅祥,,TWSE LISTED,電子零組件業,電子零組件業,28,219070454,
2477,2477.TW,MEILOON,美隆電,,TWSE LISTED,其他電子業,其他電子業,31,158573244,
2478,2478.TW,TA-I,大毅,,TWSE LISTED,電子零組件業,電子零組件業,28,144731339,
2480,2480.TW,STARK,敦陽科,,TWSE LISTED,資訊服務業,資訊服務業,30,106360291,
2481,2481.TW,PANJIT,強茂,,TWSE LISTED,半導體業,半導體業,24,382114927,
2482,2482.TW,UIC,連宇,,TWSE LISTED,其他電子業,其他電子業,31,77882711,
2483,2483.TW,ECE,百容,,TWSE LISTED,電子零組件業,電子零組件業,28,107889807,
2484,2484.TW,SIWARD,希華,,TWSE LISTED,電子零組件業,電子零組件業,28,159421022,
2485,2485.TW,ZINWELL,兆赫,,TWSE LISTED,通信網路業,通信網路業,27,317689037,
2486,2486.TW,I-CHIUN,一詮,,TWSE LISTED,光電業,光電業,26,240482510,
2488,2488.TW,HANPIN,漢平,,TWSE LISTED,其他電子業,其他電子業,31,79999433,
2489,2489.TW,AMTRAN,瑞軒,,TWSE LISTED,光電業,光電業,26,610000000,
2491,2491.TW,FOCL,吉祥全,,TWSE LISTED,光電業,光電業,26,82008000,
2492,2492.TW,WTC,華新科,,TWSE LISTED,電子零組件業,電子零組件業,28,485204774,1088.18
2493,2493.TW,AMPOC,揚博,,TWSE LISTED,電子零組件業,電子零組件業,28,126796629,
2495,2495.TW,Infortrend,普安,,TWSE LISTED,電腦及週邊設備業,電腦及週邊設備業,25,273551538,
2496,2496.TW,SPC,卓越,,TWSE LISTED,其他,其他,20,20055462,
2497,2497.TW,E-LEAD,怡利電,,TWSE LISTED,汽車工業,汽車工業,12,130887676,
2498,2498.TW,HTC,宏達電,,TWSE LISTED,通信網路業,通信網路業,27,836097086,
2501,2501.TW,CATHAY RED,國建,,TWSE LISTED,建材營造,建材營造,14,1159561059,
2504,2504.TW,GBM,國產,,TWSE LISTED,建材營造,建材營造,14,1180000000,1088.18
2505,2505.TW,ky,國揚,,TWSE LISTED,建材營造,建材營造,14,380000000,
2506,2506.TW,PCC,太設,,TWSE LISTED,建材營造,建材營造,14,387000000,
2509,2509.TW,CHAINQUI,全坤建,,TWSE LISTED,建材營造,建材營造,14,224550530,
2511,2511.TW,PHD,太子,,TWSE LISTED,建材營造,建材營造,14,1623326147,
2514,2514.TW,LONG BON,龍邦,,TWSE LISTED,其他,其他,20,394729278,
2515,2515.TW,BES,中工,,TWSE LISTED,建材營造,建材營造,14,1688460079,
2516,2516.TW,New Asia,新建,,TWSE LISTED,建材營造,建材營造,14,226278457,
2520,2520.TW,KINDOM,冠德,,TWSE LISTED,建材營造,建材營造,14,609487110,
2524,2524.TW,KTC,京城,,TWSE LISTED,建材營造,建材營造,14,366184596,
2527,2527.TW,Hung Ching,宏璟,,TWSE LISTED,建材營造,建材營造,14,270306000,
2528,2528.TW,CROWELL,皇普,,TWSE LISTED,建材營造,建材營造,14,435996467,
2530,2530.TW,DELPHA,華建,,TWSE LISTED,建材營造,建材營造,14,841255731,
2534,2534.TW,HSC,宏盛,,TWSE LISTED,建材營造,建材營造,14,474227970,
2535,2535.TW,DA-CIN,達欣工,,TWSE LISTED,建材營造,建材營造,14,270793967,
2536,2536.TW,Hong Pu,宏普,,TWSE LISTED,建材營造,建材營造,14,332808652,
2537,2537.TW,WE & WIN,聯上發,,TWSE LISTED,建材營造,建材營造,14,300557795,
2538,2538.TW,KeeTai,基泰,,TWSE LISTED,建材營造,建材營造,14,445025495,
2539,2539.TW,SAKURAD,櫻花建,,TWSE LISTED,建材營造,建材營造,14,1455585149,
2540,2540.TW,JSL,愛山林,,TWSE LISTED,建材營造,建材營造,14,944873965,
2542,2542.TW,Highwealth,興富發,,TWSE LISTED,建材營造,建材營造,14,2153083539,
2543,2543.TW,HWANG CHANG,皇昌,,TWSE LISTED,建材營造,建材營造,14,528541961,
2545,2545.TW,HUANG HSIANG,皇翔,,TWSE LISTED,建材營造,建材營造,14,379734808,
2546,2546.TW,KEDGE,根基,,TWSE LISTED,建材營造,建材營造,14,146187097,
2547,2547.TW,RADIUM,日勝生,,TWSE LISTED,建材營造,建材營造,14,1035094649,
2548,2548.TW,HUAKU,華固,,TWSE LISTED,建材營造,建材營造,14,335704631,
2597,2597.TW,REC,潤弘,,TWSE LISTED,建材營造,建材營造,14,310716000,
2601,2601.TW,FSC,益航,,TWSE LISTED,航運業,航運業,15,690379011,
2603,2603.TW,EMC,長榮,,TWSE LISTED,航運業,航運業,15,2165042996,
2605,2605.TW,SNC,新興,,TWSE LISTED,航運業,航運業,15,585353297,
2606,2606.TW,U-MING,裕民,,TWSE LISTED,航運業,航運業,15,845055712,1087.58
2607,2607.TW,EITC,榮運,,TWSE LISTED,航運業,航運業,15,533570547,
2608,2608.TW,Kerry TJ,嘉里大榮,,TWSE LISTED,航運業,航運業,15,467000498,
2609,2609.TW,YMTC,陽明,,TWSE LISTED,航運業,航運業,15,3492104270,1087.58
2610,2610.TW,CAL,華航,,TWSE LISTED,航運業,航運業,15,6144988558,1087.58
2611,2611.TW,TSI,志信,,TWSE LISTED,航運業,航運業,15,189002272,
2612,2612.TW,CMT,中航,,TWSE LISTED,航運業,航運業,15,197484593,
2613,2613.TW,CCTC,中櫃,,TWSE LISTED,航運業,航運業,15,148423458,
2614,2614.TW,EMIC,東森,,TWSE LISTED,其他,其他,20,327264946,
2615,2615.TW,WANHAI,萬海,,TWSE LISTED,航運業,航運業,15,2806146293,
2616,2616.TW,SLC,山隆,,TWSE LISTED,油電燃氣業,油電燃氣業,23,137281827,
2617,2617.TW,TNC,台航,,TWSE LISTED,航運業,航運業,15,417294487,
2618,2618.TW,EVAAIR,長榮航,,TWSE LISTED,航運業,航運業,15,5400444335,
2630,2630.TW,AACL,亞航,,TWSE LISTED,航運業,航運業,15,209438204,
2633,2633.TW,THSRC,台灣高鐵,,TWSE LISTED,航運業,航運業,15,5628293058,
2634,2634.TW,AIDC,漢翔,,TWSE LISTED,航運業,航運業,15,941867101,
2636,2636.TW,T3EX,台驊控股,,TWSE LISTED,航運業,航運業,15,141835230,
2637,2637.TW,WISDOM,慧洋-KY,,TWSE LISTED,航運業,航運業,15,746409199,
2642,2642.TW,Pelican,宅配通,,TWSE LISTED,航運業,航運業,15,95467000,
2645,2645.TW,EGAT,長榮航太,,TWSE LISTED,航運業,航運業,15,374570962,
2646,2646.TW,STARLUX AIR,星宇航空,,TWSE LISTED,航運業,航運業,15,3008735000,
2701,2701.TW,WANHWA,萬企,,TWSE LISTED,觀光餐旅,觀光餐旅,16,449967838,
2702,2702.TW,HG,華園,,TWSE LISTED,觀光餐旅,觀光餐旅,16,156613249,
2704,2704.TW,AMBH,國賓,,TWSE LISTED,觀光餐旅,觀光餐旅,16,366923343,
2705,2705.TW,LEOFOO,六福,,TWSE LISTED,觀光餐旅,觀光餐旅,16,191312830,
2706,2706.TW,FIRST HOTEL,第一店,,TWSE LISTED,觀光餐旅,觀光餐旅,16,499998346,
2707,2707.TW,GFRT,晶華,,TWSE LISTED,觀光餐旅,觀光餐旅,16,127403238,
2712,2712.TW,FGH,遠雄來,,TWSE LISTED,觀光餐旅,觀光餐旅,16,105000000,
2722,2722.TW,Chateau,夏都,,TWSE LISTED,觀光餐旅,觀光餐旅,16,143169696,
2723,2723.TW,Gourmet,美食-KY,,TWSE LISTED,觀光餐旅,觀光餐旅,16,180000000,
2727,2727.TW,WOWPRIME,王品,,TWSE LISTED,觀光餐旅,觀光餐旅,16,82940109,1087.76
2731,2731.TW,Liontravel,雄獅,,TWSE LISTED,觀光餐旅,觀光餐旅,16,93277739,1087.76
2739,2739.TW,My Humble House,寒舍,,TWSE LISTED,觀光餐旅,觀光餐旅,16,91526000,
2748,2748.TW,FDC,雲品,,TWSE LISTED,觀光餐旅,觀光餐旅,16,105778740,
2753,2753.TW,Bafang,八方雲集,,TWSE LISTED,觀光餐旅,觀光餐旅,16,66644796,
2762,2762.TW,World Gym,世界健身-KY,,TWSE LISTED,運動休閒,運動休閒,37,112500000,1087.76
2801,2801.TW,CHANG HWA BANK,彰銀,,TWSE LISTED,金融保險,金融保險,17,12060197409,
2812,2812.TW,T.C.C.B.,台中銀,,TWSE LISTED,金融保險,金融保險,17,6425074858,
2816,2816.TW,UNION INS.,旺旺保,,TWSE LISTED,金融保險,金融保險,17,223608000,
2820,2820.TW,CBF,華票,,TWSE LISTED,金融保險,金融保險,17,1342960000,
2832,2832.TW,TFMI,台產,,TWSE LISTED,金融保險,金融保險,17,253540280,
2834,2834.TW,TBB,臺企銀,,TWSE LISTED,金融保險,金融保險,17,10398326179,
2836,2836.TW,B.O.K,高雄銀,,TWSE LISTED,金融保險,金融保險,17,1858316153,
2838,2838.TW,UBOT,聯邦銀,,TWSE LISTED,金融保險,金融保險,17,4607828961,
2845,2845.TW,FEIB,遠東銀,,TWSE LISTED,金融保險,金融保險,17,4865284731,
2849,2849.TW,EnTie Bank,安泰銀,,TWSE LISTED,金融保險,金融保險,17,1957609349,
2850,2850.TW,SK Insurance,新產,,TWSE LISTED,金融保險,金融保險,17,315963300,
2851,2851.TW,Central Re,中再保,,TWSE LISTED,金融保險,金融保險,17,800388750,
2852,2852.TW,FIRST INS,第一保,,TWSE LISTED,金融保險,金融保險,17,301163784,
2855,2855.TW,PSC,統一證,,TWSE LISTED,金融保險,金融保險,17,1601414478,
2880,2880.TW,HNFHC,華南金,,TWSE LISTED,金融保險,金融保險,17,14056134739,
2881,2881.TW,Fubon Financial,富邦金,,TWSE LISTED,金融保險,金融保險,17,14007364952,
2882,2882.TW,CATHAY FHC,國泰金,,TWSE LISTED,金融保險,金融保險,17,14669210128,
2883,2883.TW,KGI Financial,凱基金,,TWSE LISTED,金融保險,金融保險,17,16974612475,1087.76
2884,2884.TW,E.S.F.H,玉山金,,TWSE LISTED,金融保險,金融保險,17,17723510471,
2885,2885.TW,Yuanta Group,元大金,,TWSE LISTED,金融保險,金融保險,17,13864395944,
2886,2886.TW,MEGA FHC,兆豐金,,TWSE LISTED,金融保險,金融保險,17,14833378282,
2887,2887.TW,TS Holdings,台新新光金,,TWSE LISTED,金融保險,金融保險,17,25115061997,1087.76
2889,2889.TW,IBF,國票金,,TWSE LISTED,金融保險,金融保險,17,3665902186,
2890,2890.TW,SINOPACHOLDINGS,永豐金,,TWSE LISTED,金融保險,金融保險,17,14782168721,
2891,2891.TW,CTBC HOLDING,中信金,,TWSE LISTED,金融保險,金融保險,17,19675932806,1087.76
2892,2892.TW,FFHC,第一金,,TWSE LISTED,金融保險,金融保險,17,14379468650,
2897,2897.TW,O-Bank,王道銀行,,TWSE LISTED,金融保險,金融保險,17,2805357878,
2901,2901.TW,SHIN SHIN,欣欣,,TWSE LISTED,貿易百貨,貿易百貨,18,73043283,
2903,2903.TW,FEDS,遠百,,TWSE LISTED,貿易百貨,貿易百貨,18,1416940589,
2904,2904.TW,POCS,匯僑,,TWSE LISTED,其他,其他,20,77834432,
2905,2905.TW,MERCURIES,三商,,TWSE LISTED,貿易百貨,貿易百貨,18,1110371703,
2906,2906.TW,Collins,高林,,TWSE LISTED,貿易百貨,貿易百貨,18,209116648,
2908,2908.TW,Test Rite,特力,,TWSE LISTED,貿易百貨,貿易百貨,18,509887558,
2910,2910.TW,TONLIN,統領,,TWSE LISTED,貿易百貨,貿易百貨,18,175403000,
2911,2911.TW,Les enphants,麗嬰房,,TWSE LISTED,貿易百貨,貿易百貨,18,105125999,
2912,2912.TW,PCSC,統一超,,TWSE LISTED,貿易百貨,貿易百貨,18,1039622255,
2913,2913.TW,TTC,農林,,TWSE LISTED,貿易百貨,貿易百貨,18,790000000,
2915,2915.TW,RUENTEX IND.LTD,潤泰全,,TWSE LISTED,貿易百貨,貿易百貨,18,1104318772,
2923,2923.TW,Sino Horizon,鼎固-KY,,TWSE LISTED,建材營造,建材營造,14,1740296982,1087.76
2929,2929.TW,TOPBI,淘帝-KY,,TWSE LISTED,貿易百貨,貿易百貨,18,109493838,
2939,2939.TW,Vitafoss-KY,永邑-KY,,TWSE LISTED,貿易百貨,貿易百貨,18,45548665,
2945,2945.TW,Simple Mart,三商家購,,TWSE LISTED,貿易百貨,貿易百貨,18,67500000,
3002,3002.TW,AHOKU,歐格,,TWSE LISTED,電腦及週邊設備業,電腦及週邊設備業,25,102000000,
3003,3003.TW,KST,健和興,,TWSE LISTED,電子零組件業,電子零組件業,28,155654890,
3004,3004.TW,NAFCO,豐達科,,TWSE LISTED,鋼鐵工業,鋼鐵工業,10,64383155,
3005,3005.TW,Getac,神基,,TWSE LISTED,電腦及週邊設備業,電腦及週邊設備業,25,624570150,
3006,3006.TW,ESMT,晶豪科,,TWSE LISTED,半導體業,半導體業,24,298127841,
3008,3008.TW,LARGAN,大立光,,TWSE LISTED,光電業,光電業,26,130798197,
3010,3010.TW,WAH LEE,華立,,TWSE LISTED,電子通路業,電子通路業,29,259436817,
3011,3011.TW,JH,今皓,,TWSE LISTED,電子零組件業,電子零組件業,28,129565851,
3013,3013.TW,UNEEC,晟銘電,,TWSE LISTED,電腦及週邊設備業,電腦及週邊設備業,25,213344488,
3014,3014.TW,ITE,聯陽,,TWSE LISTED,半導體業,半導體業,24,165954124,
3015,3015.TW,FSP,全漢,,TWSE LISTED,電子零組件業,電子零組件業,28,187261950,
3016,3016.TW,EPi,嘉晶,,TWSE LISTED,半導體業,半導體業,24,293256903,
3017,3017.TW,AVC,奇鋐,,TWSE LISTED,電腦及週邊設備業,電腦及週邊設備業,25,392670107,1087.76
3018,3018.TW,LUNG MING,隆銘綠能,,TWSE LISTED,其他電子業,其他電子業,31,75377715,
3019,3019.TW,ASIA,亞光,,TWSE LISTED,光電業,光電業,26,279243901,
3021,3021.TW,WELLTEND,鴻名,,TWSE LISTED,電子零組件業,電子零組件業,28,94683000,
3022,3022.TW,IEI,威強電,,TWSE LISTED,電腦及週邊設備業,電腦及週邊設備業,25,176597790,
3023,3023.TW,SINBON,信邦,,TWSE LISTED,電子零組件業,電子零組件業,28,240069014,
3024,3024.TW,ACTION,憶聲,,TWSE LISTED,光電業,光電業,26,277157496,
3025,3025.TW,LOOP,星通,,TWSE LISTED,通信網路業,通信網路業,27,56736440,
3026,3026.TW,HOLY STONE,禾伸堂,,TWSE LISTED,電子零組件業,電子零組件業,28,165890318,
3027,3027.TW,BILLION,盛達,,TWSE LISTED,通信網路業,通信網路業,27,129160299,1087.76
3028,3028.TW,ZENITRON,增你強,,TWSE LISTED,電子通路業,電子通路業,29,237241193,
3029,3029.TW,ZERO ONE,零壹,,TWSE LISTED,資訊服務業,資訊服務業,30,167005212,
3030,3030.TW,TRI,德律,,TWSE LISTED,其他電子業,其他電子業,31,236216000,
3031,3031.TW,BRIGHT,佰鴻,,TWSE LISTED,光電業,光電業,26,173203224,
3032,3032.TW,COMPUCASE,偉訓,,TWSE LISTED,電子零組件業,電子零組件業,28,113285626,1087.87
3033,3033.TW,Weikeng,威健,,TWSE LISTED,電子通路業,電子通路業,29,516559448,
3034,3034.TW,NOVATEK,聯詠,,TWSE LISTED,半導體業,半導體業,24,608511469,1087.87
3035,3035.TW,Faraday,智原,,TWSE LISTED,半導體業,半導體業,24,260550313,
3036,3036.TW,WT,文曄,,TWSE LISTED,電子通路業,電子通路業,29,1270562701,
3037,3037.TW,UNIMICRON,欣興,,TWSE LISTED,電子零組件業,電子零組件業,28,1641291596,
3038,3038.TW,EDT,全台,,TWSE LISTED,光電業,光電業,26,157407603,
3040,3040.TW,G.V.,遠見,,TWSE LISTED,其他,其他,20,66224538,
3041,3041.TW,ALi,揚智,,TWSE LISTED,半導體業,半導體業,24,142096647,
3042,3042.TW,TXC,晶技,,TWSE LISTED,電子零組件業,電子零組件業,28,342992971,
3043,3043.TW,PCM,科風,,TWSE LISTED,其他電子業,其他電子業,31,38975634,
3044,3044.TW,Tripod,健鼎,,TWSE LISTED,電子零組件業,電子零組件業,28,525605898,
3045,3045.TW,TWM,台灣大,,TWSE LISTED,通信網路業,通信網路業,27,3723431015,1081.52
3046,3046.TW,AOPEN,建碁,,TWSE LISTED,電腦及週邊設備業,電腦及週邊設備業,25,78448013,1087.87
3047,3047.TW,EDIMAX,訊舟,,TWSE LISTED,通信網路業,通信網路業,27,224761608,
3048,3048.TW,EDOM,益登,,TWSE LISTED,電子通路業,電子通路業,29,269829794,
3049,3049.TW,HannsTouch,精金,,TWSE LISTED,光電業,光電業,26,802010529,
3050,3050.TW,U-TECH,鈺德,,TWSE LISTED,光電業,光電業,26,154984450,
3051,3051.TW,Optimax,力特,,TWSE LISTED,光電業,光電業,26,167000000,
3052,3052.TW,APEX,夆典,,TWSE LISTED,建材營造,建材營造,14,233245771,
3054,3054.TW,LIWANLI,立萬利,,TWSE LISTED,電子通路業,電子通路業,29,80651041,
3055,3055.TW,Spirox Corp.,蔚華科,,TWSE LISTED,電子通路業,電子通路業,29,114974918,
3056,3056.TW,Fu Hua,富華新,,TWSE LISTED,建材營造,建材營造,14,480555051,
3057,3057.TW,Promise,喬鼎,,TWSE LISTED,電腦及週邊設備業,電腦及週邊設備業,25,67864629,
3058,3058.TW,LEI,立德,,TWSE LISTED,電子零組件業,電子零組件業,28,201722779,
3059,3059.TW,Altek,華晶科,,TWSE LISTED,光電業,光電業,26,307668025,
3060,3060.TW,MIN AIK,銘異,,TWSE LISTED,電腦及週邊設備業,電腦及週邊設備業,25,137563190,
3062,3062.TW,CyberTAN,建漢,,TWSE LISTED,通信網路業,通信網路業,27,330081818,
3090,3090.TW,NDB,日電貿,,TWSE LISTED,電子零組件業,電子零組件業,28,287567150,
3092,3092.TW,HOTRON,鴻碩,,TWSE LISTED,電子零組件業,電子零組件業,28,106649250,
3094,3094.TW,DAVICOM,聯傑,,TWSE LISTED,半導體業,半導體業,24,83117089,
3130,3130.TW,104,一零四,,TWSE LISTED,數位雲端,數位雲端,36,33190700,
3135,3135.TW,Goldkey Tech.,凌航,,TWSE LISTED,半導體業,半導體業,24,97158956,
3138,3138.TW,Auden,耀登,,TWSE LISTED,通信網路業,通信網路業,27,56392314,
3149,3149.TW,G-TECH,正達,,TWSE LISTED,光電業,光電業,26,286233604,
3150,3150.TW,SYNCOMM,鈺寶-創,,TWSE LISTED,半導體業,半導體業,24,44377001,
3164,3164.TW,GenMont,景岳,,TWSE LISTED,生技醫療業,生技醫療業,22,86010364,
3167,3167.TW,TA LIANG,大量,,TWSE LISTED,電機機械,電機機械,05,89513491,
3168,3168.TW,DATA IMAGE,眾福科,,TWSE LISTED,光電業,光電業,26,75099649,
3189,3189.TW,KINSUS,景碩,,TWSE LISTED,半導體業,半導體業,24,526910360,
3209,3209.TW,ALLTEK,全科,,TWSE LISTED,電子通路業,電子通路業,29,247160748,
3229,3229.TW,CHEER TIME,晟鈦,,TWSE LISTED,電子零組件業,電子零組件業,28,64263000,
3231,3231.TW,Wistron,緯創,,TWSE LISTED,電腦及週邊設備業,電腦及週邊設備業,25,3429842250,
3257,3257.TW,CHAMPION,虹冠電,,TWSE LISTED,半導體業,半導體業,24,79823590,
3266,3266.TW,SUNTY,昇陽,,TWSE LISTED,建材營造,建材營造,14,352314309,
3296,3296.TW,POWERTECH,勝德,,TWSE LISTED,電子零組件業,電子零組件業,28,96724450,
3305,3305.TW,SHENMAO,昇貿,,TWSE LISTED,其他電子業,其他電子業,31,143373974,
3308,3308.TW,BESTEC,聯德,,TWSE LISTED,電子零組件業,電子零組件業,28,60000000,
3311,3311.TW,Silitech,閎暉,,TWSE LISTED,通信網路業,通信網路業,27,100000000,
3312,3312.TW,GMI,弘憶股,,TWSE LISTED,電子通路業,電子通路業,29,182626815,
3321,3321.TW,UNIFLEX,同泰,,TWSE LISTED,電子零組件業,電子零組件業,28,86113769,
3338,3338.TW,TAISOL,泰碩,,TWSE LISTED,電子零組件業,電子零組件業,28,87908141,
3346,3346.TW,Laster Tech,麗清,,TWSE LISTED,汽車工業,汽車工業,12,121228352,
3356,3356.TW,GeoVision,奇偶,,TWSE LISTED,光電業,光電業,26,68550422,
3376,3376.TW,SZS,新日興,,TWSE LISTED,電子零組件業,電子零組件業,28,195780215,
3380,3380.TW,Alpha,明泰,,TWSE LISTED,通信網路業,通信網路業,27,541718460,
3406,3406.TW,GSEO,玉晶光,,TWSE LISTED,光電業,光電業,26,112743063,
3413,3413.TW,Fiti,京鼎,,TWSE LISTED,半導體業,半導體業,24,110924410,
3416,3416.TW,Winmate,融程電,,TWSE LISTED,電腦及週邊設備業,電腦及週邊設備業,25,84517736,
3419,3419.TW,WHAYU,譁裕,,TWSE LISTED,通信網路業,通信網路業,27,120480417,
3432,3432.TW,TAI TWUN,台端,,TWSE LISTED,電子零組件業,電子零組件業,28,42230000,
3437,3437.TW,AOT,榮創,,TWSE LISTED,光電業,光電業,26,144548000,
3443,3443.TW,GUC,創意,,TWSE LISTED,半導體業,半導體業,24,134011911,
3447,3447.TW,XAVi,展達,,TWSE LISTED,通信網路業,通信網路業,27,77449120,
3450,3450.TW,ELASER,聯鈞,,TWSE LISTED,半導體業,半導體業,24,145681382,
3481,3481.TW,INX,群創,,TWSE LISTED,光電業,光電業,26,7989197337,
3494,3494.TW,HiTi,誠研,,TWSE LISTED,電腦及週邊設備業,電腦及週邊設備業,25,94800000,
3501,3501.TW,Well Shin,維熹,,TWSE LISTED,電子零組件業,電子零組件業,28,118257927,
3504,3504.TW,Young Optics,揚明光,,TWSE LISTED,光電業,光電業,26,114059785,
3515,3515.TW,ASROCK,華擎,,TWSE LISTED,電腦及週邊設備業,電腦及週邊設備業,25,123520889,
3518,3518.TW,PT TECH.,柏騰,,TWSE LISTED,其他電子業,其他電子業,31,102467230,
3528,3528.TW,ANSTEK,安馳,,TWSE LISTED,電子通路業,電子通路業,29,66639216,
3530,3530.TW,SOI,晶相光,,TWSE LISTED,半導體業,半導體業,24,77475900,
3532,3532.TW,FST,台勝科,,TWSE LISTED,半導體業,半導體業,24,387848300,
3533,3533.TW,LOTES,嘉澤,,TWSE LISTED,電子零組件業,電子零組件業,28,112534691,
3535,3535.TW,Favite,晶彩科,,TWSE LISTED,光電業,光電業,26,79052356,
3543,3543.TW,JOCHU,州巧,,TWSE LISTED,光電業,光電業,26,146263150,
3545,3545.TW,FocalTech,敦泰,,TWSE LISTED,半導體業,半導體業,24,222411350,
3550,3550.TW,COPARTNER,聯穎,,TWSE LISTED,電子零組件業,電子零組件業,28,107550000,
3557,3557.TW,JiaWei,嘉威,,TWSE LISTED,居家生活,居家生活,38,84315435,
3563,3563.TW,MACHVISION,牧德,,TWSE LISTED,光電業,光電業,26,63960858,
3576,3576.TW,URE,聯合再生,,TWSE LISTED,光電業,光電業,26,1627795375,
3583,3583.TW,Scientech,辛耘,,TWSE LISTED,半導體業,半導體業,24,83858644,
3588,3588.TW,LD,通嘉,,TWSE LISTED,半導體業,半導體業,24,61991182,
3591,3591.TW,EDISON OPTO,艾笛森,,TWSE LISTED,光電業,光電業,26,130386835,
3592,3592.TW,Raydium,瑞鼎,,TWSE LISTED,半導體業,半導體業,24,75855226,
3593,3593.TW,Logah,力銘,,TWSE LISTED,電子零組件業,電子零組件業,28,60825449,
3596,3596.TW,Arcadyan,智易,,TWSE LISTED,通信網路業,通信網路業,27,220354321,
3605,3605.TW,ACES,宏致,,TWSE LISTED,電子零組件業,電子零組件業,28,175270339,
3607,3607.TW,Coxon,谷崧,,TWSE LISTED,電子零組件業,電子零組件業,28,121662239,
3617,3617.TW,CyberPower,碩天,,TWSE LISTED,其他電子業,其他電子業,31,94762049,
3622,3622.TW,YFO,洋華,,TWSE LISTED,光電業,光電業,26,151327600,
3645,3645.TW,TMT,達邁,,TWSE LISTED,電子零組件業,電子零組件業,28,136754207,
3652,3652.TW,Unitech elec.,精聯,,TWSE LISTED,電腦及週邊設備業,電腦及週邊設備業,25,75097500,
3653,3653.TW,JENTECH,健策,,TWSE LISTED,電子零組件業,電子零組件業,28,147203878,
3661,3661.TW,Alchip,世芯-KY,,TWSE LISTED,半導體業,半導體業,24,86305114,
3665,3665.TW,BHI (BizLink),貿聯-KY,,TWSE LISTED,其他電子業,其他電子業,31,199578405,
3669,3669.TW,AVer,圓展,,TWSE LISTED,通信網路業,通信網路業,27,92919950,
3673,3673.TW,TPK,TPK-KY,,TWSE LISTED,光電業,光電業,26,406663759,
3679,3679.TW,Nishoku,新至陞,,TWSE LISTED,電子零組件業,電子零組件業,28,63022229,
3686,3686.TW,Danen,達能,,TWSE LISTED,半導體業,半導體業,24,76495118,
3694,3694.TW,AzureWave,海華,,TWSE LISTED,通信網路業,通信網路業,27,154890708,
3701,3701.TW,FICG,大眾控,,TWSE LISTED,電腦及週邊設備業,電腦及週邊設備業,25,236668883,
3702,3702.TW,WPG,大聯大,,TWSE LISTED,電子通路業,電子通路業,29,1751374307,
3703,3703.TW,CHC,欣陸,,TWSE LISTED,建材營造,建材營造,14,823215980,
3704,3704.TW,Zyxel Group,合勤控,,TWSE LISTED,通信網路業,通信網路業,27,415444970,
3705,3705.TW,Y.S.H.,永信,,TWSE LISTED,生技醫療業,生技醫療業,22,266422983,
3706,3706.TW,MHC,神達,,TWSE LISTED,電腦及週邊設備業,電腦及週邊設備業,25,1327212468,
3708,3708.TW,Swancor,上緯投控,,TWSE LISTED,綠能環保,綠能環保,35,89842872,
3711,3711.TW,ASEH,日月光投控,,TWSE LISTED,半導體業,半導體業,24,4470572282,
3712,3712.TW,FITH,永崴投控,,TWSE LISTED,電腦及週邊設備業,電腦及週邊設備業,25,246242146,
3714,3714.TW,ENNOSTAR,富采,,TWSE LISTED,光電業,光電業,26,400000000,
3715,3715.TW,Dynamic Holding,定穎投控,,TWSE LISTED,電子零組件業,電子零組件業,28,283574584,
3716,3716.TW,Cenra Inc.,中化控股,,TWSE LISTED,生技醫療業,生技醫療業,22,150579211,
3717,3717.TW,EOI Holding,聯嘉投控,,TWSE LISTED,汽車工業,汽車工業,12,210948286,
4104,4104.TW,EXCELSIOR,佳醫,,TWSE LISTED,生技醫療業,生技醫療業,22,188367456,
4106,4106.TW,WELLELL,雃博,,TWSE LISTED,生技醫療業,生技醫療業,22,100911557,
4108,4108.TW,PhytoHealth,懷特,,TWSE LISTED,生技醫療業,生技醫療業,22,198618879,
4119,4119.TW,SCI,旭富,,TWSE LISTED,生技醫療業,生技醫療業,22,119508634,
4133,4133.TW,Abnova,亞諾法,,TWSE LISTED,生技醫療業,生技醫療業,22,60553594,
4137,4137.TW,CHLITINA-KY,麗豐-KY,,TWSE LISTED,生技醫療業,生技醫療業,22,82492350,
4142,4142.TW,ADIM,國光生,,TWSE LISTED,生技醫療業,生技醫療業,22,429507750,
4148,4148.TW,ACBT,全宇生技-KY,,TWSE LISTED,生技醫療業,生技醫療業,22,67235701,
4155,4155.TW,OK BIOTECH,訊映,,TWSE LISTED,生技醫療業,生技醫療業,22,125186998,
4164,4164.TW,CHC,承業醫,,TWSE LISTED,生技醫療業,生技醫療業,22,195310989,
4169,4169.TW,TCM,泰宗,,TWSE LISTED,生技醫療業,生技醫療業,22,66431612,
4178,4178.TW,StemCyte,永笙-KY,,TWSE LISTED,生技醫療業,生技醫療業,22,215866981,
4190,4190.TW,JDS,佐登-KY,,TWSE LISTED,生技醫療業,生技醫療業,22,61262957,
4195,4195.TW,Genomics,基米-創,,TWSE LISTED,生技醫療業,生技醫療業,22,80000057,
4306,4306.TW,YC,炎洲,,TWSE LISTED,塑膠工業,塑膠工業,03,676757216,
4414,4414.TW,ROO HSING,如興,,TWSE LISTED,紡織纖維,紡織纖維,04,263795773,
4426,4426.TW,LI CHENG,利勤,,TWSE LISTED,紡織纖維,紡織纖維,04,172677198,
4438,4438.TW,QVE,廣越,,TWSE LISTED,紡織纖維,紡織纖維,04,113425455,
4439,4439.TW,TST Group,冠星-KY,,TWSE LISTED,紡織纖維,紡織纖維,04,38214843,
4440,4440.TW,Yi Shin,宜新實業,,TWSE LISTED,紡織纖維,紡織纖維,04,67598000,
4441,4441.TW,GGF,振大環球,,TWSE LISTED,紡織纖維,紡織纖維,04,68175578,
4526,4526.TW,TONGTAI,東台,,TWSE LISTED,電機機械,電機機械,05,254826461,
4532,4532.TW,RECHI,瑞智,,TWSE LISTED,電機機械,電機機械,05,494895105,
4536,4536.TW,TOPKEY,拓凱,,TWSE LISTED,運動休閒,運動休閒,37,90820000,
4540,4540.TW,TBI MOTION,全球傳動,,TWSE LISTED,電機機械,電機機械,05,115186724,
4545,4545.TW,MAP,銘鈺,,TWSE LISTED,電子零組件業,電子零組件業,28,77000000,
4551,4551.TW,GLOBAL PMX,智伸科,,TWSE LISTED,汽車工業,汽車工業,12,115222498,
4552,4552.TW,Lida,力達-KY,,TWSE LISTED,電機機械,電機機械,05,116000000,
4555,4555.TW,CHELIC,氣立,,TWSE LISTED,電機機械,電機機械,05,69987653,
4557,4557.TW,Yusin,永新-KY,,TWSE LISTED,汽車工業,汽車工業,12,47971840,
4560,4560.TW,STRONG H,強信-KY,,TWSE LISTED,電機機械,電機機械,05,68097240,
4562,4562.TW,YHT,穎漢,,TWSE LISTED,電機機械,電機機械,05,87546000,
4564,4564.TW,MOSA,元翎,,TWSE LISTED,電機機械,電機機械,05,232788303,
4566,4566.TW,GLOBAL TEK,時碩工業,,TWSE LISTED,電機機械,電機機械,05,110381002,
4569,4569.TW,Sixxon,六方科-KY,,TWSE LISTED,汽車工業,汽車工業,12,30600000,
4571,4571.TW,KHGEARS,鈞興-KY,,TWSE LISTED,電機機械,電機機械,05,53017115,
4572,4572.TW,DPI,駐龍,,TWSE LISTED,電機機械,電機機械,05,40018679,
4576,4576.TW,HMC,大銀微系統,,TWSE LISTED,電機機械,電機機械,05,119801848,
4581,4581.TW,WKG,光隆精密-KY,,TWSE LISTED,汽車工業,汽車工業,12,33899000,
4582,4582.TW,HENGS,聚恆-創,,TWSE LISTED,綠能環保,綠能環保,35,75480000,
4583,4583.TW,APEXDYNA,台灣精銳,,TWSE LISTED,電機機械,電機機械,05,80171351,
4585,4585.TW,TRI,達明,,TWSE LISTED,其他電子業,其他電子業,31,104609000,
4588,4588.TW,Arch Meter,玖鼎電力,,TWSE LISTED,其他電子業,其他電子業,31,42985000,
4590,4590.TW,FUKUTA,富田-創,,TWSE LISTED,電機機械,電機機械,05,54838400,
4720,4720.TW,TEX YEAR,德淵,,TWSE LISTED,化學工業,化學工業,21,114516037,
4722,4722.TW,QPC,國精化,,TWSE LISTED,化學工業,化學工業,21,103765073,
4736,4736.TW,TaiDoc,泰博,,TWSE LISTED,生技醫療業,生技醫療業,22,95374469,
4737,4737.TW,BIONIME,華廣,,TWSE LISTED,生技醫療業,生技醫療業,22,77328053,
4739,4739.TW,COREMAX,康普,,TWSE LISTED,化學工業,化學工業,21,124651313,
4746,4746.TW,FRMSL,台耀,,TWSE LISTED,生技醫療業,生技醫療業,22,120255963,
4755,4755.TW,SAN FU,三福化,,TWSE LISTED,化學工業,化學工業,21,100706000,
4763,4763.TW,ACE,材料*-KY,,TWSE LISTED,化學工業,化學工業,21,989146670,
4764,4764.TW,DBC,雙鍵,,TWSE LISTED,化學工業,化學工業,21,85542062,
4766,4766.TW,NAN PAO,南寶,,TWSE LISTED,化學工業,化學工業,21,120570780,
4770,4770.TW,ASC,上品,,TWSE LISTED,化學工業,化學工業,21,79976000,
4771,4771.TW,VF,望隼,,TWSE LISTED,生技醫療業,生技醫療業,22,58708700,
4807,4807.TW,RH,日成-KY,,TWSE LISTED,貿易百貨,貿易百貨,18,48996032,
4904,4904.TW,Far EasTone,遠傳,,TWSE LISTED,通信網路業,通信網路業,27,3607705357,
4906,4906.TW,GEMTEK,正文,,TWSE LISTED,通信網路業,通信網路業,27,451706232,
4912,4912.TW,Lemtech-KY,聯德控股-KY,,TWSE LISTED,電子零組件業,電子零組件業,28,66953099,
4915,4915.TW,Primax,致伸,,TWSE LISTED,電子零組件業,電子零組件業,28,471880824,
4916,4916.TW,PARPRO,事欣科,,TWSE LISTED,電腦及週邊設備業,電腦及週邊設備業,25,124082539,
4919,4919.TW,NTC,新唐,,TWSE LISTED,半導體業,半導體業,24,452397767,
4927,4927.TW,Apex,泰鼎-KY,,TWSE LISTED,電子零組件業,電子零組件業,28,264937988,
4930,4930.TW,Star Comgistic,燦星網,,TWSE LISTED,電器電纜,電器電纜,06,80000000,
4934,4934.TW,Tainergy,太極,,TWSE LISTED,光電業,光電業,26,225000000,
4935,4935.TW,GLT,茂林-KY,,TWSE LISTED,光電業,光電業,26,128864091,
4938,4938.TW,Pegatron,和碩,,TWSE LISTED,電腦及週邊設備業,電腦及週邊設備業,25,2675708703,
4942,4942.TW,Chia Chang,嘉彰,,TWSE LISTED,光電業,光電業,26,142367613,
4943,4943.TW,CONCRAFT,康控-KY,,TWSE LISTED,電子零組件業,電子零組件業,28,126694353,
4949,4949.TW,WIN WIN,有成精密,,TWSE LISTED,光電業,光電業,26,67751543,
4952,4952.TW,Generalplus,凌通,,TWSE LISTED,半導體業,半導體業,24,108815816,
4956,4956.TW,Epileds,光鋐,,TWSE LISTED,光電業,光電業,26,100408236,
4958,4958.TW,ZDT,臻鼎-KY,,TWSE LISTED,電子零組件業,電子零組件業,28,1133397175,
4960,4960.TW,CMMT,誠美材,,TWSE LISTED,光電業,光電業,26,571705388,
4961,4961.TW,FITIPOWER,天鈺,,TWSE LISTED,半導體業,半導體業,24,121253603,
4967,4967.TW,TEAM,十銓,,TWSE LISTED,半導體業,半導體業,24,98566394,
4968,4968.TW,Richwave,立積,,TWSE LISTED,半導體業,半導體業,24,92209898,
4976,4976.TW,Calin,佳凌,,TWSE LISTED,光電業,光電業,26,141218000,
4977,4977.TW,PCL,眾達-KY,,TWSE LISTED,通信網路業,通信網路業,27,90989841,
4989,4989.TW,LCYT,榮科,,TWSE LISTED,電子零組件業,電子零組件業,28,172776500,
4994,4994.TW,X-LEGEND,傳奇,,TWSE LISTED,資訊服務業,資訊服務業,30,66383400,
4999,4999.TW,Sinher,鑫禾,,TWSE LISTED,電子零組件業,電子零組件業,28,74417200,
5007,5007.TW,SAN SHING,三星,,TWSE LISTED,鋼鐵工業,鋼鐵工業,10,294940154,
5203,5203.TW,CyberLink,訊連,,TWSE LISTED,資訊服務業,資訊服務業,30,77342550,
5215,5215.TW,KO JA,科嘉-KY,,TWSE LISTED,電腦及週邊設備業,電腦及週邊設備業,25,64337500,
5222,5222.TW,TRANSCOM,全訊,,TWSE LISTED,半導體業,半導體業,24,100108465,
5225,5225.TW,EASTECH,東科-KY,,TWSE LISTED,其他電子業,其他電子業,31,79136499,
5234,5234.TW,DAXIN,達興材料,,TWSE LISTED,光電業,光電業,26,102715911,
5236,5236.TW,SunplusIT,凌陽創新,,TWSE LISTED,半導體業,半導體業,24,60004038,
5243,5243.TW,ESON,乙盛-KY,,TWSE LISTED,光電業,光電業,26,168528915,
5244,5244.TW,BRIGHTEK,弘凱,,TWSE LISTED,光電業,光電業,26,68241899,
5258,5258.TW,Castles,虹堡,,TWSE LISTED,電腦及週邊設備業,電腦及週邊設備業,25,110364894,
5269,5269.TW,Asmedia,祥碩,,TWSE LISTED,半導體業,半導體業,24,74156359,
5283,5283.TW,Heran,禾聯碩,,TWSE LISTED,電器電纜,電器電纜,06,87600510,
5284,5284.TW,jpp,jpp-KY,,TWSE LISTED,其他,其他,20,55142683,
5285,5285.TW,Jih Lin,界霖,,TWSE LISTED,半導體業,半導體業,24,102040926,
5288,5288.TW,Eurocharm,豐祥-KY,,TWSE LISTED,電機機械,電機機械,05,69884722,
5292,5292.TW,DTECH,華懋,,TWSE LISTED,綠能環保,綠能環保,35,46318800,
5306,5306.TW,KMC,桂盟,,TWSE LISTED,運動休閒,運動休閒,37,126000772,
5388,5388.TW,Sercomm,中磊,,TWSE LISTED,通信網路業,通信網路業,27,304342542,
5434,5434.TW,TOPCO,崇越,,TWSE LISTED,電子通路業,電子通路業,29,194007983,
5469,5469.TW,HSB,瀚宇博,,TWSE LISTED,電子零組件業,電子零組件業,28,486166000,
5471,5471.TW,SONIX,松翰,,TWSE LISTED,半導體業,半導體業,24,167877062,
5484,5484.TW,EverFocus,慧友,,TWSE LISTED,光電業,光電業,26,66801000,
5515,5515.TW,CHIEN KUO,建國,,TWSE LISTED,建材營造,建材營造,14,201600084,
5519,5519.TW,LD,隆大,,TWSE LISTED,建材營造,建材營造,14,230157039,
5521,5521.TW,KSECO,工信,,TWSE LISTED,建材營造,建材營造,14,492280155,
5522,5522.TW,Farglory,遠雄,,TWSE LISTED,建材營造,建材營造,14,781596241,
5525,5525.TW,SWEETEN,順天,,TWSE LISTED,建材營造,建材營造,14,318105378,
5531,5531.TW,Shining,鄉林,,TWSE LISTED,建材營造,建材營造,14,977589245,
5533,5533.TW,FOUNDING,皇鼎,,TWSE LISTED,建材營造,建材營造,14,285244944,
5534,5534.TW,CHONG HONG,長虹,,TWSE LISTED,建材營造,建材營造,14,315325960,
5538,5538.TW,TONG MING,東明-KY,,TWSE LISTED,鋼鐵工業,鋼鐵工業,10,201203333,
5546,5546.TW,YGI,永固-KY,,TWSE LISTED,建材營造,建材營造,14,82353402,
5607,5607.TW,Farglory FTZ,遠雄港,,TWSE LISTED,航運業,航運業,15,370552913,
5608,5608.TW,S. W.,四維航,,TWSE LISTED,航運業,航運業,15,389276138,
5706,5706.TW,PHX TOUR,鳳凰,,TWSE LISTED,觀光餐旅,觀光餐旅,16,83767920,
5871,5871.TW,Chailease,中租-KY,,TWSE LISTED,其他,其他,20,1745649584,
5876,5876.TW,SCSB,上海商銀,,TWSE LISTED,金融保險,金融保險,17,4910219171,
5880,5880.TW,TCFHC,合庫金,,TWSE LISTED,金融保險,金融保險,17,16072960337,
5906,5906.TW,TAINAN CAYMAN,台南-KY,,TWSE LISTED,貿易百貨,貿易百貨,18,37528483,
5907,5907.TW,GORG,大洋-KY,,TWSE LISTED,貿易百貨,貿易百貨,18,195531000,
6005,6005.TW,CSC,群益證,,TWSE LISTED,金融保險,金融保險,17,2455297058,
6024,6024.TW,CFC,群益期,,TWSE LISTED,金融保險,金融保險,17,266683403,
6108,6108.TW,APCB INC.,競國,,TWSE LISTED,電子零組件業,電子零組件業,28,108146018,
6112,6112.TW,Metaage,邁達特,,TWSE LISTED,資訊服務業,資訊服務業,30,188357336,
6115,6115.TW,I-SHENG,鎰勝,,TWSE LISTED,電子零組件業,電子零組件業,28,187662154,
6116,6116.TW,Hannstar,彩晶,,TWSE LISTED,光電業,光電業,26,2858654851,
6117,6117.TW,IN WIN,迎廣,,TWSE LISTED,電腦及週邊設備業,電腦及週邊設備業,25,92586749,
6120,6120.TW,DARWIN,達運,,TWSE LISTED,光電業,光電業,26,598999602,
6128,6128.TW,GPI,上福,,TWSE LISTED,電腦及週邊設備業,電腦及週邊設備業,25,127588740,
6133,6133.TW,GBE,金橋,,TWSE LISTED,電子零組件業,電子零組件業,28,117006294,
6136,6136.TW,FTC,富爾特,,TWSE LISTED,通信網路業,通信網路業,27,115536412,
6139,6139.TW,L & K,亞翔,,TWSE LISTED,其他電子業,其他電子業,31,235575724,
6141,6141.TW,PLOTECH,柏承,,TWSE LISTED,電子零組件業,電子零組件業,28,113354005,
6142,6142.TW,CAMEO,友勁,,TWSE LISTED,通信網路業,通信網路業,27,304206695,
6152,6152.TW,PRIME,百一,,TWSE LISTED,通信網路業,通信網路業,27,167738463,
6153,6153.TW,Career Tech.,嘉聯益,,TWSE LISTED,電子零組件業,電子零組件業,28,636177694,
6155,6155.TW,KC,鈞寶,,TWSE LISTED,電子零組件業,電子零組件業,28,88023988,
6164,6164.TW,LEDTECH,華興,,TWSE LISTED,光電業,光電業,26,80000000,
6165,6165.TW,Lang,浪凡,,TWSE LISTED,數位雲端,數位雲端,36,77752623,
6166,6166.TW,ADLINK,凌華,,TWSE LISTED,電腦及週邊設備業,電腦及週邊設備業,25,217779257,
6168,6168.TW,HARVATEK CORPOR,宏齊,,TWSE LISTED,光電業,光電業,26,205761801,
6176,6176.TW,ROEC,瑞儀,,TWSE LISTED,光電業,光電業,26,348770447,
6177,6177.TW,"DA-LI CO.,LTD.",達麗,,TWSE LISTED,建材營造,建材營造,14,472370728,
6183,6183.TW,TRADE-VAN,關貿,,TWSE LISTED,資訊服務業,資訊服務業,30,150000000,
6184,6184.TW,Dafeng TV Ltd.,大豐電,,TWSE LISTED,其他,其他,20,158230657,
6189,6189.TW,Promate,豐藝,,TWSE LISTED,電子通路業,電子通路業,29,263826017,
6191,6191.TW,GBM,精成科,,TWSE LISTED,電子零組件業,電子零組件業,28,499303000,
6192,6192.TW,LUMAX,巨路,,TWSE LISTED,其他電子業,其他電子業,31,96155770,
6196,6196.TW,MIC,帆宣,,TWSE LISTED,其他電子業,其他電子業,31,220329529,
6197,6197.TW,JPC,佳必琪,,TWSE LISTED,電子零組件業,電子零組件業,28,123439128,
6201,6201.TW,YAHORNG,亞弘電,,TWSE LISTED,其他電子業,其他電子業,31,89200000,
6202,6202.TW,HOLTEK,盛群,,TWSE LISTED,半導體業,半導體業,24,230388200,
6205,6205.TW,COXOC,詮欣,,TWSE LISTED,電子零組件業,電子零組件業,28,82235907,
6206,6206.TW,FLYTECH,飛捷,,TWSE LISTED,電腦及週邊設備業,電腦及週邊設備業,25,143062324,
6209,6209.TW,KINKO,今國光,,TWSE LISTED,光電業,光電業,26,181887549,
6213,6213.TW,ITEQ,聯茂,,TWSE LISTED,電子零組件業,電子零組件業,28,363597218,
6214,6214.TW,SYSTEX,精誠,,TWSE LISTED,資訊服務業,資訊服務業,30,272243066,
6215,6215.TW,Aurotek,和椿,,TWSE LISTED,其他電子業,其他電子業,31,83529693,
6216,6216.TW,DrayTek Corp.,居易,,TWSE LISTED,通信網路業,通信網路業,27,97296137,
6224,6224.TW,PTTC.,聚鼎,,TWSE LISTED,電子零組件業,電子零組件業,28,85645361,
6225,6225.TW,aiPlex,天瀚,,TWSE LISTED,光電業,光電業,26,60000000,
6226,6226.TW,Para Light,光鼎,,TWSE LISTED,光電業,光電業,26,115534789,
6230,6230.TW,NCCI,尼得科超眾,,TWSE LISTED,電腦及週邊設備業,電腦及週邊設備業,25,86343396,
6235,6235.TW,Waffer,華孚,,TWSE LISTED,電腦及週邊設備業,電腦及週邊設備業,25,199906306,
6239,6239.TW,PTI,力成,,TWSE LISTED,半導體業,半導體業,24,759146634,
6243,6243.TW,ENE,迅杰,,TWSE LISTED,半導體業,半導體業,24,45268841,
6257,6257.TW,SIGURD,矽格,,TWSE LISTED,半導體業,半導體業,24,483912325,
6269,6269.TW,FLEXIUM,台郡,,TWSE LISTED,電子零組件業,電子零組件業,28,323831481,
6271,6271.TW,THEIL,同欣電,,TWSE LISTED,半導體業,半導體業,24,209058024,
6272,6272.TW,WIESON,驊陞,,TWSE LISTED,電子零組件業,電子零組件業,28,81763948,
6277,6277.TW,ATEN,宏正,,TWSE LISTED,電腦及週邊設備業,電腦及週邊設備業,25,119471166,
6278,6278.TW,TSMT,台表科,,TWSE LISTED,光電業,光電業,26,292398353,
6281,6281.TW,E-LIFE,全國電,,TWSE LISTED,電子通路業,電子通路業,29,99172945,
6282,6282.TW,Acbel,康舒,,TWSE LISTED,電子零組件業,電子零組件業,28,856100705,
6283,6283.TW,SOE,淳安,,TWSE LISTED,其他電子業,其他電子業,31,147581343,
6285,6285.TW,WNC,啟碁,,TWSE LISTED,通信網路業,通信網路業,27,483441359,
6405,6405.TW,ONANO,悅城,,TWSE LISTED,光電業,光電業,26,65800000,
6409,6409.TW,VOLTRONIC,旭隼,,TWSE LISTED,其他電子業,其他電子業,31,88253566,
6412,6412.TW,Chicony Power,群電,,TWSE LISTED,電子零組件業,電子零組件業,28,400769126,
6414,6414.TW,ENNOCONN,樺漢,,TWSE LISTED,電腦及週邊設備業,電腦及週邊設備業,25,151315037,
6415,6415.TW,Silergy,矽力*-KY,,TWSE LISTED,半導體業,半導體業,24,390362929,
6416,6416.TW,CASWELL,瑞祺電通,,TWSE LISTED,通信網路業,通信網路業,27,73348460,
6426,6426.TW,APOGEE,統新,,TWSE LISTED,通信網路業,通信網路業,27,38509000,
6431,6431.TW,KL,光麗-KY,,TWSE LISTED,生技醫療業,生技醫療業,22,97398835,
6438,6438.TW,SAA,迅得,,TWSE LISTED,其他電子業,其他電子業,31,82206325,
6442,6442.TW,EZconn,光聖,,TWSE LISTED,通信網路業,通信網路業,27,81817552,
6443,6443.TW,TSEC,元晶,,TWSE LISTED,光電業,光電業,26,512796730,
6446,6446.TW,PEC,藥華藥,,TWSE LISTED,生技醫療業,生技醫療業,22,422434636,
6449,6449.TW,APAQ,鈺邦,,TWSE LISTED,電子零組件業,電子零組件業,28,91878014,
6451,6451.TW,ShunSin,訊芯-KY,,TWSE LISTED,半導體業,半導體業,24,117853601,
6456,6456.TW,GIS,GIS-KY,,TWSE LISTED,光電業,光電業,26,337939800,
6464,6464.TW,top MSO,台數科,,TWSE LISTED,其他,其他,20,133932793,
6472,6472.TW,Bora,保瑞,,TWSE LISTED,生技醫療業,生技醫療業,22,128019122,
6477,6477.TW,Anji,安集,,TWSE LISTED,光電業,光電業,26,123787196,
6491,6491.TW,PEGAVISION,晶碩,,TWSE LISTED,生技醫療業,生技醫療業,22,78000000,
6504,6504.TW,NAN LIU,南六,,TWSE LISTED,其他,其他,20,72600000,
6505,6505.TW,FPCC,台塑化,,TWSE LISTED,油電燃氣業,油電燃氣業,23,9525959652,
6515,6515.TW,WinWay,穎崴,,TWSE LISTED,半導體業,半導體業,24,36444782,
6525,6525.TW,GEM,捷敏-KY,,TWSE LISTED,半導體業,半導體業,24,129047384,
6526,6526.TW,Airoha,達發,,TWSE LISTED,半導體業,半導體業,24,167505554,
6531,6531.TW,AP Memory,愛普*,,TWSE LISTED,半導體業,半導體業,24,163149082,
6533,6533.TW,ANDES,晶心科,,TWSE LISTED,半導體業,半導體業,24,50650911,
6534,6534.TW,CHBIO,正瀚-創,,TWSE LISTED,生技醫療業,生技醫療業,22,102800000,
6541,6541.TW,Tanvex,泰福-KY,,TWSE LISTED,生技醫療業,生技醫療業,22,265216367,
6550,6550.TW,PG,北極星藥業-KY,,TWSE LISTED,生技醫療業,生技醫療業,22,464846344,
6552,6552.TW,JMC,易華電,,TWSE LISTED,半導體業,半導體業,24,83000000,
6558,6558.TW,SYNergy,興能高,,TWSE LISTED,其他電子業,其他電子業,31,93788875,
6573,6573.TW,HY,虹揚-KY,,TWSE LISTED,半導體業,半導體業,24,80499345,
6579,6579.TW,AAEON,研揚,,TWSE LISTED,電腦及週邊設備業,電腦及週邊設備業,25,169451221,
6581,6581.TW,TSU,鋼聯,,TWSE LISTED,綠能環保,綠能環保,35,111270887,
6582,6582.TW,Shin Foong,申豐,,TWSE LISTED,橡膠工業,橡膠工業,11,106174141,
6585,6585.TW,DingZing,鼎基,,TWSE LISTED,其他,其他,20,72133587,
6589,6589.TW,EirGenix,台康生技,,TWSE LISTED,生技醫療業,生技醫療業,22,302068169,
6591,6591.TW,SUN MAX,動力-KY,,TWSE LISTED,電腦及週邊設備業,電腦及週邊設備業,25,41122465,
6592,6592.TW,HOTAI FINANCE,和潤企業,,TWSE LISTED,其他,其他,20,641845008,
6598,6598.TW,Applied BioCode,ABC-KY,,TWSE LISTED,生技醫療業,生技醫療業,22,102819061,
6605,6605.TW,DEPO,帝寶,,TWSE LISTED,汽車工業,汽車工業,12,165816397,
6606,6606.TW,KENT,建德工業,,TWSE LISTED,電機機械,電機機械,05,110303783,
6614,6614.TW,IISI,資拓宏宇,,TWSE LISTED,數位雲端,數位雲端,36,80660521,
6625,6625.TW,Binlive,必應,,TWSE LISTED,其他,其他,20,57972488,
6641,6641.TW,GSD-KY,基士德-KY,,TWSE LISTED,綠能環保,綠能環保,35,36500000,
6645,6645.TW,KIM FOREST,金萬林-創,,TWSE LISTED,生技醫療業,生技醫療業,22,60864050,
6655,6655.TW,KD,科定,,TWSE LISTED,其他,其他,20,80571817,
6657,6657.TW,ENERGENESIS,華安,,TWSE LISTED,生技醫療業,生技醫療業,22,88808000,
6658,6658.TW,SynPower,聯策,,TWSE LISTED,其他電子業,其他電子業,31,38370000,
6666,6666.TW,LLF-KY,羅麗芬-KY,,TWSE LISTED,生技醫療業,生技醫療業,22,47388000,
6668,6668.TW,Zhong Yang,中揚光,,TWSE LISTED,光電業,光電業,26,107116087,
6669,6669.TW,Wiwynn,緯穎,,TWSE LISTED,電腦及週邊設備業,電腦及週邊設備業,25,560199772,
6670,6670.TW,FSP,復盛應用,,TWSE LISTED,運動休閒,運動休閒,37,139386973,
6671,6671.TW,San Neng-KY,三能-KY,,TWSE LISTED,居家生活,居家生活,38,60750000,
6672,6672.TW,Ventec,騰輝電子-KY,,TWSE LISTED,電子零組件業,電子零組件業,28,81620212,
6674,6674.TW,CBN,鋐寶科技,,TWSE LISTED,通信網路業,通信網路業,27,68222459,
6689,6689.TW,ECV,伊雲谷,,TWSE LISTED,數位雲端,數位雲端,36,68000000,
6691,6691.TW,YANKEY,洋基工程,,TWSE LISTED,其他電子業,其他電子業,31,133546930,
6695,6695.TW,iCatchtek,芯鼎,,TWSE LISTED,半導體業,半導體業,24,106947650,
6698,6698.TW,FINEMAT,旭暉應材,,TWSE LISTED,其他電子業,其他電子業,31,66389753,
6706,6706.TW,FitTech,惠特,,TWSE LISTED,光電業,光電業,26,78549433,
6715,6715.TW,Lintes,嘉基,,TWSE LISTED,電子零組件業,電子零組件業,28,68274026,
6719,6719.TW,uPI,力智,,TWSE LISTED,半導體業,半導體業,24,105516989,
6722,6722.TW,Whetron,輝創,,TWSE LISTED,其他電子業,其他電子業,31,88400000,
6742,6742.TW,Vti,澤米,,TWSE LISTED,光電業,光電業,26,71267948,
6743,6743.TW,AMPACS,安普新,,TWSE LISTED,其他電子業,其他電子業,31,150000000,
6753,6753.TW,LUNGTEH,龍德造船,,TWSE LISTED,航運業,航運業,15,117254081,
6754,6754.TW,Rich Honour,匯僑設計,,TWSE LISTED,居家生活,居家生活,38,66000000,
6756,6756.TW,VLI,威鋒電子,,TWSE LISTED,半導體業,半導體業,24,69990000,
6757,6757.TW,TTW,台灣虎航,,TWSE LISTED,航運業,航運業,15,459530000,
6768,6768.TW,SPG-KY,志強-KY,,TWSE LISTED,運動休閒,運動休閒,37,200095061,
6770,6770.TW,PSMC,力積電,,TWSE LISTED,半導體業,半導體業,24,4712080856,
6771,6771.TW,PHET,平和環保-創,,TWSE LISTED,綠能環保,綠能環保,35,31179500,
6776,6776.TW,Weblink,展碁國際,,TWSE LISTED,電子通路業,電子通路業,29,91581430,
6781,6781.TW,AES-KY,AES-KY,,TWSE LISTED,電子零組件業,電子零組件業,28,85418780,
6782,6782.TW,VISCO,視陽,,TWSE LISTED,生技醫療業,生技醫療業,22,63000000,
6789,6789.TW,VisEra,采鈺,,TWSE LISTED,半導體業,半導體業,24,318299119,
6790,6790.TW,YFYCPG,永豐實,,TWSE LISTED,造紙工業,造紙工業,09,267129021,
6792,6792.TW,Unictron,詠業,,TWSE LISTED,通信網路業,通信網路業,27,47875325,
6794,6794.TW,UnicoCell,向榮生技,,TWSE LISTED,生技醫療業,生技醫療業,22,63637000,
6796,6796.TW,MiiS,晉弘,,TWSE LISTED,生技醫療業,生技醫療業,22,40233970,
6799,6799.TW,M3TEK,來頡,,TWSE LISTED,半導體業,半導體業,24,43652193,
6805,6805.TW,Fositek,富世達,,TWSE LISTED,電子零組件業,電子零組件業,28,68553896,
6807,6807.TW,FY-KY,峰源-KY,,TWSE LISTED,居家生活,居家生活,38,54000000,
6830,6830.TW,MSS,汎銓,,TWSE LISTED,其他電子業,其他電子業,31,54413615,
6831,6831.TW,MICROLOOPS,邁科,,TWSE LISTED,電腦及週邊設備業,電腦及週邊設備業,25,67500000,
6834,6834.TW,EVEROHMS,天二科技,,TWSE LISTED,電子零組件業,電子零組件業,28,88471082,
6835,6835.TW,CMI,圓裕,,TWSE LISTED,電子零組件業,電子零組件業,28,66172297,
6838,6838.TW,FRMSP,台新藥,,TWSE LISTED,生技醫療業,生技醫療業,22,150977100,
6854,6854.TW,PlayNitride,錼創科技-KY創,,TWSE LISTED,半導體業,半導體業,24,117678622,
6861,6861.TW,INCX,睿生光電,,TWSE LISTED,生技醫療業,生技醫療業,22,41599250,
6862,6862.TW,TRIO-KY,三集瑞-KY,,TWSE LISTED,電子零組件業,電子零組件業,28,50000000,
6863,6863.TW,Arizon RFID,永道-KY,,TWSE LISTED,通信網路業,通信網路業,27,74888000,
6869,6869.TW,J&V Energy,雲豹能源,,TWSE LISTED,綠能環保,綠能環保,35,137830041,
6873,6873.TW,HDRE,泓德能源,,TWSE LISTED,綠能環保,綠能環保,35,142649099,
6885,6885.TW,BRIM,全福生技,,TWSE LISTED,生技醫療業,生技醫療業,22,133061000,
6887,6887.TW,BORETECH-KY,寶綠特-KY,,TWSE LISTED,綠能環保,綠能環保,35,74205512,
6890,6890.TW,Lai Yih,來億-KY,,TWSE LISTED,運動休閒,運動休閒,37,250296650,
6901,6901.TW,DIAMOND BIOFUND,鑽石投資,,TWSE LISTED,其他,其他,20,853360000,
6902,6902.TW,Gogolook,GOGOLOOK,,TWSE LISTED,數位雲端,數位雲端,36,35529948,
6906,6906.TW,Groundhog,現觀科,,TWSE LISTED,數位雲端,數位雲端,36,33537400,
6908,6908.TW,AGM,宏碁遊戲-創,,TWSE LISTED,電子通路業,電子通路業,29,37180000,
6909,6909.TW,tCt,創控,,TWSE LISTED,半導體業,半導體業,24,67487900,
6914,6914.TW,PSS,阜爾運通,,TWSE LISTED,其他,其他,20,79471200,
6916,6916.TW,WINSTAR,華凌,,TWSE LISTED,光電業,光電業,26,67500000,
6918,6918.TW,A Plus Biotech,愛派司,,TWSE LISTED,生技醫療業,生技醫療業,22,34571000,
6919,6919.TW,Caliway,康霈*,,TWSE LISTED,生技醫療業,生技醫療業,22,1557200860,
6921,6921.TW,LeRain,嘉雨思-創,,TWSE LISTED,半導體業,半導體業,24,32261941,
6923,6923.TW,ctrt,中台,,TWSE LISTED,綠能環保,綠能環保,35,90439000,
6924,6924.TW,EIKEI-KY,榮惠-KY創,,TWSE LISTED,電子零組件業,電子零組件業,28,20624000,
6928,6928.TW,UTI,攸泰科技,,TWSE LISTED,電腦及週邊設備業,電腦及週邊設備業,25,86000000,
6931,6931.TW,Qing Song,青松健康,,TWSE LISTED,生技醫療業,生技醫療業,22,66152160,
6933,6933.TW,AMAX,AMAX-KY,,TWSE LISTED,電腦及週邊設備業,電腦及週邊設備業,25,42486350,
6934,6934.TW,HCMED,心誠鎂,,TWSE LISTED,生技醫療業,生技醫療業,22,36130304,
6937,6937.TW,Skytech,天虹,,TWSE LISTED,半導體業,半導體業,24,67655263,
6944,6944.TW,Mega Union,兆聯實業,,TWSE LISTED,綠能環保,綠能環保,35,99694286,
6947,6947.TW,Techzone,台鎔科技,,TWSE LISTED,綠能環保,綠能環保,35,106126334,
6949,6949.TW,PELL BMT,沛爾生醫*-創,,TWSE LISTED,生技醫療業,生技醫療業,22,1311601000,
6951,6951.TW,CHIN HSIN,青新-創,,TWSE LISTED,綠能環保,綠能環保,35,52000000,
6952,6952.TW,DWS,大武山,,TWSE LISTED,其他,其他,20,68345000,
6955,6955.TW,BONRAYBIO,邦睿生技-創,,TWSE LISTED,生技醫療業,生技醫療業,22,30380960,
6957,6957.TW,Horizon,裕慶-KY,,TWSE LISTED,其他,其他,20,55736455,
6958,6958.TW,INFINITE,日盛台駿,,TWSE LISTED,其他,其他,20,421453828,
6962,6962.TW,ITH-KY,奕力-KY,,TWSE LISTED,半導體業,半導體業,24,492396565,
6965,6965.TW,CJ,中傑-KY,,TWSE LISTED,運動休閒,運動休閒,37,156336000,
6969,6969.TW,Transcene,成信實業*-創,,TWSE LISTED,綠能環保,綠能環保,35,43857189,
6988,6988.TW,WELLYSUN,威力暘-創,,TWSE LISTED,汽車工業,汽車工業,12,47600000,
6994,6994.TW,FWP,富威電力,,TWSE LISTED,綠能環保,綠能環保,35,74162071,
7610,7610.TW,LIANYOU METALS,聯友金屬-創,,TWSE LISTED,綠能環保,綠能環保,35,58305456,
7631,7631.TW,GENIIDEAS,聚賢研發-創,,TWSE LISTED,其他電子業,其他電子業,31,20142000,
7689,7689.TW,CLIMAX,大鵬科CLMX,,TWSE LISTED,通信網路業,通信網路業,27,58507250,
7705,7705.TW,Mercuries F&B,三商餐飲,,TWSE LISTED,觀光餐旅,觀光餐旅,16,66067304,
7711,7711.TW,ASROCK RACK,永擎,,TWSE LISTED,電腦及週邊設備業,電腦及週邊設備業,25,71700445,
7721,7721.TW,MICROPROGRAM,微程式,,TWSE LISTED,數位雲端,數位雲端,36,55370000,
7722,7722.TW,LINEPAY,LINEPAY,,TWSE LISTED,數位雲端,數位雲端,36,71400000,
7730,7730.TW,NEMS,暉盛-創,,TWSE LISTED,半導體業,半導體業,24,38636568,
7732,7732.TW,KING SHING,金興精密,,TWSE LISTED,汽車工業,汽車工業,12,64680000,
7736,7736.TW,HUSHAN,虎山,,TWSE LISTED,汽車工業,汽車工業,12,76000000,
7740,7740.TW,SEETEL,熙特爾-創,,TWSE LISTED,綠能環保,綠能環保,35,60000000,
7749,7749.TW,iGo-KY,意騰-KY,,TWSE LISTED,半導體業,半導體業,24,46485728,
7750,7750.TW,Syntec,新代,,TWSE LISTED,電機機械,電機機械,05,71843000,
7760,7760.TW,ENJOY,享溫馨,,TWSE LISTED,觀光餐旅,觀光餐旅,16,64548000,
7765,7765.TW,CHT Security,中華資安,,TWSE LISTED,數位雲端,數位雲端,36,40681000,
7768,7768.TW,PVI,頌勝科技,,TWSE LISTED,半導體業,半導體業,24,70065000,
7769,7769.TW,HON,鴻勁,,TWSE LISTED,半導體業,半導體業,24,179930000,
7780,7780.TW,DAIKEN,大研生醫*,,TWSE LISTED,食品工業,食品工業,02,810024170,
7786,7786.TW,DFO,東方風能,,TWSE LISTED,綠能環保,綠能環保,35,175953944,
7788,7788.TW,SONG CHUAN,松川精密,,TWSE LISTED,電子零組件業,電子零組件業,28,79745993,
7791,7791.TW,LUCKY ROYAL,皇家可口,,TWSE LISTED,食品工業,食品工業,02,80000000,
7795,7795.TW,EPM,長廣,,TWSE LISTED,電子零組件業,電子零組件業,28,78828500,
7799,7799.TW,HNMC,禾榮科,,TWSE LISTED,生技醫療業,生技醫療業,22,158245000,
7803,7803.TW,aetherAI,雲象科技-創,,TWSE LISTED,生技醫療業,生技醫療業,22,94412888,
7812,7812.TW,TMYTEK,稜研科技*-創,,TWSE LISTED,通信網路業,通信網路業,27,64398521,
7818,7818.TW,KEMFLO,溢泰實業,,TWSE LISTED,綠能環保,綠能環保,35,164946000,
7821,7821.TW,MDT,神數,,TWSE LISTED,汽車工業,汽車工業,12,121913300,
7822,7822.TW,V5 TECHNOLOGIES,倍利科,,TWSE LISTED,半導體業,半導體業,24,45560763,
7823,7823.TW,CyCraft-KY,奧義賽博-KY創,,TWSE LISTED,數位雲端,數位雲端,36,33490890,
7827,7827.TW,Hanchor-KY,漢康-KY創,,TWSE LISTED,生技醫療業,生技醫療業,22,140887437,
7835,7835.TW,H2U,永悅健康-創,,TWSE LISTED,數位雲端,數位雲端,36,46544367,
7855,7855.TW,HLC,和運租車,,TWSE LISTED,其他,其他,20,192527928,
8011,8011.TW,TTCC,台通,,TWSE LISTED,通信網路業,通信網路業,27,165921891,
8016,8016.TW,Sitronix,矽創,,TWSE LISTED,半導體業,半導體業,24,120136876,
8021,8021.TW,Topoint,尖點,,TWSE LISTED,其他電子業,其他電子業,31,145042467,
8028,8028.TW,PSI,昇陽半導體,,TWSE LISTED,半導體業,半導體業,24,183550260,
8033,8033.TW,TT,雷虎,,TWSE LISTED,其他,其他,20,164629775,
8039,8039.TW,TAIFLEX,台虹,,TWSE LISTED,電子零組件業,電子零組件業,28,263803994,
8045,8045.TW,TWOWAY,達運光電,,TWSE LISTED,通信網路業,通信網路業,27,95041815,
8046,8046.TW,N.P.C,南電,,TWSE LISTED,電子零組件業,電子零組件業,28,646165487,
8070,8070.TW,CHANG WAH,長華*,,TWSE LISTED,電子通路業,電子通路業,29,725648455,
8072,8072.TW,AV TECH,陞泰,,TWSE LISTED,電子通路業,電子通路業,29,80000000,
8081,8081.TW,GMT,致新,,TWSE LISTED,半導體業,半導體業,24,86172072,
8101,8101.TW,Arima Comm.,華冠,,TWSE LISTED,通信網路業,通信網路業,27,52166216,
8103,8103.TW,CviLux,瀚荃,,TWSE LISTED,電子零組件業,電子零組件業,28,78436671,
8104,8104.TW,RiTdisplay,錸寶,,TWSE LISTED,光電業,光電業,26,104058192,
8105,8105.TW,GiantPlus,凌巨,,TWSE LISTED,光電業,光電業,26,441544851,
8110,8110.TW,WALTON,華東,,TWSE LISTED,半導體業,半導體業,24,517739876,
8112,8112.TW,Supreme,至上,,TWSE LISTED,電子通路業,電子通路業,29,565293058,
8114,8114.TW,POSIFLEX,振樺電,,TWSE LISTED,電腦及週邊設備業,電腦及週邊設備業,25,76487772,
8131,8131.TW,FATC,福懋科,,TWSE LISTED,半導體業,半導體業,24,442222223,
8150,8150.TW,ChipMOS,南茂,,TWSE LISTED,半導體業,半導體業,24,704523126,
8162,8162.TW,MSEC,微矽電子-創,,TWSE LISTED,半導體業,半導體業,24,68702000,
8163,8163.TW,DARFON,達方,,TWSE LISTED,電腦及週邊設備業,電腦及週邊設備業,25,280000001,
8201,8201.TW,BESTA,無敵,,TWSE LISTED,其他電子業,其他電子業,31,62366275,
8210,8210.TW,CHENBRO,勤誠,,TWSE LISTED,電腦及週邊設備業,電腦及週邊設備業,25,125619146,
8213,8213.TW,tpt,志超,,TWSE LISTED,電子零組件業,電子零組件業,28,271242488,
8215,8215.TW,BMC,明基材,,TWSE LISTED,光電業,光電業,26,320674514,
8222,8222.TW,Aero Win,寶一,,TWSE LISTED,電機機械,電機機械,05,68573500,
8249,8249.TW,CSI,菱光,,TWSE LISTED,電子零組件業,電子零組件業,28,137824500,
8261,8261.TW,APEC,富鼎,,TWSE LISTED,半導體業,半導體業,24,118878393,
8271,8271.TW,Apacer,宇瞻,,TWSE LISTED,半導體業,半導體業,24,129614266,
8341,8341.TW,SF,日友,,TWSE LISTED,綠能環保,綠能環保,35,130000000,
8367,8367.TW,CS,建新國際,,TWSE LISTED,航運業,航運業,15,92172031,
8374,8374.TW,ACE PILLAR,羅昇,,TWSE LISTED,電機機械,電機機械,05,112250487,
8404,8404.TW,PAIHO SHIH,百和興業-KY,,TWSE LISTED,其他,其他,20,419933884,
8411,8411.TW,KINGCAN,福貞-KY,,TWSE LISTED,其他,其他,20,218404319,
8422,8422.TW,Cleanaway,可寧衛*,,TWSE LISTED,綠能環保,綠能環保,35,1358762544,
8429,8429.TW,Jinli,金麗-KY,,TWSE LISTED,貿易百貨,貿易百貨,18,185747151,
8438,8438.TW,AMIA,昶昕,,TWSE LISTED,綠能環保,綠能環保,35,69943000,
8442,8442.TW,WW,威宏-KY,,TWSE LISTED,其他,其他,20,70169764,
8443,8443.TW,ASO,阿瘦,,TWSE LISTED,貿易百貨,貿易百貨,18,66800000,
8454,8454.TW,momo,富邦媒,,TWSE LISTED,數位雲端,數位雲端,36,264975275,
8462,8462.TW,Power Wind,柏文,,TWSE LISTED,運動休閒,運動休閒,37,80380116,
8463,8463.TW,RTM,潤泰材,,TWSE LISTED,其他,其他,20,150000000,
8464,8464.TW,Nien Made,億豐,,TWSE LISTED,居家生活,居家生活,38,293020200,
8466,8466.TW,M.J.,美吉吉-KY,,TWSE LISTED,其他,其他,20,79445628,
8467,8467.TW,BONNY,波力-KY,,TWSE LISTED,運動休閒,運動休閒,37,48373575,
8473,8473.TW,FOREST WATER,山林水,,TWSE LISTED,綠能環保,綠能環保,35,182306922,
8476,8476.TW,TESC,台境*,,TWSE LISTED,綠能環保,綠能環保,35,166226358,
8478,8478.TW,Ocean Alexander,東哥遊艇,,TWSE LISTED,運動休閒,運動休閒,37,93972276,
8481,8481.TW,Transart,政伸,,TWSE LISTED,其他,其他,20,66601866,
8482,8482.TW,Shane Global,商億-KY,,TWSE LISTED,居家生活,居家生活,38,107444000,
8487,8487.TW,ELTA,愛爾達-創,,TWSE LISTED,數位雲端,數位雲端,36,26535000,
8488,8488.TW,JYPKG,吉源-KY,,TWSE LISTED,其他,其他,20,73500000,
8499,8499.TW,TOP BRIGHT,鼎炫-KY,,TWSE LISTED,其他電子業,其他電子業,31,41165557,
8926,8926.TW,TCC,台汽電,,TWSE LISTED,油電燃氣業,油電燃氣業,23,830282000,
8940,8940.TW,New Palace,新天地,,TWSE LISTED,觀光餐旅,觀光餐旅,16,67491032,
8996,8996.TW,KAORI,高力,,TWSE LISTED,電機機械,電機機械,05,93501537,
9802,9802.TW,Fulgent Sun,鈺齊-KY,,TWSE LISTED,運動休閒,運動休閒,37,200991673,
9902,9902.TW,TIDEHOLD,台火,,TWSE LISTED,其他,其他,20,98049600,
9904,9904.TW,PCC,寶成,,TWSE LISTED,運動休閒,運動休閒,37,2946787213,
9905,9905.TW,GCM,大華,,TWSE LISTED,其他,其他,20,305000000,
9906,9906.TW,HSIN BA BA,欣巴巴,,TWSE LISTED,建材營造,建材營造,14,90376358,
9907,9907.TW,TON YI,統一實,,TWSE LISTED,其他,其他,20,1579145342,
9908,9908.TW,GTG,大台北,,TWSE LISTED,油電燃氣業,油電燃氣業,23,516358000,
9910,9910.TW,FT,豐泰,,TWSE LISTED,運動休閒,運動休閒,37,987482831,
9911,9911.TW,TAIWAN SAKURA,櫻花,,TWSE LISTED,居家生活,居家生活,38,222332287,
9912,9912.TW,AIC,偉聯,,TWSE LISTED,電腦及週邊設備業,電腦及週邊設備業,25,53792569,
9914,9914.TW,MIC,美利達,,TWSE LISTED,運動休閒,運動休閒,37,298983800,
9917,9917.TW,TAIWAN SECOM,中保科,,TWSE LISTED,其他,其他,20,473756948,
9918,9918.TW,S.S.N.G,欣天然,,TWSE LISTED,油電燃氣業,油電燃氣業,23,180537453,
9919,9919.TW,KNH,康那香,,TWSE LISTED,其他,其他,20,195362750,
9921,9921.TW,GIANT,巨大,,TWSE LISTED,運動休閒,運動休閒,37,392065395,
9924,9924.TW,TAIWAN FU HSING,福興,,TWSE LISTED,居家生活,居家生活,38,150761736,
9925,9925.TW,SKS,新保,,TWSE LISTED,其他,其他,20,387489605,
9926,9926.TW,S.H.,新海,,TWSE LISTED,油電燃氣業,油電燃氣業,23,179504075,
9927,9927.TW,TMI,泰銘,,TWSE LISTED,其他,其他,20,120000000,
9928,9928.TW,CTV,中視,,TWSE LISTED,其他,其他,20,70724583,
9929,9929.TW,CHOICE,秋雨,,TWSE LISTED,其他,其他,20,101280000,
9930,9930.TW,CHC,中聯資源,,TWSE LISTED,綠能環保,綠能環保,35,248540368,
9931,9931.TW,HSIN KAO,欣高,,TWSE LISTED,油電燃氣業,油電燃氣業,23,120369303,
9933,9933.TW,CTCI,中鼎,,TWSE LISTED,其他,其他,20,944437034,
9934,9934.TW,GUIC,成霖,,TWSE LISTED,居家生活,居家生活,38,411016962,
9935,9935.TW,CF,慶豐富,,TWSE LISTED,居家生活,居家生活,38,177838926,
9937,9937.TW,NPC,全國,,TWSE LISTED,油電燃氣業,油電燃氣業,23,309043000,
9938,9938.TW,TAIWAN PAIHO,百和,,TWSE LISTED,其他,其他,20,297963902,
9939,9939.TW,HON CHUAN,宏全,,TWSE LISTED,其他,其他,20,295786475,
9940,9940.TW,Sinyi,信義,,TWSE LISTED,其他,其他,20,736846500,
9941,9941.TW,TAC,裕融,,TWSE LISTED,其他,其他,20,587149073,
9942,9942.TW,MAO SHUN,茂順,,TWSE LISTED,其他,其他,20,83161320,
9943,9943.TW,HOLIDAY,好樂迪,,TWSE LISTED,觀光餐旅,觀光餐旅,16,125171510,
9944,9944.TW,Shinih,新麗,,TWSE LISTED,其他,其他,20,105908100,
9945,9945.TW,RUENTEX DEVELOP,潤泰新,,TWSE LISTED,其他,其他,20,2844225086,
9946,9946.TW,SANFAR,三發地產,,TWSE LISTED,建材營造,建材營造,14,326554150,
9955,9955.TW,SDTI,佳龍,,TWSE LISTED,綠能環保,綠能環保,35,104424629,
9958,9958.TW,CIS,世紀鋼,,TWSE LISTED,鋼鐵工業,鋼鐵工業,10,266896665,
1240,1240.TWO,MORNSUN,茂生農經,,TPEx LISTED,農業科技業,農業科技業,33,46443992,
1259,1259.TWO,AN-SHIN,安心,,TPEx LISTED,觀光餐旅,觀光餐旅,16,32389500,
1264,1264.TWO,TEHMAG,德麥,,TPEx LISTED,食品工業,食品工業,02,37052367,
1268,1268.TWO,Hi-Lai Foods,漢來美食,,TPEx LISTED,觀光餐旅,觀光餐旅,16,42223730,
1294,1294.TWO,HTB,漢田生技,,TPEx LISTED,食品工業,食品工業,02,36625875,
1295,1295.TWO,SYNBIO,生合,,TPEx LISTED,食品工業,食品工業,02,37599800,
1336,1336.TWO,TAIHAN,台翰,,TPEx LISTED,電子零組件業,電子零組件業,28,77614419,
1565,1565.TWO,St.Shine,精華,,TPEx LISTED,生技醫療業,生技醫療業,22,50416516,
1569,1569.TWO,Bin Chuan,濱川,,TPEx LISTED,電腦及週邊設備業,電腦及週邊設備業,25,144247441,
1570,1570.TWO,De Poan,力肯,,TPEx LISTED,電機機械,電機機械,05,51500839,
1580,1580.TWO,SINMAG,新麥,,TPEx LISTED,電機機械,電機機械,05,49339242,
1584,1584.TWO,STC,精剛,,TPEx LISTED,其他,其他,20,232470533,
1586,1586.TWO,CFTC,和勤,,TPEx LISTED,電機機械,電機機械,05,129500467,
1591,1591.TWO,INMAX,駿吉-KY,,TPEx LISTED,電機機械,電機機械,05,38048047,
1593,1593.TWO,CHI HUA,祺驊,,TPEx LISTED,運動休閒,運動休閒,37,39784772,
1595,1595.TWO,CBT,川寶,,TPEx LISTED,半導體業,半導體業,24,57554896,
1599,1599.TWO,AEON,宏佳騰,,TPEx LISTED,電機機械,電機機械,05,73028764,
1742,1742.TWO,TWC,台蠟,,TPEx LISTED,化學工業,化學工業,21,92671300,
1777,1777.TWO,SYN-TECH,生泰,,TPEx LISTED,生技醫療業,生技醫療業,22,44591713,
1780,1780.TWO,ABC,立弘,,TPEx LISTED,食品工業,食品工業,02,109075173,
1781,1781.TWO,H&L,合世,,TPEx LISTED,生技醫療業,生技醫療業,22,47407605,
1784,1784.TWO,BIONET CORP.,訊聯,,TPEx LISTED,生技醫療業,生技醫療業,22,53121191,
1785,1785.TWO,Solar,光洋科,,TPEx LISTED,其他電子業,其他電子業,31,595950743,
1788,1788.TWO,HCI,杏昌,,TPEx LISTED,生技醫療業,生技醫療業,22,44520971,
1796,1796.TWO,GeneFerm,金穎生技,,TPEx LISTED,食品工業,食品工業,02,41459793,
1799,1799.TWO,EASYWELL,易威,,TPEx LISTED,生技醫療業,生技醫療業,22,248775894,
1813,1813.TWO,Polylite,寶利徠,,TPEx LISTED,生技醫療業,生技醫療業,22,46635510,
1815,1815.TWO,FFG,富喬,,TPEx LISTED,電子零組件業,電子零組件業,28,585459487,
2035,2035.TWO,TE,唐榮公司,,TPEx LISTED,鋼鐵工業,鋼鐵工業,10,350000000,
2061,2061.TWO,FENG CHING,風青,,TPEx LISTED,電器電纜,電器電纜,06,57378052,
2063,2063.TWO,SHEH KAI,世鎧精密,,TPEx LISTED,鋼鐵工業,鋼鐵工業,10,48101453,
2064,2064.TWO,CAMELLIA,晉椿,,TPEx LISTED,鋼鐵工業,鋼鐵工業,10,69330000,
2065,2065.TWO,SF,世豐,,TPEx LISTED,鋼鐵工業,鋼鐵工業,10,63516707,
2066,2066.TWO,SUMEEKO,世德,,TPEx LISTED,電機機械,電機機械,05,44449527,
2067,2067.TWO,CYSTEEL,嘉鋼,,TPEx LISTED,電機機械,電機機械,05,33858177,
2070,2070.TWO,Ching Chan,精湛,,TPEx LISTED,電機機械,電機機械,05,41782800,
2073,2073.TWO,SSMC,雄順,,TPEx LISTED,鋼鐵工業,鋼鐵工業,10,27500000,
2221,2221.TWO,DAJA、YHMCO,大甲,,TPEx LISTED,其他,其他,20,42325000,
2230,2230.TWO,C.T.I.,泰茂,,TPEx LISTED,居家生活,居家生活,38,68029605,
2235,2235.TWO,I YUAN,謚源,,TPEx LISTED,電機機械,電機機械,05,35878000,
2596,2596.TWO,ReaLy,綠意,,TPEx LISTED,建材營造,建材營造,14,100000000,
2640,2640.TWO,55688,大車隊,,TPEx LISTED,數位雲端,數位雲端,36,59264956,
2641,2641.TWO,Franbo Lines,正德,,TPEx LISTED,航運業,航運業,15,330333744,
2643,2643.TWO,Soonest,捷迅,,TPEx LISTED,航運業,航運業,15,35000000,
2718,2718.TWO,Allmind,全心投控,,TPEx LISTED,建材營造,建材營造,14,87576000,
2719,2719.TWO,Star Travel,燦星旅,,TPEx LISTED,觀光餐旅,觀光餐旅,16,69182500,
2724,2724.TWO,AAGD-KY,藝舍-KY,,TPEx LISTED,其他,其他,20,59656345,
2726,2726.TWO,Yummy Town,雅茗-KY,,TPEx LISTED,觀光餐旅,觀光餐旅,16,37689817,
2729,2729.TWO,TTFB,瓦城,,TPEx LISTED,觀光餐旅,觀光餐旅,16,43040783,
2732,2732.TWO,La Kaffa,六角,,TPEx LISTED,觀光餐旅,觀光餐旅,16,46518570,
2734,2734.TWO,Ezfly,易飛網,,TPEx LISTED,觀光餐旅,觀光餐旅,16,57259760,
2736,2736.TWO,HOYA,富野,,TPEx LISTED,觀光餐旅,觀光餐旅,16,79972230,
2740,2740.TWO,Hua Hsuan,華軒,,TPEx LISTED,觀光餐旅,觀光餐旅,16,16762016,
2743,2743.TWO,richmond,山富,,TPEx LISTED,觀光餐旅,觀光餐旅,16,46815210,
2745,2745.TWO,LIFE TRAVEL,五福,,TPEx LISTED,觀光餐旅,觀光餐旅,16,33808526,
2751,2751.TWO,Kingza,王座,,TPEx LISTED,觀光餐旅,觀光餐旅,16,19811250,
2752,2752.TWO,TOFU,豆府,,TPEx LISTED,觀光餐旅,觀光餐旅,16,26693861,
2754,2754.TWO,KURA SUSHI ASIA,亞洲藏壽司,,TPEx LISTED,觀光餐旅,觀光餐旅,16,46907000,
2755,2755.TWO,YoungQin,揚秦,,TPEx LISTED,觀光餐旅,觀光餐旅,16,46792491,
2756,2756.TWO,LIAN FA,聯發國際,,TPEx LISTED,觀光餐旅,觀光餐旅,16,24597584,
2916,2916.TWO,MUNSIN,滿心,,TPEx LISTED,居家生活,居家生活,38,64626878,
2924,2924.TWO,Grand Galactica,宏太-KY,,TPEx LISTED,居家生活,居家生活,38,52035934,
2926,2926.TWO,Eslite Spectrum,誠品生活,,TPEx LISTED,文化創意業,文化創意業,32,47389650,
2937,2937.TWO,Gseven,集雅社,,TPEx LISTED,居家生活,居家生活,38,47896173,
2938,2938.TWO,BEDDING WORLD,床的世界,,TPEx LISTED,居家生活,居家生活,38,20140000,
2941,2941.TWO,MISTER,米斯特,,TPEx LISTED,居家生活,居家生活,38,15390000,
2947,2947.TWO,Zhen Yu,振宇五金,,TPEx LISTED,居家生活,居家生活,38,23642366,
2948,2948.TWO,Bausen,寶陞,,TPEx LISTED,居家生活,居家生活,38,32000000,
2949,2949.TWO,HHG,欣新網,,TPEx LISTED,數位雲端,數位雲端,36,30641100,
3064,3064.TWO,Astro Corp.,泰偉,,TPEx LISTED,文化創意業,文化創意業,32,13011451,
3066,3066.TWO,TAIWAN OASIS,李洲,,TPEx LISTED,光電業,光電業,26,83070612,
3067,3067.TWO,PNC,全域,,TPEx LISTED,居家生活,居家生活,38,20000000,
3071,3071.TWO,ADDA,協禧,,TPEx LISTED,電腦及週邊設備業,電腦及週邊設備業,25,110000000,
3073,3073.TWO,Teamphon,天方能源,,TPEx LISTED,綠能環保,綠能環保,35,39511028,
3078,3078.TWO,CWT,僑威,,TPEx LISTED,電子零組件業,電子零組件業,28,227391064,
3081,3081.TWO,LandMark,聯亞,,TPEx LISTED,通信網路業,通信網路業,27,101869004,
3083,3083.TWO,CHINESEGAMER,網龍,,TPEx LISTED,文化創意業,文化創意業,32,86486858,
3085,3085.TWO,NEWRETAIL,新零售,,TPEx LISTED,數位雲端,數位雲端,36,53581570,
3086,3086.TWO,WAYI,華義*,,TPEx LISTED,文化創意業,文化創意業,32,272710510,
3088,3088.TWO,AXIOMTEK,艾訊,,TPEx LISTED,電腦及週邊設備業,電腦及週邊設備業,25,113011197,
3093,3093.TWO,TKK,港建*,,TPEx LISTED,其他電子業,其他電子業,31,145155576,
3095,3095.TWO,CCC,及成,,TPEx LISTED,通信網路業,通信網路業,27,14680000,
3105,3105.TWO,WIN,穩懋,,TPEx LISTED,半導體業,半導體業,24,423940384,
3114,3114.TWO,HT,好德,,TPEx LISTED,電子零組件業,電子零組件業,28,67722584,
3115,3115.TWO,TSC,富榮綱,,TPEx LISTED,電子零組件業,電子零組件業,28,72197615,
3118,3118.TWO,LEVEL,進階,,TPEx LISTED,生技醫療業,生技醫療業,22,32452860,
3122,3122.TWO,Megawin,笙泉,,TPEx LISTED,半導體業,半導體業,24,40771918,
3128,3128.TWO,HI SHARP,昇銳,,TPEx LISTED,光電業,光電業,26,50156538,
3131,3131.TWO,GPTC,弘塑,,TPEx LISTED,半導體業,半導體業,24,29831623,
3141,3141.TWO,UltraChip,晶宏,,TPEx LISTED,半導體業,半導體業,24,75460728,
3147,3147.TWO,JETWELL,大綜,,TPEx LISTED,資訊服務業,資訊服務業,30,43686831,
3152,3152.TWO,ACX,璟德,,TPEx LISTED,通信網路業,通信網路業,27,39016200,
3158,3158.TWO,SysJust,嘉實,,TPEx LISTED,資訊服務業,資訊服務業,30,30665925,
3162,3162.TWO,UAT,精確,,TPEx LISTED,電機機械,電機機械,05,154153162,
3163,3163.TWO,Browave,波若威,,TPEx LISTED,通信網路業,通信網路業,27,94635370,
3169,3169.TWO,ASIX,亞信,,TPEx LISTED,半導體業,半導體業,24,63306981,
3171,3171.TWO,YCD,炎洲流通,,TPEx LISTED,居家生活,居家生活,38,33118158,
3176,3176.TWO,MEDIGEN,基亞,,TPEx LISTED,生技醫療業,生技醫療業,22,139306755,
3178,3178.TWO,GONGIN,公準,,TPEx LISTED,半導體業,半導體業,24,45050000,
3188,3188.TWO,GLTD,鑫龍騰,,TPEx LISTED,建材營造,建材營造,14,189087767,
3191,3191.TWO,YJN,雲嘉南,,TPEx LISTED,電子零組件業,電子零組件業,28,43597381,
3205,3205.TWO,SLS,佰研,,TPEx LISTED,生技醫療業,生技醫療業,22,67545631,
3206,3206.TWO,KINGSTATE,志豐,,TPEx LISTED,電子零組件業,電子零組件業,28,58916621,
3207,3207.TWO,YAO SHENG,耀勝,,TPEx LISTED,電子零組件業,電子零組件業,28,66422124,
3211,3211.TWO,Dynapack,順達,,TPEx LISTED,電腦及週邊設備業,電腦及週邊設備業,25,154387021,
3213,3213.TWO,Mildef,茂訊,,TPEx LISTED,電腦及週邊設備業,電腦及週邊設備業,25,58685547,
3217,3217.TWO,ARGOSY,優群,,TPEx LISTED,電子零組件業,電子零組件業,28,90104203,
3218,3218.TWO,UNIVERSAL,大學光,,TPEx LISTED,生技醫療業,生技醫療業,22,84724899,
3219,3219.TWO,Aethertek,倚強科,,TPEx LISTED,其他電子業,其他電子業,31,71780880,
3221,3221.TWO,TST,台嘉碩,,TPEx LISTED,通信網路業,通信網路業,27,104989210,
3224,3224.TWO,MetaTech,三顧,,TPEx LISTED,電子通路業,電子通路業,29,78172648,
3226,3226.TWO,LFA,龍鋒,,TPEx LISTED,電機機械,電機機械,05,64430573,
3227,3227.TWO,PXI,原相,,TPEx LISTED,半導體業,半導體業,24,151912842,
3228,3228.TWO,RDC,金麗科,,TPEx LISTED,半導體業,半導體業,24,71937495,
3230,3230.TWO,Jiin Ming,錦明,,TPEx LISTED,光電業,光電業,26,86010900,
3232,3232.TWO,SIC,昱捷,,TPEx LISTED,電子通路業,電子通路業,29,46567865,
3234,3234.TWO,TrueLight,光環,,TPEx LISTED,通信網路業,通信網路業,27,127259692,
3236,3236.TWO,ABC,千如,,TPEx LISTED,電子零組件業,電子零組件業,28,105000613,
3252,3252.TWO,Haiwan,海灣,,TPEx LISTED,觀光餐旅,觀光餐旅,16,50195754,
3259,3259.TWO,3S,鑫創,,TPEx LISTED,半導體業,半導體業,24,72965934,
3260,3260.TWO,ADATA,威剛,,TPEx LISTED,半導體業,半導體業,24,336463418,
3264,3264.TWO,Ardentec,欣銓,,TPEx LISTED,半導體業,半導體業,24,490170076,
3265,3265.TWO,WST,台星科,,TPEx LISTED,半導體業,半導體業,24,136261659,
3268,3268.TWO,Higher Way,海德威,,TPEx LISTED,半導體業,半導體業,24,34720796,
3272,3272.TWO,GW,東碩,,TPEx LISTED,電腦及週邊設備業,電腦及週邊設備業,25,61176789,
3276,3276.TWO,tht,宇環,,TPEx LISTED,電子零組件業,電子零組件業,28,69712666,
3284,3284.TWO,TOP,太普高,,TPEx LISTED,其他,其他,20,108482473,
3285,3285.TWO,MT,微端,,TPEx LISTED,其他電子業,其他電子業,31,42735324,
3287,3287.TWO,Kworld,廣寰科,,TPEx LISTED,電腦及週邊設備業,電腦及週邊設備業,25,43970483,
3288,3288.TWO,SiTI,點晶,,TPEx LISTED,電子零組件業,電子零組件業,28,16380000,
3289,3289.TWO,IST,宜特,,TPEx LISTED,其他電子業,其他電子業,31,86746371,
3290,3290.TWO,DONPON,東浦,,TPEx LISTED,電子零組件業,電子零組件業,28,90215034,
3293,3293.TWO,IGS,鈊象,,TPEx LISTED,文化創意業,文化創意業,32,281801560,
3294,3294.TWO,Megaforce,英濟,,TPEx LISTED,電子零組件業,電子零組件業,28,132015919,
3297,3297.TWO,Hunt,杭特,,TPEx LISTED,光電業,光電業,26,36049445,
3303,3303.TWO,UNIVACCO,岱稜,,TPEx LISTED,其他電子業,其他電子業,31,94790607,
3306,3306.TWO,RoyalTek,鼎天,,TPEx LISTED,通信網路業,通信網路業,27,50607702,
3310,3310.TWO,CHIALIN,佳穎,,TPEx LISTED,電子零組件業,電子零組件業,28,74948402,
3313,3313.TWO,FCD,斐成,,TPEx LISTED,建材營造,建材營造,14,221133831,
3317,3317.TWO,NIKO-SEM,尼克森,,TPEx LISTED,半導體業,半導體業,24,90000000,
3322,3322.TWO,JEM,建舜電,,TPEx LISTED,電子零組件業,電子零組件業,28,137582157,
3323,3323.TWO,Celxpert,加百裕,,TPEx LISTED,電腦及週邊設備業,電腦及週邊設備業,25,99593385,
3324,3324.TWO,AURAS,雙鴻,,TPEx LISTED,其他電子業,其他電子業,31,93076837,
3325,3325.TWO,Casing,旭品,,TPEx LISTED,電腦及週邊設備業,電腦及週邊設備業,25,110168610,
3332,3332.TWO,CINCON,幸康,,TPEx LISTED,電子零組件業,電子零組件業,28,48104246,
3339,3339.TWO,TEKCORE,泰谷,,TPEx LISTED,光電業,光電業,26,66568300,
3349,3349.TWO,DEXIN,寶德,,TPEx LISTED,電腦及週邊設備業,電腦及週邊設備業,25,47821648,
3354,3354.TWO,MICROCOSM,律勝,,TPEx LISTED,電子零組件業,電子零組件業,28,70112426,
3357,3357.TWO,TAI-TECH,臺慶科,,TPEx LISTED,電子零組件業,電子零組件業,28,116385739,
3360,3360.TWO,SUNNIC,尚立,,TPEx LISTED,電子通路業,電子通路業,29,76402244,
3362,3362.TWO,ABILITY,先進光,,TPEx LISTED,光電業,光電業,26,147445475,
3363,3363.TWO,FOCI,上詮,,TPEx LISTED,通信網路業,通信網路業,27,113640567,
3372,3372.TWO,TICP,典範,,TPEx LISTED,半導體業,半導體業,24,235324000,
3373,3373.TWO,Radiant,熱映,,TPEx LISTED,其他電子業,其他電子業,31,47618782,
3374,3374.TWO,Xintec,精材,,TPEx LISTED,半導體業,半導體業,24,271364316,
3379,3379.TWO,TBC,彬台,,TPEx LISTED,電機機械,電機機械,05,38041748,
3388,3388.TWO,TTC,崇越電,,TPEx LISTED,電子零組件業,電子零組件業,28,81599825,
3390,3390.TWO,SUNFLEX,旭軟,,TPEx LISTED,電子零組件業,電子零組件業,28,79329659,
3402,3402.TWO,WHOLETECH,漢科,,TPEx LISTED,其他電子業,其他電子業,31,73047692,
3430,3430.TWO,CHITEC,奇鈦科,,TPEx LISTED,化學工業,化學工業,21,33716085,
3434,3434.TWO,ACULA,哲固,,TPEx LISTED,光電業,光電業,26,35754740,
3438,3438.TWO,AAT,類比科,,TPEx LISTED,半導體業,半導體業,24,47165815,
3441,3441.TWO,UNIQUE,聯一光電,,TPEx LISTED,光電業,光電業,26,40039920,
3444,3444.TWO,NICHING,利機,,TPEx LISTED,電子通路業,電子通路業,29,44996877,
3455,3455.TWO,UTECHZONE,由田,,TPEx LISTED,光電業,光電業,26,59850750,
3465,3465.TWO,NAE,進泰電子,,TPEx LISTED,其他電子業,其他電子業,31,42329862,
3466,3466.TWO,SKARDIN,德晉,,TPEx LISTED,通信網路業,通信網路業,27,77892073,
3467,3467.TWO,Forcera,台灣精材,,TPEx LISTED,半導體業,半導體業,24,31556569,
3479,3479.TWO,Avalue,安勤,,TPEx LISTED,電腦及週邊設備業,電腦及週邊設備業,25,72630164,
3483,3483.TWO,FCN,力致,,TPEx LISTED,電腦及週邊設備業,電腦及週邊設備業,25,99049257,
3484,3484.TWO,SOLTEAM,崧騰,,TPEx LISTED,電子零組件業,電子零組件業,28,78828189,
3485,3485.TWO,EF,敘豐,,TPEx LISTED,電子零組件業,電子零組件業,28,38500850,
3489,3489.TWO,Sun Brothers,森寶,,TPEx LISTED,建材營造,建材營造,14,90452155,
3490,3490.TWO,singlewell,單井,,TPEx LISTED,光電業,光電業,26,55006435,
3491,3491.TWO,UMT,昇達科,,TPEx LISTED,通信網路業,通信網路業,27,68805125,
3492,3492.TWO,ACT,長盛,,TPEx LISTED,電子零組件業,電子零組件業,28,35531600,
3498,3498.TWO,USUN,陽程,,TPEx LISTED,其他電子業,其他電子業,31,61273008,
3499,3499.TWO,GLOBALSAT,環天科,,TPEx LISTED,通信網路業,通信網路業,27,54970596,
3508,3508.TWO,Ways,位速,,TPEx LISTED,其他電子業,其他電子業,31,108866737,
3511,3511.TWO,SIMULA TECH INC,矽瑪,,TPEx LISTED,電子零組件業,電子零組件業,28,79972945,
3512,3512.TWO,Huang Long,皇龍,,TPEx LISTED,建材營造,建材營造,14,113072372,
3516,3516.TWO,ADO,亞帝歐,,TPEx LISTED,光電業,光電業,26,59560874,
3520,3520.TWO,JVE,華盈,,TPEx LISTED,電子零組件業,電子零組件業,28,83846778,
3521,3521.TWO,TSG Development,台鋼建設,,TPEx LISTED,建材營造,建材營造,14,185765552,
3522,3522.TWO,TOPLUS,御嵿,,TPEx LISTED,觀光餐旅,觀光餐旅,16,104096209,
3523,3523.TWO,EFUN,迎輝,,TPEx LISTED,光電業,光電業,26,64257868,
3526,3526.TWO,ALLTOP,凡甲,,TPEx LISTED,電子零組件業,電子零組件業,28,66839477,
3527,3527.TWO,MBI,聚積,,TPEx LISTED,半導體業,半導體業,24,44445125,
3529,3529.TWO,eMemory,力旺,,TPEx LISTED,半導體業,半導體業,24,74686492,
3531,3531.TWO,Shian Yih,先益,,TPEx LISTED,光電業,光電業,26,61175011,
3537,3537.TWO,PODAK,堡達,,TPEx LISTED,電子零組件業,電子零組件業,28,56242979,
3540,3540.TWO,Thermaltake,曜越,,TPEx LISTED,電腦及週邊設備業,電腦及週邊設備業,25,84458548,
3541,3541.TWO,CYP,西柏,,TPEx LISTED,其他電子業,其他電子業,31,56349142,
3546,3546.TWO,USERJOY,宇峻,,TPEx LISTED,文化創意業,文化創意業,32,61348690,
3548,3548.TWO,JARLLY,兆利,,TPEx LISTED,電子零組件業,電子零組件業,28,68244175,
3551,3551.TWO,SHT,世禾,,TPEx LISTED,綠能環保,綠能環保,35,62274890,
3552,3552.TWO,TUNG THIH,同致,,TPEx LISTED,其他電子業,其他電子業,31,97918334,
3555,3555.TWO,BaaS,博士旺,,TPEx LISTED,半導體業,半導體業,24,39998797,
3556,3556.TWO,EETI,禾瑞亞,,TPEx LISTED,半導體業,半導體業,24,63702844,
3558,3558.TWO,Senao Networks,神準,,TPEx LISTED,通信網路業,通信網路業,27,59060881,
3564,3564.TWO,AEWIN,其陽,,TPEx LISTED,通信網路業,通信網路業,27,59123100,
3567,3567.TWO,ETREND,逸昌,,TPEx LISTED,半導體業,半導體業,24,33954000,
3570,3570.TWO,OITC,大塚,,TPEx LISTED,資訊服務業,資訊服務業,30,17097000,
3577,3577.TWO,ICP DAS,泓格,,TPEx LISTED,電腦及週邊設備業,電腦及週邊設備業,25,63965653,
3580,3580.TWO,UVAT,友威科,,TPEx LISTED,其他電子業,其他電子業,31,39470657,
3581,3581.TWO,ZVC,博磊,,TPEx LISTED,半導體業,半導體業,24,51006000,
3587,3587.TWO,MA-tek,閎康,,TPEx LISTED,其他電子業,其他電子業,31,69369988,
3594,3594.TWO,ARBOR,磐儀,,TPEx LISTED,電腦及週邊設備業,電腦及週邊設備業,25,95948358,
3597,3597.TWO,AVI,映興,,TPEx LISTED,電子零組件業,電子零組件業,28,39236440,
3609,3609.TWO,HEP,三一東林,,TPEx LISTED,電子零組件業,電子零組件業,28,38419387,
3611,3611.TWO,TSC AUTO ID,鼎翰,,TPEx LISTED,電腦及週邊設備業,電腦及週邊設備業,25,47554634,
3615,3615.TWO,AimCore,安可,,TPEx LISTED,光電業,光電業,26,68466976,
3623,3623.TWO,TTI,富晶通,,TPEx LISTED,光電業,光電業,26,29185946,
3624,3624.TWO,VIKING,光頡,,TPEx LISTED,電子零組件業,電子零組件業,28,117340842,
3625,3625.TWO,C-TECH,西勝,,TPEx LISTED,電腦及週邊設備業,電腦及週邊設備業,25,58100000,
3628,3628.TWO,ABLEREX,盈正,,TPEx LISTED,其他電子業,其他電子業,31,45000000,
3629,3629.TWO,Gravitytai,地心引力,,TPEx LISTED,文化創意業,文化創意業,32,32954782,
3630,3630.TWO,NEWMAX,新鉅科,,TPEx LISTED,光電業,光電業,26,204191848,
3631,3631.TWO,CHERNAN,晟楠,,TPEx LISTED,電子零組件業,電子零組件業,28,81820909,
3632,3632.TWO,PAPAGO,研勤,,TPEx LISTED,通信網路業,通信網路業,27,22000000,
3646,3646.TWO,ANT,艾恩特,,TPEx LISTED,電子零組件業,電子零組件業,28,39297371,
3663,3663.TWO,TTMC,鑫科,,TPEx LISTED,其他電子業,其他電子業,31,108494074,
3664,3664.TWO,Array,安瑞-KY,,TPEx LISTED,通信網路業,通信網路業,27,75945377,
3666,3666.TWO,OTI,光耀,,TPEx LISTED,光電業,光電業,26,138949850,
3672,3672.TWO,CTS,康聯訊,,TPEx LISTED,通信網路業,通信網路業,27,40790375,
3675,3675.TWO,Eris Tech,德微,,TPEx LISTED,半導體業,半導體業,24,53057923,
3680,3680.TWO,Gudeng,家登,,TPEx LISTED,半導體業,半導體業,24,96211690,
3684,3684.TWO,Grand-Tek,榮昌,,TPEx LISTED,通信網路業,通信網路業,27,30304737,
3685,3685.TWO,TAC,元創精密,,TPEx LISTED,電機機械,電機機械,05,79574000,
3687,3687.TWO,OMG,歐買尬,,TPEx LISTED,數位雲端,數位雲端,36,30124059,
3689,3689.TWO,UDE,湧德,,TPEx LISTED,電子零組件業,電子零組件業,28,89458815,
3691,3691.TWO,GIGASOLAR,碩禾,,TPEx LISTED,光電業,光電業,26,91883420,
3693,3693.TWO,AIC,營邦,,TPEx LISTED,電腦及週邊設備業,電腦及週邊設備業,25,42990694,
3707,3707.TWO,EPISIL,漢磊,,TPEx LISTED,半導體業,半導體業,24,400484353,
3709,3709.TWO,Trigold,鑫聯大投控,,TPEx LISTED,電腦及週邊設備業,電腦及週邊設備業,25,145569450,
3710,3710.TWO,ACON Holding,連展投控,,TPEx LISTED,電子零組件業,電子零組件業,28,177086787,
3713,3713.TWO,HsinjingHolding,新晶投控,,TPEx LISTED,綠能環保,綠能環保,35,88099380,
3718,3718.TWO,CiHC,中光電投控,,TPEx LISTED,光電業,光電業,26,390981110,
4102,4102.TWO,YUNGZIP,永日,,TPEx LISTED,生技醫療業,生技醫療業,22,42373443,
4105,4105.TWO,TTY,東洋,,TPEx LISTED,生技醫療業,生技醫療業,22,248649959,
4107,4107.TWO,BIOTEQUE,邦特,,TPEx LISTED,生技醫療業,生技醫療業,22,69298336,
4109,4109.TWO,Jia Jie Bio,加捷生醫,,TPEx LISTED,生技醫療業,生技醫療業,22,118736681,
4111,4111.TWO,CHI SHENG,濟生,,TPEx LISTED,生技醫療業,生技醫療業,22,59832135,
4113,4113.TWO,WE&WIN,聯上,,TPEx LISTED,建材營造,建材營造,14,231138137,
4114,4114.TWO,SYNMOSA,健喬,,TPEx LISTED,生技醫療業,生技醫療業,22,550429688,
4116,4116.TWO,BMTC,明基醫,,TPEx LISTED,生技醫療業,生技醫療業,22,44566000,
4120,4120.TWO,OEP,友華,,TPEx LISTED,生技醫療業,生技醫療業,22,86747119,
4121,4121.TWO,ROSSMAX,優盛,,TPEx LISTED,生技醫療業,生技醫療業,22,83111045,
4123,4123.TWO,Center Lab.,晟德,,TPEx LISTED,生技醫療業,生技醫療業,22,807456341,
4126,4126.TWO,PAHSCO,太醫,,TPEx LISTED,生技醫療業,生技醫療業,22,72600000,
4127,4127.TWO,TLB,天良,,TPEx LISTED,生技醫療業,生技醫療業,22,45760000,
4128,4128.TWO,MICROBIO,中天,,TPEx LISTED,生技醫療業,生技醫療業,22,588170597,
4129,4129.TWO,UOC,聯合,,TPEx LISTED,生技醫療業,生技醫療業,22,96437650,
4131,4131.TWO,NeoCore,浩泰,,TPEx LISTED,生技醫療業,生技醫療業,22,39857000,
4138,4138.TWO,DMT,曜亞,,TPEx LISTED,生技醫療業,生技醫療業,22,39930000,
4139,4139.TWO,KY M.K.,馬光-KY,,TPEx LISTED,生技醫療業,生技醫療業,22,45009911,
4147,4147.TWO,TMB,中裕,,TPEx LISTED,生技醫療業,生技醫療業,22,273202425,
4153,4153.TWO,DIVA Labs.,鈺緯,,TPEx LISTED,生技醫療業,生技醫療業,22,58668197,
4154,4154.TWO,Raku-KY,樂威科-KY,,TPEx LISTED,其他,其他,20,38390000,
4157,4157.TWO,TAIGEN,太景*-KY,,TPEx LISTED,生技醫療業,生技醫療業,22,711833575,
4160,4160.TWO,GGA Corp.,訊聯基因,,TPEx LISTED,生技醫療業,生技醫療業,22,28013734,
4161,4161.TWO,BIOPTIK,聿新科,,TPEx LISTED,生技醫療業,生技醫療業,22,59798204,
4162,4162.TWO,PEI,智擎,,TPEx LISTED,生技醫療業,生技醫療業,22,143677640,
4163,4163.TWO,INTAI,鐿鈦,,TPEx LISTED,生技醫療業,生技醫療業,22,50675143,
4166,4166.TWO,OP,友霖,,TPEx LISTED,生技醫療業,生技醫療業,22,243035089,
4167,4167.TWO,SLC,松瑞藥,,TPEx LISTED,生技醫療業,生技醫療業,22,331554307,
4168,4168.TWO,GlycoNex Inc.,醣聯,,TPEx LISTED,生技醫療業,生技醫療業,22,112521318,
4171,4171.TWO,GeneReach,瑞基,,TPEx LISTED,農業科技業,農業科技業,33,58057469,
4173,4173.TWO,ARICH,久裕,,TPEx LISTED,生技醫療業,生技醫療業,22,74574355,
4174,4174.TWO,OBI,浩鼎,,TPEx LISTED,生技醫療業,生技醫療業,22,131579687,
4175,4175.TWO,MedFirst,杏一,,TPEx LISTED,生技醫療業,生技醫療業,22,42323307,
4183,4183.TWO,EPS Bio,福永生技,,TPEx LISTED,生技醫療業,生技醫療業,22,23800000,
4188,4188.TWO,AmCad,安克,,TPEx LISTED,生技醫療業,生技醫療業,22,63332900,
4192,4192.TWO,SynCore,杏國,,TPEx LISTED,生技醫療業,生技醫療業,22,35164500,
4198,4198.TWO,S&S,欣大健康,,TPEx LISTED,生技醫療業,生技醫療業,22,24108000,
4205,4205.TWO,CHUNG HWA,中華食,,TPEx LISTED,食品工業,食品工業,02,97649228,
4207,4207.TWO,TFC,環泰,,TPEx LISTED,食品工業,食品工業,02,188611108,
4303,4303.TWO,HSINLI,信立,,TPEx LISTED,塑膠工業,塑膠工業,03,132447444,
4304,4304.TWO,SUNVIC,勝昱,,TPEx LISTED,塑膠工業,塑膠工業,03,61038065,
4305,4305.TWO,SKP,世坤,,TPEx LISTED,塑膠工業,塑膠工業,03,55014000,
4401,4401.TWO,TLTM,東隆興,,TPEx LISTED,紡織纖維,紡織纖維,04,122692012,
4402,4402.TWO,J.D Development,郡都開發,,TPEx LISTED,紡織纖維,紡織纖維,04,67991830,
4406,4406.TWO,HSIN-SIN,新昕纖,,TPEx LISTED,紡織纖維,紡織纖維,04,51912000,
4413,4413.TWO,EST,飛寶企業,,TPEx LISTED,紡織纖維,紡織纖維,04,31314689,
4416,4416.TWO,Sumwon,三圓,,TPEx LISTED,建材營造,建材營造,14,73586213,
4417,4417.TWO,KING CHOU,金洲,,TPEx LISTED,紡織纖維,紡織纖維,04,83971399,
4419,4419.TWO,KH,皇家美食,,TPEx LISTED,觀光餐旅,觀光餐旅,16,169163133,
4420,4420.TWO,Kwang Ming,光明,,TPEx LISTED,紡織纖維,紡織纖維,04,40455000,
4430,4430.TWO,YAO I,耀億,,TPEx LISTED,其他,其他,20,56273609,
4432,4432.TWO,Haksport,銘旺實,,TPEx LISTED,紡織纖維,紡織纖維,04,50589000,
4433,4433.TWO,Singtex,興采,,TPEx LISTED,紡織纖維,紡織纖維,04,61299774,
4442,4442.TWO,J&B-KY,竣邦-KY,,TPEx LISTED,紡織纖維,紡織纖維,04,33124805,
4502,4502.TWO,RT,健信,,TPEx LISTED,電機機械,電機機械,05,57469686,
4503,4503.TWO,GOLD RAIN,金雨,,TPEx LISTED,電機機械,電機機械,05,78313326,
4506,4506.TWO,GFC,崇友,,TPEx LISTED,電機機械,電機機械,05,177012000,
4510,4510.TWO,KAFO,高鋒,,TPEx LISTED,電機機械,電機機械,05,108977724,
4513,4513.TWO,FALCON,福裕,,TPEx LISTED,電機機械,電機機械,05,143761921,
4523,4523.TWO,Everbrite,永彰,,TPEx LISTED,電機機械,電機機械,05,64949000,
4527,4527.TWO,KL,方方土霖,,TPEx LISTED,電機機械,電機機械,05,68537133,
4528,4528.TWO,CHF,江興鍛,,TPEx LISTED,電機機械,電機機械,05,84165695,
4529,4529.TWO,EPTECH,淳紳,,TPEx LISTED,其他,其他,20,84549096,
4530,4530.TWO,TWES,天意能創,,TPEx LISTED,觀光餐旅,觀光餐旅,16,35794959,
4533,4533.TWO,SEYI,協易機,,TPEx LISTED,電機機械,電機機械,05,178434110,
4534,4534.TWO,trinity,慶騰,,TPEx LISTED,電機機械,電機機械,05,86788948,
4535,4535.TWO,FBT,至興,,TPEx LISTED,電機機械,電機機械,05,75661740,
4538,4538.TWO,WINSON,大詠城,,TPEx LISTED,電機機械,電機機械,05,59469604,
4541,4541.TWO,Magnate,晟田,,TPEx LISTED,其他,其他,20,67647068,
4542,4542.TWO,ANT,科嶠,,TPEx LISTED,電子零組件業,電子零組件業,28,35254258,
4543,4543.TWO,MAN ZAI,萬在,,TPEx LISTED,電機機械,電機機械,05,62760915,
4549,4549.TWO,FineTek,桓達,,TPEx LISTED,電機機械,電機機械,05,57002445,
4550,4550.TWO,CJME,長佳,,TPEx LISTED,電機機械,電機機械,05,37838783,
4554,4554.TWO,Orange,橙的,,TPEx LISTED,其他電子業,其他電子業,31,30276584,
4556,4556.TWO,BSI,旭然,,TPEx LISTED,其他,其他,20,42302840,
4558,4558.TWO,Alformer,寶緯,,TPEx LISTED,電機機械,電機機械,05,50000000,
4561,4561.TWO,Kenturn,健椿,,TPEx LISTED,電機機械,電機機械,05,58521619,
4563,4563.TWO,QUASER,百德,,TPEx LISTED,電機機械,電機機械,05,54950000,
4568,4568.TWO,KOGE,科際精密,,TPEx LISTED,電機機械,電機機械,05,32045125,
4577,4577.TWO,Ofuna Tech,達航科技,,TPEx LISTED,其他電子業,其他電子業,31,49137998,
4580,4580.TWO,Value Valves,捷流閥業,,TPEx LISTED,電機機械,電機機械,05,46803109,
4584,4584.TWO,JUFAN,君帆,,TPEx LISTED,電機機械,電機機械,05,30002400,
4609,4609.TWO,AIRLUX,唐鋒,,TPEx LISTED,居家生活,居家生活,38,47946820,
4702,4702.TWO,ALLIED,中美實,,TPEx LISTED,居家生活,居家生活,38,72333200,
4706,4706.TWO,TKC,大恭,,TPEx LISTED,化學工業,化學工業,21,79030093,
4707,4707.TWO,PACC,磐亞,,TPEx LISTED,化學工業,化學工業,21,413808151,
4711,4711.TWO,YONG SHUN,永純,,TPEx LISTED,化學工業,化學工業,21,61056000,
4714,4714.TWO,UB,永捷,,TPEx LISTED,化學工業,化學工業,21,221838188,
4716,4716.TWO,DAILY,大立,,TPEx LISTED,化學工業,化學工業,21,94427191,
4721,4721.TWO,mechema,美琪瑪,,TPEx LISTED,化學工業,化學工業,21,74986304,
4726,4726.TWO,Mycenax,永昕,,TPEx LISTED,生技醫療業,生技醫療業,22,207041800,
4728,4728.TWO,Sunmax,雙美,,TPEx LISTED,生技醫療業,生技醫療業,22,54463000,
4729,4729.TWO,MILDEX,熒茂,,TPEx LISTED,光電業,光電業,26,79226741,
4735,4735.TWO,Avita,豪展,,TPEx LISTED,生技醫療業,生技醫療業,22,41568758,
4741,4741.TWO,Jetbest,泓瀚,,TPEx LISTED,化學工業,化學工業,21,34812079,
4743,4743.TWO,ONENESS BIOTECH,合一,,TPEx LISTED,生技醫療業,生技醫療業,22,480533486,
4744,4744.TWO,CVC,皇將,,TPEx LISTED,生技醫療業,生技醫療業,22,56948450,
4745,4745.TWO,CMH,合富-KY,,TPEx LISTED,生技醫療業,生技醫療業,22,66220547,
4747,4747.TWO,JCP,強生*,,TPEx LISTED,生技醫療業,生技醫療業,22,90922064,
4749,4749.TWO,aemc,新應材,,TPEx LISTED,半導體業,半導體業,24,94732865,
4754,4754.TWO,INCA,國碳科,,TPEx LISTED,化學工業,化學工業,21,30283215,
4760,4760.TWO,ample,勤凱科技,,TPEx LISTED,其他電子業,其他電子業,31,32778289,
4767,4767.TWO,CHETAY,誠泰科技,,TPEx LISTED,化學工業,化學工業,21,31415000,
4768,4768.TWO,INGENTEC,晶呈科技,,TPEx LISTED,化學工業,化學工業,21,48200288,
4772,4772.TWO,TSC,台特化,,TPEx LISTED,化學工業,化學工業,21,147681552,
4804,4804.TWO,Da Lue,大略-KY,,TPEx LISTED,觀光餐旅,觀光餐旅,16,71991920,
4806,4806.TWO,KTCCE,桂田文創,,TPEx LISTED,文化創意業,文化創意業,32,69924107,
4903,4903.TWO,UFOC,聯光通,,TPEx LISTED,通信網路業,通信網路業,27,105343714,
4905,4905.TWO,TAINET,台聯電,,TPEx LISTED,生技醫療業,生技醫療業,22,29260044,
4907,4907.TWO,Fu Yu Property,富宇,,TPEx LISTED,建材營造,建材營造,14,118145778,
4908,4908.TWO,APAC,前鼎,,TPEx LISTED,通信網路業,通信網路業,27,78216907,
4909,4909.TWO,NEE,新復興,,TPEx LISTED,通信網路業,通信網路業,27,93356864,
4911,4911.TWO,G&E,德英,,TPEx LISTED,生技醫療業,生技醫療業,22,68817133,
4923,4923.TWO,Force Mos,力士,,TPEx LISTED,半導體業,半導體業,24,36940360,
4924,4924.TWO,HTM,欣厚-KY,,TPEx LISTED,綠能環保,綠能環保,35,37164409,
4931,4931.TWO,STL,新盛力,,TPEx LISTED,電腦及週邊設備業,電腦及週邊設備業,25,65565761,
4933,4933.TWO,UBRIGHT,友輝,,TPEx LISTED,光電業,光電業,26,82662675,
4939,4939.TWO,AEM,亞電,,TPEx LISTED,電子零組件業,電子零組件業,28,98200868,
4946,4946.TWO,Cayenne Tech,辣椒,,TPEx LISTED,文化創意業,文化創意業,32,8852816,
4950,4950.TWO,GWIC,金耘國際,,TPEx LISTED,鋼鐵工業,鋼鐵工業,10,57729107,
4951,4951.TWO,Fintek,精拓科,,TPEx LISTED,半導體業,半導體業,24,34148713,
4953,4953.TWO,WITS,緯致,,TPEx LISTED,資訊服務業,資訊服務業,30,74326386,
4966,4966.TWO,Parade,譜瑞-KY,,TPEx LISTED,半導體業,半導體業,24,78957788,
4971,4971.TWO,IET,IET-KY,,TPEx LISTED,半導體業,半導體業,24,47185743,
4972,4972.TWO,TONS,湯石照明,,TPEx LISTED,光電業,光電業,26,56888587,
4973,4973.TWO,Silicon Power,廣穎電通,,TPEx LISTED,半導體業,半導體業,24,65292843,
4974,4974.TWO,ATII,亞泰,,TPEx LISTED,電子零組件業,電子零組件業,28,72500104,
4979,4979.TWO,LuxNet,華星光,,TPEx LISTED,通信網路業,通信網路業,27,142802027,
4991,4991.TWO,GCS,環宇-KY,,TPEx LISTED,半導體業,半導體業,24,121363372,
4995,4995.TWO,Litemax,晶達,,TPEx LISTED,光電業,光電業,26,42592036,
5009,5009.TWO,GMTC,榮剛,,TPEx LISTED,鋼鐵工業,鋼鐵工業,10,602471197,
5011,5011.TWO,OFCO,久陽,,TPEx LISTED,鋼鐵工業,鋼鐵工業,10,100673922,
5013,5013.TWO,NEW BEST,強新,,TPEx LISTED,鋼鐵工業,鋼鐵工業,10,133416000,
5014,5014.TWO,CCI,建錩,,TPEx LISTED,鋼鐵工業,鋼鐵工業,10,183265054,
5015,5015.TWO,RODEX,華祺,,TPEx LISTED,鋼鐵工業,鋼鐵工業,10,60639189,
5016,5016.TWO,Song Ho,松和,,TPEx LISTED,鋼鐵工業,鋼鐵工業,10,49622076,
5201,5201.TWO,KWAY,凱衛,,TPEx LISTED,資訊服務業,資訊服務業,30,38674600,
5202,5202.TWO,NewSoft,力新,,TPEx LISTED,資訊服務業,資訊服務業,30,89094000,
5205,5205.TWO,TWGET,中茂,,TPEx LISTED,綠能環保,綠能環保,35,14200000,
5206,5206.TWO,Kunyue,坤悅,,TPEx LISTED,建材營造,建材營造,14,180093375,
5209,5209.TWO,CTCI ASI,新鼎,,TPEx LISTED,其他,其他,20,28567224,
5210,5210.TWO,APEX,寶碩,,TPEx LISTED,資訊服務業,資訊服務業,30,82177779,
5211,5211.TWO,Penpower,蒙恬,,TPEx LISTED,資訊服務業,資訊服務業,30,32024727,
5212,5212.TWO,HYWEB,凌網,,TPEx LISTED,資訊服務業,資訊服務業,30,34633000,
5213,5213.TWO,YeaShin,亞昕,,TPEx LISTED,建材營造,建材營造,14,721334326,
5220,5220.TWO,HIGGSTEC,萬達光電,,TPEx LISTED,光電業,光電業,26,39667000,
5223,5223.TWO,Anli,安力-KY,,TPEx LISTED,電腦及週邊設備業,電腦及週邊設備業,25,44549781,
5227,5227.TWO,Aleees,立凱-KY,,TPEx LISTED,電子零組件業,電子零組件業,28,96000000,
5228,5228.TWO,MAX ECHO,鈺鎧,,TPEx LISTED,電子零組件業,電子零組件業,28,38056253,
5230,5230.TWO,Ledlink,雷笛克光學,,TPEx LISTED,光電業,光電業,26,56303831,
5245,5245.TWO,WSI,智晶,,TPEx LISTED,光電業,光電業,26,45127141,
5251,5251.TWO,JSW,天鉞電,,TPEx LISTED,光電業,光電業,26,33733377,
5263,5263.TWO,BROGENT,智崴,,TPEx LISTED,文化創意業,文化創意業,32,78936891,
5272,5272.TWO,AMICCOM,笙科,,TPEx LISTED,半導體業,半導體業,24,55276118,
5274,5274.TWO,ASPEED,信驊,,TPEx LISTED,半導體業,半導體業,24,41582953,
5276,5276.TWO,Da Hui,達輝-KY,,TPEx LISTED,其他,其他,20,39500000,
5278,5278.TWO,Sunfun,尚凡*,,TPEx LISTED,數位雲端,數位雲端,36,300000000,
5287,5287.TWO,ADDCN,數字,,TPEx LISTED,數位雲端,數位雲端,36,60310050,
5289,5289.TWO,Innodisk,宜鼎,,TPEx LISTED,電腦及週邊設備業,電腦及週邊設備業,25,98289931,
5291,5291.TWO,EISO,邑昇,,TPEx LISTED,電子零組件業,電子零組件業,28,41890606,
5299,5299.TWO,EMC,杰力,,TPEx LISTED,半導體業,半導體業,24,50888981,
5301,5301.TWO,CJW,寶得利,,TPEx LISTED,觀光餐旅,觀光餐旅,16,53928846,
5302,5302.TWO,STK,太欣,,TPEx LISTED,半導體業,半導體業,24,159888349,
5309,5309.TWO,SG,系統電,,TPEx LISTED,電子零組件業,電子零組件業,28,230967451,
5310,5310.TWO,CGS,天剛,,TPEx LISTED,資訊服務業,資訊服務業,30,28943517,
5312,5312.TWO,FORMOSA,寶島科,,TPEx LISTED,生技醫療業,生技醫療業,22,60059898,
5314,5314.TWO,Myson,世紀*,,TPEx LISTED,其他,其他,20,292000000,
5315,5315.TWO,U.R.T.,光聯,,TPEx LISTED,光電業,光電業,26,106351832,
5321,5321.TWO,U.R.,美而快,,TPEx LISTED,數位雲端,數位雲端,36,59543149,
5324,5324.TWO,SDC,士開,,TPEx LISTED,建材營造,建材營造,14,226379090,
5328,5328.TWO,HJC,華容,,TPEx LISTED,電子零組件業,電子零組件業,28,172710724,
5340,5340.TWO,BAOTEK,建榮,,TPEx LISTED,電子零組件業,電子零組件業,28,194893964,
5344,5344.TWO,VATE,立衛,,TPEx LISTED,半導體業,半導體業,24,79447460,
5345,5345.TWO,Fullhome,馥鴻,,TPEx LISTED,其他,其他,20,37795000,
5347,5347.TWO,VIS,世界,,TPEx LISTED,半導體業,半導體業,24,1878502192,
5348,5348.TWO,EMT,正能量智能,,TPEx LISTED,運動休閒,運動休閒,37,14775917,
5351,5351.TWO,Etron,鈺創,,TPEx LISTED,半導體業,半導體業,24,328636781,
5353,5353.TWO,Tailyn,台林,,TPEx LISTED,通信網路業,通信網路業,27,76500000,
5355,5355.TWO,PSC,佳總,,TPEx LISTED,電子零組件業,電子零組件業,28,77500000,
5356,5356.TWO,SIRTEC,協益,,TPEx LISTED,電腦及週邊設備業,電腦及週邊設備業,25,103040000,
5364,5364.TWO,LEALEA HOTELS,力麗店,,TPEx LISTED,觀光餐旅,觀光餐旅,16,63849940,
5381,5381.TWO,SPE,光譜,,TPEx LISTED,電機機械,電機機械,05,207690562,
5386,5386.TWO,ALBATRON,青雲,,TPEx LISTED,電腦及週邊設備業,電腦及週邊設備業,25,54121322,
5392,5392.TWO,ABICO AVY,能率,,TPEx LISTED,光電業,光電業,26,180093388,
5398,5398.TWO,Mediera,慕康生醫,,TPEx LISTED,其他,其他,20,49465460,
5403,5403.TWO,DDSC,中菲,,TPEx LISTED,資訊服務業,資訊服務業,30,78120722,
5410,5410.TWO,LEO,國眾,,TPEx LISTED,資訊服務業,資訊服務業,30,93368623,
5425,5425.TWO,TSC,台半,,TPEx LISTED,半導體業,半導體業,24,263485486,
5426,5426.TWO,CF,振發,,TPEx LISTED,電腦及週邊設備業,電腦及週邊設備業,25,143800000,
5432,5432.TWO,SOLOMON DATA,新門,,TPEx LISTED,綠能環保,綠能環保,35,20687804,
5438,5438.TWO,TIS,東友,,TPEx LISTED,電腦及週邊設備業,電腦及週邊設備業,25,112536565,
5439,5439.TWO,FHt,高技,,TPEx LISTED,電子零組件業,電子零組件業,28,92975752,
5443,5443.TWO,GPM,均豪,,TPEx LISTED,半導體業,半導體業,24,164746644,
5450,5450.TWO,NAMLIONG,南良,,TPEx LISTED,其他,其他,20,122403239,
5452,5452.TWO,UNIC,佶優,,TPEx LISTED,其他電子業,其他電子業,31,148763669,
5455,5455.TWO,SY,昇益,,TPEx LISTED,建材營造,建材營造,14,65501813,
5457,5457.TWO,SPEED TECH,宣德,,TPEx LISTED,電子零組件業,電子零組件業,28,196237000,
5460,5460.TWO,MUSTANG,同協,,TPEx LISTED,電子零組件業,電子零組件業,28,58778130,
5464,5464.TWO,LIN HORN,霖宏,,TPEx LISTED,電子零組件業,電子零組件業,28,71071490,
5465,5465.TWO,LFE,富驊,,TPEx LISTED,電腦及週邊設備業,電腦及週邊設備業,25,147682629,
5468,5468.TWO,TMTECH,凱鈺,,TPEx LISTED,半導體業,半導體業,24,58922909,
5474,5474.TWO,YUAN,聰泰,,TPEx LISTED,電腦及週邊設備業,電腦及週邊設備業,25,39756944,
5475,5475.TWO,GLOTECH,德宏,,TPEx LISTED,電子零組件業,電子零組件業,28,127127017,
5478,5478.TWO,SOFT-WORLD,智冠,,TPEx LISTED,文化創意業,文化創意業,32,156074332,
5481,5481.TWO,SINOTACT,新華,,TPEx LISTED,其他,其他,20,71402891,
5483,5483.TWO,SAS,中美晶,,TPEx LISTED,半導體業,半導體業,24,641221651,
5487,5487.TWO,TONTEK,通泰,,TPEx LISTED,半導體業,半導體業,24,24222516,
5488,5488.TWO,SP,松普,,TPEx LISTED,電子零組件業,電子零組件業,28,91586124,
5489,5489.TWO,DYNACOLOR,彩富,,TPEx LISTED,其他電子業,其他電子業,31,102706441,
5490,5490.TWO,XAC,同亨,,TPEx LISTED,電腦及週邊設備業,電腦及週邊設備業,25,96152201,
5493,5493.TWO,Sanlien,三聯,,TPEx LISTED,其他電子業,其他電子業,31,43689255,
5498,5498.TWO,KEY WARE,凱崴,,TPEx LISTED,電子零組件業,電子零組件業,28,193548545,
5508,5508.TWO,YCDC,永信建,,TPEx LISTED,建材營造,建材營造,14,217428133,
5511,5511.TWO,TE CHANG,德昌,,TPEx LISTED,建材營造,建材營造,14,136000000,
5512,5512.TWO,RICH,力麒,,TPEx LISTED,建材營造,建材營造,14,766312494,
5514,5514.TWO,SUN FON,三豐,,TPEx LISTED,建材營造,建材營造,14,236118280,
5516,5516.TWO,SUN-SEA,雙喜,,TPEx LISTED,建材營造,建材營造,14,51545223,
5520,5520.TWO,Lihtai,力泰,,TPEx LISTED,建材營造,建材營造,14,59975245,
5523,5523.TWO,FONG CHIEN,豐謙,,TPEx LISTED,建材營造,建材營造,14,155001464,
5529,5529.TWO,MEGA,鉅陞,,TPEx LISTED,建材營造,建材營造,14,105769350,
5530,5530.TWO,LUNG YEN,龍巖,,TPEx LISTED,其他,其他,20,420084199,
5536,5536.TWO,ACTER,聖暉*,,TPEx LISTED,其他電子業,其他電子業,31,124080930,
5543,5543.TWO,Buima,桓鼎-KY,,TPEx LISTED,建材營造,建材營造,14,46703593,
5547,5547.TWO,Jioushun,久舜,,TPEx LISTED,建材營造,建材營造,14,51000000,
5548,5548.TWO,ANCANG,安倉,,TPEx LISTED,建材營造,建材營造,14,63723065,
5601,5601.TWO,TACT,台聯櫃,,TPEx LISTED,航運業,航運業,15,64800000,
5603,5603.TWO,SEA&LAND,陸海,,TPEx LISTED,航運業,航運業,15,104876607,
5604,5604.TWO,CLTC,中連,,TPEx LISTED,其他,其他,20,108782968,
5609,5609.TWO,DIMERCO,中菲行,,TPEx LISTED,航運業,航運業,15,142884000,
5701,5701.TWO,JFS,劍湖山,,TPEx LISTED,觀光餐旅,觀光餐旅,16,143000000,
5703,5703.TWO,Landis Taipei,亞都麗緻,,TPEx LISTED,觀光餐旅,觀光餐旅,16,70239594,
5704,5704.TWO,Chihpen Royal,老爺知,,TPEx LISTED,觀光餐旅,觀光餐旅,16,58861658,
5864,5864.TWO,CIS,致和證,,TPEx LISTED,金融保險,金融保險,17,504490084,
5878,5878.TWO,TABC,台名,,TPEx LISTED,金融保險,金融保險,17,25024303,
5902,5902.TWO,Tait,德記,,TPEx LISTED,居家生活,居家生活,38,94500000,
5903,5903.TWO,FamilyMart,全家,,TPEx LISTED,居家生活,居家生活,38,223220000,
5904,5904.TWO,POYA*,寶雅*,,TPEx LISTED,居家生活,居家生活,38,1064438260,
5905,5905.TWO,NRL,南仁湖,,TPEx LISTED,觀光餐旅,觀光餐旅,16,281623235,
6015,6015.TWO,HORIZON Sec.,宏遠證,,TPEx LISTED,金融保險,金融保險,17,403614082,
6016,6016.TWO,concords,康和證,,TPEx LISTED,金融保險,金融保險,17,772419946,
6020,6020.TWO,TACHAN,大展證,,TPEx LISTED,金融保險,金融保險,17,252353154,
6021,6021.TWO,GOOD FINANCE,美好證,,TPEx LISTED,金融保險,金融保險,17,312005974,
6023,6023.TWO,Yuanta Futures,元大期貨,,TPEx LISTED,金融保險,金融保險,17,447972732,
6026,6026.TWO,GFS,福邦證,,TPEx LISTED,金融保險,金融保險,17,396161841,
6028,6028.TWO,GIBC,公勝保經,,TPEx LISTED,金融保險,金融保險,17,25000000,
6101,6101.TWO,KIC,寬魚國際,,TPEx LISTED,文化創意業,文化創意業,32,116601850,
6103,6103.TWO,AVID,合邦,,TPEx LISTED,半導體業,半導體業,24,13604891,
6104,6104.TWO,GLI,創惟,,TPEx LISTED,半導體業,半導體業,24,91128607,
6109,6109.TWO,AtechOEM,亞元,,TPEx LISTED,通信網路業,通信網路業,27,87825414,
6111,6111.TWO,SFG,光聚晶電,,TPEx LISTED,文化創意業,文化創意業,32,108511051,
6113,6113.TWO,ASEC,亞矽,,TPEx LISTED,電子通路業,電子通路業,29,52549455,
6114,6114.TWO,JUIC,久威,,TPEx LISTED,電子零組件業,電子零組件業,28,43911937,
6118,6118.TWO,Xander,建達,,TPEx LISTED,電子通路業,電子通路業,29,90889573,
6121,6121.TWO,SMP,新普,,TPEx LISTED,電腦及週邊設備業,電腦及週邊設備業,25,184970519,
6122,6122.TWO,KPEC,擎邦,,TPEx LISTED,電機機械,電機機械,05,78091632,
6123,6123.TWO,GrandTech,上奇,,TPEx LISTED,資訊服務業,資訊服務業,30,62089430,
6124,6124.TWO,YCTC,業強,,TPEx LISTED,電子零組件業,電子零組件業,28,182479945,
6125,6125.TWO,KENMEC,廣運,,TPEx LISTED,電機機械,電機機械,05,259011150,
6126,6126.TWO,SINGATRON,信音,,TPEx LISTED,電子零組件業,電子零組件業,28,130050754,
6127,6127.TWO,LEATEC,九豪,,TPEx LISTED,電子零組件業,電子零組件業,28,108079751,
6129,6129.TWO,PTC,普誠,,TPEx LISTED,半導體業,半導體業,24,160574120,
6130,6130.TWO,SHANGYA,上亞科技,,TPEx LISTED,生技醫療業,生技醫療業,22,49300000,
6134,6134.TWO,WanShih,萬旭,,TPEx LISTED,電子零組件業,電子零組件業,28,81882117,
6138,6138.TWO,ANPEC,茂達,,TPEx LISTED,半導體業,半導體業,24,75633500,
6140,6140.TWO,DIMENSION,訊達電腦,,TPEx LISTED,資訊服務業,資訊服務業,30,54897760,
6143,6143.TWO,"NETRONIX,INC.",振曜,,TPEx LISTED,通信網路業,通信網路業,27,86058897,
6144,6144.TWO,DMT,得利影,,TPEx LISTED,文化創意業,文化創意業,32,38273701,
6146,6146.TWO,SPORTON,耕興,,TPEx LISTED,其他電子業,其他電子業,31,101867199,
6147,6147.TWO,CHIPBOND,頎邦,,TPEx LISTED,半導體業,半導體業,24,744577539,
6148,6148.TWO,AZION,驊宏資,,TPEx LISTED,資訊服務業,資訊服務業,30,46603757,
6150,6150.TWO,Tul,撼訊,,TPEx LISTED,電腦及週邊設備業,電腦及週邊設備業,25,48345985,
6151,6151.TWO,GINAR,晉倫,,TPEx LISTED,其他電子業,其他電子業,31,55257300,
6154,6154.TWO,Sunfar,順發,,TPEx LISTED,電子通路業,電子通路業,29,80080000,
6156,6156.TWO,SONG SHANG,松上,,TPEx LISTED,電子零組件業,電子零組件業,28,107875010,
6158,6158.TWO,P-TWO,禾昌,,TPEx LISTED,電子零組件業,電子零組件業,28,55028788,
6160,6160.TWO,Cipherlab,欣技,,TPEx LISTED,電腦及週邊設備業,電腦及週邊設備業,25,68489120,
6161,6161.TWO,JETWAY,捷波,,TPEx LISTED,電腦及週邊設備業,電腦及週邊設備業,25,56237477,
6163,6163.TWO,HWACOM,華電網,,TPEx LISTED,資訊服務業,資訊服務業,30,148838747,
6167,6167.TWO,POWERTIP,久正,,TPEx LISTED,光電業,光電業,26,143080000,
6169,6169.TWO,InterServ,昱泉,,TPEx LISTED,文化創意業,文化創意業,32,23394960,
6170,6170.TWO,WELLDONE,統振,,TPEx LISTED,通信網路業,通信網路業,27,97260038,
6171,6171.TWO,Tacheng,大城地產,,TPEx LISTED,建材營造,建材營造,14,100000000,
6173,6173.TWO,P.D.C.,信昌電,,TPEx LISTED,電子零組件業,電子零組件業,28,160928000,
6174,6174.TWO,AKER,安碁,,TPEx LISTED,電子零組件業,電子零組件業,28,50000000,
6175,6175.TWO,LITON,立敦,,TPEx LISTED,電子零組件業,電子零組件業,28,150121812,
6179,6179.TWO,ATE ENERGY,亞通,,TPEx LISTED,其他,其他,20,177324650,
6180,6180.TWO,GAMANIA,橘子,,TPEx LISTED,文化創意業,文化創意業,32,175493573,
6182,6182.TWO,WAFER WORKS,合晶,,TPEx LISTED,半導體業,半導體業,24,625305662,
6185,6185.TWO,PLASTRON,幃翔,,TPEx LISTED,電子零組件業,電子零組件業,28,149867531,
6186,6186.TWO,Shin Ruenn,新潤,,TPEx LISTED,建材營造,建材營造,14,194907598,
6187,6187.TWO,ALL RING,萬潤,,TPEx LISTED,半導體業,半導體業,24,98262739,
6188,6188.TWO,QSI,廣明,,TPEx LISTED,電腦及週邊設備業,電腦及週邊設備業,25,278358910,
6190,6190.TWO,WONDERFUL,萬泰科,,TPEx LISTED,通信網路業,通信網路業,27,186522441,
6194,6194.TWO,YUFO,育富,,TPEx LISTED,電子零組件業,電子零組件業,28,48000000,
6195,6195.TWO,SCAN-D,詩肯,,TPEx LISTED,居家生活,居家生活,38,50192942,
6198,6198.TWO,Rich Circle,瑞築,,TPEx LISTED,建材營造,建材營造,14,171400350,
6199,6199.TWO,TienPin,天品,,TPEx LISTED,其他,其他,20,61760018,
6203,6203.TWO,Sea Sonic,海韻電,,TPEx LISTED,電子零組件業,電子零組件業,28,82401370,
6204,6204.TWO,ALPHA,艾華,,TPEx LISTED,電子零組件業,電子零組件業,28,23102080,
6207,6207.TWO,LASERTEK,雷科,,TPEx LISTED,電子零組件業,電子零組件業,28,93066484,
6208,6208.TWO,Htc,日揚,,TPEx LISTED,半導體業,半導體業,24,94462343,
6210,6210.TWO,KINTECH,慶生,,TPEx LISTED,電子零組件業,電子零組件業,28,35048000,
6212,6212.TWO,LI MING,理銘,,TPEx LISTED,建材營造,建材營造,14,102000000,
6217,6217.TWO,C.C.P.,中探針,,TPEx LISTED,電子零組件業,電子零組件業,28,117210018,
6218,6218.TWO,Hauman,豪勉,,TPEx LISTED,通信網路業,通信網路業,27,64262000,
6219,6219.TWO,FULL WANG,富旺,,TPEx LISTED,建材營造,建材營造,14,124967090,
6220,6220.TWO,YFC-BONEAGLE,岳豐,,TPEx LISTED,電子零組件業,電子零組件業,28,146462640,
6221,6221.TWO,Genesis,晉泰,,TPEx LISTED,資訊服務業,資訊服務業,30,168601206,
6222,6222.TWO,Li Hsuan,立軒,,TPEx LISTED,光電業,光電業,26,95688878,
6223,6223.TWO,MPI,旺矽,,TPEx LISTED,半導體業,半導體業,24,97981309,
6227,6227.TWO,Macnica Galaxy,茂綸,,TPEx LISTED,電子通路業,電子通路業,29,76111786,
6228,6228.TWO,PIE,全譜,,TPEx LISTED,電腦及週邊設備業,電腦及週邊設備業,25,29000000,
6229,6229.TWO,V-TAC,研通,,TPEx LISTED,半導體業,半導體業,24,40360700,
6231,6231.TWO,Insyde,系微,,TPEx LISTED,資訊服務業,資訊服務業,30,45652186,
6233,6233.TWO,PROLIFIC,旺玖,,TPEx LISTED,半導體業,半導體業,24,80971896,
6234,6234.TWO,TERA AUTO,高僑,,TPEx LISTED,光電業,光電業,26,100386398,
6236,6236.TWO,Neith Corp.,中湛,,TPEx LISTED,數位雲端,數位雲端,36,41654039,
6237,6237.TWO,CMEI,驊訊,,TPEx LISTED,半導體業,半導體業,24,79645371,
6240,6240.TWO,Sung Gang,松崗,,TPEx LISTED,資訊服務業,資訊服務業,30,22867370,
6241,6241.TWO,AMIGO,鑫永洋,,TPEx LISTED,通信網路業,通信網路業,27,45533670,
6242,6242.TWO,LI KANG,立康,,TPEx LISTED,生技醫療業,生技醫療業,22,31806500,
6244,6244.TWO,MOTECH,茂迪,,TPEx LISTED,光電業,光電業,26,387041875,
6245,6245.TWO,Lanner,立端,,TPEx LISTED,通信網路業,通信網路業,27,146608303,
6246,6246.TWO,TTFIC,臺龍,,TPEx LISTED,光電業,光電業,26,37851415,
6248,6248.TWO,TMP,沛波,,TPEx LISTED,鋼鐵工業,鋼鐵工業,10,99956149,
6259,6259.TWO,BULLWILL,百徽,,TPEx LISTED,電子零組件業,電子零組件業,28,28056146,
6261,6261.TWO,YTEC,久元,,TPEx LISTED,半導體業,半導體業,24,128497989,
6263,6263.TWO,Planet,普萊德,,TPEx LISTED,通信網路業,通信網路業,27,62500964,
6264,6264.TWO,KL,富裔,,TPEx LISTED,建材營造,建材營造,14,136355291,
6265,6265.TWO,KCU,方土昶,,TPEx LISTED,電子通路業,電子通路業,29,118172151,
6266,6266.TWO,TOP UNION,泰詠,,TPEx LISTED,電子零組件業,電子零組件業,28,153871641,
6270,6270.TWO,PCT,倍微,,TPEx LISTED,電子通路業,電子通路業,29,72145759,
6274,6274.TWO,tuc,台燿,,TPEx LISTED,電子零組件業,電子零組件業,28,299460093,
6275,6275.TWO,Y.S.TECH,元山,,TPEx LISTED,電子零組件業,電子零組件業,28,80344567,
6276,6276.TWO,Antec,安鈦克,,TPEx LISTED,電腦及週邊設備業,電腦及週邊設備業,25,22043000,
6279,6279.TWO,HU LANE,胡連,,TPEx LISTED,電子零組件業,電子零組件業,28,119015736,
6284,6284.TWO,INPAQ,佳邦,,TPEx LISTED,電子零組件業,電子零組件業,28,148980341,
6290,6290.TWO,LONGWELL,良維,,TPEx LISTED,電子零組件業,電子零組件業,28,169652410,
6291,6291.TWO,AIC,沛亨,,TPEx LISTED,半導體業,半導體業,24,42000000,
6292,6292.TWO,AXIS,迅德,,TPEx LISTED,電子零組件業,電子零組件業,28,46600712,
6294,6294.TWO,Tekom,智基,,TPEx LISTED,文化創意業,文化創意業,32,26047106,
6411,6411.TWO,Amazing,晶焱,,TPEx LISTED,半導體業,半導體業,24,99508031,
6417,6417.TWO,SAG,韋僑,,TPEx LISTED,通信網路業,通信網路業,27,42274000,
6418,6418.TWO,Y-S ELEC.,詠昇,,TPEx LISTED,電子零組件業,電子零組件業,28,34522000,
6419,6419.TWO,NUUO,京晨科,,TPEx LISTED,光電業,光電業,26,13159170,
6423,6423.TWO,YMC,億而得,,TPEx LISTED,半導體業,半導體業,24,31016000,
6425,6425.TWO,EFC,易發,,TPEx LISTED,電機機械,電機機械,05,51382317,
6432,6432.TWO,ARLITECH,今展科,,TPEx LISTED,電子零組件業,電子零組件業,28,38784067,
6435,6435.TWO,Sinopower,大中,,TPEx LISTED,半導體業,半導體業,24,37461300,
6441,6441.TWO,IBS,廣錠,,TPEx LISTED,電腦及週邊設備業,電腦及週邊設備業,25,53318429,
6461,6461.TWO,Intech,益得,,TPEx LISTED,生技醫療業,生技醫療業,22,110324527,
6462,6462.TWO,EGIS,神盾,,TPEx LISTED,半導體業,半導體業,24,91250754,
6465,6465.TWO,ATrack,威潤,,TPEx LISTED,通信網路業,通信網路業,27,59073685,
6469,6469.TWO,Great Tree,大樹,,TPEx LISTED,生技醫療業,生技醫療業,22,159085152,
6470,6470.TWO,U-MEDIA,宇智,,TPEx LISTED,通信網路業,通信網路業,27,37694100,
6474,6474.TWO,WFE,華豫寧,,TPEx LISTED,電子通路業,電子通路業,29,52526199,
6482,6482.TWO,FUN YOURS,弘煜科,,TPEx LISTED,文化創意業,文化創意業,32,28634463,
6485,6485.TWO,ASolid,點序,,TPEx LISTED,半導體業,半導體業,24,47366493,
6486,6486.TWO,IDT,互動,,TPEx LISTED,通信網路業,通信網路業,27,50893286,
6488,6488.TWO,GWC,環球晶,,TPEx LISTED,半導體業,半導體業,24,478113725,
6492,6492.TWO,SH,生華科,,TPEx LISTED,生技醫療業,生技醫療業,22,114903620,
6494,6494.TWO,Nyquest,九齊,,TPEx LISTED,半導體業,半導體業,24,31559690,
6496,6496.TWO,Excelsior,科懋,,TPEx LISTED,生技醫療業,生技醫療業,22,47290220,
6498,6498.TWO,PTIC,久禾光,,TPEx LISTED,光電業,光電業,26,47475892,
6499,6499.TWO,Medeon,益安,,TPEx LISTED,生技醫療業,生技醫療業,22,96944893,
6506,6506.TWO,SBI,雙邦,,TPEx LISTED,紡織纖維,紡織纖維,04,82360826,
6508,6508.TWO,HKC,惠光,,TPEx LISTED,農業科技業,農業科技業,33,86538864,
6509,6509.TWO,HOPAX,聚和,,TPEx LISTED,化學工業,化學工業,21,197080553,
6510,6510.TWO,CHPT,精測,,TPEx LISTED,半導體業,半導體業,24,32929138,
6512,6512.TWO,GoMax,啟發電,,TPEx LISTED,其他電子業,其他電子業,31,25260000,
6516,6516.TWO,KINGWAY,勤崴國際,,TPEx LISTED,資訊服務業,資訊服務業,30,56336935,
6517,6517.TWO,BASO,保勝光學,,TPEx LISTED,光電業,光電業,26,30579053,
6527,6527.TWO,Crystalvue,明達醫,,TPEx LISTED,生技醫療業,生技醫療業,22,25458550,
6530,6530.TWO,Axcen,創威,,TPEx LISTED,通信網路業,通信網路業,27,33750000,
6532,6532.TWO,CT,瑞耘,,TPEx LISTED,半導體業,半導體業,24,37445147,
6535,6535.TWO,LUMOSA,順藥,,TPEx LISTED,生技醫療業,生技醫療業,22,167840825,
6538,6538.TWO,Brave Screen,倉和,,TPEx LISTED,電子零組件業,電子零組件業,28,37270493,
6542,6542.TWO,GAMESPARCS,隆中,,TPEx LISTED,文化創意業,文化創意業,32,42000630,
6546,6546.TWO,AMPAK,正基,,TPEx LISTED,通信網路業,通信網路業,27,66848449,
6547,6547.TWO,MVC,高端疫苗,,TPEx LISTED,生技醫療業,生技醫療業,22,328943644,
6548,6548.TWO,CWTC,長科*,,TPEx LISTED,半導體業,半導體業,24,950464700,
6556,6556.TWO,Topview,勝品,,TPEx LISTED,光電業,光電業,26,28750000,
6560,6560.TWO,APPROPHO,欣普羅,,TPEx LISTED,光電業,光電業,26,33474715,
6561,6561.TWO,Chief,是方,,TPEx LISTED,通信網路業,通信網路業,27,77958370,
6568,6568.TWO,Rafael Micro,宏觀,,TPEx LISTED,半導體業,半導體業,24,30796200,
6569,6569.TWO,onyx,醫揚,,TPEx LISTED,生技醫療業,生技醫療業,22,42820745,
6570,6570.TWO,APLEX,維田,,TPEx LISTED,電腦及週邊設備業,電腦及週邊設備業,25,37119170,
6574,6574.TWO,MIKOBEAUTE,霈方,,TPEx LISTED,生技醫療業,生技醫療業,22,21990000,
6576,6576.TWO,Foresee,逸達,,TPEx LISTED,生技醫療業,生技醫療業,22,157540541,
6577,6577.TWO,PSC,勁豐,,TPEx LISTED,電腦及週邊設備業,電腦及週邊設備業,25,60060145,
6578,6578.TWO,DaBomb,達邦蛋白,,TPEx LISTED,農業科技業,農業科技業,33,71941901,
6584,6584.TWO,NAN JUEN,南俊國際,,TPEx LISTED,電子零組件業,電子零組件業,28,71379810,
6588,6588.TWO,EOC,東典光電,,TPEx LISTED,通信網路業,通信網路業,27,34700825,
6590,6590.TWO,Provision,普鴻,,TPEx LISTED,資訊服務業,資訊服務業,30,28695603,
6593,6593.TWO,TNP,台灣銘板,,TPEx LISTED,資訊服務業,資訊服務業,30,31856609,
6596,6596.TWO,KHAM Inc.,寬宏藝術,,TPEx LISTED,文化創意業,文化創意業,32,38000000,
6597,6597.TWO,ECOCERA,立誠,,TPEx LISTED,電子零組件業,電子零組件業,28,30042250,
6603,6603.TWO,FCS,富強鑫,,TPEx LISTED,電機機械,電機機械,05,167442946,
6604,6604.TWO,JUOKU,儒億,,TPEx LISTED,電機機械,電機機械,05,50731039,
6609,6609.TWO,TTT,瀧澤科,,TPEx LISTED,電機機械,電機機械,05,72456246,
6612,6612.TWO,ICARES,奈米醫材,,TPEx LISTED,生技醫療業,生技醫療業,22,52266043,
6613,6613.TWO,Novatech,朋億*,,TPEx LISTED,其他電子業,其他電子業,31,77801485,
6615,6615.TWO,SOFIVA,慧智,,TPEx LISTED,生技醫療業,生技醫療業,22,21593400,
6616,6616.TWO,TIL,特昇-KY,,TPEx LISTED,居家生活,居家生活,38,35428473,
6617,6617.TWO,Gongwin,共信-KY,,TPEx LISTED,生技醫療業,生技醫療業,22,127506100,
6620,6620.TWO,Handa Pharma,漢達,,TPEx LISTED,生技醫療業,生技醫療業,22,165981900,
6624,6624.TWO,EC,萬年清,,TPEx LISTED,綠能環保,綠能環保,35,22579482,
6629,6629.TWO,TK-KY,泰金-KY,,TPEx LISTED,居家生活,居家生活,38,38379563,
6637,6637.TWO,MIC,醫影,,TPEx LISTED,生技醫療業,生技醫療業,22,26810000,
6640,6640.TWO,GMM,均華,,TPEx LISTED,半導體業,半導體業,24,28911500,
6642,6642.TWO,FUZETEC,富致,,TPEx LISTED,電子零組件業,電子零組件業,28,37399662,
6643,6643.TWO,M31,M31,,TPEx LISTED,半導體業,半導體業,24,42620160,
6649,6649.TWO,TWBM,台生材,,TPEx LISTED,生技醫療業,生技醫療業,22,42000000,
6651,6651.TWO,CYSTEK,全宇昕,,TPEx LISTED,半導體業,半導體業,24,34601541,
6654,6654.TWO,TZI,天正國際,,TPEx LISTED,其他電子業,其他電子業,31,40962720,
6661,6661.TWO,WELGENE,威健生技,,TPEx LISTED,生技醫療業,生技醫療業,22,23304248,
6662,6662.TWO,BioLASCO,樂斯科,,TPEx LISTED,生技醫療業,生技醫療業,22,25612400,
6664,6664.TWO,Group Up,群翊,,TPEx LISTED,電子零組件業,電子零組件業,28,61151307,
6667,6667.TWO,Trusval,信紘科,,TPEx LISTED,其他電子業,其他電子業,31,49278878,
6679,6679.TWO,ZILLTEK,鈺太,,TPEx LISTED,半導體業,半導體業,24,54975335,
6680,6680.TWO,SINTRONES,鑫創電子,,TPEx LISTED,電腦及週邊設備業,電腦及週邊設備業,25,25071427,
6683,6683.TWO,KSMT,雍智科技,,TPEx LISTED,半導體業,半導體業,24,27552661,
6684,6684.TWO,AlgolTek,安格,,TPEx LISTED,半導體業,半導體業,24,44559496,
6690,6690.TWO,ACSI,安碁資訊,,TPEx LISTED,數位雲端,數位雲端,36,29999720,
6692,6692.TWO,AES,進能服,,TPEx LISTED,綠能環保,綠能環保,35,58843890,
6693,6693.TWO,inergy,廣閎科,,TPEx LISTED,半導體業,半導體業,24,45720000,
6697,6697.TWO,ITTS,東捷資訊,,TPEx LISTED,資訊服務業,資訊服務業,30,27323364,
6703,6703.TWO,SHINY,軒郁,,TPEx LISTED,生技醫療業,生技醫療業,22,36607210,
6708,6708.TWO,MARS,天擎,,TPEx LISTED,半導體業,半導體業,24,29008779,
6712,6712.TWO,Ever Supreme,長聖,,TPEx LISTED,生技醫療業,生技醫療業,22,100488861,
6716,6716.TWO,PDK,應廣,,TPEx LISTED,半導體業,半導體業,24,30241814,
6720,6720.TWO,MP,久昌,,TPEx LISTED,半導體業,半導體業,24,30225741,
6721,6721.TWO,Sincere group,信實,,TPEx LISTED,其他,其他,20,24500000,
6725,6725.TWO,CHCT,矽科宏晟,,TPEx LISTED,其他電子業,其他電子業,31,37130000,
6727,6727.TWO,AMI,亞泰金屬,,TPEx LISTED,電子零組件業,電子零組件業,28,26884177,
6728,6728.TWO,UP YOUNG,上洋,,TPEx LISTED,居家生活,居家生活,38,30120000,
6730,6730.TWO,LAGIS,常廣,,TPEx LISTED,生技醫療業,生技醫療業,22,36298151,
6732,6732.TWO,sensortek,昇佳電子,,TPEx LISTED,半導體業,半導體業,24,48912618,
6733,6733.TWO,BioGend,博晟生醫,,TPEx LISTED,生技醫療業,生技醫療業,22,134316026,
6735,6735.TWO,AMIDA,美達科技,,TPEx LISTED,其他電子業,其他電子業,31,46182292,
6739,6739.TWO,GUTC,竹陞科技,,TPEx LISTED,其他電子業,其他電子業,31,23392500,
6741,6741.TWO,91APP,91APP*-KY,,TPEx LISTED,數位雲端,數位雲端,36,120577997,
6751,6751.TWO,AST,智聯服務,,TPEx LISTED,資訊服務業,資訊服務業,30,22200000,
6752,6752.TWO,GSS,叡揚,,TPEx LISTED,資訊服務業,資訊服務業,30,38258471,
6761,6761.TWO,Wendell,穩得,,TPEx LISTED,電子零組件業,電子零組件業,28,34955867,
6762,6762.TWO,Delta Asia,達亞,,TPEx LISTED,生技醫療業,生技醫療業,22,36930288,
6763,6763.TWO,Green World,綠界科技*,,TPEx LISTED,數位雲端,數位雲端,36,184039130,
6767,6767.TWO,Wiltrom,台微醫,,TPEx LISTED,生技醫療業,生技醫療業,22,39183630,
6785,6785.TWO,Alar,昱展新藥,,TPEx LISTED,生技醫療業,生技醫療業,22,66800000,
6788,6788.TWO,Brillian,華景電,,TPEx LISTED,半導體業,半導體業,24,38739683,
6791,6791.TWO,TADC,虎門科技,,TPEx LISTED,資訊服務業,資訊服務業,30,20847000,
6803,6803.TWO,ECOVE Corp.,崑鼎,,TPEx LISTED,綠能環保,綠能環保,35,72794385,
6804,6804.TWO,Axman,明係,,TPEx LISTED,運動休閒,運動休閒,37,47500000,
6811,6811.TWO,AEB,宏碁資訊,,TPEx LISTED,數位雲端,數位雲端,36,41449000,
6821,6821.TWO,LKM,聯寶,,TPEx LISTED,電子零組件業,電子零組件業,28,35913193,
6823,6823.TWO,GreenFILTEC,濾能,,TPEx LISTED,半導體業,半導體業,24,33233920,
6829,6829.TWO,CFPREC,千附精密,,TPEx LISTED,半導體業,半導體業,24,59169000,
6840,6840.TWO,BTL,東研信超,,TPEx LISTED,其他電子業,其他電子業,31,30767284,
6841,6841.TWO,EFAI,長佳智能,,TPEx LISTED,生技醫療業,生技醫療業,22,95223000,
6843,6843.TWO,JDV,進典,,TPEx LISTED,電機機械,電機機械,05,33304000,
6844,6844.TWO,NORBEL,諾貝兒,,TPEx LISTED,生技醫療業,生技醫療業,22,37428440,
6846,6846.TWO,GREENYN,綠茵,,TPEx LISTED,食品工業,食品工業,02,27066039,
6855,6855.TWO,Eclatorq,數泓科,,TPEx LISTED,其他電子業,其他電子業,31,23249716,
6856,6856.TWO,ST media,鑫傳,,TPEx LISTED,文化創意業,文化創意業,32,28200000,
6859,6859.TWO,BEST OPT,伯特光,,TPEx LISTED,光電業,光電業,26,41588600,
6865,6865.TWO,WebComm,偉康科技,,TPEx LISTED,數位雲端,數位雲端,36,15840645,
6870,6870.TWO,Turn Cloud,騰雲,,TPEx LISTED,數位雲端,數位雲端,36,28317550,
6872,6872.TWO,NaviFUS,浩宇生醫,,TPEx LISTED,生技醫療業,生技醫療業,22,70750511,
6874,6874.TWO,M-POWER,倍力,,TPEx LISTED,資訊服務業,資訊服務業,30,22000000,
6875,6875.TWO,PBI,國邑*,,TPEx LISTED,生技醫療業,生技醫療業,22,129182804,
6877,6877.TWO,HYE,鏵友益,,TPEx LISTED,其他電子業,其他電子業,31,47167122,
6881,6881.TWO,RTD,潤德,,TPEx LISTED,其他,其他,20,15000000,
6884,6884.TWO,HSNC,海柏特,,TPEx LISTED,資訊服務業,資訊服務業,30,18390000,
6894,6894.TWO,WRT,衛司特,,TPEx LISTED,綠能環保,綠能環保,35,23800000,
6895,6895.TWO,WPTI,宏碩系統,,TPEx LISTED,半導體業,半導體業,24,34100000,
6899,6899.TWO,AMT,創為精密,,TPEx LISTED,光電業,光電業,26,42398491,
6903,6903.TWO,JH,巨漢,,TPEx LISTED,其他電子業,其他電子業,31,66676000,
6904,6904.TWO,PROXENE,伯鑫,,TPEx LISTED,其他,其他,20,18500000,
6907,6907.TWO,ATK-KY,雅特力-KY,,TPEx LISTED,半導體業,半導體業,24,62562500,
6910,6910.TWO,Grandsys,德鴻,,TPEx LISTED,數位雲端,數位雲端,36,30521000,
6913,6913.TWO,VSO,鴻呈,,TPEx LISTED,電子零組件業,電子零組件業,28,43848863,
6922,6922.TWO,Neousys,宸曜,,TPEx LISTED,電腦及週邊設備業,電腦及週邊設備業,25,27155385,
6925,6925.TWO,eLand,意藍,,TPEx LISTED,數位雲端,數位雲端,36,20000300,
6929,6929.TWO,We Can,佑全,,TPEx LISTED,生技醫療業,生技醫療業,22,45090000,
6945,6945.TWO,APBio,圓祥生技,,TPEx LISTED,生技醫療業,生技醫療業,22,97531160,
6953,6953.TWO,GDE,家碩,,TPEx LISTED,半導體業,半導體業,24,30014600,
6961,6961.TWO,Uni Travel,旅天下,,TPEx LISTED,觀光餐旅,觀光餐旅,16,26834000,
6967,6967.TWO,TRANS-SUN,汎瑋材料,,TPEx LISTED,電子零組件業,電子零組件業,28,30404477,
6968,6968.TWO,WONDERPETS,萬達寵物,,TPEx LISTED,居家生活,居家生活,38,50436279,
6971,6971.TWO,HM Env. Tech,惠民實業,,TPEx LISTED,綠能環保,綠能環保,35,38668000,
6982,6982.TWO,WALRUS PUMP,大井泵浦,,TPEx LISTED,電機機械,電機機械,05,40752381,
6983,6983.TWO,HYP,華洋精機,,TPEx LISTED,其他電子業,其他電子業,31,18020000,
6986,6986.TWO,HEXUN,和迅,,TPEx LISTED,生技醫療業,生技醫療業,22,52134000,
6996,6996.TWO,forcelead,力領科技,,TPEx LISTED,半導體業,半導體業,24,42090333,
6997,6997.TWO,Nextlink,博弘,,TPEx LISTED,數位雲端,數位雲端,36,22100500,
7402,7402.TWO,Brinno,邑錡,,TPEx LISTED,光電業,光電業,26,35280646,
7547,7547.TWO,INTUMIT,碩網,,TPEx LISTED,數位雲端,數位雲端,36,33963000,
7556,7556.TWO,YEEDEX,意德士科技,,TPEx LISTED,半導體業,半導體業,24,29080869,
7584,7584.TWO,HAPPYTUK,樂意,,TPEx LISTED,文化創意業,文化創意業,32,17055469,
7642,7642.TWO,Champ-Ray,昶瑞機電,,TPEx LISTED,電機機械,電機機械,05,30194258,
7703,7703.TWO,RAYZHER,銳澤,,TPEx LISTED,其他電子業,其他電子業,31,34745000,
7704,7704.TWO,Finesse,明遠精密,,TPEx LISTED,半導體業,半導體業,24,33769804,
7708,7708.TWO,FIG,全家餐飲,,TPEx LISTED,觀光餐旅,觀光餐旅,16,25500000,
7709,7709.TWO,Honor,榮田,,TPEx LISTED,電機機械,電機機械,05,39102740,
7712,7712.TWO,POTENS,博盛半導體,,TPEx LISTED,半導體業,半導體業,24,32561873,
7713,7713.TWO,WeLeader,威力德生醫,,TPEx LISTED,生技醫療業,生技醫療業,22,45478843,
7714,7714.TWO,UFTC,創泓科技,,TPEx LISTED,數位雲端,數位雲端,36,21000000,
7715,7715.TWO,Yuh Shan,裕山,,TPEx LISTED,綠能環保,綠能環保,35,32756500,
7716,7716.TWO,ITI,昱臺國際,,TPEx LISTED,航運業,航運業,15,22500000,
7717,7717.TWO,Lightel-KY,萊德光電-KY,,TPEx LISTED,通信網路業,通信網路業,27,24831518,
7718,7718.TWO,SPEC,友鋮,,TPEx LISTED,電機機械,電機機械,05,46356484,
7723,7723.TWO,JHU JIAN,築間,,TPEx LISTED,觀光餐旅,觀光餐旅,16,49619550,
7728,7728.TWO,Enlitech,光焱科技,,TPEx LISTED,其他電子業,其他電子業,31,13992621,
7734,7734.TWO,APT,印能科技,,TPEx LISTED,半導體業,半導體業,24,28000000,
7738,7738.TWO,EUI,東聯互動,,TPEx LISTED,數位雲端,數位雲端,36,27355799,
7743,7743.TWO,KFS,金利食安,,TPEx LISTED,食品工業,食品工業,02,36483338,
7744,7744.TWO,WB,崴寶,,TPEx LISTED,電子零組件業,電子零組件業,28,32076710,
7747,7747.TWO,GCS,昕奇雲端,,TPEx LISTED,數位雲端,數位雲端,36,30168600,
7751,7751.TWO,HORNG TERNG,竑騰,,TPEx LISTED,半導體業,半導體業,24,26888600,
7753,7753.TWO,SAVC,星亞,,TPEx LISTED,光電業,光電業,26,25000000,
7757,7757.TWO,Lebledor,金色三麥,,TPEx LISTED,觀光餐旅,觀光餐旅,16,24100000,
7767,7767.TWO,HPI,仁大資訊,,TPEx LISTED,資訊服務業,資訊服務業,30,30100000,
7770,7770.TWO,ZEITEC,君曜,,TPEx LISTED,半導體業,半導體業,24,30062053,
7772,7772.TWO,MOE,耀穎,,TPEx LISTED,半導體業,半導體業,24,26498600,
7777,7777.TWO,ABICO ASIA,能率亞洲,,TPEx LISTED,其他,其他,20,186606250,
7782,7782.TWO,SPEEDING ROCKET,光速火箭,,TPEx LISTED,居家生活,居家生活,38,23213000,
7792,7792.TWO,AM-POWER,安葆,,TPEx LISTED,其他電子業,其他電子業,31,46662000,
7794,7794.TWO,API,宏碁智新,,TPEx LISTED,居家生活,居家生活,38,28000000,
7805,7805.TWO,QNAP,威聯通,,TPEx LISTED,數位雲端,數位雲端,36,39750122,
7810,7810.TWO,JTRON,捷創科技,,TPEx LISTED,半導體業,半導體業,24,20250000,
7811,7811.TWO,Minson,民盛,,TPEx LISTED,運動休閒,運動休閒,37,33377000,
7814,7814.TWO,HORIEN,海昌生技,,TPEx LISTED,生技醫療業,生技醫療業,22,45000000,
7819,7819.TWO,Systex Fintech,精誠金融,,TPEx LISTED,資訊服務業,資訊服務業,30,25263500,
7820,7820.TWO,Liying EPTech,立盈,,TPEx LISTED,綠能環保,綠能環保,35,37768096,
7825,7825.TWO,NSTC,和亞智慧,,TPEx LISTED,其他電子業,其他電子業,31,23114500,
7828,7828.TWO,INNOSTAR,創新服務,,TPEx LISTED,半導體業,半導體業,24,40493911,
7839,7839.TWO,PRO360,達人網,,TPEx LISTED,數位雲端,數位雲端,36,15096025,
7842,7842.TWO,GREENET,天能綠電,,TPEx LISTED,綠能環保,綠能環保,35,18250000,
7856,7856.TWO,HTSI,漢測,,TPEx LISTED,半導體業,半導體業,24,33000000,
8024,8024.TWO,Alpha,佑華,,TPEx LISTED,半導體業,半導體業,24,45160100,
8027,8027.TWO,E&R,鈦昇,,TPEx LISTED,電機機械,電機機械,05,109750596,
8032,8032.TWO,KORYO,光菱,,TPEx LISTED,電子通路業,電子通路業,29,51810300,
8034,8034.TWO,OPNET,榮群,,TPEx LISTED,通信網路業,通信網路業,27,56586353,
8038,8038.TWO,CAEC,長園科,,TPEx LISTED,電子零組件業,電子零組件業,28,62278190,
8040,8040.TWO,IC+,九暘,,TPEx LISTED,半導體業,半導體業,24,96413874,
8042,8042.TWO,CHINSAN,金山電,,TPEx LISTED,電子零組件業,電子零組件業,28,131479954,
8043,8043.TWO,3H,蜜望實,,TPEx LISTED,電子零組件業,電子零組件業,28,79907170,
8044,8044.TWO,PChome online,網家,,TPEx LISTED,數位雲端,數位雲端,36,204768065,
8047,8047.TWO,GCC,星雲,,TPEx LISTED,其他電子業,其他電子業,31,34613011,
8048,8048.TWO,RUBYTECH,德勝,,TPEx LISTED,通信網路業,通信網路業,27,59436924,
8049,8049.TWO,AMPIRE,晶采,,TPEx LISTED,光電業,光電業,26,118279808,
8050,8050.TWO,IBASE,廣積,,TPEx LISTED,電腦及週邊設備業,電腦及週邊設備業,25,205204891,
8054,8054.TWO,Alcor Micro,安國,,TPEx LISTED,半導體業,半導體業,24,108732566,
8059,8059.TWO,CTI,凱碩,,TPEx LISTED,通信網路業,通信網路業,27,116466300,
8064,8064.TWO,CONTREL,東捷,,TPEx LISTED,光電業,光電業,26,184817836,
8066,8066.TWO,LIFESTYLE,來思達,,TPEx LISTED,居家生活,居家生活,38,36642304,
8067,8067.TWO,Gish INT,志旭,,TPEx LISTED,電子通路業,電子通路業,29,20700000,
8068,8068.TWO,Chander,全達,,TPEx LISTED,電子通路業,電子通路業,29,80765949,
8069,8069.TWO,EIH,元太,,TPEx LISTED,光電業,光電業,26,1154678380,
8071,8071.TWO,ABICO,能率網通,,TPEx LISTED,電子零組件業,電子零組件業,28,60084283,
8074,8074.TWO,AURONA,鉅橡,,TPEx LISTED,電子零組件業,電子零組件業,28,86974466,
8076,8076.TWO,FIRICH,伍豐,,TPEx LISTED,電腦及週邊設備業,電腦及週邊設備業,25,292213592,
8077,8077.TWO,GWH,洛碁,,TPEx LISTED,觀光餐旅,觀光餐旅,16,21945669,
8080,8080.TWO,TerraLink,泰霖,,TPEx LISTED,建材營造,建材營造,14,67163821,
8083,8083.TWO,TIC,瑞穎,,TPEx LISTED,電機機械,電機機械,05,35133193,
8084,8084.TWO,CHIP HOPE,巨虹,,TPEx LISTED,電子通路業,電子通路業,29,69514149,
8085,8085.TWO,FD,福華,,TPEx LISTED,其他電子業,其他電子業,31,139983060,
8086,8086.TWO,AWSC,宏捷科,,TPEx LISTED,半導體業,半導體業,24,196516123,
8087,8087.TWO,LEADSUN,麗升能源,,TPEx LISTED,綠能環保,綠能環保,35,38646042,
8088,8088.TWO,PANRAM,品安,,TPEx LISTED,半導體業,半導體業,24,60921749,
8089,8089.TWO,Comtrend,康全電訊,,TPEx LISTED,通信網路業,通信網路業,27,65998718,
8091,8091.TWO,FB,翔名,,TPEx LISTED,半導體業,半導體業,24,56943651,
8092,8092.TWO,CWPT,建暐,,TPEx LISTED,其他電子業,其他電子業,31,57172325,
8093,8093.TWO,ENERMAX,保銳,,TPEx LISTED,電子零組件業,電子零組件業,28,56567567,
8096,8096.TWO,CoAsia,擎亞,,TPEx LISTED,電子通路業,電子通路業,29,149343066,
8097,8097.TWO,ATW,常珵,,TPEx LISTED,通信網路業,通信網路業,27,60302468,
8099,8099.TWO,TSTI,大世科,,TPEx LISTED,資訊服務業,資訊服務業,30,100072800,
8102,8102.TWO,JEILIN,傑霖科技,,TPEx LISTED,半導體業,半導體業,24,23358350,
8107,8107.TWO,KENMOS,大億金茂,,TPEx LISTED,電機機械,電機機械,05,75000000,
8109,8109.TWO,P-DUKE,博大,,TPEx LISTED,電子零組件業,電子零組件業,28,82161236,
8111,8111.TWO,LIGITEK,立碁,,TPEx LISTED,光電業,光電業,26,109102223,
8121,8121.TWO,ACME,越峰,,TPEx LISTED,電子零組件業,電子零組件業,28,212993743,
8147,8147.TWO,NEXTRON,正淩,,TPEx LISTED,電子零組件業,電子零組件業,28,41817166,
8155,8155.TWO,ACCL,博智,,TPEx LISTED,電子零組件業,電子零組件業,28,62367700,
8171,8171.TWO,Formosa,天宇,,TPEx LISTED,綠能環保,綠能環保,35,112853326,
8176,8176.TWO,ZCOM,智捷,,TPEx LISTED,通信網路業,通信網路業,27,59800000,
8182,8182.TWO,HELE,加高,,TPEx LISTED,電子零組件業,電子零組件業,28,107041215,
8227,8227.TWO,PGC,巨有科技,,TPEx LISTED,半導體業,半導體業,24,39543000,
8234,8234.TWO,NEXCOM,新漢,,TPEx LISTED,電腦及週邊設備業,電腦及週邊設備業,25,141226472,
8240,8240.TWO,WAH HONG,華宏,,TPEx LISTED,光電業,光電業,26,100004414,
8255,8255.TWO,ATC,朋程,,TPEx LISTED,電機機械,電機機械,05,101961041,
8272,8272.TWO,Changing,全景軟體,,TPEx LISTED,資訊服務業,資訊服務業,30,18997755,
8277,8277.TWO,UNIFOSA,商丞,,TPEx LISTED,半導體業,半導體業,24,39500000,
8279,8279.TWO,SYNGEN,生展,,TPEx LISTED,生技醫療業,生技醫療業,22,27100851,
8284,8284.TWO,MITAKE,三竹,,TPEx LISTED,資訊服務業,資訊服務業,30,47303000,
8289,8289.TWO,Taitien,泰藝,,TPEx LISTED,電子零組件業,電子零組件業,28,68333765,
8291,8291.TWO,SMT,尚茂,,TPEx LISTED,電子零組件業,電子零組件業,28,17478450,
8299,8299.TWO,Phison,群聯,,TPEx LISTED,半導體業,半導體業,24,221165247,
8342,8342.TWO,I JANG,益張,,TPEx LISTED,其他,其他,20,33536692,
8349,8349.TWO,QST,恒耀國際,,TPEx LISTED,鋼鐵工業,鋼鐵工業,10,208821391,
8354,8354.TWO,KH,冠好,,TPEx LISTED,其他,其他,20,78532263,
8358,8358.TWO,CO-TECH,金居,,TPEx LISTED,電子零組件業,電子零組件業,28,252588000,
8383,8383.TWO,ChenFull,千附,,TPEx LISTED,半導體業,半導體業,24,113760482,
8390,8390.TWO,JYD,金益鼎,,TPEx LISTED,綠能環保,綠能環保,35,96116128,
8401,8401.TWO,BAI SHA,白紗科,,TPEx LISTED,其他,其他,20,70669058,
8403,8403.TWO,SHAREHOPE,盛弘,,TPEx LISTED,生技醫療業,生技醫療業,22,137640343,
8409,8409.TWO,EBM,商之器,,TPEx LISTED,生技醫療業,生技醫療業,22,32000000,
8410,8410.TWO,Sen Tien,森田,,TPEx LISTED,電腦及週邊設備業,電腦及週邊設備業,25,36589200,
8415,8415.TWO,Brighton-Best,大國鋼,,TPEx LISTED,鋼鐵工業,鋼鐵工業,10,1031500000,
8416,8416.TWO,SWTC,實威,,TPEx LISTED,資訊服務業,資訊服務業,30,28210710,
8421,8421.TWO,XYP,旭源,,TPEx LISTED,其他,其他,20,54817140,
8423,8423.TWO,Polygreen,保綠-KY,,TPEx LISTED,綠能環保,綠能環保,35,41714030,
8424,8424.TWO,WELLPOOL,惠普,,TPEx LISTED,建材營造,建材營造,14,36054368,
8426,8426.TWO,Redwood,紅木-KY,,TPEx LISTED,其他,其他,20,50242500,
8431,8431.TWO,SPT,匯鑽科,,TPEx LISTED,其他電子業,其他電子業,31,48778331,
8432,8432.TWO,TSH,東生華,,TPEx LISTED,生技醫療業,生技醫療業,22,38398140,
8433,8433.TWO,BON FAME,弘帆,,TPEx LISTED,居家生活,居家生活,38,54506098,
8435,8435.TWO,Zimmite,鉅邁,,TPEx LISTED,其他,其他,20,35200450,
8436,8436.TWO,TCI,大江,,TPEx LISTED,生技醫療業,生技醫療業,22,117728830,
8437,8437.TWO,Dadi,大地-KY,,TPEx LISTED,其他,其他,20,47014070,
8440,8440.TWO,E＆E,綠電,,TPEx LISTED,綠能環保,綠能環保,35,50255299,
8444,8444.TWO,Green River,綠河-KY,,TPEx LISTED,其他,其他,20,125104845,
8446,8446.TWO,HIM Music,華研,,TPEx LISTED,文化創意業,文化創意業,32,52914405,
8450,8450.TWO,PILI,霹靂,,TPEx LISTED,文化創意業,文化創意業,32,51309947,
8455,8455.TWO,Daito ME,大拓-KY,,TPEx LISTED,其他電子業,其他電子業,31,25219056,
8472,8472.TWO,Navicare,納維康,,TPEx LISTED,數位雲端,數位雲端,36,17735800,
8477,8477.TWO,XXTECHEC,創業家,,TPEx LISTED,數位雲端,數位雲端,36,84170616,
8489,8489.TWO,Samebest,三貝德,,TPEx LISTED,其他,其他,20,59948960,
8905,8905.TWO,ECS,裕國,,TPEx LISTED,其他,其他,20,119440000,
8906,8906.TWO,Forward,花王,,TPEx LISTED,其他,其他,20,44037370,
8908,8908.TWO,SHIN HSIUNG,欣雄,,TPEx LISTED,油電燃氣業,油電燃氣業,23,315332742,
8916,8916.TWO,KLF,光隆,,TPEx LISTED,其他,其他,20,148591646,
8917,8917.TWO,HTGas,欣泰,,TPEx LISTED,油電燃氣業,油電燃氣業,23,162652459,
8921,8921.TWO,SHEN'S ART,沈氏,,TPEx LISTED,其他,其他,20,46592159,
8923,8923.TWO,C.T.Publishing,時報,,TPEx LISTED,文化創意業,文化創意業,32,30375800,
8924,8924.TWO,O-TA,大田,,TPEx LISTED,運動休閒,運動休閒,37,83800000,
8927,8927.TWO,Pei Chi,北基,,TPEx LISTED,油電燃氣業,油電燃氣業,23,419068367,
8928,8928.TWO,DYNAMIC,鉅明,,TPEx LISTED,運動休閒,運動休閒,37,50854015,
8929,8929.TWO,FBIC,富堡,,TPEx LISTED,其他,其他,20,50580862,
8930,8930.TWO,CKM,青鋼,,TPEx LISTED,鋼鐵工業,鋼鐵工業,10,81809406,
8931,8931.TWO,TYC,大汽電,,TPEx LISTED,油電燃氣業,油電燃氣業,23,122254862,
8932,8932.TWO,Wiselink,智通*,,TPEx LISTED,數位雲端,數位雲端,36,426013152,
8933,8933.TWO,IDEAL,愛地雅,,TPEx LISTED,運動休閒,運動休閒,37,326724305,
8935,8935.TWO,PONTEX,邦泰,,TPEx LISTED,其他,其他,20,113495000,
8936,8936.TWO,KTI,國統,,TPEx LISTED,其他,其他,20,248078157,
8937,8937.TWO,HER CHEE,合騏*,,TPEx LISTED,其他,其他,20,441680272,
8938,8938.TWO,ADVANCED GROUP,明安,,TPEx LISTED,運動休閒,運動休閒,37,156986490,
8941,8941.TWO,GRAND HALL,關中,,TPEx LISTED,居家生活,居家生活,38,34972071,
8942,8942.TWO,Xxentria,森鉅,,TPEx LISTED,其他,其他,20,198842255,
9949,9949.TWO,TITTOT,琉園,,TPEx LISTED,文化創意業,文化創意業,32,44860763,
9950,9950.TWO,EMINENT,萬國通,,TPEx LISTED,塑膠工業,塑膠工業,03,167716000,
9951,9951.TWO,MACAUTO,皇田,,TPEx LISTED,電機機械,電機機械,05,73300000,
9960,9960.TWO,DACOME,邁達康,,TPEx LISTED,運動休閒,運動休閒,37,33592500,
9962,9962.TWO,YYS,有益,,TPEx LISTED,鋼鐵工業,鋼鐵工業,10,90220260,
