code,yahoo,name_en,name_zh,market_cap_100m_hkd,board_lot,category,sub_category,price,open,high,low,volume,turnover_proxy,ma5,ma10,dev5,dev10,gain1,gain3,gain5,year_prev_high,three_year_prev_high,history_prev_high,year_high,three_year_high,year_high_breakout,three_year_high_breakout,all_time_high_breakout,year_high_distance,three_year_high_distance,consecutive_3d_gain,consecutive_5d_gain,break_pullback_ma5,break_ma5_pullback_ma10,new_year_high,new_3y_high,new_all_time_high,near_year_high_10pct,near_3y_high_10pct,base_date,main_business,detailed_business
1101,1101.TW,TCC,台泥,1933.46,,TWSE LISTED,水泥工業,25.7,25.5,25.9,25.45,32916226,845.95,25.35,25.48,1.38,0.86,0.78,2.8,0.59,26.95,35.5,53.37,26.95,35.5,-3.9,-27.04,-51.47,4.64,27.61,True,False,False,True,False,False,False,True,False,2026-10-08,水泥工業,水泥、熟料與建築材料（公司級產品待核驗）
1102,1102.TW,ACC,亞泥,1289.18,,TWSE LISTED,水泥工業,36.35,35.6,36.35,35.6,10725962,389.89,35.69,35.685,1.85,1.86,1.25,3.41,1.96,38.05,48.4,54.3,38.05,48.4,-4.47,-24.9,-33.06,4.47,24.9,True,False,True,True,False,False,False,True,False,2026-10-08,水泥工業,水泥、熟料與建築材料（公司級產品待核驗）
1103,1103.TW,CHC,嘉泥,109.52,,TWSE LISTED,水泥工業,13.15,13.15,13.15,13.05,310879,4.09,13.13,13.125,0.15,0.19,0.0,0.77,-0.38,14.35,19.4,27.6,14.35,19.4,-8.36,-32.22,-52.35,8.36,32.22,False,False,True,True,False,False,False,True,False,2026-10-08,水泥工業,水泥、熟料與建築材料（公司級產品待核驗）
1104,1104.TW,UCC,環泥,184.37,,TWSE LISTED,水泥工業,26.85,26.7,26.95,26.65,214563,5.76,26.67,26.675,0.67,0.66,0.0,1.32,0.56,30.95,36.42,36.42,30.95,36.42,-12.92,-26.01,-26.01,13.25,26.28,False,False,True,True,False,False,False,False,False,2026-10-08,水泥工業,水泥、熟料與建築材料（公司級產品待核驗）
1108,1108.TW,LUCKY CEMENT,幸福,44.93,,TWSE LISTED,水泥工業,11.1,11.1,11.1,11.0,90050,1.0,11.1,11.09,0.0,0.09,0.0,0.45,-0.45,15.4,17.55,20.15,15.4,17.55,-27.92,-36.75,-44.91,27.92,36.75,False,False,False,True,False,False,False,False,False,2026-10-08,水泥工業,水泥、熟料與建築材料（公司級產品待核驗）
1109,1109.TW,HsingTa,信大,44.86,,TWSE LISTED,水泥工業,13.15,13.25,13.3,13.15,125200,1.65,13.24,13.28,-0.68,-0.98,-1.13,-0.38,-1.13,16.0,21.05,31.5,16.0,21.05,-16.87,-36.82,-57.78,17.81,37.53,False,False,False,False,False,False,False,False,False,2026-10-08,水泥工業,水泥、熟料與建築材料（公司級產品待核驗）
1110,1110.TW,SE CEMENT,東泥,82.65,,TWSE LISTED,水泥工業,14.45,14.3,14.45,14.3,99000,1.43,14.39,14.525,0.42,-0.52,0.0,0.7,-1.37,17.25,25.1,25.1,17.25,25.1,-16.23,-42.43,-42.43,16.23,42.43,False,False,True,False,False,False,False,False,False,2026-10-08,水泥工業,水泥、熟料與建築材料（公司級產品待核驗）
1201,1201.TW,WEI CHUAN,味全,58.45,,TWSE LISTED,食品工業,11.55,11.45,11.6,11.45,338324,3.91,11.46,11.53,0.79,0.17,0.87,1.32,-0.43,14.75,19.75,36.45,14.75,19.75,-21.36,-41.27,-68.18,21.69,41.52,False,False,False,True,False,False,False,False,False,2026-10-08,食品工業,食品、飲料與食品加工（公司級產品待核驗）
1203,1203.TW,VE WONG,味王,102.6,,TWSE LISTED,食品工業,42.75,43.1,43.15,42.75,25084,1.07,43.02,43.285,-0.63,-1.24,-0.58,0.59,-2.62,50.8,59.5,59.5,50.8,59.5,-15.06,-27.48,-27.48,15.85,28.15,False,False,False,False,False,False,False,False,False,2026-10-08,食品工業,食品、飲料與食品加工（公司級產品待核驗）
1210,1210.TW,GREATWALL,大成,459.02,,TWSE LISTED,食品工業,51.3,51.3,51.4,51.1,917930,47.09,51.4,51.65,-0.19,-0.68,0.0,-0.58,-0.77,59.5,66.9,66.9,59.5,66.9,-13.61,-23.17,-23.17,13.78,23.32,False,False,False,False,False,False,False,False,False,2026-10-08,食品工業,食品、飲料與食品加工（公司級產品待核驗）
1213,1213.TW,OCEANIC Bev.,大飲,4.25,,TWSE LISTED,食品工業,7.5,7.47,7.5,7.47,4000,0.03,7.258,7.259,3.33,3.32,2.6,4.17,7.14,10.75,17.45,18.2,10.75,17.45,-30.23,-57.02,-58.79,30.23,57.02,False,False,False,False,False,False,False,False,False,2026-10-08,食品工業,食品、飲料與食品加工（公司級產品待核驗）
1215,1215.TW,CPE,卜蜂,313.95,,TWSE LISTED,食品工業,106.5,105.0,106.5,105.0,505942,53.88,104.9,105.15,1.53,1.28,1.43,2.4,0.95,163.5,163.5,163.5,163.5,163.5,-34.86,-34.86,-34.86,34.86,34.86,False,False,False,True,False,False,False,False,False,2026-10-08,食品工業,食品、飲料與食品加工（公司級產品待核驗）
1216,1216.TW,UNI-PRESIDENT,統一,4295.6,,TWSE LISTED,食品工業,75.6,75.0,76.2,75.0,10103438,763.82,74.04,74.21,2.11,1.87,0.13,3.99,2.3,80.7,92.8,92.8,80.7,92.8,-5.58,-17.89,-17.89,6.32,18.53,True,False,False,False,False,False,False,True,False,2026-10-08,食品工業,食品、飲料與食品加工（公司級產品待核驗）
1217,1217.TW,AGV,愛之味,49.2,,TWSE LISTED,食品工業,9.95,9.91,9.95,9.9,328778,3.27,9.904,9.919,0.46,0.31,0.61,0.81,-0.1,10.85,13.4,14.95,10.85,13.4,-8.29,-25.75,-33.44,8.29,25.75,False,False,False,True,False,False,False,True,False,2026-10-08,食品工業,食品、飲料與食品加工（公司級產品待核驗）
1218,1218.TW,TAISUN,泰山,73.25,,TWSE LISTED,食品工業,14.65,14.5,14.75,14.45,668750,9.8,14.47,14.47,1.24,1.24,1.38,1.74,1.03,19.65,23.7,47.95,19.65,23.7,-24.94,-37.76,-69.24,25.45,38.19,False,False,True,True,False,False,False,False,False,2026-10-08,食品工業,食品、飲料與食品加工（公司級產品待核驗）
1219,1219.TW,FWUSOW,福壽,38.39,,TWSE LISTED,食品工業,11.25,11.2,11.25,11.1,87030,0.98,11.26,11.35,-0.09,-0.88,0.0,0.45,-1.75,14.85,19.32,28.7,14.85,19.32,-24.24,-41.77,-60.8,24.24,41.77,False,False,False,False,False,False,False,False,False,2026-10-08,食品工業,食品、飲料與食品加工（公司級產品待核驗）
1220,1220.TW,TAIROUN,台榮,19.39,,TWSE LISTED,食品工業,10.95,10.9,11.0,10.9,109100,1.19,10.9,10.845,0.46,0.97,0.46,0.0,0.92,13.55,19.85,25.5,13.55,19.85,-18.82,-44.58,-56.86,19.19,44.84,False,False,False,False,False,False,False,False,False,2026-10-08,食品工業,食品、飲料與食品加工（公司級產品待核驗）
1225,1225.TW,FOPCO,福懋油,58.14,,TWSE LISTED,食品工業,24.0,24.2,24.2,23.95,23000,0.55,24.06,24.255,-0.25,-1.05,-0.83,-1.44,-0.83,36.0,173.93,173.93,36.0,173.93,-32.78,-86.09,-86.09,33.33,86.2,False,False,False,False,False,False,False,False,False,2026-10-08,食品工業,食品、飲料與食品加工（公司級產品待核驗）
1227,1227.TW,SFC,佳格,254.39,,TWSE LISTED,食品工業,27.8,27.7,27.9,27.65,393156,10.93,27.74,27.93,0.22,-0.47,0.36,0.18,-1.07,31.25,43.85,79.42,31.25,43.85,-10.72,-36.37,-64.87,11.04,36.6,False,False,False,False,False,False,False,False,False,2026-10-08,食品工業,食品、飲料與食品加工（公司級產品待核驗）
1229,1229.TW,LHIHC,聯華,731.84,,TWSE LISTED,食品工業,39.95,39.65,39.95,39.6,1613768,64.47,39.74,39.845,0.53,0.26,0.76,0.76,-0.62,46.76,62.33,62.33,46.76,62.33,-14.57,-35.91,-35.91,14.57,35.91,False,False,False,True,False,False,False,False,False,2026-10-08,食品工業,食品、飲料與食品加工（公司級產品待核驗）
1231,1231.TW,Lian Hwa Foods,聯華食,255.75,,TWSE LISTED,食品工業,77.9,78.0,78.2,77.5,214139,16.68,78.32,78.99,-0.54,-1.38,-0.13,-0.76,-2.38,89.09,149.59,149.59,89.09,149.59,-12.22,-47.72,-47.72,12.56,47.92,False,False,False,False,False,False,False,False,False,2026-10-08,食品工業,食品、飲料與食品加工（公司級產品待核驗）
1232,1232.TW,TTET,大統益,247.16,,TWSE LISTED,食品工業,154.5,155.0,155.0,154.0,40053,6.19,153.7,153.8,0.52,0.46,0.32,0.65,0.98,178.0,178.0,181.5,178.0,178.0,-12.92,-12.92,-14.6,13.2,13.2,False,False,False,False,False,False,False,False,False,2026-10-08,食品工業,食品、飲料與食品加工（公司級產品待核驗）
1233,1233.TW,Ten Ren,天仁,25.37,,TWSE LISTED,食品工業,28.0,28.0,28.0,27.9,8030,0.22,28.01,28.0,-0.04,0.0,-0.18,0.0,-0.36,33.7,37.1,40.8,33.7,37.1,-16.91,-24.53,-31.37,16.91,24.53,False,False,False,False,False,False,False,False,False,2026-10-08,食品工業,食品、飲料與食品加工（公司級產品待核驗）
1234,1234.TW,HEY SONG,黑松,129.8,,TWSE LISTED,食品工業,32.3,32.15,32.3,32.05,98032,3.17,32.42,32.7,-0.37,-1.22,0.0,-0.31,-1.82,37.95,45.4,45.4,37.95,45.4,-14.89,-28.85,-28.85,14.89,28.85,False,False,False,False,False,False,False,False,False,2026-10-08,食品工業,食品、飲料與食品加工（公司級產品待核驗）
1235,1235.TW,ST,興泰,59.31,,TWSE LISTED,食品工業,31.45,31.3,32.0,31.3,21000,0.66,31.32,33.019,0.42,-4.75,1.62,2.11,-4.41,45.52,134.13,134.13,45.52,134.13,-29.71,-76.14,-76.14,30.92,76.55,False,False,False,False,False,False,False,False,False,2026-10-08,食品工業,食品、飲料與食品加工（公司級產品待核驗）
1236,1236.TW,Hunya,宏亞,22.28,,TWSE LISTED,食品工業,25.7,25.8,25.9,25.7,7800,0.2,25.66,25.525,0.16,0.69,-0.39,0.78,0.78,28.7,28.7,44.06,28.7,28.7,-9.76,-9.76,-41.22,10.45,10.45,False,False,False,False,False,False,False,False,False,2026-10-08,食品工業,食品、飲料與食品加工（公司級產品待核驗）
1240,1240.TWO,MORNSUN,茂生農經,24.99,,TPEx LISTED,農業科技業,53.8,54.2,54.2,53.7,11000,0.59,53.9,54.16,-0.19,-0.66,-0.19,-0.19,-0.55,59.43,63.81,63.81,59.43,63.81,-8.8,-15.06,-15.06,9.47,15.69,False,False,False,False,False,False,False,True,False,2026-10-08,農業科技業,農業科技業（公司级产品待核验）
1256,1256.TW,Sunjuice,鮮活果汁-KY,59.93,,TWSE LISTED,食品工業,167.5,167.5,168.0,166.5,13000,2.18,167.2,167.45,0.18,0.03,0.6,-0.3,-0.59,218.5,268.0,514.0,218.5,268.0,-23.11,-37.31,-67.32,23.34,37.5,False,False,False,True,False,False,False,False,False,2026-10-08,食品工業,食品、飲料與食品加工（公司級產品待核驗）
1259,1259.TWO,AN-SHIN,安心,20.79,,TPEx LISTED,觀光餐旅,64.2,65.5,65.5,64.2,12000,0.77,66.34,67.17,-3.23,-4.42,-1.98,-5.59,-5.59,69.0,77.0,109.0,69.0,77.0,-5.07,-14.94,-39.91,6.96,16.62,False,False,False,False,False,False,False,True,False,2026-10-08,觀光餐旅,觀光餐旅（公司级产品待核验）
1264,1264.TWO,TEHMAG,德麥,92.45,,TPEx LISTED,食品工業,249.5,249.5,250.0,249.0,27129,6.77,247.9,246.25,0.65,1.32,0.0,1.22,1.84,287.0,339.0,339.0,287.0,339.0,-12.89,-26.25,-26.25,13.07,26.4,False,False,False,False,False,False,False,False,False,2026-10-08,食品工業,食品、飲料與食品加工（公司級產品待核驗）
1268,1268.TWO,Hi-Lai Foods,漢來美食,73.68,,TPEx LISTED,觀光餐旅,174.5,175.0,175.0,174.0,15050,2.63,175.6,175.5,-0.63,-0.57,-0.29,-0.85,-1.69,185.5,185.5,190.0,185.5,185.5,-5.66,-5.66,-7.89,5.93,5.93,False,False,False,False,False,False,False,True,True,2026-10-08,觀光餐旅,觀光餐旅（公司级产品待核验）
1294,1294.TWO,HTB,漢田生技,18.18,,TPEx LISTED,食品工業,49.65,49.35,49.65,49.35,15406,0.76,49.82,50.09,-0.34,-0.88,-0.7,-0.3,-1.1,79.42,175.28,175.28,79.42,175.28,-37.48,-71.67,-71.67,37.48,71.67,False,False,False,False,False,False,False,False,False,2026-10-08,食品工業,食品、飲料與食品加工（公司級產品待核驗）
1295,1295.TWO,SYNBIO,生合,18.84,,TPEx LISTED,食品工業,50.1,50.5,51.2,49.55,62000,3.11,49.29,48.12,1.64,4.11,-0.2,2.14,4.81,90.9,157.5,157.5,90.9,157.5,-43.67,-67.49,-67.49,44.88,68.19,False,False,False,False,False,False,False,False,False,2026-10-08,食品工業,食品、飲料與食品加工（公司級產品待核驗）
1301,1301.TW,FPC,台塑,5175.35,,TWSE LISTED,塑膠工業,81.3,78.0,82.4,76.6,244219378,19855.04,72.42,68.88,12.26,18.03,7.82,18.69,21.71,75.4,82.0,121.0,82.4,82.4,9.28,0.49,-31.9,1.33,1.33,True,True,False,False,True,True,False,True,True,2026-10-08,塑膠工業,石化基礎原料／塑膠與化學材料
1303,1303.TW,NPC,南亞,24585.55,,TWSE LISTED,塑膠工業,310.0,314.0,316.0,304.0,72040382,22332.52,292.6,268.5,5.95,15.46,-1.27,8.39,22.05,322.0,322.0,322.0,322.0,322.0,-1.86,-1.86,-1.86,3.73,3.73,False,False,False,False,False,False,False,True,True,2026-10-08,塑膠工業,塑膠與石化原料／電子級基板材料（含CCL相關材料）
1304,1304.TW,USI,台聚,156.32,,TWSE LISTED,塑膠工業,13.15,13.05,13.45,12.9,5990424,78.77,12.8,12.615,2.73,4.24,0.77,4.37,5.62,19.55,21.1,44.85,19.55,21.1,-31.2,-36.26,-70.01,32.74,37.68,False,False,False,False,False,False,False,False,False,2026-10-08,塑膠工業,石化原料／塑膠粒與化學材料
1305,1305.TW,CGPC,華夏,75.54,,TWSE LISTED,塑膠工業,13.0,12.9,13.15,12.8,3146439,40.9,12.64,12.395,2.85,4.88,0.78,5.26,7.0,20.1,23.95,47.95,20.1,23.95,-34.58,-45.09,-72.58,35.32,45.72,True,False,False,False,False,False,False,False,False,2026-10-08,塑膠工業,塑膠、塑膠粒與石化材料（公司級產品待核驗）
1307,1307.TW,SAN FANG,三芳,124.52,,TWSE LISTED,塑膠工業,31.3,31.5,31.55,31.2,316272,9.9,31.25,31.14,0.16,0.51,-0.63,1.46,-0.48,38.3,56.2,56.2,38.3,56.2,-17.62,-43.86,-43.86,18.28,44.31,False,False,False,False,False,False,False,False,False,2026-10-08,塑膠工業,塑膠、塑膠粒與石化材料（公司級產品待核驗）
1308,1308.TW,APC,亞聚,86.39,,TWSE LISTED,塑膠工業,14.55,14.6,14.9,14.5,1606576,23.38,14.48,14.365,0.48,1.29,-1.36,1.75,2.46,21.15,24.75,52.6,21.15,24.75,-29.55,-39.8,-71.67,31.21,41.21,False,False,False,False,False,False,False,False,False,2026-10-08,塑膠工業,塑膠、塑膠粒與石化材料（公司級產品待核驗）
1309,1309.TW,TTC,台達化,57.05,,TWSE LISTED,塑膠工業,14.35,14.4,14.7,14.2,2364208,33.93,14.23,14.01,0.84,2.43,-0.35,2.14,4.74,27.0,27.0,47.53,27.0,27.0,-45.56,-45.56,-69.07,46.85,46.85,False,False,False,False,False,False,False,False,False,2026-10-08,塑膠工業,塑膠、塑膠粒與石化材料（公司級產品待核驗）
1310,1310.TW,T.S.M.C.,台苯,53.05,,TWSE LISTED,塑膠工業,10.05,9.91,10.25,9.81,8822151,88.66,9.696,9.339,3.65,7.61,3.18,5.46,11.42,13.25,16.7,28.5,13.25,16.7,-22.64,-38.62,-64.04,24.15,39.82,True,False,False,False,False,False,False,False,False,2026-10-08,塑膠工業,塑膠、塑膠粒與石化材料（公司級產品待核驗）
1312,1312.TW,GPPC,國喬,228.25,,TWSE LISTED,塑膠工業,15.15,15.0,15.5,14.9,22222336,336.67,14.86,14.755,1.95,2.68,0.66,4.48,3.77,16.5,16.5,35.39,16.5,16.5,-6.06,-6.06,-56.21,8.18,8.18,True,False,False,False,False,False,False,True,True,2026-10-08,塑膠工業,塑膠、塑膠粒與石化材料（公司級產品待核驗）
1313,1313.TW,UPC,聯成,170.35,,TWSE LISTED,塑膠工業,12.8,12.7,13.1,12.6,6824812,87.36,12.6,12.405,1.59,3.18,1.59,2.4,3.23,14.85,16.45,32.3,14.85,16.45,-11.78,-20.36,-59.44,13.8,22.19,False,False,False,False,False,False,False,False,False,2026-10-08,塑膠工業,塑膠、塑膠粒與石化材料（公司級產品待核驗）
1314,1314.TW,CPDC,中石化,342.91,,TWSE LISTED,塑膠工業,9.06,8.91,9.25,8.9,56348421,510.52,8.868,8.884,2.17,1.98,1.68,4.5,1.91,10.7,11.8,17.04,10.7,11.8,-13.55,-21.61,-45.71,15.33,23.22,True,False,False,False,False,False,False,False,False,2026-10-08,塑膠工業,塑膠、塑膠粒與石化材料（公司級產品待核驗）
1315,1315.TW,TAH HSIN,達新,72.14,,TWSE LISTED,塑膠工業,72.8,72.5,73.7,72.1,136145,9.91,70.22,69.31,3.67,5.04,1.11,5.97,5.97,73.9,73.9,127.67,73.9,73.9,-0.27,-0.27,-42.27,1.49,1.49,True,False,False,False,False,False,False,True,True,2026-10-08,塑膠工業,塑膠、塑膠粒與石化材料（公司級產品待核驗）
1316,1316.TW,SUN YAD,上曜,41.77,,TWSE LISTED,建材營造,10.4,10.3,10.6,10.3,2383001,24.78,10.39,10.465,0.1,-0.62,0.48,0.97,-0.95,15.35,28.8,30.57,15.35,28.8,-30.94,-63.19,-65.32,32.25,63.89,False,False,False,False,False,False,False,False,False,2026-10-08,建材營造,建材、營造與不動產開發（公司級業務待核驗）
1319,1319.TW,TYG,東陽,477.91,,TWSE LISTED,汽車工業,80.8,80.2,80.8,79.8,1234372,99.74,78.96,78.68,2.33,2.69,1.0,3.86,2.8,116.0,141.5,141.5,116.0,141.5,-30.34,-42.9,-42.9,30.34,42.9,True,False,False,False,False,False,False,False,False,2026-10-08,汽車工業,汽車整車、汽車零組件與車用電子（公司級產品待核驗）
1321,1321.TW,OPC,大洋,74.19,,TWSE LISTED,塑膠工業,32.65,32.5,32.85,32.5,98100,3.2,32.42,32.43,0.71,0.68,0.62,1.08,0.46,35.3,44.8,44.8,35.3,44.8,-6.94,-26.67,-26.67,7.51,27.12,True,False,False,False,False,False,False,True,False,2026-10-08,塑膠工業,塑膠、塑膠粒與石化材料（公司級產品待核驗）
1323,1323.TW,YONYU,永裕,19.67,,TWSE LISTED,塑膠工業,21.55,21.5,21.6,21.5,15004,0.32,21.47,21.415,0.37,0.63,0.23,0.0,0.23,25.55,31.95,42.0,25.55,31.95,-15.46,-32.39,-48.57,15.66,32.55,False,False,False,False,False,False,False,False,False,2026-10-08,塑膠工業,塑膠、塑膠粒與石化材料（公司級產品待核驗）
1324,1324.TW,GLOBE TAPE,地球,7.42,,TWSE LISTED,塑膠工業,9.88,9.92,9.95,9.88,113123,1.12,9.914,9.958,-0.34,-0.78,-0.4,-0.3,-1.69,13.25,21.45,21.45,13.25,21.45,-24.91,-53.61,-53.61,25.43,53.94,False,False,False,False,False,False,False,False,False,2026-10-08,塑膠工業,塑膠、塑膠粒與石化材料（公司級產品待核驗）
1325,1325.TW,UK,恆大,26.05,,TWSE LISTED,塑膠工業,30.55,29.25,30.55,28.55,3929923,120.06,27.3,26.51,11.9,15.24,9.89,18.87,18.87,36.3,49.35,216.0,36.3,49.35,-15.84,-38.1,-85.86,15.84,38.1,True,False,False,False,False,False,False,False,False,2026-10-08,塑膠工業,塑膠、塑膠粒與石化材料（公司級產品待核驗）
1326,1326.TW,FCFC,台化,4548.28,,TWSE LISTED,塑膠工業,77.6,76.3,79.1,75.5,81901882,6355.59,73.94,70.7,4.95,9.76,2.37,8.38,14.62,78.2,78.2,130.0,79.1,79.1,1.15,1.15,-39.15,1.9,1.9,True,False,False,False,True,True,False,True,True,2026-10-08,塑膠工業,塑膠、塑膠粒與石化材料（公司級產品待核驗）
1336,1336.TWO,TAIHAN,台翰,13.82,,TPEx LISTED,電子零組件業,17.8,18.05,18.15,17.8,164250,2.92,18.01,17.655,-1.17,0.82,-1.66,-1.11,-2.73,18.6,28.75,32.3,18.6,28.75,-2.42,-36.87,-43.81,4.3,38.09,False,False,False,False,False,False,False,True,False,2026-10-08,電子零組件業,電子零組件：PCB、CCL、IC載板、連接器與被動元件（公司級品類待核驗）
1337,1337.TW,Asia Plastic,再生-KY,11.83,,TWSE LISTED,塑膠工業,4.4,4.43,4.43,4.37,119342,0.53,4.412,4.435,-0.27,-0.79,-0.23,-0.23,-1.57,6.72,8.29,18.46,6.72,8.29,-34.08,-46.56,-76.0,34.52,46.92,False,False,False,False,False,False,False,False,False,2026-10-08,塑膠工業,塑膠、塑膠粒與石化材料（公司級產品待核驗）
1338,1338.TW,Hiroca,廣華-KY,12.66,,TWSE LISTED,汽車工業,15.1,15.05,15.1,14.8,23001,0.35,15.06,15.05,0.27,0.33,0.33,1.0,-1.31,21.5,45.3,122.5,21.5,45.3,-29.77,-66.67,-87.67,29.77,66.67,True,False,False,True,False,False,False,False,False,2026-10-08,汽車工業,汽車整車、汽車零組件與車用電子（公司級產品待核驗）
1339,1339.TW,Y.C.C.,昭輝,31.32,,TWSE LISTED,汽車工業,42.25,42.1,42.3,41.9,57000,2.41,42.38,42.44,-0.31,-0.45,-0.47,-1.05,-1.05,47.55,85.1,85.1,47.55,85.1,-11.04,-50.29,-50.29,11.15,50.35,False,False,False,False,False,False,False,False,False,2026-10-08,汽車工業,汽車整車、汽車零組件與車用電子（公司級產品待核驗）
1340,1340.TW,VICTORY,勝悅-KY,7.86,,TWSE LISTED,塑膠工業,5.14,5.16,5.17,5.13,60314,0.31,5.174,5.201,-0.66,-1.17,-0.77,-1.53,-1.72,7.72,12.7,45.91,7.72,12.7,-33.03,-59.29,-88.74,33.42,59.53,False,False,False,False,False,False,False,False,False,2026-10-08,塑膠工業,塑膠、塑膠粒與石化材料（公司級產品待核驗）
1341,1341.TW,FULIN-KY,富林-KY,31.23,,TWSE LISTED,塑膠工業,59.1,59.1,59.1,59.1,1000,0.06,59.14,59.44,-0.07,-0.57,0.0,-0.51,0.17,63.7,75.0,86.48,63.7,75.0,-7.22,-21.2,-31.66,7.22,21.2,False,False,False,False,False,False,False,True,False,2026-10-08,塑膠工業,塑膠、塑膠粒與石化材料（公司級產品待核驗）
1342,1342.TW,CCI Yilan,八貫,79.29,,TWSE LISTED,其他,101.0,100.0,101.0,100.0,98005,9.9,100.34,100.47,0.66,0.53,0.0,1.2,1.0,122.0,132.73,153.18,122.0,132.73,-17.21,-23.9,-34.07,17.21,23.9,False,False,True,True,False,False,False,False,False,2026-10-08,其他,其他（公司级产品待核验）
1402,1402.TW,FENC,遠東新,1520.22,,TWSE LISTED,紡織纖維,28.4,28.45,28.75,28.4,4362161,123.89,28.14,28.07,0.92,1.18,-0.7,2.34,1.61,31.65,39.15,39.15,31.65,39.15,-9.16,-26.56,-26.56,10.27,27.46,False,False,False,False,False,False,False,False,False,2026-10-08,紡織纖維,紡織纖維（公司级产品待核验）
1409,1409.TW,SSFC,新纖,421.6,,TWSE LISTED,紡織纖維,26.05,26.0,26.8,25.9,18700445,487.15,25.56,24.985,1.92,4.26,-0.38,2.96,6.76,34.1,34.1,34.1,34.1,34.1,-21.41,-21.41,-21.41,23.61,23.61,False,False,False,False,False,False,False,False,False,2026-10-08,紡織纖維,紡織纖維（公司级产品待核验）
1410,1410.TW,NYDF,南染,14.72,,TWSE LISTED,紡織纖維,23.75,23.85,24.0,23.7,56000,1.33,23.95,24.04,-0.84,-1.21,-0.63,-1.25,-1.66,34.75,41.05,48.45,34.75,41.05,-30.94,-41.53,-50.46,31.65,42.14,False,False,False,False,False,False,False,False,False,2026-10-08,紡織纖維,紡織纖維（公司级产品待核验）
1413,1413.TW,H.C.,宏洲,12.17,,TWSE LISTED,紡織纖維,9.21,9.22,9.22,9.06,13000,0.12,9.224,9.211,-0.15,-0.01,-0.97,1.21,-0.43,11.3,12.6,17.4,11.3,12.6,-18.41,-26.83,-47.01,18.5,26.9,False,False,False,False,False,False,False,False,False,2026-10-08,紡織纖維,紡織纖維（公司级产品待核验）
1414,1414.TW,TUNG HO,東和,35.54,,TWSE LISTED,紡織纖維,17.95,17.65,17.95,17.55,81000,1.45,17.49,17.47,2.63,2.75,1.7,3.76,3.46,21.9,29.06,29.06,21.9,29.06,-18.04,-38.22,-38.22,18.04,38.22,False,False,False,False,False,False,False,False,False,2026-10-08,紡織纖維,紡織纖維（公司级产品待核验）
1416,1416.TW,KFIC,廣豐,22.24,,TWSE LISTED,其他,12.0,11.8,12.5,11.7,898658,10.78,11.86,11.67,1.18,2.83,1.27,1.27,3.0,12.35,14.8,30.45,12.5,14.8,1.21,-15.54,-58.95,4.0,18.92,False,False,False,False,True,False,False,True,False,2026-10-08,其他,其他（公司级产品待核验）
1417,1417.TW,CARNIVAL,嘉裕,15.5,,TWSE LISTED,紡織纖維,8.16,8.11,8.16,8.09,64792,0.53,8.14,8.119,0.25,0.5,0.0,0.49,0.37,9.48,12.9,18.3,9.48,12.9,-13.92,-36.74,-55.41,13.92,36.74,False,False,True,True,False,False,False,False,False,2026-10-08,紡織纖維,紡織纖維（公司级产品待核验）
1418,1418.TW,TongHwa,東華,10.6,,TWSE LISTED,紡織纖維,18.65,18.3,18.9,18.3,17000,0.32,18.63,18.485,0.11,0.89,0.27,-0.27,0.81,21.0,43.05,43.05,21.0,43.05,-10.0,-56.1,-56.1,11.19,56.68,False,False,False,True,False,False,False,False,False,2026-10-08,紡織纖維,紡織纖維（公司级产品待核验）
1419,1419.TW,SHINKO.TEXTILE,新紡,197.73,,TWSE LISTED,紡織纖維,65.9,65.7,65.9,65.7,9000,0.59,65.76,65.8,0.21,0.15,0.3,0.92,0.15,80.8,83.5,83.5,80.8,83.5,-18.44,-21.08,-21.08,18.44,21.08,False,False,False,True,False,False,False,False,False,2026-10-08,紡織纖維,紡織纖維（公司级产品待核验）
1423,1423.TW,REWARD WOOL,利華,34.63,,TWSE LISTED,紡織纖維,34.75,34.2,34.95,34.2,3020,0.1,34.71,34.86,0.12,-0.32,0.58,0.72,-2.11,45.6,46.85,46.85,45.6,46.85,-23.36,-25.4,-25.4,23.79,25.83,False,False,False,False,False,False,False,False,False,2026-10-08,紡織纖維,紡織纖維（公司级产品待核验）
1432,1432.TW,TAROKO,大魯閣,16.2,,TWSE LISTED,運動休閒,15.0,15.0,15.0,14.9,41775,0.63,14.98,15.0,0.13,0.0,0.0,0.33,-0.33,19.55,25.0,42.48,19.55,25.0,-23.27,-40.0,-64.69,23.27,40.0,False,False,False,True,False,False,False,False,False,2026-10-08,運動休閒,運動休閒（公司级产品待核验）
1434,1434.TW,F.T.C,福懋,327.67,,TWSE LISTED,紡織纖維,19.45,18.95,19.6,18.9,8974410,174.55,18.49,18.24,5.19,6.63,2.64,8.96,8.36,21.0,25.85,40.8,21.0,25.85,-6.67,-24.18,-51.96,7.38,24.76,True,False,False,False,False,False,False,True,False,2026-10-08,紡織纖維,紡織纖維（公司级产品待核验）
1435,1435.TW,C.F.CORP.,中福,28.65,,TWSE LISTED,其他,20.5,21.2,21.2,20.0,18043,0.37,21.39,21.77,-4.16,-5.83,-2.61,-4.65,-6.82,33.05,62.5,70.8,33.05,62.5,-35.85,-66.08,-70.06,37.97,67.2,False,False,False,False,False,False,False,False,False,2026-10-08,其他,其他（公司级产品待核验）
1436,1436.TW,HUA YU LIEN,華友聯,69.89,,TWSE LISTED,建材營造,36.0,36.25,36.25,35.9,93506,3.37,35.81,35.835,0.53,0.46,-0.69,1.12,1.84,65.4,145.99,145.99,65.4,145.99,-44.57,-75.17,-75.17,44.95,75.34,False,False,False,False,False,False,False,False,False,2026-10-08,建材營造,建材、營造與不動產開發（公司級業務待核驗）
1437,1437.TW,GTM,勤益控,63.08,,TWSE LISTED,其他,31.25,31.15,31.3,31.15,29639,0.93,31.3,31.74,-0.16,-1.54,0.16,0.0,-1.88,34.55,39.95,39.95,34.55,39.95,-9.41,-21.65,-21.65,9.55,21.78,False,False,False,False,False,False,False,True,False,2026-10-08,其他,其他（公司级产品待核验）
1438,1438.TW,SanDi,三地開發,24.02,,TWSE LISTED,建材營造,21.6,21.85,21.85,21.5,8175,0.18,21.64,21.55,-0.18,0.23,-0.69,0.47,-0.92,32.87,90.76,90.76,32.87,90.76,-33.53,-75.93,-75.93,34.29,76.2,False,False,False,False,False,False,False,False,False,2026-10-08,建材營造,建材、營造與不動產開發（公司級業務待核驗）
1439,1439.TW,ASCENT,雋揚,25.81,,TWSE LISTED,建材營造,28.05,28.95,29.0,28.05,41111,1.15,28.93,28.69,-3.04,-2.23,-3.77,-4.27,-3.11,30.7,36.3,54.5,30.7,36.3,-5.54,-20.11,-46.79,8.63,22.73,False,False,False,False,False,False,False,True,False,2026-10-08,建材營造,建材、營造與不動產開發（公司級業務待核驗）
1440,1440.TW,TAINAN SPINNING,南紡,237.75,,TWSE LISTED,紡織纖維,14.35,14.0,14.45,13.9,10086104,144.74,13.7,13.56,4.74,5.83,2.87,7.09,7.09,15.85,20.65,35.3,15.85,20.65,-8.83,-30.02,-59.07,9.46,30.51,True,False,False,False,False,False,False,True,False,2026-10-08,紡織纖維,紡織纖維（公司级产品待核验）
1441,1441.TW,TAH TONG,大東,5.93,,TWSE LISTED,紡織纖維,9.6,9.6,9.65,9.59,22164,0.21,9.778,9.917,-1.82,-3.2,-1.13,-2.14,-2.74,16.5,22.72,33.66,16.5,22.72,-41.52,-57.52,-71.34,41.82,57.74,False,False,False,False,False,False,False,False,False,2026-10-08,紡織纖維,紡織纖維（公司级产品待核验）
1442,1442.TW,ADVANCETEK,名軒,97.6,,TWSE LISTED,建材營造,26.65,26.75,26.95,26.55,130000,3.46,26.45,26.835,0.76,-0.69,-0.56,2.11,0.57,31.95,88.0,88.0,31.95,88.0,-15.65,-69.37,-69.37,16.59,69.72,False,False,False,False,False,False,False,False,False,2026-10-08,建材營造,建材、營造與不動產開發（公司級業務待核驗）
1443,1443.TW,LILYTEXTILE,立益物流,30.52,,TWSE LISTED,其他,22.55,23.05,23.05,22.3,21116,0.48,23.02,23.11,-2.04,-2.42,-2.38,-2.17,-3.43,28.4,37.5,37.5,28.4,37.5,-18.84,-38.53,-38.53,20.6,39.87,False,False,False,False,False,False,False,False,False,2026-10-08,其他,其他（公司级产品待核验）
1444,1444.TW,LEALEA,力麗,69.69,,TWSE LISTED,紡織纖維,7.0,6.99,7.07,6.91,942850,6.6,6.898,6.917,1.48,1.2,0.14,2.94,1.45,10.25,10.8,15.53,10.25,10.8,-31.02,-34.54,-54.47,31.71,35.19,False,False,False,True,False,False,False,False,False,2026-10-08,紡織纖維,紡織纖維（公司级产品待核验）
1445,1445.TW,UNIVERSAL,大宇,13.65,,TWSE LISTED,紡織纖維,10.45,10.4,10.45,10.2,115000,1.2,10.236,10.138,2.09,3.08,0.48,4.71,4.5,16.0,27.95,27.95,16.0,27.95,-34.69,-62.61,-62.61,34.69,62.61,True,False,False,False,False,False,False,False,False,2026-10-08,紡織纖維,紡織纖維（公司级产品待核验）
1446,1446.TW,HONG HO,宏和,18.38,,TWSE LISTED,紡織纖維,13.35,13.3,13.4,13.3,37013,0.49,13.38,13.435,-0.22,-0.63,-0.74,0.0,-0.74,18.35,62.0,62.0,18.35,62.0,-26.98,-78.39,-78.39,27.25,78.47,False,False,False,False,False,False,False,False,False,2026-10-08,紡織纖維,紡織纖維（公司级产品待核验）
1447,1447.TW,LP,力鵬,60.06,,TWSE LISTED,紡織纖維,6.6,6.53,6.67,6.52,526366,3.47,6.512,6.515,1.35,1.3,-0.3,2.96,1.38,10.75,11.2,16.0,10.75,11.2,-37.95,-40.45,-58.31,38.6,41.07,False,False,False,False,False,False,False,False,False,2026-10-08,紡織纖維,紡織纖維（公司级产品待核验）
1449,1449.TW,CHIA HER,佳和,16.61,,TWSE LISTED,紡織纖維,13.069,12.772,13.069,12.723,822646,10.75,12.505,12.406,4.51,5.35,3.13,6.88,7.32,17.05,27.65,56.53,17.05,27.65,-23.35,-52.72,-76.88,23.35,52.72,True,False,False,False,False,False,False,False,False,2026-10-08,紡織纖維,紡織纖維（公司级产品待核验）
1451,1451.TW,NIEN HSING,年興,33.96,,TWSE LISTED,紡織纖維,17.15,17.0,17.15,17.0,277006,4.75,17.04,17.03,0.65,0.7,0.88,0.88,0.88,18.75,23.1,57.98,18.75,23.1,-8.53,-25.76,-70.42,8.53,25.76,False,False,False,True,False,False,False,True,False,2026-10-08,紡織纖維,紡織纖維（公司级产品待核验）
1452,1452.TW,HONG YI,宏益,14.19,,TWSE LISTED,紡織纖維,10.7,10.6,10.75,10.55,61822,0.66,10.68,10.73,0.19,-0.28,0.0,0.94,-0.93,12.6,17.85,30.7,12.6,17.85,-14.68,-39.78,-64.98,15.08,40.06,False,False,False,False,False,False,False,False,False,2026-10-08,紡織纖維,紡織纖維（公司级产品待核验）
1453,1453.TW,TA JIANG,大將,12.6,,TWSE LISTED,建材營造,10.8,10.85,10.95,10.75,50599,0.55,10.92,10.895,-1.1,-0.87,-1.37,-0.92,-0.92,13.59,30.47,32.3,13.59,30.47,-19.44,-64.07,-66.1,20.54,64.56,False,False,False,False,False,False,False,False,False,2026-10-08,建材營造,建材、營造與不動產開發（公司級業務待核驗）
1454,1454.TW,TTF,台富,15.84,,TWSE LISTED,紡織纖維,12.2,12.05,12.2,12.05,27384,0.33,12.13,12.18,0.58,0.16,0.83,1.24,0.41,17.4,21.7,21.7,17.4,21.7,-29.89,-43.78,-43.78,29.89,43.78,False,False,False,True,False,False,False,False,False,2026-10-08,紡織纖維,紡織纖維（公司级产品待核验）
1455,1455.TW,ZIG SHENG,集盛,54.5,,TWSE LISTED,紡織纖維,10.25,10.35,10.8,10.1,8553570,87.67,10.168,9.971,0.81,2.8,-5.09,3.85,4.17,12.1,15.8,28.7,12.1,15.8,-10.74,-31.65,-62.37,15.29,35.13,False,False,False,False,False,False,False,False,False,2026-10-08,紡織纖維,紡織纖維（公司级产品待核验）
1456,1456.TW,I-HWA,怡華,14.01,,TWSE LISTED,建材營造,14.95,14.35,15.3,14.2,185000,2.77,14.77,14.655,1.22,2.01,3.82,0.67,1.01,16.2,26.5,31.95,16.2,26.5,-5.56,-42.26,-52.11,7.72,43.58,False,False,False,True,False,False,False,True,False,2026-10-08,建材營造,建材、營造與不動產開發（公司級業務待核驗）
1457,1457.TW,YI JINN,宜進,45.29,,TWSE LISTED,紡織纖維,14.3,14.25,14.3,14.2,80918,1.16,14.26,14.32,0.28,-0.14,0.0,0.0,-1.04,16.4,25.14,25.14,16.4,25.14,-12.8,-43.12,-43.12,12.8,43.12,False,False,True,False,False,False,False,False,False,2026-10-08,紡織纖維,紡織纖維（公司级产品待核验）
1459,1459.TW,LAN FA,聯發,49.49,,TWSE LISTED,紡織纖維,18.4,18.25,18.4,17.8,432600,7.96,18.95,17.62,-2.9,4.43,0.82,-10.46,8.24,22.6,22.6,24.47,22.6,22.6,-18.58,-18.58,-24.8,18.58,18.58,False,False,False,False,False,False,False,False,False,2026-10-08,紡織纖維,紡織纖維（公司级产品待核验）
1460,1460.TW,EVEREST,宏遠,42.58,,TWSE LISTED,紡織纖維,6.13,6.15,6.18,6.1,192605,1.18,6.136,6.194,-0.1,-1.03,-0.33,0.16,-1.61,8.8,8.8,20.44,8.8,8.8,-29.77,-29.77,-69.77,30.34,30.34,False,False,False,False,False,False,False,False,False,2026-10-08,紡織纖維,紡織纖維（公司级产品待核验）
1463,1463.TW,CSG,強盛新,30.58,,TWSE LISTED,紡織纖維,17.65,17.6,17.7,17.6,81000,1.43,17.57,17.575,0.46,0.43,0.0,0.86,0.86,19.7,31.2,31.2,19.7,31.2,-10.15,-43.27,-43.27,10.41,43.43,False,False,False,False,False,False,False,False,False,2026-10-08,紡織纖維,紡織纖維（公司级产品待核验）
1464,1464.TW,DE LICACY,得力,42.26,,TWSE LISTED,紡織纖維,9.93,9.94,9.94,9.9,165858,1.65,9.94,9.959,-0.1,-0.29,-0.1,0.0,-0.7,12.1,19.01,27.48,12.1,19.01,-17.85,-47.72,-63.83,17.93,47.77,False,False,False,False,False,False,False,False,False,2026-10-08,紡織纖維,紡織纖維（公司级产品待核验）
1465,1465.TW,WISHER,偉全,12.07,,TWSE LISTED,紡織纖維,11.65,11.55,11.65,11.5,78331,0.91,11.61,11.61,0.34,0.34,0.43,0.0,0.0,14.2,16.5,19.85,14.2,16.5,-17.96,-29.39,-41.31,17.96,29.39,False,False,False,True,False,False,False,False,False,2026-10-08,紡織纖維,紡織纖維（公司级产品待核验）
1466,1466.TW,Acelon,聚隆,15.84,,TWSE LISTED,紡織纖維,14.25,14.55,14.6,14.25,262001,3.73,14.37,14.595,-0.84,-2.36,-2.06,-0.7,-3.06,21.0,21.0,29.5,21.0,21.0,-30.48,-30.48,-50.51,32.14,32.14,False,False,False,False,False,False,False,False,False,2026-10-08,紡織纖維,紡織纖維（公司级产品待核验）
1467,1467.TW,TEX-RAY,南緯,19.16,,TWSE LISTED,紡織纖維,8.2,8.12,8.23,8.12,160000,1.31,8.25,8.137,-0.61,0.77,-0.12,-0.24,3.27,10.65,12.55,37.45,10.65,12.55,-22.72,-34.42,-78.02,23.0,34.66,False,False,False,False,False,False,False,False,False,2026-10-08,紡織纖維,紡織纖維（公司级产品待核验）
1468,1468.TW,CHANG HO,昶和,21.09,,TWSE LISTED,紡織纖維,13.15,13.25,13.3,12.95,89000,1.17,13.25,13.265,-0.75,-0.87,-1.87,0.0,-2.95,14.95,15.8,19.0,14.95,15.8,-11.04,-15.82,-30.0,12.04,16.77,False,False,False,False,False,False,False,False,False,2026-10-08,紡織纖維,紡織纖維（公司级产品待核验）
1470,1470.TW,EVERTEX,大統新創,20.76,,TWSE LISTED,紡織纖維,24.2,24.1,24.2,24.1,3000,0.07,24.32,24.13,-0.49,0.29,-0.41,0.41,-0.82,24.85,27.6,31.2,24.85,27.6,-2.62,-12.32,-22.44,2.62,12.32,False,False,False,False,False,False,False,True,False,2026-10-08,紡織纖維,紡織纖維（公司级产品待核验）
1471,1471.TW,SL,首利,14.0,,TWSE LISTED,電子零組件業,9.31,9.42,9.45,9.31,213435,1.99,9.402,9.413,-0.98,-1.09,-1.17,-1.48,-1.9,15.55,20.9,23.65,15.55,20.9,-39.23,-54.78,-60.04,40.13,55.45,False,False,False,False,False,False,False,False,False,2026-10-08,電子零組件業,電子零組件：PCB、CCL、IC載板、連接器與被動元件（公司級品類待核驗）
1472,1472.TW,TRIOCEAN,三洋實業,47.08,,TWSE LISTED,建材營造,89.7,89.5,89.9,89.0,29000,2.6,88.32,88.34,1.56,1.54,0.79,3.22,1.01,99.1,112.0,160.38,99.1,112.0,-9.28,-19.73,-43.95,9.49,19.91,True,False,False,False,False,False,False,True,False,2026-10-08,建材營造,建材、營造與不動產開發（公司級業務待核驗）
1473,1473.TW,TAINAN,台南,27.7,,TWSE LISTED,紡織纖維,18.95,19.0,19.0,18.9,54250,1.03,19.06,19.205,-0.58,-1.33,-0.52,-0.79,-1.56,27.45,57.0,57.0,27.45,57.0,-30.78,-66.67,-66.67,30.97,66.75,False,False,False,False,False,False,False,False,False,2026-10-08,紡織纖維,紡織纖維（公司级产品待核验）
1474,1474.TW,HONMYUE,弘裕,13.05,,TWSE LISTED,紡織纖維,10.05,9.98,10.05,9.86,85000,0.85,9.998,10.012,0.52,0.38,0.5,0.7,0.0,11.65,15.0,22.4,11.65,15.0,-13.73,-33.0,-55.13,13.73,33.0,False,False,True,True,False,False,False,False,False,2026-10-08,紡織纖維,紡織纖維（公司级产品待核验）
1475,1475.TW,BIG SUNSHINE,業旺,17.16,,TWSE LISTED,紡織纖維,26.0,26.35,26.35,25.5,21000,0.55,25.93,26.015,0.27,-0.06,1.96,-0.38,-0.19,33.85,74.8,149.95,33.85,74.8,-22.16,-64.77,-82.43,23.19,65.24,False,False,False,False,False,False,False,False,False,2026-10-08,紡織纖維,紡織纖維（公司级产品待核验）
1476,1476.TW,ECLAT,儒鴻,850.54,,TWSE LISTED,紡織纖維,310.0,297.0,313.0,296.0,4103660,1272.13,290.7,283.25,6.64,9.44,4.38,11.31,12.93,441.5,598.0,683.0,441.5,598.0,-29.11,-47.66,-54.17,29.78,48.16,True,True,False,False,False,False,False,False,False,2026-10-08,紡織纖維,紡織纖維（公司级产品待核验）
1477,1477.TW,Makalot,聚陽,503.26,,TWSE LISTED,紡織纖維,204.0,202.0,205.0,201.0,1510056,308.05,199.9,195.55,2.05,4.32,0.74,3.29,7.09,344.0,458.33,458.33,344.0,458.33,-40.41,-55.27,-55.27,40.7,55.49,False,False,False,False,False,False,False,False,False,2026-10-08,紡織纖維,紡織纖維（公司级产品待核验）
1503,1503.TW,SEEC,士電,1026.32,,TWSE LISTED,電機機械,197.0,198.5,198.5,195.5,668406,131.68,197.3,196.8,-0.15,0.1,-1.25,0.51,-0.25,269.5,358.0,358.0,269.5,358.0,-26.35,-44.55,-44.55,26.9,44.97,False,False,False,False,False,False,False,False,False,2026-10-08,電機機械,電機機械、工業自動化與設備（公司級產品待核驗）
1504,1504.TW,TECO,東元,1703.91,,TWSE LISTED,電機機械,71.7,72.5,73.3,71.0,10473850,750.98,70.96,69.86,1.04,2.63,-2.18,3.91,3.76,95.0,127.5,127.5,95.0,127.5,-22.84,-42.51,-42.51,24.53,43.76,False,False,False,False,False,False,False,False,False,2026-10-08,電機機械,電機機械、工業自動化與設備（公司級產品待核驗）
1506,1506.TW,RIGHT WAY,正道,28.84,,TWSE LISTED,電機機械,9.6,9.61,9.62,9.58,95000,0.91,9.684,9.636,-0.87,-0.37,-0.31,-1.13,1.05,13.9,18.8,26.16,13.9,18.8,-30.79,-48.83,-63.22,30.94,48.94,False,False,False,False,False,False,False,False,False,2026-10-08,電機機械,電機機械、工業自動化與設備（公司級產品待核驗）
1512,1512.TW,JL,瑞利,6.16,,TWSE LISTED,汽車工業,6.27,6.22,6.37,6.14,28044,0.18,6.246,6.2,0.38,1.13,-0.16,0.8,1.13,9.39,14.1,45.09,9.39,14.1,-32.16,-54.82,-85.87,33.23,55.53,False,False,False,True,False,False,False,False,False,2026-10-08,汽車工業,汽車整車、汽車零組件與車用電子（公司級產品待核驗）
1513,1513.TW,CHEM,中興電,840.2,,TWSE LISTED,電機機械,167.0,167.5,167.5,166.0,1417339,236.7,167.2,166.9,-0.12,0.06,-0.6,0.3,0.3,201.0,239.0,239.0,201.0,239.0,-16.67,-29.92,-29.92,16.92,30.13,False,False,False,False,False,False,False,False,False,2026-10-08,電機機械,電機機械、工業自動化與設備（公司級產品待核驗）
1514,1514.TW,AEC,亞力,285.53,,TWSE LISTED,電機機械,102.5,104.0,104.0,102.0,763261,78.23,102.8,102.75,-0.29,-0.24,-0.97,0.49,0.49,146.57,173.43,173.43,146.57,173.43,-29.04,-40.03,-40.03,30.07,40.9,False,False,False,False,False,False,False,False,False,2026-10-08,電機機械,電機機械、工業自動化與設備（公司級產品待核驗）
1515,1515.TW,REXON,力山,50.99,,TWSE LISTED,電機機械,28.1,28.4,28.4,28.0,345075,9.7,28.54,29.005,-1.54,-3.12,-1.06,-2.09,-3.93,45.1,61.2,108.0,45.1,61.2,-37.03,-53.59,-73.7,37.69,54.08,False,False,False,False,False,False,False,False,False,2026-10-08,電機機械,電機機械、工業自動化與設備（公司級產品待核驗）
1516,1516.TW,FALCON,川飛,4.2,,TWSE LISTED,其他,14.0,13.8,14.35,13.8,71012,0.99,13.62,13.485,2.79,3.82,2.94,1.82,3.7,26.05,29.01,30.15,26.05,29.01,-44.91,-50.54,-52.4,46.26,51.74,False,False,False,False,False,False,False,False,False,2026-10-08,其他,其他（公司级产品待核验）
1517,1517.TW,Lee Chi,利奇,22.88,,TWSE LISTED,電機機械,10.4,10.4,10.4,10.2,268087,2.79,10.32,10.35,0.78,0.48,0.0,1.46,0.0,13.5,19.3,35.5,13.5,19.3,-22.96,-46.11,-70.7,22.96,46.11,False,False,True,True,False,False,False,False,False,2026-10-08,電機機械,電機機械、工業自動化與設備（公司級產品待核驗）
1519,1519.TW,FE,華城,2404.48,,TWSE LISTED,電機機械,692.0,694.0,697.0,689.0,960539,664.69,694.6,694.5,-0.37,-0.36,-1.42,0.14,0.58,1013.64,1013.64,1013.64,1013.64,1013.64,-31.24,-31.24,-31.24,31.73,31.73,False,False,False,False,False,False,False,False,False,2026-10-08,電機機械,電機機械、工業自動化與設備（公司級產品待核驗）
1521,1521.TW,TA YIH,大億,19.67,,TWSE LISTED,汽車工業,25.8,25.55,25.8,25.3,21000,0.54,25.79,25.765,0.04,0.14,0.39,0.39,0.0,31.15,50.9,87.4,31.15,50.9,-17.17,-49.31,-70.48,17.17,49.31,False,False,False,True,False,False,False,False,False,2026-10-08,汽車工業,汽車整車、汽車零組件與車用電子（公司級產品待核驗）
1522,1522.TW,TYC,堤維西,82.61,,TWSE LISTED,汽車工業,26.4,26.0,26.4,26.0,351600,9.28,25.94,26.25,1.77,0.57,1.73,2.52,-0.19,53.8,74.9,74.9,53.8,74.9,-50.93,-64.75,-64.75,50.93,64.75,False,False,False,True,False,False,False,False,False,2026-10-08,汽車工業,汽車整車、汽車零組件與車用電子（公司級產品待核驗）
1524,1524.TW,GORDON,耿鼎,44.55,,TWSE LISTED,汽車工業,26.95,26.1,27.25,26.1,976220,26.31,26.08,26.045,3.34,3.47,3.26,4.46,3.85,36.75,45.75,45.75,36.75,45.75,-25.85,-40.44,-40.44,26.67,41.09,False,False,False,False,False,False,False,False,False,2026-10-08,汽車工業,汽車整車、汽車零組件與車用電子（公司級產品待核驗）
1525,1525.TW,KSC,江申,46.39,,TWSE LISTED,汽車工業,63.2,63.3,64.3,63.2,6000,0.38,63.38,63.7,-0.28,-0.78,0.0,-0.16,-0.78,72.9,86.3,130.0,72.9,86.3,-11.8,-25.49,-50.54,13.31,26.77,False,False,False,False,False,False,False,False,False,2026-10-08,汽車工業,汽車整車、汽車零組件與車用電子（公司級產品待核驗）
1526,1526.TW,SUNRACE,日馳,8.94,,TWSE LISTED,電機機械,14.9,15.55,15.55,14.9,82000,1.22,14.95,14.885,-0.33,0.1,-1.0,0.34,-0.33,24.2,37.6,95.58,24.2,37.6,-35.74,-58.64,-83.73,38.43,60.37,False,False,False,False,False,False,False,False,False,2026-10-08,電機機械,電機機械、工業自動化與設備（公司級產品待核驗）
1527,1527.TW,BASSO,鑽全,44.97,,TWSE LISTED,電機機械,32.45,32.5,32.55,32.35,105003,3.41,32.64,32.655,-0.58,-0.63,-0.15,-1.07,-1.07,38.9,49.6,102.0,38.9,49.6,-16.32,-34.37,-68.09,16.58,34.58,False,False,False,False,False,False,False,False,False,2026-10-08,電機機械,電機機械、工業自動化與設備（公司級產品待核驗）
1528,1528.TW,ANDERSON,恩德,45.35,,TWSE LISTED,電機機械,23.7,23.9,23.95,23.5,2208299,52.34,24.16,24.825,-1.9,-4.53,-1.46,-1.86,-5.2,34.0,34.0,34.0,34.0,34.0,-29.56,-29.56,-29.56,30.29,30.29,False,False,False,False,False,False,False,False,False,2026-10-08,電機機械,電機機械、工業自動化與設備（公司級產品待核驗）
1529,1529.TW,LUXE,樂事綠能,31.75,,TWSE LISTED,電機機械,15.65,15.85,15.9,15.65,349272,5.47,15.75,15.695,-0.63,-0.29,-0.32,0.0,0.0,27.21,38.28,42.15,27.21,38.28,-41.56,-58.46,-62.27,42.48,59.11,False,False,False,False,False,False,False,False,False,2026-10-08,電機機械,電機機械、工業自動化與設備（公司級產品待核驗）
1530,1530.TW,AWEA,亞崴,27.01,,TWSE LISTED,電機機械,26.2,26.2,26.35,26.15,25800,0.68,26.5,26.595,-1.13,-1.49,-0.57,-1.87,-2.42,33.76,35.28,39.27,33.76,35.28,-21.95,-25.3,-32.89,22.4,25.73,False,False,False,False,False,False,False,False,False,2026-10-08,電機機械,電機機械、工業自動化與設備（公司級產品待核驗）
1531,1531.TW,KAULIN,高林股,21.4,,TWSE LISTED,電機機械,11.75,11.4,11.9,11.4,300000,3.52,11.46,11.565,2.53,1.6,2.17,2.62,1.29,13.7,19.0,29.2,13.7,19.0,-13.14,-37.37,-59.25,14.23,38.16,False,False,True,True,False,False,False,False,False,2026-10-08,電機機械,電機機械、工業自動化與設備（公司級產品待核驗）
1532,1532.TW,CMP,勤美,91.92,,TWSE LISTED,電機機械,21.75,21.8,21.8,21.65,113000,2.46,21.78,22.02,-0.14,-1.23,0.0,0.46,-2.03,26.3,58.3,58.3,26.3,58.3,-17.11,-62.61,-62.61,17.3,62.69,False,False,False,False,False,False,False,False,False,2026-10-08,電機機械,電機機械、工業自動化與設備（公司級產品待核驗）
1533,1533.TW,MORE,車王電,29.66,,TWSE LISTED,汽車工業,30.1,30.3,30.3,30.05,124005,3.73,30.31,30.355,-0.69,-0.84,-1.47,-0.33,-1.47,41.8,59.7,78.9,41.8,59.7,-27.51,-49.25,-61.6,27.99,49.58,False,False,False,False,False,False,False,False,False,2026-10-08,汽車工業,汽車整車、汽車零組件與車用電子（公司級產品待核驗）
1535,1535.TW,CEC,中宇,56.67,,TWSE LISTED,電機機械,45.8,45.5,45.8,45.5,13000,0.6,45.65,45.68,0.33,0.26,0.11,1.1,-0.11,55.5,97.5,97.5,55.5,97.5,-17.48,-53.03,-53.03,17.48,53.03,False,False,False,True,False,False,False,False,False,2026-10-08,電機機械,電機機械、工業自動化與設備（公司級產品待核驗）
1536,1536.TW,HOTA,和大,129.44,,TWSE LISTED,汽車工業,46.4,46.55,46.65,46.3,387018,17.96,46.42,46.55,-0.04,-0.32,-0.32,0.65,-0.54,67.8,90.9,155.19,67.8,90.9,-31.19,-48.68,-69.94,31.56,48.95,False,False,False,False,False,False,False,False,False,2026-10-08,汽車工業,汽車整車、汽車零組件與車用電子（公司級產品待核驗）
1537,1537.TW,KUNG LONG,廣隆,93.55,,TWSE LISTED,電機機械,114.0,114.0,114.5,113.5,77001,8.78,113.7,114.4,0.26,-0.35,0.88,0.44,-0.87,130.0,165.0,169.0,130.0,165.0,-11.92,-30.61,-32.25,12.31,30.91,False,False,False,False,False,False,False,False,False,2026-10-08,電機機械,電機機械、工業自動化與設備（公司級產品待核驗）
1538,1538.TW,JF,正峰,2.94,,TWSE LISTED,電機機械,9.1,9.1,9.1,9.1,1500,0.01,8.472,8.257,7.41,10.21,2.82,11.93,16.22,27.55,42.5,86.52,27.55,42.5,-66.97,-78.59,-89.48,66.97,78.59,True,True,False,False,False,False,False,False,False,2026-10-08,電機機械,電機機械、工業自動化與設備（公司級產品待核驗）
1539,1539.TW,GT,巨庭,10.2,,TWSE LISTED,電機機械,15.6,15.55,15.65,15.55,30000,0.47,15.64,15.575,-0.26,0.16,0.0,-0.32,-0.32,22.0,35.9,50.3,22.0,35.9,-28.86,-56.41,-68.89,29.09,56.55,False,False,False,False,False,False,False,False,False,2026-10-08,電機機械,電機機械、工業自動化與設備（公司級產品待核驗）
1540,1540.TW,ROUNDTOP,喬福,16.2,,TWSE LISTED,電機機械,18.95,18.9,19.1,18.85,95009,1.8,18.97,19.195,-0.11,-1.28,0.26,0.0,-2.82,28.8,51.8,51.8,28.8,51.8,-33.68,-63.13,-63.13,34.2,63.42,False,False,False,False,False,False,False,False,False,2026-10-08,電機機械,電機機械、工業自動化與設備（公司級產品待核驗）
1541,1541.TW,Chang Type,錩泰,16.15,,TWSE LISTED,電機機械,20.5,20.3,20.5,20.25,7000,0.14,20.64,20.865,-0.68,-1.75,-0.24,-0.49,-1.2,30.85,39.1,71.0,30.85,39.1,-33.55,-47.57,-71.13,33.55,47.57,False,False,False,False,False,False,False,False,False,2026-10-08,電機機械,電機機械、工業自動化與設備（公司級產品待核驗）
1558,1558.TW,ZENG HSING,伸興,69.38,,TWSE LISTED,電機機械,107.5,109.0,109.0,106.5,53010,5.7,109.6,111.1,-1.92,-3.24,-1.38,-2.27,-4.44,114.0,119.0,184.25,114.0,119.0,-4.39,-8.4,-40.84,5.7,9.66,False,False,False,False,False,False,False,True,True,2026-10-08,電機機械,電機機械、工業自動化與設備（公司級產品待核驗）
1560,1560.TW,KINIK,中砂,1517.92,,TWSE LISTED,電機機械,1010.0,1030.0,1030.0,1000.0,496967,501.94,1023.0,996.0,-1.27,1.41,-0.98,-2.88,1.0,1060.0,1060.0,1060.0,1060.0,1060.0,-2.83,-2.83,-2.83,4.72,4.72,False,False,False,False,False,False,False,True,True,2026-10-08,電機機械,半導體設備／自動化與精密機械
1563,1563.TW,SAI,巧新,134.18,,TWSE LISTED,汽車工業,79.3,80.0,80.7,78.0,549073,43.54,78.5,76.92,1.02,3.09,-1.61,2.99,4.2,97.73,141.33,259.15,97.73,141.33,-17.43,-42.9,-68.86,18.86,43.89,False,False,False,False,False,False,False,False,False,2026-10-08,汽車工業,汽車整車、汽車零組件與車用電子（公司級產品待核驗）
1565,1565.TWO,St.Shine,精華,49.16,,TPEx LISTED,生技醫療業,97.5,97.7,97.8,96.9,383363,37.38,96.96,96.54,0.56,0.99,0.21,0.83,0.83,120.5,247.5,1025.0,120.5,247.5,-18.84,-60.48,-90.46,19.09,60.61,False,False,True,False,False,False,False,False,False,2026-10-08,生技醫療業,生技、製藥、醫療器材與健康服務（公司級產品待核驗）
1568,1568.TW,T.Y.,倉佑,32.21,,TWSE LISTED,汽車工業,31.25,31.35,31.45,30.9,176000,5.5,31.5,31.72,-0.79,-1.48,-0.32,-0.64,-4.43,50.0,50.0,50.4,50.0,50.0,-37.1,-37.1,-37.6,37.5,37.5,False,False,False,False,False,False,False,False,False,2026-10-08,汽車工業,汽車整車、汽車零組件與車用電子（公司級產品待核驗）
1569,1569.TWO,Bin Chuan,濱川,100.97,,TPEx LISTED,電腦及週邊設備業,70.0,70.9,72.2,68.7,4387016,307.09,69.44,66.66,0.81,5.01,-3.05,2.19,9.72,72.7,86.4,86.4,72.7,86.4,-0.69,-16.44,-16.44,3.71,18.98,False,False,False,False,False,False,False,True,False,2026-10-08,電腦及週邊設備業,電腦、伺服器與企業硬體
1570,1570.TWO,De Poan,力肯,16.82,,TPEx LISTED,電機機械,32.65,32.25,32.65,32.25,17001,0.56,32.7,32.73,-0.15,-0.24,-0.31,0.46,1.24,56.6,56.6,56.6,56.6,56.6,-42.31,-42.31,-42.31,42.31,42.31,False,False,False,False,False,False,False,False,False,2026-10-08,電機機械,電機機械、工業自動化與設備（公司級產品待核驗）
1580,1580.TWO,SINMAG,新麥,47.86,,TPEx LISTED,電機機械,97.0,96.2,97.0,96.2,81062,7.86,96.38,96.7,0.64,0.31,0.83,1.25,-0.41,134.5,165.5,175.85,134.5,165.5,-27.88,-41.39,-44.84,27.88,41.39,False,False,False,True,False,False,False,False,False,2026-10-08,電機機械,電機機械、工業自動化與設備（公司級產品待核驗）
1582,1582.TW,SYNCMOLD,信錦,102.57,,TWSE LISTED,電子零組件業,71.1,71.8,71.8,70.9,273550,19.45,71.74,71.22,-0.89,-0.17,-0.84,-1.8,0.0,123.0,123.0,123.0,123.0,123.0,-41.63,-41.63,-41.63,42.2,42.2,False,False,False,False,False,False,False,False,False,2026-10-08,電子零組件業,電子零組件：PCB、CCL、IC載板、連接器與被動元件（公司級品類待核驗）
1583,1583.TW,GOODWAY,程泰,51.75,,TWSE LISTED,電機機械,47.3,47.3,47.3,47.3,2000,0.09,46.61,46.72,1.48,1.24,0.0,3.5,0.53,57.8,73.21,77.98,57.8,73.21,-18.16,-35.39,-39.34,18.16,35.39,False,False,False,False,False,False,False,False,False,2026-10-08,電機機械,電機機械、工業自動化與設備（公司級產品待核驗）
1584,1584.TWO,STC,精剛,41.38,,TPEx LISTED,其他,17.8,18.1,18.2,17.7,791000,14.08,18.15,18.235,-1.93,-2.39,-1.66,-1.66,-4.3,25.8,44.45,44.57,25.8,44.45,-29.46,-59.06,-59.16,31.01,59.96,False,False,False,False,False,False,False,False,False,2026-10-08,其他,其他（公司级产品待核验）
1586,1586.TWO,CFTC,和勤,23.05,,TPEx LISTED,電機機械,17.8,17.75,17.95,17.7,158000,2.81,17.82,17.885,-0.11,-0.48,0.0,0.0,-0.56,31.15,37.59,53.01,31.15,37.59,-42.38,-52.24,-66.14,42.86,52.64,False,False,False,False,False,False,False,False,False,2026-10-08,電機機械,電機機械、工業自動化與設備（公司級產品待核驗）
1587,1587.TW,CM,吉茂,19.09,,TWSE LISTED,汽車工業,23.85,23.9,23.9,23.6,45294,1.08,23.65,23.735,0.85,0.48,0.21,1.92,0.0,55.9,77.89,77.89,55.9,77.89,-57.25,-69.32,-69.32,57.33,69.38,False,False,True,True,False,False,False,False,False,2026-10-08,汽車工業,汽車整車、汽車零組件與車用電子（公司級產品待核驗）
1589,1589.TW,YGG,永冠-KY,8.48,,TWSE LISTED,電機機械,5.54,5.54,5.54,5.54,0,0.0,5.54,5.54,0.0,0.0,0.0,0.0,0.0,19.0,65.1,171.45,19.0,65.1,-70.84,-91.49,-96.77,70.84,91.49,False,False,False,False,False,False,False,False,False,2026-10-08,電機機械,電機機械、工業自動化與設備（公司級產品待核驗）
1590,1590.TW,AIRTAC,亞德客-KY,2410.0,,TWSE LISTED,電機機械,1205.0,1205.0,1255.0,1195.0,1791155,2158.34,1198.0,1202.5,0.58,0.21,-2.03,2.12,1.69,1615.0,1615.0,1615.0,1615.0,1615.0,-22.29,-22.29,-22.29,25.39,25.39,False,False,False,True,False,False,False,False,False,2026-10-08,電機機械,電機機械、工業自動化與設備（公司級產品待核驗）
1591,1591.TWO,INMAX,駿吉-KY,15.75,,TPEx LISTED,電機機械,41.4,40.65,42.15,40.55,106000,4.39,41.3,41.375,0.24,0.06,1.85,-1.08,0.0,69.7,84.8,84.8,69.7,84.8,-39.53,-50.29,-50.29,40.6,51.18,False,False,False,True,False,False,False,False,False,2026-10-08,電機機械,電機機械、工業自動化與設備（公司級產品待核驗）
1593,1593.TWO,CHI HUA,祺驊,12.55,,TPEx LISTED,運動休閒,31.55,31.6,31.6,31.55,5010,0.16,31.57,31.665,-0.06,-0.36,0.0,0.48,-0.47,35.4,63.5,143.45,35.4,63.5,-10.73,-50.24,-77.97,10.88,50.31,False,False,False,False,False,False,False,False,False,2026-10-08,運動休閒,運動休閒（公司级产品待核验）
1595,1595.TWO,CBT,川寶,42.25,,TPEx LISTED,半導體業,73.4,72.3,75.3,72.3,1534071,112.6,74.06,77.24,-0.89,-4.97,1.52,-0.14,-11.88,107.0,107.0,107.0,107.0,107.0,-29.63,-29.63,-29.63,31.4,31.4,False,False,False,False,False,False,False,False,False,2026-10-08,半導體業,半導體／IC設計或製造（細分環節待核驗）
1597,1597.TW,cpc,直得,127.2,,TWSE LISTED,電機機械,142.5,145.0,145.0,141.0,621400,88.55,145.2,144.05,-1.86,-1.08,-1.72,-2.06,-7.77,221.0,221.0,221.0,221.0,221.0,-34.39,-34.39,-34.39,35.52,35.52,False,False,False,False,False,False,False,False,False,2026-10-08,電機機械,電機機械、工業自動化與設備（公司級產品待核驗）
1598,1598.TW,Dyaco,岱宇,36.01,,TWSE LISTED,運動休閒,20.1,20.6,20.65,20.0,182000,3.66,20.24,20.345,-0.69,-1.2,-0.74,-1.23,-2.19,22.5,37.14,150.32,22.5,37.14,-8.22,-44.4,-86.26,10.67,45.88,False,False,False,False,False,False,False,False,False,2026-10-08,運動休閒,運動休閒（公司级产品待核验）
1599,1599.TWO,AEON,宏佳騰,16.47,,TPEx LISTED,電機機械,22.55,22.65,22.75,22.5,28036,0.63,22.92,22.99,-1.61,-1.91,-1.1,-2.38,-2.38,30.5,36.25,62.0,30.5,36.25,-25.41,-37.24,-63.31,26.07,37.79,False,False,False,False,False,False,False,False,False,2026-10-08,電機機械,電機機械、工業自動化與設備（公司級產品待核驗）
1603,1603.TW,CWCO,華電,58.66,,TWSE LISTED,電器電纜,30.6,30.7,30.75,30.5,89000,2.72,30.51,30.435,0.29,0.54,0.0,0.82,-0.16,44.2,56.4,56.4,44.2,56.4,-30.43,-45.48,-45.48,30.77,45.74,False,False,True,False,False,False,False,False,False,2026-10-08,電器電纜,電線電纜、電力設備與能源傳輸（公司級產品待核驗）
1604,1604.TW,SAMPO,聲寶,90.86,,TWSE LISTED,電器電纜,23.65,23.3,23.65,23.25,502649,11.89,23.34,23.38,1.33,1.15,1.5,1.72,1.28,25.8,30.35,33.0,25.8,30.35,-8.33,-22.08,-28.33,8.33,22.08,False,False,True,True,False,False,False,True,False,2026-10-08,電器電纜,電線電纜、電力設備與能源傳輸（公司級產品待核驗）
1605,1605.TW,WALSIN,華新,1732.65,,TWSE LISTED,電器電纜,39.1,40.2,40.35,39.1,23635301,924.14,38.98,38.15,0.31,2.49,-2.01,1.82,1.43,46.5,46.5,59.4,46.5,46.5,-13.23,-13.23,-32.07,15.91,15.91,False,False,False,False,False,False,False,False,False,2026-10-08,電器電纜,電線電纜、電力設備與能源傳輸（公司級產品待核驗）
1608,1608.TW,HE,華榮,231.28,,TWSE LISTED,電器電纜,36.55,36.8,37.0,36.55,1636600,59.82,36.38,36.055,0.47,1.37,-1.35,1.95,1.67,41.4,47.45,47.45,41.4,47.45,-10.63,-22.02,-22.02,11.71,22.97,False,False,False,False,False,False,False,False,False,2026-10-08,電器電纜,電線電纜、電力設備與能源傳輸（公司級產品待核驗）
1609,1609.TW,TA YA,大亞,300.36,,TWSE LISTED,電器電纜,38.25,39.0,39.15,38.2,2966986,113.49,38.47,38.4,-0.57,-0.39,-1.92,0.13,-1.16,50.0,63.8,63.8,50.0,63.8,-21.7,-38.64,-38.64,23.5,40.05,False,False,False,False,False,False,False,False,False,2026-10-08,電器電纜,電線電纜、電力設備與能源傳輸（公司級產品待核驗）
1611,1611.TW,CE,中電,36.63,,TWSE LISTED,電器電纜,11.35,11.3,11.4,11.25,279817,3.18,11.3,11.36,0.44,-0.09,0.44,0.89,-0.87,15.0,22.55,22.7,15.0,22.55,-24.0,-49.45,-49.78,24.33,49.67,False,False,False,False,False,False,False,False,False,2026-10-08,電器電纜,電線電纜、電力設備與能源傳輸（公司級產品待核驗）
1612,1612.TW,HONG TAI,宏泰,108.57,,TWSE LISTED,電器電纜,34.35,34.75,34.8,34.0,1025000,35.21,34.89,35.065,-1.55,-2.04,-2.0,-1.86,-2.28,42.5,45.4,45.4,42.5,45.4,-18.12,-23.35,-23.35,19.18,24.34,False,False,False,False,False,False,False,False,False,2026-10-08,電器電纜,電線電纜、電力設備與能源傳輸（公司級產品待核驗）
1614,1614.TW,Taiwan Sanyo,三洋電,83.83,,TWSE LISTED,電器電纜,31.15,31.0,31.15,30.7,44087,1.37,31.05,31.1,0.32,0.16,0.48,0.97,-0.32,34.8,52.6,52.6,34.8,52.6,-10.49,-40.78,-40.78,10.49,40.78,False,False,False,True,False,False,False,False,False,2026-10-08,電器電纜,電線電纜、電力設備與能源傳輸（公司級產品待核驗）
1615,1615.TW,Dah San,大山,91.47,,TWSE LISTED,電器電纜,46.05,43.0,46.05,42.7,1449453,66.75,42.91,42.845,7.32,7.48,9.9,8.99,7.85,50.99,62.99,62.99,50.99,62.99,-9.69,-26.89,-26.89,9.69,26.89,False,False,False,True,False,False,False,True,False,2026-10-08,電器電纜,電線電纜、電力設備與能源傳輸（公司級產品待核驗）
1616,1616.TW,EVERTOP,億泰,36.31,,TWSE LISTED,電器電纜,18.7,18.65,18.7,18.35,152010,2.84,18.5,18.455,1.08,1.33,0.27,2.19,1.91,30.9,44.85,44.85,30.9,44.85,-39.48,-58.31,-58.31,39.48,58.31,False,False,True,True,False,False,False,False,False,2026-10-08,電器電纜,電線電纜、電力設備與能源傳輸（公司級產品待核驗）
1617,1617.TW,JSW,榮星,40.85,,TWSE LISTED,電器電纜,24.1,24.3,24.45,23.7,1643766,39.61,23.86,23.015,1.01,4.71,0.63,0.0,-2.82,26.95,32.8,32.8,26.95,32.8,-9.28,-25.46,-25.46,10.58,26.52,False,False,False,False,False,False,False,False,False,2026-10-08,電器電纜,電線電纜、電力設備與能源傳輸（公司級產品待核驗）
1618,1618.TW,HK,合機,73.42,,TWSE LISTED,電器電纜,38.1,38.6,38.6,38.0,997568,38.01,38.88,38.8,-2.01,-1.8,-3.05,-2.06,-1.8,52.6,69.8,69.8,52.6,69.8,-26.62,-44.7,-44.7,27.57,45.42,False,False,False,False,False,False,False,False,False,2026-10-08,電器電纜,電線電纜、電力設備與能源傳輸（公司級產品待核驗）
1623,1623.TW,TEWC,大東電,128.04,,TWSE LISTED,電器電纜,194.0,195.0,198.0,192.5,81042,15.72,196.7,197.8,-1.37,-1.92,-0.51,-2.02,-2.27,340.0,340.0,340.0,340.0,340.0,-41.76,-41.76,-41.76,42.94,42.94,False,False,False,False,False,False,False,False,False,2026-10-08,電器電纜,電線電纜、電力設備與能源傳輸（公司級產品待核驗）
1626,1626.TW,AIRMATE,艾美特-KY,14.59,,TWSE LISTED,電器電纜,9.74,9.78,9.78,9.73,3102,0.03,9.726,9.688,0.14,0.54,-0.51,0.93,0.21,13.0,17.95,31.79,13.0,17.95,-24.77,-45.52,-69.23,25.08,45.74,False,False,False,False,False,False,False,False,False,2026-10-08,電器電纜,電線電纜、電力設備與能源傳輸（公司級產品待核驗）
1702,1702.TW,NAMCHOW,南僑,98.09,,TWSE LISTED,食品工業,33.35,32.75,33.6,32.75,315258,10.51,32.95,33.02,1.21,1.0,1.83,1.68,-0.3,39.45,66.5,70.2,39.45,66.5,-14.83,-49.47,-52.14,15.46,49.85,False,False,False,True,False,False,False,False,False,2026-10-08,食品工業,食品、飲料與食品加工（公司級產品待核驗）
1707,1707.TW,GKB,葡萄王,126.51,,TWSE LISTED,生技醫療業,85.4,84.9,85.4,84.5,130000,11.1,84.86,85.55,0.64,-0.18,0.59,0.95,-0.12,128.5,163.5,282.0,128.5,163.5,-33.54,-47.77,-69.72,33.54,47.77,False,False,True,False,False,False,False,False,False,2026-10-08,生技醫療業,生技、製藥、醫療器材與健康服務（公司級產品待核驗）
1708,1708.TW,SESODA,東鹼,141.93,,TWSE LISTED,化學工業,57.0,56.7,58.4,56.7,4892716,278.88,56.88,54.62,0.21,4.36,-0.52,0.35,6.34,64.2,64.2,73.1,64.2,64.2,-9.03,-9.03,-20.11,11.21,11.21,False,False,False,False,False,False,False,False,False,2026-10-08,化學工業,化學制品／特用化學材料
1709,1709.TW,FUCC,和益,290.98,,TWSE LISTED,化學工業,61.0,60.2,62.0,59.0,10862232,662.6,61.46,54.47,-0.75,11.99,1.33,-5.13,14.66,66.3,66.3,66.3,66.3,66.3,-6.49,-6.49,-6.49,7.99,7.99,False,False,False,False,False,False,False,True,True,2026-10-08,化學工業,化學制品／特用化學材料
1710,1710.TW,OUCC,東聯,160.31,,TWSE LISTED,化學工業,18.1,17.6,18.25,17.5,10715209,193.95,17.53,17.105,3.25,5.82,2.84,3.43,6.47,20.15,20.6,36.3,20.15,20.6,-9.43,-11.41,-49.72,10.17,12.14,False,False,False,False,False,False,False,False,False,2026-10-08,化學工業,石化與化學原料／電子化學材料
1711,1711.TW,EVERLIGHT,永光,253.34,,TWSE LISTED,化學工業,46.25,44.8,49.8,44.5,37712610,1744.21,45.5,42.7,1.65,8.31,1.76,4.64,14.06,64.3,64.3,64.3,64.3,64.3,-22.55,-22.55,-22.55,28.07,28.07,False,False,False,False,False,False,False,False,False,2026-10-08,化學工業,化學制品／特用化學材料
1712,1712.TW,SINON,興農,167.99,,TWSE LISTED,化學工業,39.95,39.9,40.1,39.9,442110,17.66,39.79,39.78,0.4,0.43,0.25,0.76,0.76,48.2,48.55,48.55,48.2,48.55,-16.8,-17.4,-17.4,17.12,17.71,True,False,False,False,False,False,False,False,False,2026-10-08,化學工業,化學制品／特用化學材料
1713,1713.TW,CCW,國化,67.85,,TWSE LISTED,化學工業,44.95,45.0,45.0,44.3,80114,3.6,44.52,43.23,0.97,3.98,0.45,0.33,5.89,54.5,61.9,61.9,54.5,61.9,-17.43,-27.3,-27.3,17.52,27.38,False,False,False,False,False,False,False,False,False,2026-10-08,化學工業,化學制品／特用化學材料
1714,1714.TW,HO TUNG,和桐,197.87,,TWSE LISTED,化學工業,19.95,19.8,20.9,19.5,76549673,1527.17,18.79,17.395,6.17,14.69,1.53,7.84,23.15,25.0,25.0,25.0,25.0,25.0,-16.4,-16.4,-16.4,20.2,20.2,True,True,False,False,False,False,False,False,False,2026-10-08,化學工業,化學制品／特用化學材料
1717,1717.TW,ETERNAL,長興,881.08,,TWSE LISTED,化學工業,74.4,74.8,75.9,74.3,6170429,459.08,74.74,73.62,-0.45,1.06,-1.59,-0.27,1.22,89.9,89.9,89.9,89.9,89.9,-15.57,-15.57,-15.57,17.24,17.24,False,False,False,False,False,False,False,False,False,2026-10-08,化學工業,特用化學品／電子化學材料與樹脂
1718,1718.TW,CMFC,中纖,205.68,,TWSE LISTED,化學工業,12.2,11.3,12.4,11.2,101007468,1232.29,11.35,10.99,7.49,11.01,7.96,9.42,14.55,16.2,16.2,16.2,16.2,16.2,-23.46,-23.46,-23.46,24.69,24.69,False,False,False,False,False,False,False,False,False,2026-10-08,化學工業,化學制品／特用化學材料
1720,1720.TW,S.C.P.C,生達,111.85,,TWSE LISTED,生技醫療業,56.9,56.3,57.5,56.3,687401,39.11,56.14,56.15,1.35,1.34,1.43,1.97,1.43,60.55,72.18,72.36,60.55,72.18,-5.03,-20.34,-20.54,6.02,21.17,True,False,False,False,False,False,False,True,False,2026-10-08,生技醫療業,生技、製藥、醫療器材與健康服務（公司級產品待核驗）
1721,1721.TW,SUNKO,國慶科技,51.31,,TWSE LISTED,化學工業,27.75,26.9,28.65,26.6,3757581,104.27,27.88,26.715,-0.47,3.87,0.0,0.73,4.32,36.0,36.0,36.0,36.0,36.0,-20.42,-20.42,-20.42,22.92,22.92,False,False,False,False,False,False,False,False,False,2026-10-08,化學工業,化學制品／特用化學材料
1722,1722.TW,TFC,台肥,406.21,,TWSE LISTED,化學工業,41.45,41.35,41.65,41.35,1632261,67.66,41.16,41.27,0.7,0.44,0.36,1.47,0.73,52.0,70.5,85.0,52.0,70.5,-19.9,-40.92,-51.0,20.29,41.21,True,False,False,False,False,False,False,False,False,2026-10-08,化學工業,化學肥料／農業化學品與化工原料
1723,1723.TW,CSCC,中碳,199.71,,TWSE LISTED,化學工業,84.3,82.8,84.4,82.7,1178484,99.35,81.42,80.87,3.54,4.24,3.56,5.24,5.77,93.9,133.5,167.0,93.9,133.5,-10.12,-36.78,-49.46,10.22,36.85,True,False,False,False,False,False,False,False,False,2026-10-08,化學工業,化學制品／特用化學材料
1725,1725.TW,YJE,元禎,63.28,,TWSE LISTED,化學工業,34.8,34.1,35.05,34.1,134000,4.66,34.18,34.045,1.81,2.22,2.05,1.9,3.88,45.25,57.8,57.8,45.25,57.8,-22.54,-39.36,-39.36,23.09,39.79,False,False,False,False,False,False,False,False,False,2026-10-08,化學工業,化學制品／特用化學材料
1726,1726.TW,Y.C.P.,永記,123.44,,TWSE LISTED,化學工業,76.2,75.9,76.2,75.8,15000,1.14,76.22,76.34,-0.03,-0.18,0.0,0.13,-0.39,81.1,84.2,85.4,81.1,84.2,-6.04,-9.5,-10.77,6.04,9.5,False,False,False,False,False,False,False,True,True,2026-10-08,化學工業,化學制品／特用化學材料
1727,1727.TW,CHCIW,中華化,136.98,,TWSE LISTED,化學工業,107.0,105.5,113.0,105.5,10904131,1166.74,111.9,113.1,-4.38,-5.39,0.94,-8.94,-4.46,130.0,130.0,130.0,130.0,130.0,-13.08,-13.08,-13.08,17.69,17.69,False,False,False,False,False,False,False,False,False,2026-10-08,化學工業,化學制品／特用化學材料
1730,1730.TW,FARCENT,花仙子,32.44,,TWSE LISTED,化學工業,51.3,51.2,51.5,51.1,35000,1.8,51.18,51.2,0.23,0.2,0.39,0.39,0.0,55.0,61.5,97.3,55.0,61.5,-6.36,-16.26,-47.07,6.73,16.59,False,False,False,True,False,False,False,True,False,2026-10-08,化學工業,化學制品／特用化學材料
1731,1731.TW,Maywufa,美吾華,27.98,,TWSE LISTED,生技醫療業,21.05,21.0,21.1,20.95,156000,3.28,20.9,20.9,0.72,0.72,0.48,1.2,0.96,22.3,28.35,28.35,22.3,28.35,-5.38,-25.57,-25.57,5.61,25.75,True,False,False,False,False,False,False,True,False,2026-10-08,生技醫療業,生技、製藥、醫療器材與健康服務（公司級產品待核驗）
1732,1732.TW,Mao Bao,毛寶,11.88,,TWSE LISTED,化學工業,28.0,27.55,29.1,27.05,3278345,91.79,26.6,26.34,5.26,6.3,4.67,7.69,7.69,33.4,38.75,53.8,33.4,38.75,-12.87,-24.9,-45.91,16.17,27.74,True,False,False,False,False,False,False,False,False,2026-10-08,化學工業,化學制品／特用化學材料
1733,1733.TW,ApexBio,五鼎,30.43,,TWSE LISTED,生技醫療業,30.45,30.55,30.55,30.3,53160,1.62,30.24,30.045,0.69,1.35,-0.33,1.0,2.01,33.1,44.45,44.45,33.1,44.45,-7.7,-31.27,-31.27,8.01,31.5,False,False,False,False,False,False,False,True,False,2026-10-08,生技醫療業,生技、製藥、醫療器材與健康服務（公司級產品待核驗）
1734,1734.TW,SINPHAR,杏輝,65.32,,TWSE LISTED,生技醫療業,32.4,32.1,32.65,32.0,208670,6.76,32.16,32.13,0.75,0.84,0.93,0.93,0.93,32.8,32.8,53.76,32.8,32.8,-0.46,-0.46,-39.27,1.22,1.22,False,False,False,True,False,False,False,True,True,2026-10-08,生技醫療業,生技、製藥、醫療器材與健康服務（公司級產品待核驗）
1735,1735.TW,EMC,日勝化,23.06,,TWSE LISTED,化學工業,23.2,23.05,24.3,23.05,431000,10.0,23.25,21.72,-0.22,6.81,0.22,-4.72,15.14,33.85,33.85,33.85,33.85,33.85,-28.21,-28.21,-28.21,31.46,31.46,False,False,False,False,False,False,False,False,False,2026-10-08,化學工業,化學制品／特用化學材料
1736,1736.TW,JHT,喬山,373.18,,TWSE LISTED,運動休閒,123.0,123.5,126.0,123.0,453480,55.78,122.6,125.05,0.33,-1.64,0.82,-0.81,-3.53,162.5,226.5,226.5,162.5,226.5,-22.46,-44.37,-44.37,24.31,45.7,False,False,False,False,False,False,False,False,False,2026-10-08,運動休閒,運動休閒（公司级产品待核验）
1737,1737.TW,Taiyen,臺鹽,60.0,,TWSE LISTED,食品工業,30.0,29.95,30.05,29.95,74048,2.22,29.96,30.005,0.13,-0.02,0.17,0.0,0.0,32.5,36.35,40.5,32.5,36.35,-7.54,-17.33,-25.8,7.69,17.47,False,False,False,False,False,False,False,True,False,2026-10-08,食品工業,食品、飲料與食品加工（公司級產品待核驗）
1742,1742.TWO,TWC,台蠟,16.31,,TPEx LISTED,化學工業,17.6,17.65,17.65,17.4,14000,0.25,17.56,17.59,0.23,0.06,-0.56,1.44,-1.12,18.75,20.8,23.54,18.75,20.8,-5.87,-15.14,-25.04,6.13,15.38,False,False,False,True,False,False,False,True,False,2026-10-08,化學工業,化學制品／特用化學材料
1752,1752.TW,NANG KUANG,南光,33.58,,TWSE LISTED,生技醫療業,33.25,31.6,33.35,31.6,353151,11.74,31.8,31.59,4.56,5.25,5.56,6.23,6.06,38.7,4335.0,4335.0,38.7,4335.0,-13.82,-99.23,-99.23,14.08,99.23,False,False,False,False,False,False,False,False,False,2026-10-08,生技醫療業,生技、製藥、醫療器材與健康服務（公司級產品待核驗）
1760,1760.TW,PBF,寶齡富錦,47.76,,TWSE LISTED,生技醫療業,55.7,54.9,56.7,54.5,433000,24.12,54.44,54.29,2.31,2.6,2.58,3.34,2.01,76.4,125.5,255.09,76.4,125.5,-25.79,-54.82,-77.77,27.09,55.62,False,False,False,False,False,False,False,False,False,2026-10-08,生技醫療業,生技、製藥、醫療器材與健康服務（公司級產品待核驗）
1762,1762.TW,CCSB,中化生,27.19,,TWSE LISTED,生技醫療業,35.35,33.85,36.0,33.85,373060,13.19,34.08,33.97,3.73,4.06,4.28,4.9,4.12,44.75,63.1,102.5,44.75,63.1,-19.55,-42.95,-64.88,21.01,43.98,False,False,True,True,False,False,False,False,False,2026-10-08,生技醫療業,生技、製藥、醫療器材與健康服務（公司級產品待核驗）
1773,1773.TW,SHINY CHEMICAL,勝一,526.5,,TWSE LISTED,化學工業,175.5,176.0,181.5,175.0,774671,135.95,177.1,171.75,-0.9,2.18,-0.85,-2.77,4.78,204.0,204.0,204.0,204.0,204.0,-11.03,-11.03,-11.03,13.97,13.97,False,False,False,False,False,False,False,False,False,2026-10-08,化學工業,化學制品／特用化學材料
1776,1776.TW,Headway,展宇,11.63,,TWSE LISTED,化學工業,19.35,18.5,19.95,18.5,214000,4.14,18.6,18.36,4.03,5.39,4.59,5.16,7.2,21.4,27.8,34.97,21.4,27.8,-6.78,-28.24,-42.95,9.58,30.4,False,False,False,False,False,False,False,True,False,2026-10-08,化學工業,化學制品／特用化學材料
1777,1777.TWO,SYN-TECH,生泰,33.76,,TPEx LISTED,生技醫療業,75.7,74.8,76.0,74.8,16000,1.21,75.1,74.61,0.8,1.46,0.26,1.75,1.88,75.9,110.0,117.91,76.0,110.0,0.13,-30.91,-35.54,0.39,31.18,False,False,False,False,True,False,False,True,False,2026-10-08,生技醫療業,生技、製藥、醫療器材與健康服務（公司級產品待核驗）
1780,1780.TWO,ABC,立弘,26.89,,TPEx LISTED,食品工業,24.65,24.65,24.75,24.6,44000,1.08,24.91,24.985,-1.04,-1.34,0.2,-1.99,-2.38,36.85,36.85,36.85,36.85,36.85,-32.84,-32.84,-32.84,33.11,33.11,False,False,False,False,False,False,False,False,False,2026-10-08,食品工業,食品、飲料與食品加工（公司級產品待核驗）
1781,1781.TWO,H&L,合世,5.17,,TPEx LISTED,生技醫療業,10.9,9.99,10.9,9.99,639002,6.97,10.12,10.067,7.71,8.27,9.77,11.22,9.11,14.5,23.55,52.6,14.5,23.55,-24.83,-53.72,-79.28,24.83,53.72,False,False,False,True,False,False,False,False,False,2026-10-08,生技醫療業,生技、製藥、醫療器材與健康服務（公司級產品待核驗）
1783,1783.TW,MBI,和康生,34.17,,TWSE LISTED,生技醫療業,38.1,38.55,38.7,38.05,108053,4.12,37.84,37.375,0.69,1.94,-1.17,3.25,2.01,48.3,55.0,71.43,48.3,55.0,-19.88,-29.64,-45.82,21.12,30.73,False,False,False,False,False,False,False,False,False,2026-10-08,生技醫療業,生技、製藥、醫療器材與健康服務（公司級產品待核驗）
1784,1784.TWO,BIONET CORP.,訊聯,31.5,,TPEx LISTED,生技醫療業,59.3,59.3,60.3,59.1,53258,3.16,59.76,60.55,-0.77,-2.06,-1.17,-0.34,-1.82,118.0,162.01,162.01,118.0,162.01,-48.9,-62.78,-62.78,49.75,63.4,False,False,False,False,False,False,False,False,False,2026-10-08,生技醫療業,生技、製藥、醫療器材與健康服務（公司級產品待核驗）
1785,1785.TWO,Solar,光洋科,616.81,,TPEx LISTED,其他電子業,103.5,105.0,105.5,103.0,8714357,901.94,105.2,101.78,-1.62,1.69,-3.27,0.98,2.48,185.0,185.0,185.0,185.0,185.0,-42.97,-42.97,-42.97,44.05,44.05,False,False,False,False,False,False,False,False,False,2026-10-08,其他電子業,其他電子：電子模組、感測器、電源與車用電子（公司級產品待核驗）
1786,1786.TW,SVBI,科妍,31.2,,TWSE LISTED,生技醫療業,41.7,41.45,41.85,41.35,131000,5.46,41.67,42.32,0.07,-1.47,0.6,0.48,-3.58,87.5,144.0,144.0,87.5,144.0,-52.17,-70.94,-70.94,52.34,71.04,False,False,False,False,False,False,False,False,False,2026-10-08,生技醫療業,生技、製藥、醫療器材與健康服務（公司級產品待核驗）
1788,1788.TWO,HCI,杏昌,56.76,,TPEx LISTED,生技醫療業,127.5,127.0,128.0,127.0,48061,6.13,127.7,127.75,-0.16,-0.2,0.39,-0.39,0.0,138.0,147.0,189.07,138.0,147.0,-7.25,-12.93,-32.3,7.61,13.27,False,False,False,False,False,False,False,True,False,2026-10-08,生技醫療業,生技、製藥、醫療器材與健康服務（公司級產品待核驗）
1789,1789.TW,SPT,神隆,151.03,,TWSE LISTED,生技醫療業,19.1,18.95,19.4,18.9,441001,8.42,18.76,18.76,1.81,1.81,0.79,3.24,1.6,29.1,30.5,45.19,29.1,30.5,-33.33,-36.39,-57.07,34.36,37.38,True,False,False,False,False,False,False,False,False,2026-10-08,生技醫療業,生技、製藥、醫療器材與健康服務（公司級產品待核驗）
1795,1795.TW,Lotus Pharm,美時,487.63,,TWSE LISTED,生技醫療業,180.5,182.5,182.5,179.5,558616,100.83,178.5,177.9,1.12,1.46,-1.1,1.69,1.98,364.76,364.76,364.76,364.76,364.76,-49.97,-49.97,-49.97,50.51,50.51,False,False,False,False,False,False,False,False,False,2026-10-08,生技醫療業,生技、製藥、醫療器材與健康服務（公司級產品待核驗）
1796,1796.TWO,GeneFerm,金穎生技,12.23,,TPEx LISTED,食品工業,29.5,30.3,30.3,29.5,10000,0.29,29.7,29.625,-0.67,-0.42,-1.67,0.0,-2.64,47.55,87.0,158.5,47.55,87.0,-36.28,-65.17,-80.88,37.96,66.09,False,False,False,False,False,False,False,False,False,2026-10-08,食品工業,食品、飲料與食品加工（公司級產品待核驗）
1799,1799.TWO,EASYWELL,易威,71.15,,TPEx LISTED,生技醫療業,28.6,28.2,29.0,28.15,135000,3.86,28.45,28.63,0.53,-0.1,2.14,0.0,-1.21,44.9,233.0,233.0,44.9,233.0,-35.41,-87.55,-87.55,36.3,87.73,False,False,False,False,False,False,False,False,False,2026-10-08,生技醫療業,生技、製藥、醫療器材與健康服務（公司級產品待核驗）
1802,1802.TW,TGI,台玻,1858.25,,TWSE LISTED,玻璃陶瓷,63.9,66.0,66.8,62.6,159473119,10190.33,61.64,60.05,3.67,6.41,-2.74,7.76,8.67,81.2,81.2,81.2,81.2,81.2,-17.73,-17.73,-17.73,21.31,21.31,False,False,False,False,False,False,False,False,False,2026-10-08,玻璃陶瓷,玻璃陶瓷（公司级产品待核验）
1805,1805.TW,BLG,寶徠,13.48,,TWSE LISTED,建材營造,9.99,10.0,10.0,9.92,70278,0.7,9.976,10.033,0.14,-0.43,-0.1,0.3,-1.09,13.0,25.3,25.3,13.0,25.3,-23.08,-60.47,-60.47,23.15,60.51,False,False,True,False,False,False,False,False,False,2026-10-08,建材營造,建材、營造與不動產開發（公司級業務待核驗）
1806,1806.TW,CHAMPION,冠軍,30.92,,TWSE LISTED,玻璃陶瓷,7.92,7.96,7.97,7.81,167404,1.33,7.904,7.935,0.2,-0.19,-0.5,0.51,0.0,9.49,14.05,19.44,9.49,14.05,-16.02,-43.27,-59.01,16.54,43.63,False,False,True,False,False,False,False,False,False,2026-10-08,玻璃陶瓷,玻璃陶瓷（公司级产品待核验）
1808,1808.TW,RUN LONG,潤隆,232.55,,TWSE LISTED,建材營造,32.55,32.15,32.75,31.9,579147,18.85,31.84,31.795,2.23,2.37,0.62,3.83,2.68,37.8,70.2,70.2,37.8,70.2,-13.36,-53.35,-53.35,13.89,53.63,False,False,False,False,False,False,False,False,False,2026-10-08,建材營造,建材、營造與不動產開發（公司級業務待核驗）
1809,1809.TW,China Glaze,中釉,75.92,,TWSE LISTED,玻璃陶瓷,45.45,45.5,46.6,45.3,2021184,91.86,46.16,45.6,-1.54,-0.33,-2.26,-2.47,-0.66,61.8,61.8,61.8,61.8,61.8,-24.6,-24.6,-24.6,26.46,26.46,False,False,False,False,False,False,False,False,False,2026-10-08,玻璃陶瓷,玻璃陶瓷（公司级产品待核验）
1810,1810.TW,HCG,和成,70.74,,TWSE LISTED,玻璃陶瓷,23.4,23.4,23.4,23.2,932381,21.82,23.59,23.79,-0.81,-1.64,0.0,-1.27,-2.5,34.15,34.15,34.15,34.15,34.15,-31.48,-31.48,-31.48,31.48,31.48,False,False,False,False,False,False,False,False,False,2026-10-08,玻璃陶瓷,玻璃陶瓷（公司级产品待核验）
1813,1813.TWO,Polylite,寶利徠,5.18,,TPEx LISTED,生技醫療業,11.1,11.2,11.5,11.1,37164,0.41,11.19,11.25,-0.8,-1.33,-0.45,-1.33,-1.77,14.2,21.5,32.15,14.2,21.5,-19.01,-46.51,-64.23,21.83,48.37,False,False,False,False,False,False,False,False,False,2026-10-08,生技醫療業,生技、製藥、醫療器材與健康服務（公司級產品待核驗）
1815,1815.TWO,FFG,富喬,790.37,,TPEx LISTED,電子零組件業,135.0,132.5,139.5,129.0,95933520,12951.03,128.8,122.8,4.81,9.93,1.89,5.06,16.38,139.0,139.0,139.0,139.5,139.5,0.36,0.36,0.36,3.23,3.23,False,False,False,False,True,True,True,True,True,2026-10-08,電子零組件業,電子零組件：PCB、CCL、IC載板、連接器與被動元件（公司級品類待核驗）
1817,1817.TW,SANITAR,凱撒衛,28.82,,TWSE LISTED,玻璃陶瓷,39.7,39.7,39.95,39.55,24000,0.95,39.76,39.895,-0.15,-0.49,0.0,-0.13,-0.75,42.7,52.8,52.8,42.7,52.8,-6.44,-24.34,-24.34,7.03,24.81,False,False,False,False,False,False,False,True,False,2026-10-08,玻璃陶瓷,玻璃陶瓷（公司级产品待核验）
1903,1903.TW,Shihlin Paper,士紙,123.39,,TWSE LISTED,造紙工業,47.45,47.25,47.5,47.0,39000,1.85,47.3,47.355,0.32,0.2,0.42,0.85,-0.42,60.2,76.2,94.2,60.2,76.2,-21.1,-37.66,-49.58,21.18,37.73,False,False,False,True,False,False,False,False,False,2026-10-08,造紙工業,造紙工業（公司级产品待核验）
1904,1904.TW,Cheng Loong,正隆,277.07,,TWSE LISTED,造紙工業,25.0,25.05,25.25,24.85,1116427,27.91,24.59,24.565,1.67,1.77,-0.99,4.17,3.73,26.45,30.95,51.5,26.45,30.95,-4.54,-18.42,-50.97,5.48,19.22,False,False,False,False,False,False,False,True,False,2026-10-08,造紙工業,造紙工業（公司级产品待核验）
1905,1905.TW,CHP,華紙,141.16,,TWSE LISTED,造紙工業,12.8,12.9,12.9,12.75,1041600,13.33,12.78,12.88,0.16,-0.62,-0.78,0.79,0.0,18.8,25.55,33.9,18.8,25.55,-31.38,-49.51,-61.95,31.91,49.9,False,False,True,False,False,False,False,False,False,2026-10-08,造紙工業,造紙工業（公司级产品待核验）
1906,1906.TW,Baolong Intl.,寶隆,16.23,,TWSE LISTED,造紙工業,10.75,10.6,10.75,10.6,83147,0.89,10.67,10.725,0.75,0.23,0.47,1.42,-0.46,13.9,16.9,39.85,13.9,16.9,-22.66,-36.39,-73.02,22.66,36.39,True,False,True,True,False,False,False,False,False,2026-10-08,造紙工業,造紙工業（公司级产品待核验）
1907,1907.TW,YFY,永豐餘,472.38,,TWSE LISTED,造紙工業,28.45,28.15,28.55,28.1,646775,18.4,28.0,28.1,1.61,1.25,0.53,3.08,1.61,31.7,35.55,51.8,31.7,35.55,-9.94,-19.69,-44.88,10.25,19.97,True,False,False,False,False,False,False,False,False,2026-10-08,造紙工業,造紙工業（公司级产品待核验）
1909,1909.TW,Longchen P&P,榮成,135.42,,TWSE LISTED,造紙工業,10.2,10.1,10.25,10.1,982218,10.02,10.11,10.13,0.89,0.69,0.49,2.0,0.0,11.5,16.05,51.96,11.5,16.05,-10.87,-36.14,-80.27,11.3,36.45,True,False,True,True,False,False,False,False,False,2026-10-08,造紙工業,造紙工業（公司级产品待核验）
2002,2002.TW,CSC,中鋼,2981.76,,TWSE LISTED,鋼鐵工業,18.95,18.9,19.05,18.9,26622757,504.5,18.95,18.9,0.0,0.26,0.0,0.26,0.0,21.6,27.1,46.75,21.6,27.1,-11.81,-29.7,-59.25,12.27,30.07,False,False,True,True,False,False,False,False,False,2026-10-08,鋼鐵工業,鋼鐵、特殊鋼與金屬材料（公司級產品待核驗）
2006,2006.TW,Tung Ho Steel,東和鋼鐵,622.87,,TWSE LISTED,鋼鐵工業,85.3,85.9,86.0,84.7,734939,62.69,86.04,85.92,-0.86,-0.72,-0.7,-0.58,0.83,89.2,89.2,96.57,89.2,89.2,-3.59,-3.59,-10.94,4.37,4.37,False,False,False,False,False,False,False,True,True,2026-10-08,鋼鐵工業,鋼鐵、特殊鋼與金屬材料（公司級產品待核驗）
2007,2007.TW,YH,燁興,36.67,,TWSE LISTED,鋼鐵工業,6.91,6.9,6.95,6.88,79970,0.55,6.944,6.94,-0.49,-0.43,-0.58,0.0,-1.29,9.65,13.8,34.9,9.65,13.8,-27.98,-49.64,-80.09,28.39,49.93,False,False,False,False,False,False,False,False,False,2026-10-08,鋼鐵工業,鋼鐵、特殊鋼與金屬材料（公司級產品待核驗）
2008,2008.TW,KHC,高興昌,58.31,,TWSE LISTED,鋼鐵工業,30.55,30.55,30.55,30.55,10195,0.31,30.79,30.74,-0.78,-0.62,-1.29,0.16,-0.97,31.9,43.0,43.0,31.9,43.0,-4.23,-28.95,-28.95,4.23,28.95,False,False,False,False,False,False,False,True,False,2026-10-08,鋼鐵工業,鋼鐵、特殊鋼與金屬材料（公司級產品待核驗）
2009,2009.TW,FCC,第一銅,142.41,,TWSE LISTED,鋼鐵工業,39.6,39.95,39.95,39.5,591075,23.41,39.5,39.445,0.25,0.39,-0.75,1.02,0.76,57.2,64.1,76.6,57.2,64.1,-30.16,-37.68,-47.85,30.77,38.22,False,False,False,False,False,False,False,False,False,2026-10-08,鋼鐵工業,鋼鐵、特殊鋼與金屬材料（公司級產品待核驗）
2010,2010.TW,CHUN YUAN STEEL,春源,147.02,,TWSE LISTED,鋼鐵工業,22.7,22.55,22.8,22.5,571310,12.97,22.56,22.5,0.62,0.89,0.22,1.57,0.89,26.3,26.3,37.55,26.3,26.3,-13.31,-13.31,-39.28,13.69,13.69,True,False,True,True,False,False,False,False,False,2026-10-08,鋼鐵工業,鋼鐵、特殊鋼與金屬材料（公司級產品待核驗）
2012,2012.TW,CHUN YU,春雨,42.45,,TWSE LISTED,鋼鐵工業,14.05,14.0,14.2,13.85,66529,0.93,14.12,14.185,-0.5,-0.95,0.36,-1.06,-2.09,18.3,28.0,40.48,18.3,28.0,-22.4,-49.29,-64.92,23.22,49.82,False,False,False,False,False,False,False,False,False,2026-10-08,鋼鐵工業,鋼鐵、特殊鋼與金屬材料（公司級產品待核驗）
2013,2013.TW,CSSC,中鋼構,82.7,,TWSE LISTED,鋼鐵工業,41.35,41.15,41.55,41.1,30002,1.24,41.24,41.29,0.27,0.15,0.24,0.61,-0.36,47.0,68.5,81.7,47.0,68.5,-11.6,-39.34,-49.14,12.02,39.64,False,False,False,True,False,False,False,False,False,2026-10-08,鋼鐵工業,鋼鐵、特殊鋼與金屬材料（公司級產品待核驗）
2014,2014.TW,CHUNG HUNG,中鴻,243.32,,TWSE LISTED,鋼鐵工業,16.95,16.9,17.05,16.85,1022543,17.33,16.95,16.96,0.0,-0.06,0.3,0.59,-0.88,20.9,29.45,64.7,20.9,29.45,-18.42,-42.11,-73.65,18.9,42.44,False,False,False,False,False,False,False,False,False,2026-10-08,鋼鐵工業,鋼鐵、特殊鋼與金屬材料（公司級產品待核驗）
2015,2015.TW,FH,豐興,378.04,,TWSE LISTED,鋼鐵工業,65.0,64.5,65.0,64.5,59000,3.83,64.38,64.21,0.96,1.23,0.78,1.88,1.25,70.6,87.2,99.0,70.6,87.2,-7.93,-25.46,-34.34,7.93,25.46,False,False,False,False,False,False,False,True,False,2026-10-08,鋼鐵工業,鋼鐵、特殊鋼與金屬材料（公司級產品待核驗）
2017,2017.TW,Quintain Steel,官田鋼,40.22,,TWSE LISTED,鋼鐵工業,9.0,8.89,9.08,8.86,276919,2.49,8.938,8.979,0.69,0.23,1.24,0.78,-0.99,10.95,16.1,32.05,10.95,16.1,-17.08,-43.6,-71.67,17.81,44.1,False,False,False,True,False,False,False,False,False,2026-10-08,鋼鐵工業,鋼鐵、特殊鋼與金屬材料（公司級產品待核驗）
2020,2020.TW,MAYER PIPE,美亞,64.49,,TWSE LISTED,鋼鐵工業,24.15,24.4,24.4,24.0,1125960,27.19,25.07,24.625,-3.67,-1.93,-1.02,-4.36,-7.82,29.25,35.33,36.88,29.25,35.33,-16.58,-30.94,-33.83,17.44,31.65,False,False,False,False,False,False,False,False,False,2026-10-08,鋼鐵工業,鋼鐵、特殊鋼與金屬材料（公司級產品待核驗）
2022,2022.TW,TYCOONS,聚亨,24.11,,TWSE LISTED,鋼鐵工業,7.15,7.16,7.16,7.11,240427,1.72,7.224,7.239,-1.02,-1.23,-0.14,-1.52,-2.59,9.95,14.3,39.27,9.95,14.3,-28.04,-49.93,-81.77,28.14,50.0,False,False,False,False,False,False,False,False,False,2026-10-08,鋼鐵工業,鋼鐵、特殊鋼與金屬材料（公司級產品待核驗）
2023,2023.TW,YP,燁輝,254.06,,TWSE LISTED,鋼鐵工業,13.95,13.8,14.05,13.8,990119,13.81,13.88,13.775,0.5,1.27,0.36,1.09,1.09,16.0,19.56,38.84,16.0,19.56,-12.19,-28.17,-63.83,12.81,28.68,True,False,False,False,False,False,False,False,False,2026-10-08,鋼鐵工業,鋼鐵、特殊鋼與金屬材料（公司級產品待核驗）
2024,2024.TW,CHIH LIEN,志聯,12.53,,TWSE LISTED,鋼鐵工業,12.85,12.75,13.6,12.75,73001,0.94,13.0,12.965,-1.15,-0.89,0.78,-2.28,-3.38,17.55,24.4,33.85,17.55,24.4,-22.51,-44.26,-59.82,26.78,47.34,False,False,False,False,False,False,False,False,False,2026-10-08,鋼鐵工業,鋼鐵、特殊鋼與金屬材料（公司級產品待核驗）
2025,2025.TW,CSSSC,千興,23.48,,TWSE LISTED,鋼鐵工業,13.6,13.55,14.0,13.45,1015430,13.81,13.83,13.695,-1.66,-0.69,0.74,-2.16,-3.2,15.85,23.86,23.86,15.85,23.86,-11.67,-41.32,-41.32,14.2,42.99,False,False,False,False,False,False,False,False,False,2026-10-08,鋼鐵工業,鋼鐵、特殊鋼與金屬材料（公司級產品待核驗）
2027,2027.TW,TC,大成鋼,1246.91,,TWSE LISTED,鋼鐵工業,48.25,47.7,48.6,47.15,11721781,565.58,47.93,47.65,0.67,1.26,1.05,0.73,0.42,52.3,53.0,53.0,52.3,53.0,-7.07,-8.3,-8.3,7.74,8.96,False,False,False,True,False,False,False,True,True,2026-10-08,鋼鐵工業,鋼鐵、特殊鋼與金屬材料（公司級產品待核驗）
2028,2028.TW,WEI CHIH,威致,54.56,,TWSE LISTED,鋼鐵工業,16.75,16.7,16.85,16.6,44523,0.75,16.84,16.675,-0.53,0.45,-0.89,-0.3,0.9,21.9,30.3,67.8,21.9,30.3,-23.06,-44.39,-75.15,23.52,44.72,False,False,False,False,False,False,False,False,False,2026-10-08,鋼鐵工業,鋼鐵、特殊鋼與金屬材料（公司級產品待核驗）
2029,2029.TW,SYSCO,盛餘,70.02,,TWSE LISTED,鋼鐵工業,21.8,21.7,22.1,21.65,95000,2.07,21.9,21.9,-0.46,-0.46,-0.68,0.0,-0.91,22.8,32.15,58.0,22.8,32.15,-3.07,-31.26,-61.9,4.39,32.19,False,False,False,False,False,False,False,True,False,2026-10-08,鋼鐵工業,鋼鐵、特殊鋼與金屬材料（公司級產品待核驗）
2030,2030.TW,FROCH,彰源,99.73,,TWSE LISTED,鋼鐵工業,35.55,36.35,36.95,35.2,4778958,169.89,36.97,35.065,-3.84,1.38,-3.27,-3.66,-5.58,40.0,40.0,52.8,40.0,40.0,-7.62,-7.62,-30.02,11.13,11.13,False,False,False,False,False,False,False,False,False,2026-10-08,鋼鐵工業,鋼鐵、特殊鋼與金屬材料（公司級產品待核驗）
2031,2031.TW,Hkssteel,新光鋼,147.57,,TWSE LISTED,鋼鐵工業,45.95,45.55,46.25,45.55,219010,10.06,46.01,45.99,-0.13,-0.09,0.11,0.33,-0.54,47.5,70.5,94.6,47.5,70.5,-2.63,-34.4,-51.11,3.26,34.82,False,False,False,False,False,False,False,True,False,2026-10-08,鋼鐵工業,鋼鐵、特殊鋼與金屬材料（公司級產品待核驗）
2032,2032.TW,Sinkang,新鋼,24.21,,TWSE LISTED,鋼鐵工業,18.55,18.65,18.65,18.35,452300,8.39,19.09,19.135,-2.83,-3.06,-0.8,-2.37,-5.36,21.0,22.4,46.5,21.0,22.4,-11.19,-16.74,-59.89,11.67,17.19,False,False,False,False,False,False,False,False,False,2026-10-08,鋼鐵工業,鋼鐵、特殊鋼與金屬材料（公司級產品待核驗）
2033,2033.TW,CHIA TA,佳大,62.64,,TWSE LISTED,鋼鐵工業,52.2,52.0,52.2,50.5,620856,32.41,52.08,46.19,0.23,13.01,-1.88,2.35,12.14,56.3,56.3,56.3,56.3,56.3,-7.28,-7.28,-7.28,7.28,7.28,False,False,False,False,False,False,False,True,True,2026-10-08,鋼鐵工業,鋼鐵、特殊鋼與金屬材料（公司級產品待核驗）
2034,2034.TW,YC,允強,127.22,,TWSE LISTED,鋼鐵工業,24.05,24.1,24.3,23.85,2329598,56.03,23.93,23.625,0.5,1.8,-0.41,2.34,1.91,25.0,28.95,47.3,25.0,28.95,-2.8,-16.06,-48.63,3.8,16.93,False,False,True,False,False,False,False,True,False,2026-10-08,鋼鐵工業,鋼鐵、特殊鋼與金屬材料（公司級產品待核驗）
2035,2035.TWO,TE,唐榮公司,96.78,,TPEx LISTED,鋼鐵工業,27.65,26.65,27.65,26.65,3004,0.08,27.07,26.875,2.14,2.88,0.18,3.56,2.79,30.5,35.0,51.2,30.5,35.0,-9.34,-21.0,-46.0,9.34,21.0,False,False,False,True,False,False,False,True,False,2026-10-08,鋼鐵工業,鋼鐵、特殊鋼與金屬材料（公司級產品待核驗）
2038,2038.TW,HAIKWANG,海光,24.27,,TWSE LISTED,鋼鐵工業,12.5,12.5,12.55,12.45,96082,1.2,12.6,12.64,-0.79,-1.11,-0.4,-1.19,-3.1,17.9,23.48,64.71,17.9,23.48,-29.89,-46.55,-80.6,30.17,46.76,False,False,False,False,False,False,False,False,False,2026-10-08,鋼鐵工業,鋼鐵、特殊鋼與金屬材料（公司級產品待核驗）
2049,2049.TW,HIWIN,上銀,1176.36,,TWSE LISTED,電機機械,332.5,340.0,340.0,332.5,2348531,780.89,338.5,334.7,-1.77,-0.66,-2.92,-3.76,-0.75,426.0,426.0,460.08,426.0,426.0,-20.19,-20.19,-26.1,21.95,21.95,False,False,False,False,False,False,False,False,False,2026-10-08,電機機械,電機機械、工業自動化與設備（公司級產品待核驗）
2059,2059.TW,king slide,川湖,10115.78,,TWSE LISTED,電子零組件業,10615.0,10935.0,10965.0,10615.0,1742688,18498.63,12201.0,12175.0,-13.0,-12.81,-9.97,-20.52,-10.31,15085.0,15085.0,15085.0,15085.0,15085.0,-27.31,-27.31,-27.31,29.63,29.63,False,False,False,False,False,False,False,False,False,2026-10-08,電子零組件業,電子零組件：PCB、CCL、IC載板、連接器與被動元件（公司級品類待核驗）
2061,2061.TWO,FENG CHING,風青,38.62,,TPEx LISTED,電器電纜,67.3,68.4,68.8,66.0,2222155,149.55,66.84,62.49,0.69,7.7,-1.61,3.22,9.08,85.8,85.8,85.8,85.8,85.8,-19.81,-19.81,-19.81,21.56,21.56,False,False,False,False,False,False,False,False,False,2026-10-08,電器電纜,電線電纜、電力設備與能源傳輸（公司級產品待核驗）
2062,2062.TW,SSM,橋椿,36.0,,TWSE LISTED,居家生活,18.0,17.85,18.0,17.85,190000,3.42,17.93,17.985,0.39,0.08,0.84,0.56,0.0,24.4,43.45,46.99,24.4,43.45,-26.23,-58.57,-61.69,26.23,58.57,False,False,False,True,False,False,False,False,False,2026-10-08,居家生活,居家用品、建材、家具與生活消費品（公司級產品待核驗）
2063,2063.TWO,SHEH KAI,世鎧精密,11.33,,TPEx LISTED,鋼鐵工業,23.55,23.55,23.6,23.35,36000,0.85,23.61,23.58,-0.25,-0.13,0.0,-1.05,-0.21,29.45,60.0,60.0,29.45,60.0,-19.86,-60.67,-60.67,20.03,60.75,False,False,False,False,False,False,False,False,False,2026-10-08,鋼鐵工業,鋼鐵、特殊鋼與金屬材料（公司級產品待核驗）
2064,2064.TWO,CAMELLIA,晉椿,8.25,,TPEx LISTED,鋼鐵工業,11.9,11.85,11.9,11.85,10000,0.12,11.95,11.915,-0.42,-0.13,0.0,-0.42,-0.83,16.35,17.5,33.7,16.35,17.5,-27.22,-32.0,-64.69,27.22,32.0,False,False,False,False,False,False,False,False,False,2026-10-08,鋼鐵工業,鋼鐵、特殊鋼與金屬材料（公司級產品待核驗）
2065,2065.TWO,SF,世豐,22.74,,TPEx LISTED,鋼鐵工業,35.8,35.7,36.05,35.4,65100,2.33,35.65,35.49,0.42,0.87,0.28,0.7,0.42,38.45,67.0,67.0,38.45,67.0,-6.24,-46.19,-46.19,6.89,46.57,False,False,True,True,False,False,False,True,False,2026-10-08,鋼鐵工業,鋼鐵、特殊鋼與金屬材料（公司級產品待核驗）
2066,2066.TWO,SUMEEKO,世德,23.2,,TPEx LISTED,電機機械,52.2,51.6,52.2,51.6,21000,1.1,52.1,52.28,0.19,-0.15,0.77,-0.38,0.97,75.9,154.0,154.0,75.9,154.0,-31.23,-66.1,-66.1,31.23,66.1,False,False,False,False,False,False,False,False,False,2026-10-08,電機機械,電機機械、工業自動化與設備（公司級產品待核驗）
2067,2067.TWO,CYSTEEL,嘉鋼,2.17,,TPEx LISTED,電機機械,6.399,6.399,6.399,6.399,0,0.0,6.447,6.656,-0.74,-3.87,0.0,-1.84,-2.24,14.8,18.4,26.66,14.8,18.4,-56.76,-65.22,-76.0,56.76,65.22,False,False,False,False,False,False,False,False,False,2026-10-08,電機機械,電機機械、工業自動化與設備（公司級產品待核驗）
2069,2069.TW,YC,運錩,41.01,,TWSE LISTED,鋼鐵工業,24.65,24.65,25.1,24.5,586080,14.45,25.02,25.465,-1.48,-3.2,-1.6,-0.6,-4.27,27.55,27.55,48.26,27.55,27.55,-8.89,-8.89,-47.99,10.53,10.53,False,False,False,False,False,False,False,False,False,2026-10-08,鋼鐵工業,鋼鐵、特殊鋼與金屬材料（公司級產品待核驗）
2070,2070.TWO,Ching Chan,精湛,25.86,,TPEx LISTED,電機機械,61.9,62.3,62.5,61.9,46000,2.85,62.42,62.3,-0.83,-0.64,-0.64,-1.12,-1.75,82.9,122.5,122.5,82.9,122.5,-24.61,-48.98,-48.98,25.33,49.47,False,False,False,False,False,False,False,False,False,2026-10-08,電機機械,電機機械、工業自動化與設備（公司級產品待核驗）
2072,2072.TW,CENE,世紀風電,251.52,,TWSE LISTED,綠能環保,131.0,130.5,132.0,130.0,102100,13.38,130.4,130.35,0.46,0.5,0.38,1.55,-2.24,321.0,505.0,505.0,321.0,505.0,-58.88,-73.86,-73.86,59.19,74.06,False,False,False,True,False,False,False,False,False,2026-10-08,綠能環保,綠能、太陽能、儲能與環境工程（公司級產品待核驗）
2073,2073.TWO,SSMC,雄順,7.04,,TPEx LISTED,鋼鐵工業,25.6,25.6,25.6,25.6,0,0.0,25.6,25.6,0.0,0.0,0.0,0.0,-0.78,30.05,31.9,53.0,30.05,31.9,-14.81,-19.75,-51.7,14.81,19.75,False,False,False,False,False,False,False,False,False,2026-10-08,鋼鐵工業,鋼鐵、特殊鋼與金屬材料（公司級產品待核驗）
2101,2101.TW,NK,南港,220.18,,TWSE LISTED,橡膠工業,30.0,29.9,30.5,29.9,3620121,108.6,29.37,29.61,2.15,1.32,0.84,4.53,1.18,38.35,65.2,65.2,38.35,65.2,-20.47,-53.22,-53.22,21.77,53.99,True,False,False,False,False,False,False,False,False,2026-10-08,橡膠工業,橡膠工業（公司级产品待核验）
2102,2102.TW,FEDERAL CORP,泰豐,77.63,,TWSE LISTED,橡膠工業,16.4,16.5,16.6,16.4,222531,3.65,16.52,16.53,-0.73,-0.79,-0.91,0.0,-2.67,21.4,24.9,35.35,21.4,24.9,-22.43,-33.33,-53.04,23.36,34.14,False,False,False,False,False,False,False,False,False,2026-10-08,橡膠工業,橡膠工業（公司级产品待核验）
2103,2103.TW,TSRC,台橡,241.11,,TWSE LISTED,橡膠工業,29.2,29.05,30.05,28.95,6315528,184.41,28.56,28.2,2.24,3.55,0.69,2.1,4.47,29.45,29.45,43.9,30.05,30.05,2.04,2.04,-31.55,2.83,2.83,False,False,False,False,True,True,False,True,True,2026-10-08,橡膠工業,橡膠工業（公司级产品待核验）
2104,2104.TW,CSRC,國際中橡,114.23,,TWSE LISTED,橡膠工業,11.6,11.35,11.65,11.3,6157985,71.43,11.28,11.205,2.84,3.53,2.65,3.11,5.45,14.8,20.1,40.75,14.8,20.1,-21.28,-42.04,-71.41,21.62,42.29,False,False,False,False,False,False,False,False,False,2026-10-08,橡膠工業,橡膠工業（公司级产品待核验）
2105,2105.TW,CST,正新,983.77,,TWSE LISTED,橡膠工業,30.35,30.2,30.55,30.2,2912445,88.39,30.27,30.285,0.26,0.21,0.0,0.66,-0.65,35.3,62.0,67.1,35.3,62.0,-13.46,-50.73,-54.47,14.02,51.05,False,False,True,True,False,False,False,False,False,2026-10-08,橡膠工業,橡膠工業（公司级产品待核验）
2106,2106.TW,KENDA,建大,160.42,,TWSE LISTED,橡膠工業,16.8,16.7,16.85,16.7,568086,9.54,16.63,16.62,1.02,1.08,0.6,1.82,0.9,21.15,35.7,49.05,21.15,35.7,-20.33,-52.8,-65.65,20.57,52.94,False,False,False,False,False,False,False,False,False,2026-10-08,橡膠工業,橡膠工業（公司级产品待核验）
2107,2107.TW,FRG,厚生,86.52,,TWSE LISTED,橡膠工業,28.5,28.15,28.75,28.15,439529,12.53,27.69,27.305,2.93,4.38,1.24,5.17,5.75,28.45,28.85,32.83,28.75,28.85,1.05,-0.35,-12.44,0.87,1.21,True,False,False,False,True,False,False,True,True,2026-10-08,橡膠工業,橡膠工業（公司级产品待核验）
2108,2108.TW,NANTEX,南帝,148.71,,TWSE LISTED,橡膠工業,30.2,29.75,31.1,29.7,2241810,67.7,29.0,28.775,4.14,4.95,1.51,7.47,6.53,32.7,46.5,176.0,32.7,46.5,-4.89,-33.12,-82.33,7.65,35.05,True,False,False,False,False,False,False,True,False,2026-10-08,橡膠工業,橡膠工業（公司级产品待核验）
2109,2109.TW,HWA FONG,華豐,39.95,,TWSE LISTED,橡膠工業,14.3,14.25,14.35,14.2,73988,1.06,14.3,14.45,0.0,-1.04,-0.35,0.35,-0.69,15.25,20.95,25.9,15.25,20.95,-5.9,-31.5,-44.59,6.23,31.74,False,False,True,False,False,False,False,True,False,2026-10-08,橡膠工業,橡膠工業（公司级产品待核验）
2114,2114.TW,HYC,鑫永銓,70.27,,TWSE LISTED,橡膠工業,90.1,89.7,90.1,89.7,21027,1.89,90.04,89.97,0.07,0.14,0.11,0.11,0.11,95.3,113.5,149.0,95.3,113.5,-5.46,-20.62,-39.53,5.46,20.62,False,False,False,True,False,False,False,True,False,2026-10-08,橡膠工業,橡膠工業（公司级产品待核验）
2115,2115.TW,LU HAI,六暉-KY,25.99,,TWSE LISTED,汽車工業,24.9,24.85,24.9,24.75,37000,0.92,24.28,24.03,2.55,3.62,0.2,4.18,4.4,27.25,32.9,47.88,27.25,32.9,-8.62,-24.33,-47.99,8.62,24.33,False,False,False,False,False,False,False,True,False,2026-10-08,汽車工業,汽車整車、汽車零組件與車用電子（公司級產品待核驗）
2201,2201.TW,YL,裕隆,309.23,,TWSE LISTED,汽車工業,28.9,28.9,29.0,28.6,1348463,38.97,28.6,28.915,1.05,-0.05,0.0,1.94,-1.03,33.7,91.7,93.25,33.7,91.7,-13.95,-68.38,-68.9,14.24,68.48,False,False,False,False,False,False,False,False,False,2026-10-08,汽車工業,汽車整車、汽車零組件與車用電子（公司級產品待核驗）
2204,2204.TW,CMC,中華,285.67,,TWSE LISTED,汽車工業,51.6,51.6,51.8,51.5,380519,19.63,51.42,51.86,0.35,-0.5,0.0,0.98,-1.15,60.2,151.0,151.0,60.2,151.0,-13.95,-65.7,-65.7,14.29,65.83,False,False,False,False,False,False,False,False,False,2026-10-08,汽車工業,汽車整車、汽車零組件與車用電子（公司級產品待核驗）
2206,2206.TW,SYM,三陽工業,492.06,,TWSE LISTED,汽車工業,63.6,63.1,63.7,63.0,480013,30.53,63.04,62.9,0.89,1.11,0.79,1.6,1.6,66.7,89.6,99.3,66.7,89.6,-4.5,-28.91,-35.85,4.65,29.02,False,False,False,False,False,False,False,True,False,2026-10-08,汽車工業,汽車整車、汽車零組件與車用電子（公司級產品待核驗）
2207,2207.TW,HOTAI MOTOR,和泰車,2885.79,,TWSE LISTED,汽車工業,518.0,519.0,525.0,517.0,225253,116.68,516.4,514.2,0.31,0.74,-1.52,1.57,0.58,585.0,721.0,867.65,585.0,721.0,-10.26,-27.18,-39.49,11.45,28.16,False,False,False,False,False,False,False,False,False,2026-10-08,汽車工業,汽車整車、汽車零組件與車用電子（公司級產品待核驗）
2208,2208.TW,CSBC,台船,236.43,,TWSE LISTED,航運業,18.55,18.5,18.6,18.4,1098151,20.37,18.56,18.89,-0.05,-1.8,0.27,0.54,-1.59,24.9,30.0,51.84,24.9,30.0,-25.3,-38.0,-64.12,25.5,38.17,False,False,False,False,False,False,False,False,False,2026-10-08,航運業,海運、航空、港口與物流運輸（公司級業務待核驗）
2211,2211.TW,EGST,長榮鋼,332.42,,TWSE LISTED,鋼鐵工業,79.7,79.4,79.9,79.3,310050,24.71,79.4,79.48,0.38,0.28,-0.13,0.89,0.5,105.5,158.5,158.5,105.5,158.5,-24.27,-49.59,-49.59,24.45,49.72,False,False,True,True,False,False,False,False,False,2026-10-08,鋼鐵工業,鋼鐵、特殊鋼與金屬材料（公司級產品待核驗）
2221,2221.TWO,DAJA、YHMCO,大甲,81.26,,TPEx LISTED,其他,192.0,188.5,195.0,188.5,553860,106.34,188.3,182.05,1.96,5.47,1.32,3.23,7.26,198.0,198.0,198.0,198.0,198.0,-1.52,-1.52,-1.52,3.03,3.03,False,False,False,False,False,False,False,True,True,2026-10-08,其他,其他（公司级产品待核验）
2227,2227.TW,YNM,裕日車,133.2,,TWSE LISTED,汽車工業,44.4,44.05,44.4,44.05,13210,0.59,44.48,44.715,-0.18,-0.7,0.0,0.45,-1.33,56.4,192.0,332.0,56.4,192.0,-21.28,-76.87,-86.63,21.28,76.87,False,False,False,False,False,False,False,False,False,2026-10-08,汽車工業,汽車整車、汽車零組件與車用電子（公司級產品待核驗）
2228,2228.TW,IRF,劍麟,59.04,,TWSE LISTED,汽車工業,74.0,74.9,74.9,74.0,48227,3.57,74.16,74.7,-0.22,-0.94,0.14,-0.13,-2.25,111.5,131.0,218.5,111.5,131.0,-32.83,-42.82,-65.72,33.63,43.51,False,False,False,False,False,False,False,False,False,2026-10-08,汽車工業,汽車整車、汽車零組件與車用電子（公司級產品待核驗）
2230,2230.TWO,C.T.I.,泰茂,15.17,,TPEx LISTED,居家生活,22.3,21.75,23.45,21.75,171030,3.81,21.94,21.845,1.64,2.08,2.53,2.29,3.72,95.3,160.83,160.83,95.3,160.83,-75.39,-85.42,-85.42,76.6,86.13,False,False,False,True,False,False,False,False,False,2026-10-08,居家生活,居家用品、建材、家具與生活消費品（公司級產品待核驗）
2231,2231.TW,CUB,為升,124.11,,TWSE LISTED,汽車工業,91.3,91.9,91.9,90.8,103097,9.41,91.5,91.88,-0.22,-0.63,0.33,-0.98,-1.72,148.5,150.5,332.16,148.5,150.5,-38.11,-38.94,-72.33,38.52,39.34,False,False,False,False,False,False,False,False,False,2026-10-08,汽車工業,汽車整車、汽車零組件與車用電子（公司級產品待核驗）
2233,2233.TW,TURVO,宇隆,98.87,,TWSE LISTED,汽車工業,164.0,167.0,167.0,164.0,268057,43.96,167.7,166.95,-2.21,-1.77,-2.38,-2.96,-2.67,394.0,394.0,394.0,394.0,394.0,-57.61,-57.61,-57.61,58.38,58.38,False,False,False,False,False,False,False,False,False,2026-10-08,汽車工業,汽車整車、汽車零組件與車用電子（公司級產品待核驗）
2235,2235.TWO,I YUAN,謚源,10.23,,TPEx LISTED,電機機械,28.5,28.3,28.5,28.3,2000,0.06,28.05,28.125,1.6,1.33,0.18,4.78,1.79,37.9,59.9,131.15,37.9,59.9,-24.8,-52.42,-78.27,24.8,52.42,True,False,False,False,False,False,False,False,False,2026-10-08,電機機械,電機機械、工業自動化與設備（公司級產品待核驗）
2236,2236.TW,Patec,百達-KY,51.83,,TWSE LISTED,汽車工業,81.6,84.3,84.3,80.6,1258075,102.66,91.92,100.31,-11.23,-18.65,-3.2,-16.73,-24.79,189.5,189.5,189.5,189.5,189.5,-55.51,-55.51,-55.51,56.94,56.94,False,False,False,False,False,False,False,False,False,2026-10-08,汽車工業,汽車整車、汽車零組件與車用電子（公司級產品待核驗）
2237,2237.TW,RAC,華德動能-創,32.35,,TWSE LISTED,汽車工業,25.1,26.55,26.55,25.1,285800,7.17,26.46,26.66,-5.14,-5.85,-5.82,-6.86,-6.17,44.4,44.4,51.5,44.4,44.4,-40.2,-40.2,-48.45,43.47,43.47,False,False,False,False,False,False,False,False,False,2026-10-08,汽車工業,汽車整車、汽車零組件與車用電子（公司級產品待核驗）
2239,2239.TW,Cayman Engley,英利-KY,20.95,,TWSE LISTED,汽車工業,17.8,18.0,18.2,17.65,173130,3.08,18.29,18.61,-2.68,-4.35,-1.93,-3.78,-6.56,38.0,67.9,197.14,38.0,67.9,-52.11,-73.2,-90.77,53.16,73.78,False,False,False,False,False,False,False,False,False,2026-10-08,汽車工業,汽車整車、汽車零組件與車用電子（公司級產品待核驗）
2241,2241.TW,Amulaire,艾姆勒,52.82,,TWSE LISTED,汽車工業,50.5,53.4,57.2,50.4,24248702,1224.56,47.93,46.11,5.36,9.52,-2.88,9.66,14.64,55.0,55.8,93.34,57.2,57.2,4.0,2.51,-38.72,11.71,11.71,False,False,False,False,True,True,False,False,False,2026-10-08,汽車工業,汽車整車、汽車零組件與車用電子（公司級產品待核驗）
2243,2243.TW,HS,宏旭-KY,45.88,,TWSE LISTED,汽車工業,59.3,60.1,61.1,57.7,405000,24.02,56.72,54.04,4.55,9.73,-0.67,8.81,13.6,67.8,67.8,69.92,67.8,67.8,-9.88,-9.88,-12.61,12.54,12.54,False,False,False,False,False,False,False,False,False,2026-10-08,汽車工業,汽車整車、汽車零組件與車用電子（公司級產品待核驗）
2247,2247.TW,PGUM,汎德永業,182.41,,TWSE LISTED,汽車工業,226.0,224.5,231.0,224.5,81000,18.31,226.4,226.4,-0.18,-0.18,0.0,0.0,0.22,293.5,354.0,427.5,293.5,354.0,-21.29,-34.75,-45.96,23.0,36.16,False,False,False,False,False,False,False,False,False,2026-10-08,汽車工業,汽車整車、汽車零組件與車用電子（公司級產品待核驗）
2248,2248.TW,eLAND,華勝-KY,28.7,,TWSE LISTED,汽車工業,60.3,60.3,60.3,60.3,1000,0.06,60.68,61.05,-0.63,-1.23,-1.15,-0.66,-1.79,70.8,78.0,78.0,70.8,78.0,-14.83,-22.69,-22.69,14.83,22.69,False,False,False,False,False,False,False,False,False,2026-10-08,汽車工業,汽車整車、汽車零組件與車用電子（公司級產品待核驗）
2250,2250.TW,IKKA-KY,IKKA-KY,19.94,,TWSE LISTED,汽車工業,54.8,55.0,55.0,54.7,21305,1.17,55.16,55.99,-0.65,-2.13,-0.18,-0.72,-1.62,79.0,153.65,207.07,79.0,153.65,-30.38,-64.21,-73.44,30.63,64.34,False,False,False,False,False,False,False,False,False,2026-10-08,汽車工業,汽車整車、汽車零組件與車用電子（公司級產品待核驗）
2254,2254.TW,COPLUS,巨鎧精密-創,58.99,,TWSE LISTED,汽車工業,92.3,93.4,94.4,91.4,4069000,375.57,94.86,92.82,-2.7,-0.56,0.98,-2.64,-1.91,106.0,125.0,149.58,106.0,125.0,-10.94,-24.48,-36.89,12.92,26.16,False,False,False,False,False,False,False,False,False,2026-10-08,汽車工業,汽車整車、汽車零組件與車用電子（公司級產品待核驗）
2258,2258.TW,Foxtron,鴻華先進-創,535.01,,TWSE LISTED,汽車工業,30.55,31.0,31.1,30.5,292604,8.94,30.78,30.985,-0.75,-1.4,-1.13,0.16,-4.23,43.3,52.7,52.7,43.3,52.7,-28.18,-40.99,-40.99,29.45,42.03,False,False,False,False,False,False,False,False,False,2026-10-08,汽車工業,汽車整車、汽車零組件與車用電子（公司級產品待核驗）
2301,2301.TW,LTC,光寶科,6890.42,,TWSE LISTED,電腦及週邊設備業,297.5,299.0,301.0,292.0,13281874,3951.36,295.2,289.15,0.78,2.89,-0.83,-0.17,4.57,328.0,328.0,328.0,328.0,328.0,-8.23,-8.23,-8.23,9.3,9.3,False,False,False,False,False,False,False,True,True,2026-10-08,電腦及週邊設備業,電子製造服務EMS／伺服器與網通設備
2302,2302.TW,RECTRON,麗正,83.32,,TWSE LISTED,半導體業,50.1,47.9,50.5,47.9,8010855,401.34,48.23,46.975,3.88,6.65,3.73,0.5,7.74,58.1,58.1,58.1,58.1,58.1,-13.08,-13.08,-13.08,13.77,13.77,False,False,True,False,False,False,False,False,False,2026-10-08,半導體業,半導體／IC設計或製造（細分環節待核驗）
2303,2303.TW,UMC,聯電,18540.89,,TWSE LISTED,半導體業,147.5,147.5,149.5,147.0,81139424,11968.07,151.5,154.1,-2.64,-4.28,-0.67,-3.28,-8.67,185.5,185.5,185.5,185.5,185.5,-19.41,-19.41,-19.41,20.49,20.49,False,False,False,False,False,False,False,False,False,2026-10-08,半導體業,晶圓代工與邏輯／特殊製程晶片
2305,2305.TW,MII,全友,133.06,,TWSE LISTED,電腦及週邊設備業,64.7,62.3,64.7,62.2,10484970,678.38,59.98,62.61,7.87,3.34,9.85,11.94,4.52,72.5,72.5,72.5,72.5,72.5,-10.76,-10.76,-10.76,10.76,10.76,True,False,False,True,False,False,False,False,False,2026-10-08,電腦及週邊設備業,電腦、伺服器與企業硬體
2308,2308.TW,DELTA,台達電,51041.73,,TWSE LISTED,電子零組件業,1965.0,1980.0,1990.0,1950.0,4855304,9540.67,1979.0,1933.5,-0.71,1.63,-1.26,-2.0,3.15,2585.0,2585.0,2585.0,2585.0,2585.0,-23.02,-23.02,-23.02,23.98,23.98,False,False,False,False,False,False,False,False,False,2026-10-08,電子零組件業,電源管理與電源供應器／電力電子
2312,2312.TW,KINPO,金寶,461.52,,TWSE LISTED,其他電子業,30.65,30.85,31.0,30.6,4744615,145.42,30.79,30.815,-0.45,-0.54,-1.29,-0.16,-1.13,44.4,44.4,44.4,44.4,44.4,-30.18,-30.18,-30.18,30.97,30.97,False,False,False,False,False,False,False,False,False,2026-10-08,其他電子業,其他電子：電子模組、感測器、電源與車用電子（公司級產品待核驗）
2313,2313.TW,COMPEQ,華通,3059.88,,TWSE LISTED,電子零組件業,248.0,244.0,251.0,242.5,23188404,5750.72,244.1,234.4,1.6,5.8,0.81,-0.2,10.47,305.5,305.5,305.5,305.5,305.5,-17.84,-17.84,-17.84,18.82,18.82,False,False,False,False,False,False,False,False,False,2026-10-08,電子零組件業,PCB印刷電路板（多層板、HDI/高階板）
2314,2314.TW,MTI,台揚,11.84,,TWSE LISTED,通信網路業,10.9,10.9,10.9,10.8,77702,0.85,10.95,11.055,-0.46,-1.4,0.46,-1.8,-5.22,24.1,102.12,224.98,24.1,102.12,-54.77,-89.33,-95.16,54.77,89.33,False,False,False,False,False,False,False,False,False,2026-10-08,通信網路業,通信網路／網通設備
2316,2316.TW,WUS,楠梓電,312.49,,TWSE LISTED,電子零組件業,171.0,179.0,179.0,170.0,2998380,512.72,173.3,168.1,-1.33,1.73,-4.47,-0.29,2.4,248.5,248.5,248.5,248.5,248.5,-27.97,-27.97,-27.97,31.19,31.19,False,False,False,False,False,False,False,False,False,2026-10-08,電子零組件業,電子零組件：PCB、CCL、IC載板、連接器與被動元件（公司級品類待核驗）
2317,2317.TW,HON HAI,鴻海,35048.61,,TWSE LISTED,其他電子業,249.0,251.0,251.0,249.0,38527797,9593.42,252.4,252.45,-1.35,-1.37,-1.19,-1.97,-1.97,314.0,314.0,314.0,314.0,314.0,-20.06,-20.06,-20.06,20.7,20.7,False,False,False,False,False,False,False,False,False,2026-10-08,其他電子業,電子製造服務EMS／伺服器、消費電子與網通
2321,2321.TW,TECOM,東訊,4.24,,TWSE LISTED,通信網路業,25.6,25.6,25.6,25.6,2713,0.07,25.56,25.06,0.16,2.15,0.39,0.99,8.94,34.56,38.4,164.57,34.56,38.4,-25.93,-33.33,-84.44,25.93,33.33,False,False,False,False,False,False,False,False,False,2026-10-08,通信網路業,通信網路／網通設備
2323,2323.TW,CMC,中環,119.83,,TWSE LISTED,光電業,12.222,12.222,12.222,12.222,0,0.0,12.222,12.144,0.0,0.64,0.0,0.0,0.0,14.56,16.22,24.91,14.56,16.22,-16.03,-24.66,-50.94,16.03,24.66,False,False,False,False,False,False,False,False,False,2026-10-08,光電業,光電顯示／光學元件
2324,2324.TW,Compal,仁寶,1564.54,,TWSE LISTED,電腦及週邊設備業,35.5,35.75,35.75,35.4,21911276,777.85,35.9,36.26,-1.11,-2.1,-1.66,-0.84,-3.14,47.75,47.75,47.75,47.75,47.75,-25.13,-25.13,-25.13,25.65,25.65,False,False,False,False,False,False,False,False,False,2026-10-08,電腦及週邊設備業,電腦、伺服器與企業硬體
2327,2327.TW,YAGEO,國巨*,13072.94,,TWSE LISTED,電子零組件業,635.0,640.0,647.0,619.0,45424113,28844.31,631.8,601.0,0.51,5.66,-1.85,1.44,5.48,1220.0,1220.0,1220.0,1220.0,1220.0,-46.97,-46.97,-46.97,47.95,47.95,False,False,False,False,False,False,False,False,False,2026-10-08,電子零組件業,電子零組件：PCB、CCL、IC載板、連接器與被動元件（公司級品類待核驗）
2328,2328.TW,PI,廣宇,249.07,,TWSE LISTED,電子零組件業,48.05,48.0,48.25,47.8,866432,41.63,48.12,47.7,-0.15,0.73,-0.31,-0.52,0.63,64.5,64.5,64.5,64.5,64.5,-25.19,-25.19,-25.19,25.5,25.5,False,False,False,False,False,False,False,False,False,2026-10-08,電子零組件業,電子零組件：PCB、CCL、IC載板、連接器與被動元件（公司級品類待核驗）
2329,2329.TW,OSE,華泰,293.23,,TWSE LISTED,半導體業,44.5,44.8,45.15,43.55,4565635,203.17,45.05,44.695,-1.22,-0.44,-1.98,-1.11,0.34,71.1,88.4,88.4,71.1,88.4,-36.5,-48.93,-48.93,37.41,49.66,False,False,False,False,False,False,False,False,False,2026-10-08,半導體業,半導體／IC設計或製造（細分環節待核驗）
2330,2330.TW,TSMC,台積電,661275.44,,TWSE LISTED,半導體業,2550.0,2550.0,2575.0,2550.0,20325120,51829.06,2559.0,2523.5,-0.35,1.05,-1.35,-0.97,1.59,2590.0,2590.0,2590.0,2590.0,2590.0,-0.58,-0.58,-0.58,1.54,1.54,False,False,False,False,False,False,False,True,True,2026-10-08,半導體業,晶圓代工（先進與成熟製程）
2331,2331.TW,ECS,精英,104.79,,TWSE LISTED,電腦及週邊設備業,18.8,19.0,19.0,18.8,604185,11.36,18.89,18.935,-0.48,-0.71,-1.05,0.0,-1.83,30.35,41.45,41.45,30.35,41.45,-37.4,-54.16,-54.16,38.06,54.64,False,False,False,False,False,False,False,False,False,2026-10-08,電腦及週邊設備業,電腦、伺服器與企業硬體
2332,2332.TW,D-LINK,友訊,125.25,,TWSE LISTED,通信網路業,20.8,21.1,21.3,20.7,14851415,308.91,20.58,20.425,1.07,1.84,-1.42,3.23,3.23,26.45,28.6,33.48,26.45,28.6,-19.47,-25.52,-36.38,21.36,27.27,False,False,False,False,False,False,False,False,False,2026-10-08,通信網路業,通信網路／網通設備
2337,2337.TW,Macronix,旺宏,2298.95,,TWSE LISTED,半導體業,116.0,119.5,121.5,116.0,36571457,4242.29,119.4,119.5,-2.85,-2.93,-1.69,-4.53,-4.13,192.0,192.0,192.0,192.0,192.0,-36.72,-36.72,-36.72,39.58,39.58,False,False,False,False,False,False,False,False,False,2026-10-08,半導體業,半導體／IC設計或製造（細分環節待核驗）
2338,2338.TW,TMC,光罩,174.43,,TWSE LISTED,半導體業,47.1,47.4,48.75,47.1,3289332,154.93,48.08,47.555,-2.04,-0.96,-1.46,-2.28,-0.21,61.4,85.2,117.0,61.4,85.2,-20.6,-42.78,-58.33,23.29,44.72,False,False,False,False,False,False,False,False,False,2026-10-08,半導體業,半導體／IC設計或製造（細分環節待核驗）
2340,2340.TW,TASC,台亞,232.03,,TWSE LISTED,半導體業,52.9,48.5,52.9,47.8,64756207,3425.6,48.88,43.595,8.22,21.34,9.87,5.17,20.64,50.4,51.0,80.4,52.9,52.9,4.96,3.73,-34.2,0.0,0.0,False,False,False,False,True,True,False,True,True,2026-10-08,半導體業,半導體／IC設計或製造（細分環節待核驗）
2342,2342.TW,MVI,茂矽,77.33,,TWSE LISTED,半導體業,49.15,49.9,50.5,48.85,3119349,153.32,49.89,49.375,-1.48,-0.46,-1.9,-0.51,-0.41,63.9,63.9,63.9,63.9,63.9,-20.97,-20.97,-20.97,23.08,23.08,False,False,False,False,False,False,False,False,False,2026-10-08,半導體業,半導體／IC設計或製造（細分環節待核驗）
2344,2344.TW,WEC,華邦電,7965.0,,TWSE LISTED,半導體業,177.0,181.0,182.0,177.0,69511476,12303.53,178.8,177.15,-1.01,-0.08,-1.39,-2.21,-1.67,233.5,233.5,233.5,233.5,233.5,-22.06,-22.06,-22.06,24.2,24.2,False,False,False,False,False,False,False,False,False,2026-10-08,半導體業,半導體／IC設計或製造（細分環節待核驗）
2345,2345.TW,ACCTON,智邦,11615.14,,TWSE LISTED,通信網路業,2070.0,1990.0,2100.0,1970.0,4215519,8726.12,2035.0,1944.5,1.72,6.45,2.73,-0.24,8.95,2825.0,2825.0,2825.0,2825.0,2825.0,-25.66,-25.66,-25.66,26.73,26.73,False,False,False,False,False,False,False,False,False,2026-10-08,通信網路業,通信網路／網通設備
2347,2347.TW,Synnex,聯強,1607.9,,TWSE LISTED,電子通路業,96.4,96.0,97.8,96.0,1864577,179.75,96.62,95.69,-0.23,0.74,-0.41,-0.62,1.05,100.0,100.0,100.0,100.0,100.0,-2.2,-2.2,-2.2,3.6,3.6,False,False,False,False,False,False,False,True,True,2026-10-08,電子通路業,電子通路、半導體代理與零組件分銷（公司級代理品類待核驗）
2348,2348.TW,Hiyes,海悅,113.71,,TWSE LISTED,其他,71.3,70.8,71.3,70.7,218176,15.56,70.6,70.95,0.99,0.49,0.99,2.0,1.28,85.24,319.05,319.05,85.24,319.05,-16.35,-77.65,-77.65,16.35,77.65,False,False,False,True,False,False,False,False,False,2026-10-08,其他,其他（公司级产品待核验）
2349,2349.TW,RITEK,錸德,71.8,,TWSE LISTED,光電業,10.35,10.3,10.4,10.25,1007561,10.43,10.36,10.41,-0.1,-0.58,0.49,0.0,-1.43,17.1,21.9,50.05,17.1,21.9,-39.18,-52.51,-79.22,39.47,52.74,False,False,False,False,False,False,False,False,False,2026-10-08,光電業,光電顯示／光學元件
2351,2351.TW,SDI,順德,418.47,,TWSE LISTED,半導體業,216.0,217.0,221.5,216.0,2232500,482.22,217.2,216.85,-0.55,-0.39,-0.92,-2.7,1.65,257.0,257.0,257.0,257.0,257.0,-13.81,-13.81,-13.81,15.95,15.95,False,False,False,False,False,False,False,False,False,2026-10-08,半導體業,半導體設備／晶圓製程設備
2352,2352.TW,Qisda,佳世達,451.23,,TWSE LISTED,電腦及週邊設備業,28.55,29.0,29.0,28.5,4059879,115.91,28.88,29.015,-1.14,-1.6,-1.21,-1.38,-1.89,36.3,60.91,79.02,36.3,60.91,-20.11,-52.39,-63.3,21.35,53.13,False,False,False,False,False,False,False,False,False,2026-10-08,電腦及週邊設備業,電腦、伺服器與企業硬體
2353,2353.TW,ACER,宏碁,953.98,,TWSE LISTED,電腦及週邊設備業,31.3,31.2,31.55,31.05,7906536,247.47,31.29,31.465,0.03,-0.52,0.0,-0.32,-1.73,44.2,60.5,60.5,44.2,60.5,-28.62,-47.85,-47.85,29.19,48.26,False,False,False,False,False,False,False,False,False,2026-10-08,電腦及週邊設備業,電腦、伺服器與企業硬體
2354,2354.TW,FTC,鴻準,876.98,,TWSE LISTED,其他電子業,62.0,62.1,62.6,61.7,5335055,330.77,63.38,64.57,-2.18,-3.98,-0.16,-3.73,-6.34,69.5,99.9,102.0,69.5,99.9,-9.93,-37.34,-38.63,10.79,37.94,False,False,False,False,False,False,False,False,False,2026-10-08,其他電子業,其他電子：電子模組、感測器、電源與車用電子（公司級產品待核驗）
2355,2355.TW,CHIN-POON,敬鵬,179.67,,TWSE LISTED,電子零組件業,45.2,44.65,45.4,44.5,4116739,186.08,44.31,42.955,2.01,5.23,1.35,1.23,9.44,71.0,71.0,71.0,71.0,71.0,-36.06,-36.06,-36.06,36.34,36.34,False,False,False,False,False,False,False,False,False,2026-10-08,電子零組件業,電子零組件：PCB、CCL、IC載板、連接器與被動元件（公司級品類待核驗）
2356,2356.TW,INVENTEC,英業達,2062.8,,TWSE LISTED,電腦及週邊設備業,57.5,57.9,58.1,57.5,10620995,610.71,58.3,59.08,-1.37,-2.67,-1.03,-1.37,-3.69,88.6,88.6,88.6,88.6,88.6,-34.42,-34.42,-34.42,35.1,35.1,False,False,False,False,False,False,False,False,False,2026-10-08,電腦及週邊設備業,電腦、伺服器與企業硬體
2357,2357.TW,ASUSTEK,華碩,7397.89,,TWSE LISTED,電腦及週邊設備業,996.0,989.0,1005.0,987.0,1697921,1691.13,988.4,974.2,0.77,2.24,0.71,0.1,3.21,1030.0,1030.0,1030.0,1030.0,1030.0,-2.43,-2.43,-2.43,3.3,3.3,False,False,False,False,False,False,False,True,True,2026-10-08,電腦及週邊設備業,電腦與伺服器ODM／筆電與企業硬體
2359,2359.TW,SOLOMON,所羅門,217.77,,TWSE LISTED,其他電子業,127.0,127.5,130.0,125.0,1534337,194.86,127.2,127.65,-0.16,-0.51,-0.39,0.0,-0.78,183.0,187.5,187.5,183.0,187.5,-28.96,-30.67,-30.67,30.6,32.27,False,False,False,False,False,False,False,False,False,2026-10-08,其他電子業,其他電子：電子模組、感測器、電源與車用電子（公司級產品待核驗）
2360,2360.TW,CHROMA,致茂,9908.23,,TWSE LISTED,其他電子業,2330.0,2365.0,2390.0,2315.0,1670735,3892.81,2319.0,2261.5,0.47,3.03,-2.92,0.22,12.02,2795.0,2795.0,2795.0,2795.0,2795.0,-14.49,-14.49,-14.49,16.64,16.64,False,False,False,False,False,False,False,False,False,2026-10-08,其他電子業,其他電子：電子模組、感測器、電源與車用電子（公司級產品待核驗）
2362,2362.TW,CLEVO CO.,藍天,290.91,,TWSE LISTED,電腦及週邊設備業,46.75,46.35,46.85,46.35,395387,18.48,46.57,46.84,0.39,-0.19,0.11,1.08,0.32,52.1,69.3,69.3,52.1,69.3,-10.08,-32.4,-32.4,10.27,32.54,True,False,True,False,False,False,False,False,False,2026-10-08,電腦及週邊設備業,電腦、伺服器與企業硬體
2363,2363.TW,SiS,矽統,297.66,,TWSE LISTED,半導體業,57.8,59.0,59.5,56.8,11003794,636.02,59.92,59.64,-3.54,-3.09,-4.78,-3.02,-4.62,76.1,116.92,116.92,76.1,116.92,-21.81,-49.11,-49.11,24.05,50.57,False,False,False,False,False,False,False,False,False,2026-10-08,半導體業,PCB印刷電路板與電子零組件
2364,2364.TW,Twinhead,倫飛,37.11,,TWSE LISTED,電腦及週邊設備業,64.4,64.2,64.5,63.4,124307,8.01,64.78,65.07,-0.59,-1.03,-0.31,-0.62,-0.77,81.64,86.34,86.34,81.64,86.34,-20.99,-25.29,-25.29,21.11,25.41,False,False,False,False,False,False,False,False,False,2026-10-08,電腦及週邊設備業,電腦、伺服器與企業硬體
2365,2365.TW,KYE,昆盈,60.92,,TWSE LISTED,電腦及週邊設備業,27.5,27.7,27.7,27.25,699803,19.24,27.9,28.08,-1.43,-2.07,-1.26,-1.79,-2.48,44.0,71.3,71.3,44.0,71.3,-37.05,-61.15,-61.15,37.5,61.43,False,False,False,False,False,False,False,False,False,2026-10-08,電腦及週邊設備業,電腦、伺服器與企業硬體
2367,2367.TW,UNITECH,燿華,324.17,,TWSE LISTED,電子零組件業,45.9,47.0,47.2,45.9,7139354,327.7,47.11,44.81,-2.57,2.43,-2.75,-7.55,5.88,82.5,82.5,82.5,82.5,82.5,-42.79,-42.79,-42.79,44.36,44.36,False,False,False,False,False,False,False,False,False,2026-10-08,電子零組件業,電子零組件：PCB、CCL、IC載板、連接器與被動元件（公司級品類待核驗）
2368,2368.TW,GCE,金像電,6818.15,,TWSE LISTED,電子零組件業,1285.0,1245.0,1290.0,1210.0,9367345,12037.04,1222.0,1169.0,5.16,9.92,3.21,5.76,17.35,1580.0,1580.0,1580.0,1580.0,1580.0,-18.35,-18.35,-18.35,18.67,18.67,False,False,False,False,False,False,False,False,False,2026-10-08,電子零組件業,PCB印刷電路板（高階多層板）
2369,2369.TW,LPI,菱生,121.63,,TWSE LISTED,半導體業,32.0,32.6,32.7,31.65,4610702,147.54,31.93,31.805,0.22,0.61,-2.14,1.27,0.79,45.7,45.7,45.7,45.7,45.7,-28.45,-28.45,-28.45,29.98,29.98,False,False,True,True,False,False,False,False,False,2026-10-08,半導體業,半導體／IC設計或製造（細分環節待核驗）
2371,2371.TW,TATUNG COMPANY,大同,653.85,,TWSE LISTED,電機機械,30.4,30.4,30.55,30.15,6037793,183.55,30.57,30.1,-0.56,1.0,-0.65,0.83,-0.33,44.5,76.32,76.32,44.5,76.32,-31.35,-59.97,-59.97,31.69,60.17,False,False,False,False,False,False,False,False,False,2026-10-08,電機機械,電機機械、工業自動化與設備（公司級產品待核驗）
2373,2373.TW,Aurora,震旦行,123.77,,TWSE LISTED,其他電子業,52.4,52.5,52.5,52.2,12256,0.64,52.6,52.73,-0.38,-0.63,-0.19,-0.19,-1.13,59.0,77.0,119.0,59.0,77.0,-11.02,-31.82,-55.88,11.19,31.95,False,False,False,False,False,False,False,False,False,2026-10-08,其他電子業,其他電子：電子模組、感測器、電源與車用電子（公司級產品待核驗）
2374,2374.TW,ABILITY,佳能,223.75,,TWSE LISTED,光電業,66.2,66.6,66.7,66.1,837687,55.45,66.52,66.51,-0.48,-0.47,-0.6,-0.45,-0.75,97.15,101.0,101.0,97.15,101.0,-31.34,-33.96,-33.96,31.86,34.46,False,False,False,False,False,False,False,False,False,2026-10-08,光電業,光電顯示／光學元件
2375,2375.TW,KAIMEI,凱美,141.82,,TWSE LISTED,電子零組件業,130.5,129.0,134.0,125.0,5616198,732.91,127.5,123.3,2.35,5.84,0.77,3.57,4.82,237.0,237.0,237.0,237.0,237.0,-43.46,-43.46,-43.46,44.94,44.94,False,False,False,False,False,False,False,False,False,2026-10-08,電子零組件業,電子零組件：PCB、CCL、IC載板、連接器與被動元件（公司級品類待核驗）
2376,2376.TW,GIGABYTE,技嘉,2431.7,,TWSE LISTED,電腦及週邊設備業,363.0,362.0,365.0,360.0,3724840,1352.12,374.1,368.6,-2.97,-1.52,-0.68,-6.56,-1.49,402.0,402.0,402.0,402.0,402.0,-9.2,-9.2,-9.2,9.7,9.7,False,False,False,False,False,False,False,True,True,2026-10-08,電腦及週邊設備業,電腦與伺服器ODM／筆電與消費電子
2377,2377.TW,MSI,微星,1305.3,,TWSE LISTED,電腦及週邊設備業,154.5,155.5,157.0,153.5,3194420,493.54,155.1,153.25,-0.39,0.82,-0.96,-0.32,1.31,173.5,210.0,216.5,173.5,210.0,-9.51,-25.24,-27.48,10.95,26.43,False,False,False,False,False,False,False,False,False,2026-10-08,電腦及週邊設備業,電腦、伺服器與企業硬體
2379,2379.TW,RT,瑞昱,3861.19,,TWSE LISTED,半導體業,749.0,736.0,750.0,736.0,1140198,854.01,750.8,754.6,-0.24,-0.74,1.08,-0.79,-1.71,970.0,970.0,970.0,970.0,970.0,-22.68,-22.68,-22.68,22.78,22.78,False,False,False,False,False,False,False,False,False,2026-10-08,半導體業,IC設計（記憶體控制與儲存控制晶片）
2380,2380.TW,AVISION,虹光,9.51,,TWSE LISTED,電腦及週邊設備業,15.85,15.8,15.85,15.6,129296,2.05,16.31,16.56,-2.82,-4.29,0.32,-4.52,-6.76,26.5,35.43,64.95,26.5,35.43,-40.19,-55.27,-75.6,40.19,55.27,False,False,False,False,False,False,False,False,False,2026-10-08,電腦及週邊設備業,電腦、伺服器與企業硬體
2382,2382.TW,QCI,廣達,13370.33,,TWSE LISTED,電腦及週邊設備業,325.5,328.0,328.5,321.0,16798850,5468.03,331.4,334.1,-1.78,-2.57,-2.84,-1.66,-2.54,438.0,438.0,438.0,438.0,438.0,-25.0,-25.0,-25.0,25.68,25.68,False,False,False,False,False,False,False,False,False,2026-10-08,電腦及週邊設備業,電腦與伺服器ODM／AI伺服器與企業硬體
2383,2383.TW,EMC,台光電,21499.27,,TWSE LISTED,電子零組件業,6000.0,5910.0,6065.0,5745.0,1665965,9995.79,5766.0,5373.0,4.06,11.67,0.84,5.26,20.6,6470.0,6470.0,6470.0,6470.0,6470.0,-6.26,-6.26,-6.26,7.26,7.26,False,False,False,False,False,False,False,True,True,2026-10-08,電子零組件業,CCL覆銅板／高速高頻基板材料
2385,2385.TW,CHICONY,群光,796.35,,TWSE LISTED,電子零組件業,104.0,104.0,106.0,104.0,1947575,202.55,104.8,104.7,-0.76,-0.67,-0.95,-0.95,-1.42,149.5,267.0,267.0,149.5,267.0,-29.1,-60.3,-60.3,30.43,61.05,False,False,False,False,False,False,False,False,False,2026-10-08,電子零組件業,PCB印刷電路板與電子零組件
2387,2387.TW,SUNREX,精元,70.58,,TWSE LISTED,電腦及週邊設備業,36.15,36.1,36.25,36.05,109000,3.94,36.26,36.42,-0.3,-0.74,0.14,0.0,-1.09,47.0,73.4,78.0,47.0,73.4,-22.87,-50.61,-53.53,23.09,50.75,False,False,False,False,False,False,False,False,False,2026-10-08,電腦及週邊設備業,電腦、伺服器與企業硬體
2388,2388.TW,VIA,威盛,394.17,,TWSE LISTED,半導體業,70.9,71.5,71.8,70.4,1164510,82.56,71.6,71.64,-0.98,-1.03,-0.84,-1.25,-3.27,91.3,182.5,182.5,91.3,182.5,-21.36,-60.66,-60.66,22.34,61.15,False,False,False,False,False,False,False,False,False,2026-10-08,半導體業,半導體／IC設計或製造（細分環節待核驗）
2390,2390.TW,EVERSPRING,云辰,19.55,,TWSE LISTED,其他電子業,10.15,10.05,10.25,10.05,270100,2.74,10.08,10.13,0.69,0.2,1.0,1.0,0.0,14.25,17.8,37.83,14.25,17.8,-28.07,-42.42,-72.91,28.77,42.98,False,False,False,True,False,False,False,False,False,2026-10-08,其他電子業,其他電子：電子模組、感測器、電源與車用電子（公司級產品待核驗）
2392,2392.TW,FOXLINK,正崴,205.96,,TWSE LISTED,電子零組件業,40.2,40.55,40.7,40.15,1758355,70.69,41.01,41.31,-1.98,-2.69,-1.35,-3.25,-3.37,48.6,95.4,95.4,48.6,95.4,-16.26,-57.34,-57.34,17.28,57.86,False,False,False,False,False,False,False,False,False,2026-10-08,電子零組件業,電子零組件：PCB、CCL、IC載板、連接器與被動元件（公司級品類待核驗）
2393,2393.TW,EVERLIGHT,億光,300.62,,TWSE LISTED,光電業,67.8,67.9,68.5,67.5,1845685,125.14,67.08,65.36,1.07,3.73,-0.29,1.19,5.12,75.0,90.2,90.2,75.0,90.2,-8.67,-24.06,-24.06,9.6,24.83,False,False,False,False,False,False,False,True,False,2026-10-08,光電業,光電顯示／光學元件
2395,2395.TW,Advantech,研華,6317.96,,TWSE LISTED,電腦及週邊設備業,727.0,725.0,729.0,714.0,1808493,1314.77,730.8,725.6,-0.52,0.19,-0.82,-1.76,0.55,754.0,754.0,754.0,754.0,754.0,-3.32,-3.32,-3.32,3.58,3.58,False,False,False,False,False,False,False,True,True,2026-10-08,電腦及週邊設備業,網通設備／無線通訊與網路設備
2397,2397.TW,DFI Inc.,友通,74.53,,TWSE LISTED,電腦及週邊設備業,65.1,63.4,65.5,63.1,342001,22.26,64.16,63.42,1.47,2.65,2.68,1.09,3.17,69.7,95.7,95.7,69.7,95.7,-6.03,-31.56,-31.56,6.6,31.97,False,False,False,True,False,False,False,True,False,2026-10-08,電腦及週邊設備業,電腦、伺服器與企業硬體
2399,2399.TW,BIOSTAR,映泰,87.63,,TWSE LISTED,電腦及週邊設備業,49.2,49.55,50.0,48.95,2510110,123.5,49.65,49.21,-0.91,-0.02,-1.5,1.23,-4.09,57.5,57.5,57.5,57.5,57.5,-13.04,-13.04,-13.04,14.43,14.43,False,False,False,False,False,False,False,False,False,2026-10-08,電腦及週邊設備業,電腦、伺服器與企業硬體
2401,2401.TW,SUNPLUS,凌陽,153.92,,TWSE LISTED,半導體業,26.0,26.25,26.5,25.9,1945022,50.57,26.63,26.405,-2.37,-1.53,-1.7,-2.44,-3.17,35.65,39.5,47.55,35.65,39.5,-25.67,-32.91,-44.27,27.07,34.18,False,False,False,False,False,False,False,False,False,2026-10-08,半導體業,半導體／IC設計或製造（細分環節待核驗）
2402,2402.TW,ICHIA,毅嘉,187.6,,TWSE LISTED,電子零組件業,61.0,61.6,62.2,60.8,2475551,151.01,60.04,58.12,1.6,4.96,-1.45,3.39,6.64,85.0,85.0,85.0,85.0,85.0,-26.82,-26.82,-26.82,28.24,28.24,False,False,False,False,False,False,False,False,False,2026-10-08,電子零組件業,電子零組件：PCB、CCL、IC載板、連接器與被動元件（公司級品類待核驗）
2404,2404.TW,UIS,漢唐,2487.16,,TWSE LISTED,其他電子業,1305.0,1315.0,1315.0,1285.0,1032112,1346.91,1313.0,1291.5,-0.61,1.05,-1.88,-0.38,0.0,1450.0,1450.0,1450.0,1450.0,1450.0,-9.31,-9.31,-9.31,10.0,10.0,False,False,False,False,False,False,False,True,True,2026-10-08,其他電子業,其他電子：電子模組、感測器、電源與車用電子（公司級產品待核驗）
2405,2405.TW,Shuttle,輔信,51.69,,TWSE LISTED,電腦及週邊設備業,15.05,15.05,15.15,15.0,531001,7.99,15.14,15.145,-0.59,-0.63,-0.33,-0.66,-1.63,21.8,30.6,30.6,21.8,30.6,-30.5,-50.49,-50.49,30.96,50.82,False,False,False,False,False,False,False,False,False,2026-10-08,電腦及週邊設備業,電腦、伺服器與企業硬體
2406,2406.TW,GSC,國碩,105.45,,TWSE LISTED,光電業,30.05,30.6,30.75,30.05,3045108,91.51,31.03,30.87,-3.16,-2.66,-2.75,-4.45,-4.3,45.95,45.95,45.95,45.95,45.95,-33.08,-33.08,-33.08,34.6,34.6,False,False,False,False,False,False,False,False,False,2026-10-08,光電業,光電顯示／光學元件
2408,2408.TW,NTC,南亞科,18355.1,,TWSE LISTED,半導體業,532.0,522.0,537.0,522.0,62652164,33330.95,525.4,518.9,1.26,2.52,3.5,0.38,2.5,569.0,569.0,569.0,569.0,569.0,-5.62,-5.62,-5.62,6.5,6.5,False,False,False,False,False,False,False,True,True,2026-10-08,半導體業,記憶體半導體（DRAM設計、製造與銷售）
2409,2409.TW,AUO,友達,2762.24,,TWSE LISTED,光電業,36.6,37.4,37.75,36.5,273278676,10002.0,38.3,37.23,-4.44,-1.69,-3.56,-6.27,-4.44,43.55,43.55,44.44,43.55,43.55,-13.32,-13.32,-15.05,15.96,15.96,False,False,False,False,False,False,False,False,False,2026-10-08,光電業,面板顯示／TFT-LCD與顯示器
2412,2412.TW,CHT,中華電,11364.66,,TWSE LISTED,通信網路業,146.5,145.0,146.5,145.0,9090930,1331.82,145.8,145.25,0.48,0.86,0.69,0.69,0.69,147.0,147.0,147.0,147.0,147.0,-0.34,-0.34,-0.34,0.34,0.34,False,False,False,True,False,False,False,True,True,2026-10-08,通信網路業,電信服務／行動通信與寬頻網路
2413,2413.TW,UMEC,環科,72.85,,TWSE LISTED,電子零組件業,57.2,56.5,58.4,56.0,3837157,219.49,55.78,53.64,2.55,6.64,-1.55,3.44,10.85,67.3,67.3,67.3,67.3,67.3,-13.22,-13.22,-13.22,15.01,15.01,False,False,False,False,False,False,False,False,False,2026-10-08,電子零組件業,電子零組件：PCB、CCL、IC載板、連接器與被動元件（公司級品類待核驗）
2414,2414.TW,UT,精技,87.18,,TWSE LISTED,電子通路業,53.9,54.2,54.2,53.9,76016,4.1,53.54,53.33,0.67,1.07,-0.19,1.51,1.32,67.7,67.7,67.7,67.7,67.7,-19.94,-19.94,-19.94,20.38,20.38,False,False,False,False,False,False,False,False,False,2026-10-08,電子通路業,電子通路、半導體代理與零組件分銷（公司級代理品類待核驗）
2415,2415.TW,CX TECH,錩新,28.6,,TWSE LISTED,電子零組件業,28.6,29.2,29.2,28.3,431334,12.34,28.75,27.93,-0.52,2.4,-2.05,2.51,4.95,38.47,38.47,51.28,38.47,38.47,-24.11,-24.11,-43.06,25.67,25.67,False,False,False,False,False,False,False,False,False,2026-10-08,電子零組件業,電子零組件：PCB、CCL、IC載板、連接器與被動元件（公司級品類待核驗）
2417,2417.TW,AVERMEDIA,圓剛,58.96,,TWSE LISTED,電腦及週邊設備業,37.5,38.1,38.1,37.5,341300,12.8,38.22,38.61,-1.88,-2.87,-1.06,-2.6,-3.72,58.8,61.2,106.75,58.8,61.2,-35.2,-37.75,-64.31,36.22,38.73,False,False,False,False,False,False,False,False,False,2026-10-08,電腦及週邊設備業,電腦、伺服器與企業硬體
2419,2419.TW,H.T.,仲琦,86.76,,TWSE LISTED,通信網路業,27.0,27.4,27.4,27.0,620968,16.77,27.74,28.41,-2.67,-4.96,-1.1,-2.17,-7.06,39.85,41.6,56.5,39.85,41.6,-31.24,-34.13,-51.5,32.25,35.1,False,False,False,False,False,False,False,False,False,2026-10-08,通信網路業,通信網路／網通設備
2420,2420.TW,ZIPPY,新巨,86.4,,TWSE LISTED,電子零組件業,56.6,56.3,57.0,56.2,196960,11.15,57.22,56.06,-1.08,0.96,0.0,-1.91,-2.41,66.1,80.0,80.0,66.1,80.0,-13.77,-28.75,-28.75,14.37,29.25,False,False,False,False,False,False,False,False,False,2026-10-08,電子零組件業,電子零組件：PCB、CCL、IC載板、連接器與被動元件（公司級品類待核驗）
2421,2421.TW,SUNON,建準,482.07,,TWSE LISTED,電子零組件業,168.0,171.0,172.0,167.0,1728064,290.31,169.6,166.6,-0.94,0.84,-2.04,-0.88,2.44,184.0,195.0,195.0,184.0,195.0,-6.52,-11.79,-11.79,8.7,13.85,False,False,False,False,False,False,False,True,False,2026-10-08,電子零組件業,電子零組件：PCB、CCL、IC載板、連接器與被動元件（公司級品類待核驗）
2423,2423.TW,GW,固緯,102.69,,TWSE LISTED,其他電子業,70.8,70.5,71.4,70.5,65010,4.6,71.44,71.91,-0.9,-1.54,-0.98,-2.48,-1.12,87.9,87.9,87.9,87.9,87.9,-18.77,-18.77,-18.77,19.45,19.45,False,False,False,False,False,False,False,False,False,2026-10-08,其他電子業,其他電子：電子模組、感測器、電源與車用電子（公司級產品待核驗）
2424,2424.TW,LUNG HWA,隴華,5.83,,TWSE LISTED,通信網路業,9.79,9.68,9.79,9.41,90000,0.88,8.872,8.524,10.35,14.85,10.0,13.84,19.98,43.75,111.0,111.0,43.75,111.0,-77.62,-91.18,-91.18,77.62,91.18,True,True,False,False,False,False,False,False,False,2026-10-08,通信網路業,通信網路／網通設備
2425,2425.TW,CHAINTECH,承啟,34.5,,TWSE LISTED,電腦及週邊設備業,35.75,36.75,36.75,35.75,538030,19.23,36.82,37.085,-2.91,-3.6,-2.32,-4.03,-5.3,52.9,53.1,62.0,52.9,53.1,-30.53,-30.79,-40.73,32.42,32.67,False,False,False,False,False,False,False,False,False,2026-10-08,電腦及週邊設備業,電腦、伺服器與企業硬體
2426,2426.TW,TYNTEK,鼎元,309.64,,TWSE LISTED,光電業,103.0,102.5,103.5,100.0,13957053,1437.58,106.1,103.2,-2.92,-0.19,-0.96,-9.65,0.0,118.0,118.0,118.0,118.0,118.0,-12.29,-12.29,-12.29,12.71,12.71,False,False,False,False,False,False,False,False,False,2026-10-08,光電業,光電顯示／光學元件
2427,2427.TW,MDS,三商電,45.34,,TWSE LISTED,資訊服務業,22.9,22.95,23.05,22.85,230254,5.27,22.98,23.17,-0.35,-1.17,-0.22,0.44,-1.72,27.55,38.8,38.8,27.55,38.8,-16.33,-40.59,-40.59,16.88,40.98,False,False,False,False,False,False,False,False,False,2026-10-08,資訊服務業,資訊服務、軟體、雲端與系統整合（公司級產品待核驗）
2428,2428.TW,THINKING,興勤,361.28,,TWSE LISTED,電子零組件業,282.0,272.0,286.0,267.0,3498056,986.45,267.3,261.0,5.5,8.05,5.62,7.63,8.05,363.5,363.5,363.5,363.5,363.5,-21.32,-21.32,-21.32,22.42,22.42,True,False,False,False,False,False,False,False,False,2026-10-08,電子零組件業,電子零組件：PCB、CCL、IC載板、連接器與被動元件（公司級品類待核驗）
2429,2429.TW,PWT,銘旺科,25.83,,TWSE LISTED,光電業,30.0,30.3,30.3,29.6,291013,8.73,30.24,30.48,-0.79,-1.57,-0.33,-0.17,-2.44,80.9,157.5,157.5,80.9,157.5,-62.55,-80.76,-80.76,62.92,80.95,False,False,False,False,False,False,False,False,False,2026-10-08,光電業,光電顯示／光學元件
2430,2430.TW,TKE,燦坤,20.32,,TWSE LISTED,電子通路業,17.4,17.6,17.6,17.3,38001,0.66,17.62,17.89,-1.25,-2.74,-1.14,-0.57,-3.87,23.35,41.0,74.83,23.35,41.0,-24.63,-57.07,-76.48,25.48,57.56,False,False,False,False,False,False,False,False,False,2026-10-08,電子通路業,電子通路、半導體代理與零組件分銷（公司級代理品類待核驗）
2431,2431.TW,LIEN CHANG,聯昌,8.11,,TWSE LISTED,電子零組件業,10.05,10.0,10.05,9.98,92000,0.92,10.09,10.09,-0.4,-0.4,-0.99,0.5,-0.99,17.65,21.25,21.25,17.65,21.25,-43.06,-52.71,-52.71,43.06,52.71,False,False,False,False,False,False,False,False,False,2026-10-08,電子零組件業,電子零組件：PCB、CCL、IC載板、連接器與被動元件（公司級品類待核驗）
2432,2432.TW,AGT,倚天酷碁-創,17.82,,TWSE LISTED,電腦及週邊設備業,28.8,28.4,29.0,28.4,109010,3.14,28.02,27.75,2.78,3.78,1.77,3.97,4.35,31.95,50.1,67.1,31.95,50.1,-9.23,-42.12,-56.78,9.86,42.51,True,False,False,False,False,False,False,True,False,2026-10-08,電腦及週邊設備業,電腦、伺服器與企業硬體
2433,2433.TW,HUXEN,互盛電,56.93,,TWSE LISTED,其他電子業,39.4,39.5,39.55,39.25,56026,2.21,39.71,39.955,-0.78,-1.39,-0.25,-1.5,-1.99,47.6,54.0,57.3,47.6,54.0,-16.91,-26.76,-30.98,17.23,27.04,False,False,False,False,False,False,False,False,False,2026-10-08,其他電子業,其他電子：電子模組、感測器、電源與車用電子（公司級產品待核驗）
2434,2434.TW,MOSPEC,統懋,21.83,,TWSE LISTED,半導體業,59.0,60.5,60.5,58.9,152000,8.97,61.02,63.08,-3.31,-6.47,-2.48,-3.59,-6.2,90.8,90.8,101.33,90.8,90.8,-33.37,-33.37,-40.3,35.02,35.02,False,False,False,False,False,False,False,False,False,2026-10-08,半導體業,半導體／IC設計或製造（細分環節待核驗）
2436,2436.TW,Weltrend,偉詮電,145.37,,TWSE LISTED,半導體業,71.2,72.4,72.4,71.2,2396373,170.62,73.38,73.33,-2.97,-2.9,-1.66,-2.73,-3.78,84.4,84.4,115.5,84.4,84.4,-14.22,-14.22,-37.32,15.64,15.64,False,False,False,False,False,False,False,False,False,2026-10-08,半導體業,半導體／IC設計或製造（細分環節待核驗）
2438,2438.TW,ENLIGHT,翔耀,13.74,,TWSE LISTED,光電業,19.3,19.15,19.35,19.1,39206,0.76,19.69,19.725,-1.98,-2.15,0.0,-3.98,-3.26,29.15,86.1,86.1,29.15,86.1,-33.62,-77.53,-77.53,33.79,77.58,False,False,False,False,False,False,False,False,False,2026-10-08,光電業,光電顯示／光學元件
2439,2439.TW,MERRY,美律,200.4,,TWSE LISTED,通信網路業,80.6,79.0,81.1,78.4,4195712,338.17,77.1,77.36,4.54,4.19,2.41,7.04,5.36,110.5,148.5,253.27,110.5,148.5,-26.61,-45.39,-67.98,27.06,45.72,False,False,False,False,False,False,False,False,False,2026-10-08,通信網路業,通信網路／網通設備
2440,2440.TW,SPACE SHUTTLE,太空梭,19.69,,TWSE LISTED,電子零組件業,14.15,14.1,14.15,13.95,137033,1.94,14.3,14.315,-1.05,-1.15,0.0,-2.41,-1.74,22.55,22.55,30.6,22.55,22.55,-37.25,-37.25,-53.76,37.25,37.25,False,False,False,False,False,False,False,False,False,2026-10-08,電子零組件業,電子零組件：PCB、CCL、IC載板、連接器與被動元件（公司級品類待核驗）
2441,2441.TW,GTK,超豐,722.43,,TWSE LISTED,半導體業,127.0,125.5,128.5,123.5,4087978,519.17,126.2,125.2,0.63,1.44,0.0,2.42,2.01,156.0,156.0,156.0,156.0,156.0,-17.63,-17.63,-17.63,18.59,18.59,False,False,False,True,False,False,False,False,False,2026-10-08,半導體業,半導體／IC設計或製造（細分環節待核驗）
2442,2442.TW,JEAN,新美齊,45.53,,TWSE LISTED,建材營造,14.0,13.9,14.05,13.9,869490,12.17,14.03,14.205,-0.21,-1.44,0.0,0.0,-2.1,23.9,34.4,34.4,23.9,34.4,-41.21,-59.16,-59.16,41.42,59.31,False,False,False,False,False,False,False,False,False,2026-10-08,建材營造,建材、營造與不動產開發（公司級業務待核驗）
2444,2444.TW,AboCom,兆勁,16.52,,TWSE LISTED,通信網路業,15.5,15.6,15.75,15.0,1395250,21.63,15.93,15.535,-2.7,-0.23,-1.59,-4.32,3.33,17.8,19.7,43.0,17.8,19.7,-11.52,-20.05,-63.37,12.92,21.32,False,False,False,False,False,False,False,False,False,2026-10-08,通信網路業,通信網路／網通設備
2449,2449.TW,KYEC,京元電子,3909.42,,TWSE LISTED,半導體業,304.5,295.5,310.0,284.0,50698074,15437.56,298.3,299.15,2.08,1.79,1.67,3.57,2.87,350.0,350.0,350.0,350.0,350.0,-11.43,-11.43,-11.43,13.0,13.0,True,False,False,True,False,False,False,False,False,2026-10-08,半導體業,記憶體半導體（DRAM／Flash）
2450,2450.TW,SENAO,神腦,72.57,,TWSE LISTED,通信網路業,28.1,28.1,28.15,27.95,131001,3.68,28.13,28.19,-0.11,-0.32,-0.18,-0.18,-0.71,32.0,40.8,59.3,32.0,40.8,-12.03,-31.0,-52.53,12.19,31.13,False,False,False,False,False,False,False,False,False,2026-10-08,通信網路業,通信網路／網通設備
2451,2451.TW,Transcend,創見,1227.18,,TWSE LISTED,半導體業,284.5,286.0,290.5,283.0,2702905,768.98,286.0,286.35,-0.52,-0.65,-0.87,-1.73,-1.73,383.0,383.0,383.0,383.0,383.0,-24.15,-24.15,-24.15,25.72,25.72,False,False,False,False,False,False,False,False,False,2026-10-08,半導體業,半導體／IC設計或製造（細分環節待核驗）
2453,2453.TW,SYSCOM,凌群,53.1,,TWSE LISTED,資訊服務業,53.1,53.3,53.3,53.0,133020,7.06,53.26,53.38,-0.3,-0.52,-0.38,-0.19,-0.38,65.6,79.0,84.0,65.6,79.0,-18.75,-32.53,-36.55,19.05,32.78,False,False,False,False,False,False,False,False,False,2026-10-08,資訊服務業,資訊服務、軟體、雲端與系統整合（公司級產品待核驗）
2454,2454.TW,MediaTek,聯發科,75272.28,,TWSE LISTED,半導體業,4690.0,4800.0,4850.0,4690.0,6416655,30094.11,4912.0,4984.0,-4.52,-5.9,-3.0,-9.2,-5.82,5480.0,5480.0,5480.0,5480.0,5480.0,-11.5,-11.5,-11.5,14.42,14.42,False,False,False,False,False,False,False,False,False,2026-10-08,半導體業,IC設計（手機與消費電子SoC／通訊晶片）
2455,2455.TW,VPEC,全新,1043.37,,TWSE LISTED,通信網路業,558.0,555.0,571.0,546.0,6082059,3393.79,574.0,561.7,-2.79,-0.66,-0.18,-7.92,2.2,613.0,613.0,613.0,613.0,613.0,-6.85,-6.85,-6.85,8.97,8.97,False,False,False,False,False,False,False,True,True,2026-10-08,通信網路業,通信網路／網通設備
2457,2457.TW,PHIHONG,飛宏,92.39,,TWSE LISTED,電子零組件業,21.75,22.0,22.0,21.7,716720,15.59,22.09,22.1,-1.54,-1.58,-1.14,-2.03,-1.36,40.6,65.9,85.12,40.6,65.9,-45.81,-66.62,-74.15,46.43,67.0,False,False,False,False,False,False,False,False,False,2026-10-08,電子零組件業,電子零組件：PCB、CCL、IC載板、連接器與被動元件（公司級品類待核驗）
2458,2458.TW,ELAN,義隆,401.12,,TWSE LISTED,半導體業,132.0,133.0,135.0,131.5,1177420,155.42,134.2,134.95,-1.64,-2.19,-1.49,-1.49,-4.69,196.5,196.5,228.5,196.5,196.5,-31.3,-31.3,-40.92,32.82,32.82,False,False,False,False,False,False,False,False,False,2026-10-08,半導體業,半導體／IC設計或製造（細分環節待核驗）
2459,2459.TW,AUDIX,敦吉,68.64,,TWSE LISTED,其他電子業,65.0,64.9,65.1,64.8,37000,2.4,64.96,65.02,0.06,-0.03,0.0,0.15,0.15,72.0,78.6,78.6,72.0,78.6,-9.58,-17.18,-17.18,9.72,17.3,False,False,False,False,False,False,False,True,False,2026-10-08,其他電子業,其他電子：電子模組、感測器、電源與車用電子（公司級產品待核驗）
2460,2460.TW,GEM,建通,51.44,,TWSE LISTED,電子零組件業,30.4,30.4,30.5,30.0,148203,4.51,30.45,30.425,-0.16,-0.08,-0.16,-0.33,-0.65,42.0,42.45,44.5,42.0,42.45,-27.38,-28.15,-31.46,27.62,28.39,False,False,False,False,False,False,False,False,False,2026-10-08,電子零組件業,電子零組件：PCB、CCL、IC載板、連接器與被動元件（公司級品類待核驗）
2461,2461.TW,K LASER,光群雷,32.35,,TWSE LISTED,其他電子業,17.0,17.2,17.2,16.85,592000,10.06,17.05,17.325,-0.29,-1.88,-0.29,0.29,-2.3,21.0,26.5,29.45,21.0,26.5,-18.1,-35.09,-41.6,19.05,35.85,False,False,False,False,False,False,False,False,False,2026-10-08,其他電子業,其他電子：電子模組、感測器、電源與車用電子（公司級產品待核驗）
2462,2462.TW,LINETEK,良得電,30.16,,TWSE LISTED,電子零組件業,20.0,20.2,20.2,19.9,93305,1.87,20.13,20.06,-0.65,-0.3,-0.25,-3.38,0.5,29.1,42.7,44.25,29.1,42.7,-30.58,-52.69,-54.35,31.27,53.16,False,False,False,False,False,False,False,False,False,2026-10-08,電子零組件業,電子零組件：PCB、CCL、IC載板、連接器與被動元件（公司級品類待核驗）
2464,2464.TW,Mirle,盟立,405.19,,TWSE LISTED,其他電子業,187.0,190.0,190.5,185.5,5942683,1111.28,189.8,191.75,-1.48,-2.48,-3.11,-2.09,-3.36,224.0,224.0,224.0,224.0,224.0,-14.96,-14.96,-14.96,16.52,16.52,False,False,False,False,False,False,False,False,False,2026-10-08,其他電子業,其他電子：電子模組、感測器、電源與車用電子（公司級產品待核驗）
2465,2465.TW,LEADTEK,麗臺,80.51,,TWSE LISTED,電腦及週邊設備業,85.7,88.4,88.4,85.4,2271519,194.67,89.84,90.36,-4.61,-5.16,-3.71,-5.72,-8.05,107.5,173.0,173.0,107.5,173.0,-17.77,-48.9,-48.9,20.28,50.46,False,False,False,False,False,False,False,False,False,2026-10-08,電腦及週邊設備業,電腦、伺服器與企業硬體
2466,2466.TW,COSMO,冠西電,344.32,,TWSE LISTED,光電業,198.5,180.5,198.5,180.0,1576971,313.03,169.1,144.5,17.39,37.37,9.97,28.06,54.47,183.5,183.5,183.5,198.5,198.5,8.17,8.17,8.17,0.0,0.0,True,True,False,False,True,True,True,True,True,2026-10-08,光電業,光電顯示／光學元件
2467,2467.TW,C SUN,志聖,891.56,,TWSE LISTED,電子零組件業,552.0,567.0,567.0,547.0,876609,483.89,565.2,550.3,-2.34,0.31,-2.99,-4.33,1.66,692.0,692.0,692.0,692.0,692.0,-18.06,-18.06,-18.06,20.23,20.23,False,False,False,False,False,False,False,False,False,2026-10-08,電子零組件業,電子零組件：PCB、CCL、IC載板、連接器與被動元件（公司級品類待核驗）
2468,2468.TW,FIS,華經,28.44,,TWSE LISTED,資訊服務業,40.65,41.85,42.85,40.5,1529368,62.17,42.33,43.945,-3.97,-7.5,-2.87,-2.05,-8.75,49.45,86.2,86.2,49.45,86.2,-13.35,-50.29,-50.29,17.8,52.84,False,False,False,False,False,False,False,False,False,2026-10-08,資訊服務業,資訊服務、軟體、雲端與系統整合（公司級產品待核驗）
2471,2471.TW,ARES,資通,24.1,,TWSE LISTED,資訊服務業,51.0,51.5,51.5,51.0,62004,3.16,51.06,51.36,-0.12,-0.7,-0.39,0.59,-1.92,56.2,71.5,71.5,56.2,71.5,-8.36,-27.97,-27.97,9.25,28.67,False,False,False,False,False,False,False,True,False,2026-10-08,資訊服務業,資訊服務、軟體、雲端與系統整合（公司級產品待核驗）
2472,2472.TW,LELON,立隆電,401.13,,TWSE LISTED,電子零組件業,243.5,241.0,246.0,232.0,6532751,1590.72,234.2,225.85,3.97,7.81,0.0,7.27,7.74,488.0,488.0,488.0,488.0,488.0,-49.59,-49.59,-49.59,50.1,50.1,False,False,False,False,False,False,False,False,False,2026-10-08,電子零組件業,電子零組件：PCB、CCL、IC載板、連接器與被動元件（公司級品類待核驗）
2474,2474.TW,CATCHER,可成,1053.4,,TWSE LISTED,其他電子業,195.5,198.0,198.0,195.0,1832552,358.26,202.9,204.95,-3.65,-4.61,-1.76,-5.56,-5.78,266.0,266.0,399.0,266.0,266.0,-25.56,-25.56,-50.38,26.5,26.5,False,False,False,False,False,False,False,False,False,2026-10-08,其他電子業,其他電子：電子模組、感測器、電源與車用電子（公司級產品待核驗）
2476,2476.TW,GS,鉅祥,285.89,,TWSE LISTED,電子零組件業,130.5,131.5,134.5,129.0,2555602,333.51,129.6,126.35,0.69,3.28,-0.76,1.56,6.1,140.0,140.0,140.0,140.0,140.0,-3.93,-3.93,-3.93,6.79,6.79,False,False,False,False,False,False,False,True,True,2026-10-08,電子零組件業,電子零組件：PCB、CCL、IC載板、連接器與被動元件（公司級品類待核驗）
2477,2477.TW,MEILOON,美隆電,35.52,,TWSE LISTED,其他電子業,22.4,22.6,22.65,22.4,110500,2.48,22.55,22.805,-0.67,-1.78,0.22,-1.1,-3.03,27.3,40.8,56.62,27.3,40.8,-17.03,-44.49,-60.0,17.95,45.1,False,False,False,False,False,False,False,False,False,2026-10-08,其他電子業,其他電子：電子模組、感測器、電源與車用電子（公司級產品待核驗）
2478,2478.TW,TA-I,大毅,194.66,,TWSE LISTED,電子零組件業,134.5,133.0,136.0,129.0,6263150,842.39,130.2,125.25,3.3,7.39,0.0,6.32,8.03,256.5,256.5,256.5,256.5,256.5,-46.98,-46.98,-46.98,47.56,47.56,False,False,False,False,False,False,False,False,False,2026-10-08,電子零組件業,電子零組件：PCB、CCL、IC載板、連接器與被動元件（公司級品類待核驗）
2480,2480.TW,STARK,敦陽科,175.49,,TWSE LISTED,資訊服務業,165.0,166.0,167.0,165.0,137999,22.77,165.7,163.0,-0.42,1.23,-1.49,-0.9,3.12,170.0,185.0,185.0,170.0,185.0,-1.76,-9.73,-9.73,2.94,10.81,False,False,False,False,False,False,False,True,False,2026-10-08,資訊服務業,資訊服務、軟體、雲端與系統整合（公司級產品待核驗）
2481,2481.TW,PANJIT,強茂,659.15,,TWSE LISTED,半導體業,172.5,175.0,176.5,172.0,16302541,2812.19,176.4,175.45,-2.21,-1.68,-3.36,-4.43,-2.82,232.5,232.5,232.5,232.5,232.5,-24.09,-24.09,-24.09,25.81,25.81,False,False,False,False,False,False,False,False,False,2026-10-08,半導體業,半導體／IC設計或製造（細分環節待核驗）
2482,2482.TW,UIC,連宇,12.58,,TWSE LISTED,其他電子業,16.15,16.05,16.15,16.05,57029,0.92,16.09,16.205,0.37,-0.34,-0.62,-0.92,-0.92,20.95,46.8,79.8,20.95,46.8,-22.91,-65.49,-79.76,22.91,65.49,False,False,True,False,False,False,False,False,False,2026-10-08,其他電子業,其他電子：電子模組、感測器、電源與車用電子（公司級產品待核驗）
2483,2483.TW,ECE,百容,41.32,,TWSE LISTED,電子零組件業,38.3,39.45,39.55,38.25,1206399,46.21,38.74,36.36,-1.14,5.34,-1.42,-5.9,4.64,73.0,73.0,73.0,73.0,73.0,-45.82,-45.82,-45.82,47.53,47.53,False,False,False,False,False,False,False,False,False,2026-10-08,電子零組件業,電子零組件：PCB、CCL、IC載板、連接器與被動元件（公司級品類待核驗）
2484,2484.TW,SIWARD,希華,144.44,,TWSE LISTED,電子零組件業,90.6,86.0,92.2,83.5,40514008,3670.57,86.2,81.62,5.1,11.0,4.02,4.86,7.09,102.0,102.0,102.0,102.0,102.0,-9.61,-9.61,-9.61,11.18,11.18,False,False,True,False,False,False,False,False,False,2026-10-08,電子零組件業,電子零組件：PCB、CCL、IC載板、連接器與被動元件（公司級品類待核驗）
2485,2485.TW,ZINWELL,兆赫,132.0,,TWSE LISTED,通信網路業,41.55,42.8,43.0,41.4,11326517,470.62,42.81,41.44,-2.94,0.27,-4.92,-6.84,2.59,86.9,86.9,86.9,86.9,86.9,-50.52,-50.52,-50.52,52.19,52.19,False,False,False,False,False,False,False,False,False,2026-10-08,通信網路業,通信網路／網通設備
2486,2486.TW,I-CHIUN,一詮,573.55,,TWSE LISTED,光電業,238.5,238.0,239.5,234.5,2443362,582.74,242.3,240.3,-1.57,-0.75,-0.62,-3.44,-4.02,318.0,318.0,318.0,318.0,318.0,-24.69,-24.69,-24.69,25.0,25.0,False,False,False,False,False,False,False,False,False,2026-10-08,光電業,光電顯示／光學元件
2488,2488.TW,HANPIN,漢平,39.84,,TWSE LISTED,其他電子業,49.8,49.95,49.95,49.6,68600,3.42,49.32,49.105,0.97,1.42,0.2,1.74,1.74,55.4,61.6,61.6,55.4,61.6,-9.84,-18.91,-18.91,10.11,19.16,True,False,False,False,False,False,False,False,False,2026-10-08,其他電子業,其他電子：電子模組、感測器、電源與車用電子（公司級產品待核驗）
2489,2489.TW,AMTRAN,瑞軒,250.1,,TWSE LISTED,光電業,41.0,41.75,42.4,40.7,24818724,1017.57,40.67,40.875,0.81,0.31,-0.97,1.49,0.86,57.7,57.7,57.7,57.7,57.7,-26.52,-26.52,-26.52,28.94,28.94,False,False,False,True,False,False,False,False,False,2026-10-08,光電業,光電顯示／光學元件
2491,2491.TW,FOCL,吉祥全,31.86,,TWSE LISTED,光電業,38.85,39.7,39.75,38.75,705721,27.42,40.0,40.12,-2.88,-3.17,-2.14,-3.0,-4.07,56.4,56.4,56.4,56.4,56.4,-29.52,-29.52,-29.52,31.12,31.12,False,False,False,False,False,False,False,False,False,2026-10-08,光電業,光電顯示／光學元件
2492,2492.TW,WTC,華新科,2037.86,,TWSE LISTED,電子零組件業,420.0,431.0,431.5,400.0,63435921,26643.09,393.5,351.55,6.73,19.47,-1.87,13.98,27.66,645.0,645.0,645.0,645.0,645.0,-33.1,-33.1,-33.1,34.88,34.88,False,False,False,False,False,False,False,False,False,2026-10-08,電子零組件業,電子零組件：PCB、CCL、IC載板、連接器與被動元件（公司級品類待核驗）
2493,2493.TW,AMPOC,揚博,274.51,,TWSE LISTED,電子零組件業,216.5,213.5,222.0,209.5,2460326,532.66,208.9,202.3,3.64,7.02,1.17,4.09,9.9,337.0,337.0,337.0,337.0,337.0,-34.12,-34.12,-34.12,35.76,35.76,True,False,False,False,False,False,False,False,False,2026-10-08,電子零組件業,電子零組件：PCB、CCL、IC載板、連接器與被動元件（公司級品類待核驗）
2495,2495.TW,Infortrend,普安,103.54,,TWSE LISTED,電腦及週邊設備業,37.85,37.65,38.2,37.25,843400,31.92,38.15,38.525,-0.79,-1.75,0.53,-1.56,-1.94,55.6,55.6,55.6,55.6,55.6,-31.29,-31.29,-31.29,31.92,31.92,False,False,False,False,False,False,False,False,False,2026-10-08,電腦及週邊設備業,電腦、伺服器與企業硬體
2496,2496.TW,SPC,卓越,10.99,,TWSE LISTED,其他,54.8,54.9,54.9,54.8,2000,0.11,54.9,54.97,-0.18,-0.31,-0.18,0.0,-0.54,68.0,95.14,271.46,68.0,95.14,-19.26,-42.3,-79.78,19.41,42.4,False,False,False,False,False,False,False,False,False,2026-10-08,其他,其他（公司级产品待核验）
2497,2497.TW,E-LEAD,怡利電,57.79,,TWSE LISTED,汽車工業,44.15,44.6,44.9,44.15,173000,7.64,44.16,43.995,-0.02,0.35,-1.34,0.23,0.34,70.8,90.7,116.94,70.8,90.7,-36.58,-50.5,-61.6,37.64,51.32,False,False,False,False,False,False,False,False,False,2026-10-08,汽車工業,汽車整車、汽車零組件與車用電子（公司級產品待核驗）
2498,2498.TW,HTC,宏達電,351.16,,TWSE LISTED,通信網路業,42.0,42.35,42.7,42.0,3163206,132.85,42.21,42.41,-0.5,-0.97,-0.71,-0.12,-3.89,52.4,76.9,97.3,52.4,76.9,-18.51,-44.47,-56.12,19.85,45.38,False,False,False,False,False,False,False,False,False,2026-10-08,通信網路業,通信網路／網通設備
2501,2501.TW,CATHAY RED,國建,239.45,,TWSE LISTED,建材營造,20.65,20.45,20.7,20.45,633361,13.08,20.53,20.825,0.58,-0.84,0.24,1.47,-1.9,28.4,42.3,42.3,28.4,42.3,-27.11,-51.06,-51.06,27.29,51.18,False,False,False,False,False,False,False,False,False,2026-10-08,建材營造,建材、營造與不動產開發（公司級業務待核驗）
2504,2504.TW,GBM,國產,377.01,,TWSE LISTED,建材營造,31.95,31.25,32.0,31.15,3136594,100.21,31.17,30.96,2.5,3.2,1.27,3.23,4.58,40.1,58.4,58.4,40.1,58.4,-20.2,-45.21,-45.21,20.32,45.29,False,False,False,False,False,False,False,False,False,2026-10-08,建材營造,建材、營造與不動產開發（公司級業務待核驗）
2505,2505.TW,ky,國揚,64.6,,TWSE LISTED,建材營造,17.0,16.95,17.0,16.9,168287,2.86,17.01,17.035,-0.06,-0.21,0.0,0.0,-0.29,21.0,32.15,61.04,21.0,32.15,-19.05,-47.12,-72.15,19.05,47.12,False,False,False,False,False,False,False,False,False,2026-10-08,建材營造,建材、營造與不動產開發（公司級業務待核驗）
2506,2506.TW,PCC,太設,32.51,,TWSE LISTED,建材營造,8.4,8.33,8.4,8.33,56036,0.47,8.388,8.405,0.14,-0.06,0.12,0.24,-0.36,9.34,13.95,14.5,9.34,13.95,-10.06,-39.78,-42.07,10.06,39.78,False,False,False,False,False,False,False,False,False,2026-10-08,建材營造,建材、營造與不動產開發（公司級業務待核驗）
2509,2509.TW,CHAINQUI,全坤建,30.09,,TWSE LISTED,建材營造,13.4,13.55,13.65,13.4,145126,1.94,13.75,14.02,-2.55,-4.42,-1.47,-3.94,-6.29,17.15,27.65,27.65,17.15,27.65,-20.41,-50.63,-50.63,21.87,51.54,False,False,False,False,False,False,False,False,False,2026-10-08,建材營造,建材、營造與不動產開發（公司級業務待核驗）
2511,2511.TW,PHD,太子,133.92,,TWSE LISTED,建材營造,8.25,8.24,8.25,8.23,871965,7.19,8.252,8.303,-0.02,-0.64,0.0,0.0,-0.84,8.73,14.2,14.6,8.73,14.2,-5.5,-41.9,-43.49,5.5,41.9,False,False,False,False,False,False,False,True,False,2026-10-08,建材營造,建材、營造與不動產開發（公司級業務待核驗）
2514,2514.TW,LONG BON,龍邦,44.8,,TWSE LISTED,其他,11.35,11.25,11.35,11.25,25103,0.28,11.29,11.42,0.53,-0.61,0.44,0.89,-2.16,15.4,27.8,27.8,15.4,27.8,-26.3,-59.17,-59.17,26.3,59.17,False,False,False,False,False,False,False,False,False,2026-10-08,其他,其他（公司级产品待核验）
2515,2515.TW,BES,中工,201.77,,TWSE LISTED,建材營造,11.95,12.1,12.1,11.85,4873052,58.23,11.93,11.92,0.17,0.25,-1.65,1.27,0.0,17.76,17.76,17.76,17.76,17.76,-31.87,-31.87,-31.87,32.71,32.71,False,False,True,True,False,False,False,False,False,2026-10-08,建材營造,建材、營造與不動產開發（公司級業務待核驗）
2516,2516.TW,New Asia,新建,34.28,,TWSE LISTED,建材營造,15.15,15.0,15.25,14.95,139518,2.11,14.92,15.025,1.54,0.83,0.66,2.02,0.0,15.65,26.4,26.4,15.65,26.4,-2.56,-42.23,-42.23,3.19,42.61,False,False,False,True,False,False,False,True,False,2026-10-08,建材營造,建材、營造與不動產開發（公司級業務待核驗）
2520,2520.TW,KINDOM,冠德,227.64,,TWSE LISTED,建材營造,37.35,37.0,37.8,37.0,2092165,78.14,36.92,36.91,1.16,1.19,0.95,1.91,1.63,39.6,62.36,62.36,39.6,62.36,-4.55,-39.39,-39.39,5.68,40.11,False,False,False,False,False,False,False,True,False,2026-10-08,建材營造,建材、營造與不動產開發（公司級業務待核驗）
2524,2524.TW,KTC,京城,123.22,,TWSE LISTED,建材營造,33.65,33.65,33.8,33.4,26000,0.87,33.78,34.23,-0.38,-1.69,0.0,0.0,-2.75,44.0,139.5,139.5,44.0,139.5,-23.18,-75.77,-75.77,23.52,75.88,False,False,False,False,False,False,False,False,False,2026-10-08,建材營造,建材、營造與不動產開發（公司級業務待核驗）
2527,2527.TW,Hung Ching,宏璟,138.13,,TWSE LISTED,建材營造,51.1,50.6,51.6,50.2,650609,33.25,50.62,49.69,0.95,2.84,0.79,-1.35,4.07,53.3,63.2,63.2,53.3,63.2,-3.19,-18.35,-18.35,4.13,19.15,False,False,True,False,False,False,False,True,False,2026-10-08,建材營造,建材、營造與不動產開發（公司級業務待核驗）
2528,2528.TW,CROWELL,皇普,81.1,,TWSE LISTED,建材營造,18.6,18.7,18.75,18.6,259500,4.83,18.94,19.205,-1.8,-3.15,-1.06,-2.36,-3.38,27.13,47.2,47.2,27.13,47.2,-30.89,-60.28,-60.28,31.44,60.6,False,False,False,False,False,False,False,False,False,2026-10-08,建材營造,建材、營造與不動產開發（公司級業務待核驗）
2530,2530.TW,DELPHA,華建,168.67,,TWSE LISTED,建材營造,20.05,20.05,20.15,19.95,390030,7.82,19.95,20.025,0.5,0.12,0.25,1.01,0.0,30.2,60.7,60.7,30.2,60.7,-33.28,-66.8,-66.8,33.61,66.97,False,False,False,True,False,False,False,False,False,2026-10-08,建材營造,建材、營造與不動產開發（公司級業務待核驗）
2534,2534.TW,HSC,宏盛,78.96,,TWSE LISTED,建材營造,16.65,16.6,16.75,16.55,131696,2.19,16.62,16.745,0.18,-0.57,0.3,0.6,-1.19,21.0,31.3,55.01,21.0,31.3,-20.24,-46.49,-69.55,20.71,46.81,False,False,False,False,False,False,False,False,False,2026-10-08,建材營造,建材、營造與不動產開發（公司級業務待核驗）
2535,2535.TW,DA-CIN,達欣工,247.51,,TWSE LISTED,建材營造,91.4,90.0,91.5,89.9,363080,33.19,89.32,89.35,2.33,2.29,1.56,3.51,2.81,98.6,98.6,98.6,98.6,98.6,-7.2,-7.2,-7.2,7.3,7.3,True,False,False,False,False,False,False,True,True,2026-10-08,建材營造,建材、營造與不動產開發（公司級業務待核驗）
2536,2536.TW,Hong Pu,宏普,62.24,,TWSE LISTED,建材營造,18.7,18.4,18.7,18.3,437099,8.17,18.52,18.86,0.97,-0.85,1.63,1.91,-2.09,26.2,40.95,40.95,26.2,40.95,-28.63,-54.33,-54.33,28.63,54.33,False,False,False,False,False,False,False,False,False,2026-10-08,建材營造,建材、營造與不動產開發（公司級業務待核驗）
2537,2537.TW,WE & WIN,聯上發,32.91,,TWSE LISTED,建材營造,10.95,11.0,11.0,10.9,262001,2.87,10.97,11.125,-0.18,-1.57,-0.45,0.46,-1.35,12.4,29.75,29.75,12.4,29.75,-11.29,-63.03,-63.03,11.69,63.19,False,False,False,False,False,False,False,False,False,2026-10-08,建材營造,建材、營造與不動產開發（公司級業務待核驗）
2538,2538.TW,KeeTai,基泰,39.65,,TWSE LISTED,建材營造,8.91,8.73,8.91,8.73,209000,1.86,8.772,8.77,1.57,1.6,1.48,2.77,0.91,11.35,22.91,22.91,11.35,22.91,-21.5,-61.1,-61.1,21.5,61.1,False,False,True,True,False,False,False,False,False,2026-10-08,建材營造,建材、營造與不動產開發（公司級業務待核驗）
2539,2539.TW,SAKURAD,櫻花建,486.89,,TWSE LISTED,建材營造,33.45,33.8,33.8,33.4,368492,12.33,33.64,34.01,-0.56,-1.65,-1.04,-0.15,-2.34,41.39,51.57,51.57,41.39,51.57,-18.34,-34.46,-34.46,19.19,35.14,False,False,False,False,False,False,False,False,False,2026-10-08,建材營造,建材、營造與不動產開發（公司級業務待核驗）
2540,2540.TW,JSL,愛山林,467.71,,TWSE LISTED,建材營造,49.5,49.5,49.6,48.95,529005,26.19,48.25,48.48,2.59,2.1,1.54,4.32,1.33,61.8,108.01,108.01,61.8,108.01,-19.74,-54.08,-54.08,19.9,54.17,False,False,False,False,False,False,False,False,False,2026-10-08,建材營造,建材、營造與不動產開發（公司級業務待核驗）
2542,2542.TW,Highwealth,興富發,840.78,,TWSE LISTED,建材營造,39.05,38.75,39.25,38.75,7837778,306.07,38.57,38.755,1.24,0.76,0.64,2.63,1.69,49.0,58.27,58.27,49.0,58.27,-19.9,-32.64,-32.64,20.31,32.98,True,False,False,True,False,False,False,False,False,2026-10-08,建材營造,建材、營造與不動產開發（公司級業務待核驗）
2543,2543.TW,HWANG CHANG,皇昌,209.3,,TWSE LISTED,建材營造,39.6,39.15,40.2,38.6,1033306,40.92,38.63,38.445,2.51,3.0,1.15,4.07,3.66,81.6,98.29,98.29,81.6,98.29,-50.74,-59.1,-59.1,51.47,59.71,False,False,True,False,False,False,False,False,False,2026-10-08,建材營造,建材、營造與不動產開發（公司級業務待核驗）
2545,2545.TW,HUANG HSIANG,皇翔,129.68,,TWSE LISTED,建材營造,34.15,34.0,34.2,33.9,133020,4.54,33.89,34.02,0.77,0.38,0.89,0.44,-0.15,39.9,79.4,79.4,39.9,79.4,-14.29,-56.93,-56.93,14.41,56.99,False,False,False,True,False,False,False,False,False,2026-10-08,建材營造,建材、營造與不動產開發（公司級業務待核驗）
2546,2546.TW,KEDGE,根基,157.15,,TWSE LISTED,建材營造,107.5,108.5,108.5,107.5,111459,11.98,106.6,106.25,0.84,1.18,-0.92,1.42,1.42,120.0,120.0,120.0,120.0,120.0,-9.58,-9.58,-9.58,10.42,10.42,False,False,False,False,False,False,False,False,False,2026-10-08,建材營造,建材、營造與不動產開發（公司級業務待核驗）
2547,2547.TW,RADIUM,日勝生,100.82,,TWSE LISTED,建材營造,9.74,9.72,9.81,9.71,892673,8.69,9.696,9.766,0.45,-0.27,0.62,0.83,-0.41,11.8,14.7,17.84,11.8,14.7,-16.86,-33.27,-45.0,17.46,33.74,False,False,False,False,False,False,False,False,False,2026-10-08,建材營造,建材、營造與不動產開發（公司級業務待核驗）
2548,2548.TW,HUAKU,華固,308.18,,TWSE LISTED,建材營造,91.8,91.2,92.2,91.2,394616,36.23,91.64,92.04,0.17,-0.26,0.66,0.33,0.0,126.19,158.32,158.32,126.19,158.32,-26.94,-41.76,-41.76,27.25,42.02,False,False,False,False,False,False,False,False,False,2026-10-08,建材營造,建材、營造與不動產開發（公司級業務待核驗）
2596,2596.TWO,ReaLy,綠意,34.15,,TPEx LISTED,建材營造,34.15,34.5,34.5,33.75,52000,1.78,34.26,34.7,-0.32,-1.59,0.29,-0.44,-2.15,39.9,56.2,56.2,39.9,56.2,-13.53,-38.61,-38.61,14.41,39.23,False,False,False,False,False,False,False,False,False,2026-10-08,建材營造,建材、營造與不動產開發（公司級業務待核驗）
2597,2597.TW,REC,潤弘,509.57,,TWSE LISTED,建材營造,164.0,165.5,165.5,163.5,119780,19.64,164.6,166.15,-0.36,-1.29,-0.91,0.31,-2.09,205.0,205.0,205.0,205.0,205.0,-19.27,-19.27,-19.27,20.0,20.0,False,False,False,False,False,False,False,False,False,2026-10-08,建材營造,建材、營造與不動產開發（公司級業務待核驗）
2601,2601.TW,FSC,益航,42.25,,TWSE LISTED,航運業,6.12,6.13,6.17,6.05,1851223,11.33,6.366,6.713,-3.87,-8.84,0.66,-5.12,-13.32,9.89,12.07,31.66,9.89,12.07,-37.63,-48.87,-80.51,38.13,49.28,False,False,False,False,False,False,False,False,False,2026-10-08,航運業,海運、航空、港口與物流運輸（公司級業務待核驗）
2603,2603.TW,EMC,長榮,5033.72,,TWSE LISTED,航運業,232.5,232.5,236.0,231.0,6664451,1549.48,235.2,237.75,-1.15,-2.21,0.0,-0.85,-2.31,256.5,265.0,582.5,256.5,265.0,-7.99,-10.94,-59.48,9.36,12.26,False,False,False,False,False,False,False,True,False,2026-10-08,航運業,海運、航空、港口與物流運輸（公司級業務待核驗）
2605,2605.TW,SNC,新興,214.82,,TWSE LISTED,航運業,36.7,36.6,36.9,36.25,5338828,195.93,36.23,36.105,1.3,1.65,0.27,4.41,3.67,46.25,46.25,58.8,46.25,46.25,-20.22,-20.22,-37.24,20.65,20.65,False,False,False,False,False,False,False,False,False,2026-10-08,航運業,海運、航空、港口與物流運輸（公司級業務待核驗）
2606,2606.TW,U-MING,裕民,632.95,,TWSE LISTED,航運業,74.9,74.3,75.5,74.3,1431068,107.19,74.98,74.88,-0.11,0.03,0.54,0.81,1.9,81.7,81.7,96.4,81.7,81.7,-7.59,-7.59,-21.68,8.32,8.32,False,False,False,False,False,False,False,True,True,2026-10-08,航運業,海運、航空、港口與物流運輸（公司級業務待核驗）
2607,2607.TW,EITC,榮運,301.47,,TWSE LISTED,航運業,56.5,55.6,56.5,55.1,497780,28.12,54.48,54.05,3.71,4.53,1.44,6.2,5.02,59.2,77.0,104.0,59.2,77.0,-4.56,-26.62,-45.67,4.56,26.62,True,False,False,False,False,False,False,True,False,2026-10-08,航運業,海運、航空、港口與物流運輸（公司級業務待核驗）
2608,2608.TW,Kerry TJ,嘉里大榮,133.56,,TWSE LISTED,航運業,28.6,28.6,28.65,28.5,349327,9.99,28.65,28.67,-0.17,-0.24,0.18,-0.35,-0.69,33.4,48.1,80.4,33.4,48.1,-14.22,-40.44,-64.37,14.37,40.54,False,False,False,False,False,False,False,False,False,2026-10-08,航運業,海運、航空、港口與物流運輸（公司級業務待核驗）
2609,2609.TW,YMTC,陽明,2084.79,,TWSE LISTED,航運業,59.7,59.3,60.4,58.8,17886689,1067.84,59.28,59.25,0.71,0.76,1.02,1.7,1.53,69.9,87.8,234.5,69.9,87.8,-13.59,-31.21,-74.24,14.59,32.0,False,False,False,True,False,False,False,False,False,2026-10-08,航運業,海運、航空、港口與物流運輸（公司級業務待核驗）
2610,2610.TW,CAL,華航,1238.22,,TWSE LISTED,航運業,20.15,20.25,20.3,20.15,8112121,163.46,20.21,20.265,-0.3,-0.57,-0.98,0.25,-0.74,24.75,27.2,31.95,24.75,27.2,-17.98,-25.37,-36.46,18.59,25.92,False,False,False,False,False,False,False,False,False,2026-10-08,航運業,海運、航空、港口與物流運輸（公司級業務待核驗）
2611,2611.TW,TSI,志信,28.73,,TWSE LISTED,航運業,15.2,15.05,15.25,15.0,310894,4.73,14.98,14.6,1.47,4.11,1.0,0.0,5.92,18.45,35.85,41.82,18.45,35.85,-17.34,-57.46,-63.53,17.62,57.6,False,False,False,False,False,False,False,False,False,2026-10-08,航運業,海運、航空、港口與物流運輸（公司級業務待核驗）
2612,2612.TW,CMT,中航,123.43,,TWSE LISTED,航運業,62.5,61.5,62.6,61.3,199105,12.44,62.34,62.03,0.26,0.76,1.3,1.46,1.79,70.7,78.6,92.7,70.7,78.6,-11.46,-20.36,-32.47,11.6,20.48,False,False,False,True,False,False,False,False,False,2026-10-08,航運業,海運、航空、港口與物流運輸（公司級業務待核驗）
2613,2613.TW,CCTC,中櫃,32.65,,TWSE LISTED,航運業,22.0,21.9,22.0,21.7,282010,6.2,21.98,22.095,0.09,-0.43,0.23,0.69,-0.9,30.0,49.7,52.4,30.0,49.7,-26.67,-55.73,-58.02,26.67,55.73,False,False,False,False,False,False,False,False,False,2026-10-08,航運業,海運、航空、港口與物流運輸（公司級業務待核驗）
2614,2614.TW,EMIC,東森,50.24,,TWSE LISTED,其他,15.35,15.45,15.45,15.15,1162586,17.85,16.452,16.916,-6.7,-9.26,-0.65,-13.2,-13.88,21.48,22.41,112.32,21.48,22.41,-28.08,-31.05,-86.24,28.54,31.5,False,False,False,False,False,False,False,False,False,2026-10-08,其他,其他（公司级产品待核验）
2615,2615.TW,WANHAI,萬海,3128.85,,TWSE LISTED,航運業,111.5,112.0,113.0,110.0,7814242,871.29,111.6,112.45,-0.09,-0.84,0.0,0.9,-0.89,134.5,134.5,279.05,134.5,134.5,-15.99,-15.99,-59.51,17.1,17.1,False,False,False,False,False,False,False,False,False,2026-10-08,航運業,海運、航空、港口與物流運輸（公司級業務待核驗）
2616,2616.TW,SLC,山隆,18.05,,TWSE LISTED,油電燃氣業,13.15,13.15,13.15,13.1,111200,1.46,13.16,13.205,-0.08,-0.42,0.0,0.0,-1.13,23.9,30.8,40.5,23.9,30.8,-44.98,-57.31,-67.53,44.98,57.31,False,False,False,False,False,False,False,False,False,2026-10-08,油電燃氣業,油電燃氣業（公司级产品待核验）
2617,2617.TW,TNC,台航,133.74,,TWSE LISTED,航運業,32.05,31.8,32.25,31.7,400000,12.82,32.02,31.955,0.09,0.3,-0.16,-0.16,3.05,34.75,40.25,78.0,34.75,40.25,-7.19,-19.88,-58.65,7.77,20.37,False,False,False,True,False,False,False,True,False,2026-10-08,航運業,海運、航空、港口與物流運輸（公司級業務待核驗）
2618,2618.TW,EVAAIR,長榮航,2235.78,,TWSE LISTED,航運業,41.4,41.95,41.95,41.4,10752009,445.13,41.83,42.055,-1.03,-1.56,-1.31,-1.19,-1.9,45.65,48.3,48.3,45.65,48.3,-8.11,-13.15,-13.15,9.31,14.29,False,False,False,False,False,False,False,True,False,2026-10-08,航運業,海運、航空、港口與物流運輸（公司級業務待核驗）
2630,2630.TW,AACL,亞航,94.67,,TWSE LISTED,航運業,45.2,45.55,45.6,45.2,479200,21.66,45.86,46.21,-1.44,-2.19,-0.77,-2.06,-3.52,62.3,79.9,79.9,62.3,79.9,-26.81,-42.93,-42.93,27.45,43.43,False,False,False,False,False,False,False,False,False,2026-10-08,航運業,海運、航空、港口與物流運輸（公司級業務待核驗）
2633,2633.TW,THSRC,台灣高鐵,1446.47,,TWSE LISTED,航運業,25.7,25.6,25.75,25.6,4240710,108.99,25.7,25.655,0.0,0.18,-0.19,0.19,-0.39,28.15,31.05,47.0,28.15,31.05,-8.53,-17.07,-45.21,8.7,17.23,False,False,True,True,False,False,False,True,False,2026-10-08,航運業,海運、航空、港口與物流運輸（公司級業務待核驗）
2634,2634.TW,AIDC,漢翔,595.26,,TWSE LISTED,航運業,63.2,63.6,63.8,62.9,3827687,241.91,64.3,63.86,-1.71,-1.03,-0.63,-2.17,-1.86,76.5,76.5,76.5,76.5,76.5,-16.6,-16.6,-16.6,17.39,17.39,False,False,False,False,False,False,False,False,False,2026-10-08,航運業,海運、航空、港口與物流運輸（公司級業務待核驗）
2636,2636.TW,T3EX,台驊控股,99.43,,TWSE LISTED,航運業,70.1,70.5,70.5,69.9,100015,7.01,70.26,70.68,-0.23,-0.82,0.0,-0.14,-0.85,78.9,124.0,316.53,78.9,124.0,-10.65,-43.15,-77.73,11.15,43.47,False,False,False,False,False,False,False,False,False,2026-10-08,航運業,海運、航空、港口與物流運輸（公司級業務待核驗）
2637,2637.TW,WISDOM,慧洋-KY,734.47,,TWSE LISTED,航運業,98.4,96.8,99.6,96.5,1687131,166.01,98.34,97.94,0.06,0.47,1.65,0.72,3.25,108.0,108.0,121.0,108.0,108.0,-7.78,-7.78,-17.69,8.89,8.89,False,False,False,True,False,False,False,True,True,2026-10-08,航運業,海運、航空、港口與物流運輸（公司級業務待核驗）
2640,2640.TWO,55688,大車隊,91.86,,TPEx LISTED,數位雲端,155.0,155.0,156.5,155.0,12020,1.86,155.1,156.25,-0.06,-0.8,0.0,0.65,-1.27,199.0,199.0,199.0,199.0,199.0,-21.36,-21.36,-21.36,22.11,22.11,False,False,False,False,False,False,False,False,False,2026-10-08,數位雲端,數位雲端、軟體服務與電子商務（公司級產品待核驗）
2641,2641.TWO,Franbo Lines,正德,56.82,,TPEx LISTED,航運業,17.2,17.15,17.3,17.15,663072,11.4,17.27,17.355,-0.41,-0.89,-0.29,-0.29,-0.86,21.95,25.1,41.99,21.95,25.1,-21.18,-31.08,-58.8,21.64,31.47,False,False,False,False,False,False,False,False,False,2026-10-08,航運業,海運、航空、港口與物流運輸（公司級業務待核驗）
2642,2642.TW,Pelican,宅配通,19.48,,TWSE LISTED,航運業,20.4,20.2,20.75,20.2,54100,1.1,20.25,20.31,0.74,0.44,0.99,1.24,0.25,26.75,48.7,152.5,26.75,48.7,-22.43,-57.39,-86.39,23.74,58.11,False,False,False,True,False,False,False,False,False,2026-10-08,航運業,海運、航空、港口與物流運輸（公司級業務待核驗）
2643,2643.TWO,Soonest,捷迅,22.02,,TPEx LISTED,航運業,62.9,62.8,62.9,62.2,6000,0.38,62.5,62.57,0.64,0.53,-0.16,0.48,0.96,74.0,93.5,129.76,74.0,93.5,-15.0,-32.73,-51.53,15.0,32.73,False,False,True,True,False,False,False,False,False,2026-10-08,航運業,海運、航空、港口與物流運輸（公司級業務待核驗）
2645,2645.TW,EGAT,長榮航太,642.39,,TWSE LISTED,航運業,171.5,174.0,174.5,171.5,837290,143.6,172.6,172.6,-0.64,-0.64,-1.15,-0.29,-1.44,258.0,258.0,258.0,258.0,258.0,-32.36,-32.36,-32.36,33.53,33.53,False,False,False,False,False,False,False,False,False,2026-10-08,航運業,海運、航空、港口與物流運輸（公司級業務待核驗）
2646,2646.TW,STARLUX AIR,星宇航空,604.76,,TWSE LISTED,航運業,20.1,20.1,20.1,20.0,2449599,49.24,20.07,20.125,0.15,-0.12,0.0,0.25,-0.25,23.75,33.4,45.82,23.75,33.4,-15.37,-39.82,-56.13,15.37,39.82,False,False,True,False,False,False,False,False,False,2026-10-08,航運業,海運、航空、港口與物流運輸（公司級業務待核驗）
2701,2701.TW,WANHWA,萬企,46.35,,TWSE LISTED,觀光餐旅,10.3,10.3,10.3,10.25,44133,0.45,10.28,10.275,0.19,0.24,0.0,0.98,0.0,11.2,13.85,15.6,11.2,13.85,-8.04,-25.63,-33.97,8.04,25.63,False,False,False,True,False,False,False,True,False,2026-10-08,觀光餐旅,觀光餐旅（公司级产品待核验）
2702,2702.TW,HG,華園,18.95,,TWSE LISTED,觀光餐旅,12.1,12.1,12.15,12.1,49439,0.6,12.12,12.35,-0.17,-2.02,0.41,0.0,-2.02,18.1,22.7,30.24,18.1,22.7,-32.87,-46.48,-59.82,33.15,46.7,False,False,False,False,False,False,False,False,False,2026-10-08,觀光餐旅,觀光餐旅（公司级产品待核验）
2704,2704.TW,AMBH,國賓,164.93,,TWSE LISTED,觀光餐旅,44.95,45.25,45.25,44.85,14075,0.63,44.77,44.97,0.4,-0.04,0.67,0.78,-0.44,49.7,84.0,84.0,49.7,84.0,-8.95,-46.13,-46.13,9.56,46.49,False,False,False,False,False,False,False,True,False,2026-10-08,觀光餐旅,觀光餐旅（公司级产品待核验）
2705,2705.TW,LEOFOO,六福,28.79,,TWSE LISTED,觀光餐旅,15.05,15.1,15.1,15.0,174002,2.62,15.07,15.095,-0.13,-0.3,-0.33,0.0,-0.66,18.2,22.45,28.45,18.2,22.45,-17.03,-32.74,-46.92,17.31,32.96,False,False,False,False,False,False,False,False,False,2026-10-08,觀光餐旅,觀光餐旅（公司级产品待核验）
2706,2706.TW,FIRST HOTEL,第一店,61.0,,TWSE LISTED,觀光餐旅,12.2,12.1,12.2,12.05,69170,0.84,12.11,12.125,0.74,0.62,0.83,1.24,0.0,13.35,16.95,20.65,13.35,16.95,-8.61,-28.02,-40.92,8.61,28.02,False,False,False,True,False,False,False,True,False,2026-10-08,觀光餐旅,觀光餐旅（公司级产品待核验）
2707,2707.TW,GFRT,晶華,224.23,,TWSE LISTED,觀光餐旅,176.0,175.0,176.0,175.0,117753,20.72,175.0,175.55,0.57,0.26,0.57,0.86,0.0,202.0,258.5,338.5,202.0,258.5,-12.87,-31.91,-48.01,12.87,31.91,False,False,False,True,False,False,False,False,False,2026-10-08,觀光餐旅,觀光餐旅（公司级产品待核验）
2712,2712.TW,FGH,遠雄來,13.96,,TWSE LISTED,觀光餐旅,13.3,13.2,13.3,13.2,18037,0.24,13.32,13.37,-0.15,-0.52,0.76,-0.75,-0.37,18.25,39.0,60.0,18.25,39.0,-27.12,-65.9,-77.83,27.12,65.9,False,False,False,False,False,False,False,False,False,2026-10-08,觀光餐旅,觀光餐旅（公司级产品待核验）
2718,2718.TWO,Allmind,全心投控,34.77,,TPEx LISTED,建材營造,39.7,39.7,39.7,39.7,0,0.0,39.87,40.19,-0.43,-1.22,0.0,-1.49,-0.75,54.1,145.5,145.5,54.1,145.5,-26.62,-72.71,-72.71,26.62,72.71,False,False,False,False,False,False,False,False,False,2026-10-08,建材營造,建材、營造與不動產開發（公司級業務待核驗）
2719,2719.TWO,Star Travel,燦星旅,13.39,,TPEx LISTED,觀光餐旅,19.35,19.15,19.35,19.15,8000,0.15,19.41,19.46,-0.31,-0.57,1.04,-0.26,-0.77,32.25,76.7,118.0,32.25,76.7,-40.0,-74.77,-83.6,40.0,74.77,False,False,False,False,False,False,False,False,False,2026-10-08,觀光餐旅,觀光餐旅（公司级产品待核验）
2722,2722.TW,Chateau,夏都,30.78,,TWSE LISTED,觀光餐旅,21.5,21.7,21.7,21.35,11300,0.24,21.49,21.375,0.05,0.58,0.0,-0.23,0.23,26.85,69.76,113.21,26.85,69.76,-19.18,-68.89,-80.83,19.93,69.18,False,False,False,True,False,False,False,False,False,2026-10-08,觀光餐旅,觀光餐旅（公司级产品待核验）
2723,2723.TW,Gourmet,美食-KY,143.64,,TWSE LISTED,觀光餐旅,79.8,79.8,80.4,79.5,183006,14.6,78.14,77.91,2.12,2.43,-0.37,4.59,2.97,84.0,108.0,397.64,84.0,108.0,-4.29,-25.56,-79.78,5.0,26.11,False,False,False,False,False,False,False,True,False,2026-10-08,觀光餐旅,觀光餐旅（公司级产品待核验）
2724,2724.TWO,AAGD-KY,藝舍-KY,7.87,,TPEx LISTED,其他,13.2,12.45,13.2,12.4,3034,0.04,12.86,12.77,2.64,3.37,-2.22,6.02,11.86,22.25,40.0,40.0,22.25,40.0,-40.67,-67.0,-67.0,40.67,67.0,False,False,True,True,False,False,False,False,False,2026-10-08,其他,其他（公司级产品待核验）
2726,2726.TWO,Yummy Town,雅茗-KY,3.01,,TPEx LISTED,觀光餐旅,7.98,7.98,7.99,7.92,42000,0.34,8.0,8.016,-0.25,-0.45,-0.25,-0.25,-0.25,13.3,36.55,162.2,13.3,36.55,-39.92,-78.14,-95.07,40.0,78.17,False,False,False,False,False,False,False,False,False,2026-10-08,觀光餐旅,觀光餐旅（公司级产品待核验）
2727,2727.TW,WOWPRIME,王品,196.98,,TWSE LISTED,觀光餐旅,237.5,233.0,237.5,233.0,430293,102.19,234.5,234.05,1.28,1.47,1.71,1.71,1.06,253.0,264.5,340.15,253.0,264.5,-6.13,-10.21,-30.18,6.13,10.21,False,False,False,True,False,False,False,True,False,2026-10-08,觀光餐旅,觀光餐旅（公司级产品待核验）
2729,2729.TWO,TTFB,瓦城,66.5,,TPEx LISTED,觀光餐旅,154.5,154.0,154.5,153.5,9015,1.39,154.8,156.0,-0.19,-0.96,0.0,0.0,-1.59,180.0,205.18,247.7,180.0,205.18,-14.17,-24.7,-37.63,14.17,24.7,False,False,False,False,False,False,False,False,False,2026-10-08,觀光餐旅,觀光餐旅（公司级产品待核验）
2731,2731.TW,Liontravel,雄獅,135.25,,TWSE LISTED,觀光餐旅,145.0,144.5,145.5,144.0,238000,34.51,144.1,144.05,0.62,0.66,0.69,0.35,0.69,185.0,185.0,201.5,185.0,185.0,-21.35,-21.35,-27.79,21.62,21.62,False,False,True,True,False,False,False,False,False,2026-10-08,觀光餐旅,觀光餐旅（公司级产品待核验）
2732,2732.TWO,La Kaffa,六角,29.4,,TPEx LISTED,觀光餐旅,63.2,63.2,63.2,63.0,13038,0.82,63.26,63.48,-0.09,-0.44,0.0,-0.16,0.64,70.5,144.5,209.0,70.5,144.5,-10.35,-56.26,-69.76,10.35,56.26,False,False,False,False,False,False,False,False,False,2026-10-08,觀光餐旅,觀光餐旅（公司级产品待核验）
2734,2734.TWO,Ezfly,易飛網,8.39,,TPEx LISTED,觀光餐旅,14.65,14.5,14.65,14.4,178000,2.61,14.41,14.425,1.67,1.56,2.45,2.09,2.09,19.5,52.6,81.0,19.5,52.6,-24.87,-72.15,-81.91,24.87,72.15,False,False,False,True,False,False,False,False,False,2026-10-08,觀光餐旅,觀光餐旅（公司级产品待核验）
2736,2736.TWO,HOYA,富野,8.92,,TPEx LISTED,觀光餐旅,11.15,11.05,11.25,11.05,33015,0.37,11.17,11.235,-0.18,-0.76,0.0,-0.45,-1.33,15.2,33.8,55.0,15.2,33.8,-25.99,-66.72,-79.55,26.64,67.01,False,False,False,False,False,False,False,False,False,2026-10-08,觀光餐旅,觀光餐旅（公司级产品待核验）
2739,2739.TW,My Humble House,寒舍,33.0,,TWSE LISTED,觀光餐旅,36.05,36.4,36.4,36.05,29100,1.05,36.19,36.335,-0.39,-0.78,-0.41,-0.55,-1.23,39.15,81.9,86.0,39.15,81.9,-7.02,-55.56,-57.67,7.92,55.98,False,False,False,False,False,False,False,True,False,2026-10-08,觀光餐旅,觀光餐旅（公司级产品待核验）
2740,2740.TWO,Hua Hsuan,華軒,5.25,,TPEx LISTED,觀光餐旅,31.35,31.35,31.35,31.35,1498,0.05,31.14,30.705,0.67,2.1,-0.48,1.29,8.1,47.45,80.0,153.04,47.45,80.0,-33.93,-60.81,-79.52,33.93,60.81,False,False,False,False,False,False,False,False,False,2026-10-08,觀光餐旅,觀光餐旅（公司级产品待核验）
2743,2743.TWO,richmond,山富,24.3,,TPEx LISTED,觀光餐旅,51.9,51.9,52.0,51.0,27000,1.4,51.54,52.49,0.7,-1.12,0.78,1.17,-0.76,84.7,147.31,147.31,84.7,147.31,-38.61,-64.7,-64.7,38.72,64.77,False,False,False,False,False,False,False,False,False,2026-10-08,觀光餐旅,觀光餐旅（公司级产品待核验）
2745,2745.TWO,LIFE TRAVEL,五福,29.08,,TPEx LISTED,觀光餐旅,86.0,85.8,86.1,85.7,43000,3.7,85.34,84.97,0.77,1.21,0.23,1.3,1.65,116.0,154.5,154.5,116.0,154.5,-25.78,-44.27,-44.27,25.86,44.34,True,False,False,False,False,False,False,False,False,2026-10-08,觀光餐旅,觀光餐旅（公司级产品待核验）
2748,2748.TW,FDC,雲品,41.15,,TWSE LISTED,觀光餐旅,38.9,39.05,39.05,38.65,21055,0.82,38.76,38.785,0.36,0.3,0.65,0.78,-0.51,45.35,92.5,130.0,45.35,92.5,-13.89,-57.78,-69.96,14.22,57.95,False,False,False,True,False,False,False,False,False,2026-10-08,觀光餐旅,觀光餐旅（公司级产品待核验）
2751,2751.TWO,Kingza,王座,11.11,,TPEx LISTED,觀光餐旅,56.1,57.2,57.2,54.6,24027,1.35,53.96,53.67,3.97,4.53,3.31,5.85,6.05,63.3,142.5,162.5,63.3,142.5,-9.64,-59.86,-64.8,11.37,60.63,True,False,False,False,False,False,False,False,False,2026-10-08,觀光餐旅,觀光餐旅（公司级产品待核验）
2752,2752.TWO,TOFU,豆府,48.05,,TPEx LISTED,觀光餐旅,180.0,179.5,180.0,179.5,3000,0.54,177.9,177.7,1.18,1.29,0.84,2.27,1.98,223.0,311.5,311.5,223.0,311.5,-19.28,-42.22,-42.22,19.28,42.22,True,False,False,False,False,False,False,False,False,2026-10-08,觀光餐旅,觀光餐旅（公司级产品待核验）
2753,2753.TW,Bafang,八方雲集,123.29,,TWSE LISTED,觀光餐旅,185.0,184.0,185.5,183.0,147027,27.2,183.7,182.1,0.71,1.59,0.54,0.82,0.82,186.67,210.95,249.05,186.67,210.95,-0.63,-12.07,-25.52,0.89,12.3,False,False,True,False,False,False,False,True,False,2026-10-08,觀光餐旅,觀光餐旅（公司级产品待核验）
2754,2754.TWO,KURA SUSHI ASIA,亞洲藏壽司,31.57,,TPEx LISTED,觀光餐旅,67.3,67.3,67.3,67.3,7000,0.47,67.48,67.83,-0.27,-0.78,0.0,0.15,-1.03,87.9,133.0,325.5,87.9,133.0,-23.44,-49.4,-79.32,23.44,49.4,False,False,False,False,False,False,False,False,False,2026-10-08,觀光餐旅,觀光餐旅（公司级产品待核验）
2755,2755.TWO,YoungQin,揚秦,45.86,,TPEx LISTED,觀光餐旅,98.0,98.1,98.1,96.8,23097,2.26,98.44,98.73,-0.45,-0.74,0.0,-1.51,-1.01,122.75,122.75,122.75,122.75,122.75,-20.08,-20.08,-20.08,20.16,20.16,False,False,False,False,False,False,False,False,False,2026-10-08,觀光餐旅,觀光餐旅（公司级产品待核验）
2756,2756.TWO,LIAN FA,聯發國際,15.03,,TPEx LISTED,觀光餐旅,61.1,60.2,61.3,59.0,95000,5.8,61.56,62.18,-0.75,-1.74,-0.49,-1.45,-2.71,82.6,129.0,134.17,82.6,129.0,-25.79,-52.48,-54.31,26.03,52.64,False,False,False,False,False,False,False,False,False,2026-10-08,觀光餐旅,觀光餐旅（公司级产品待核验）
2762,2762.TW,World Gym,世界健身-KY,87.08,,TWSE LISTED,運動休閒,77.4,77.7,78.4,77.4,59001,4.57,78.0,78.54,-0.77,-1.45,-0.39,-1.4,-1.28,91.2,133.0,133.0,91.2,133.0,-14.04,-41.05,-41.05,15.13,41.8,False,False,False,False,False,False,False,False,False,2026-10-08,運動休閒,運動休閒（公司级产品待核验）
2801,2801.TW,CHANG HWA BANK,彰銀,3370.83,,TWSE LISTED,金融保險,27.95,27.7,28.05,27.65,18909714,528.53,27.58,27.615,1.34,1.21,0.72,2.76,1.45,29.75,29.75,29.75,29.75,29.75,-5.71,-5.71,-5.71,6.05,6.05,True,False,False,False,False,False,False,True,True,2026-10-08,金融保險,銀行、保險、證券與金融服務（公司級業務待核驗）
2812,2812.TW,T.C.C.B.,台中銀,1207.91,,TWSE LISTED,金融保險,18.8,18.9,18.95,18.8,3837772,72.15,18.73,18.825,0.37,-0.13,-0.27,1.35,0.0,19.87,21.8,21.8,19.87,21.8,-4.62,-13.07,-13.07,5.38,13.76,False,False,False,False,False,False,False,True,False,2026-10-08,金融保險,銀行、保險、證券與金融服務（公司級業務待核驗）
2816,2816.TW,UNION INS.,旺旺保,91.23,,TWSE LISTED,金融保險,40.8,40.55,40.85,40.35,226969,9.26,40.07,40.075,1.82,1.81,0.74,2.77,2.9,41.4,42.0,42.0,41.4,42.0,-1.33,-2.74,-2.74,1.45,2.86,False,False,False,False,False,False,False,True,True,2026-10-08,金融保險,銀行、保險、證券與金融服務（公司級業務待核驗）
2820,2820.TW,CBF,華票,226.29,,TWSE LISTED,金融保險,16.85,16.85,16.95,16.85,924837,15.58,16.73,16.835,0.72,0.09,0.0,1.51,0.6,18.05,18.05,18.05,18.05,18.05,-6.09,-6.09,-6.09,6.65,6.65,False,False,False,False,False,False,False,True,True,2026-10-08,金融保險,銀行、保險、證券與金融服務（公司級業務待核驗）
2832,2832.TW,TFMI,台產,144.01,,TWSE LISTED,金融保險,56.8,56.9,56.9,56.6,31357,1.78,56.6,56.88,0.35,-0.14,-0.35,0.89,0.0,61.9,61.9,61.9,61.9,61.9,-8.08,-8.08,-8.08,8.24,8.24,False,False,True,False,False,False,False,True,True,2026-10-08,金融保險,銀行、保險、證券與金融服務（公司級業務待核驗）
2834,2834.TW,TBB,臺企銀,1814.51,,TWSE LISTED,金融保險,17.45,17.55,17.6,17.4,17891976,312.21,17.42,17.57,0.17,-0.68,-0.57,0.87,-0.29,18.8,18.8,18.8,18.8,18.8,-6.38,-6.38,-6.38,7.18,7.18,False,False,True,False,False,False,False,True,True,2026-10-08,金融保險,銀行、保險、證券與金融服務（公司級業務待核驗）
2836,2836.TW,B.O.K,高雄銀,223.93,,TWSE LISTED,金融保險,12.05,12.1,12.15,12.05,1103211,13.29,12.02,12.055,0.25,-0.04,-0.41,0.84,0.0,12.94,12.94,13.97,12.94,12.94,-6.07,-6.07,-13.0,6.84,6.84,False,False,False,False,False,False,False,True,True,2026-10-08,金融保險,銀行、保險、證券與金融服務（公司級業務待核驗）
2838,2838.TW,UBOT,聯邦銀,940.0,,TWSE LISTED,金融保險,20.4,20.65,20.65,20.35,840134,17.14,20.35,20.575,0.25,-0.85,-0.49,0.99,-1.21,23.49,23.49,23.49,23.49,23.49,-12.09,-12.09,-12.09,13.16,13.16,False,False,False,False,False,False,False,False,False,2026-10-08,金融保險,銀行、保險、證券與金融服務（公司級業務待核驗）
2845,2845.TW,FEIB,遠東銀,630.05,,TWSE LISTED,金融保險,12.95,12.95,13.05,12.9,2794852,36.19,12.9,13.045,0.39,-0.73,-0.38,1.17,-1.15,13.85,15.77,15.77,13.85,15.77,-5.78,-17.22,-17.22,6.5,17.86,False,False,True,False,False,False,False,True,False,2026-10-08,金融保險,銀行、保險、證券與金融服務（公司級業務待核驗）
2849,2849.TW,EnTie Bank,安泰銀,300.49,,TWSE LISTED,金融保險,15.35,15.5,15.55,15.3,39071,0.6,15.37,15.6,-0.13,-1.6,0.0,-1.29,-4.06,16.3,16.3,17.35,16.3,16.3,-4.6,-4.6,-10.37,5.83,5.83,False,False,False,False,False,False,False,True,True,2026-10-08,金融保險,銀行、保險、證券與金融服務（公司級業務待核驗）
2850,2850.TW,SK Insurance,新產,519.76,,TWSE LISTED,金融保險,164.5,163.0,165.0,162.0,172138,28.32,161.1,160.25,2.11,2.65,0.61,3.13,4.78,169.0,169.0,169.0,169.0,169.0,-2.37,-2.37,-2.37,2.66,2.66,False,False,False,False,False,False,False,True,True,2026-10-08,金融保險,銀行、保險、證券與金融服務（公司級業務待核驗）
2851,2851.TW,Central Re,中再保,383.79,,TWSE LISTED,金融保險,47.95,48.0,48.3,47.2,1756300,84.21,46.69,46.925,2.7,2.18,0.42,5.15,4.01,48.5,48.5,48.5,48.5,48.5,-0.41,-0.41,-0.41,1.13,1.13,True,False,False,False,False,False,False,True,True,2026-10-08,金融保險,銀行、保險、證券與金融服務（公司級業務待核驗）
2852,2852.TW,FIRST INS,第一保,83.57,,TWSE LISTED,金融保險,27.75,27.65,27.75,27.6,170000,4.72,27.57,27.705,0.65,0.16,0.0,0.91,0.54,30.3,31.0,31.0,30.3,31.0,-8.42,-10.48,-10.48,8.42,10.48,False,False,False,True,False,False,False,True,False,2026-10-08,金融保險,銀行、保險、證券與金融服務（公司級業務待核驗）
2855,2855.TW,PSC,統一證,938.43,,TWSE LISTED,金融保險,58.6,57.7,58.9,57.0,3514619,205.96,58.12,57.46,0.83,1.98,1.56,0.69,3.9,59.8,59.8,59.8,59.8,59.8,-1.51,-1.51,-1.51,2.01,2.01,False,False,False,True,False,False,False,True,True,2026-10-08,金融保險,銀行、保險、證券與金融服務（公司級業務待核驗）
2880,2880.TW,HNFHC,華南金,6437.71,,TWSE LISTED,金融保險,45.8,46.6,47.15,45.8,8773966,401.85,45.52,45.465,0.62,0.74,-2.35,2.69,1.22,48.3,48.3,48.3,48.3,48.3,-2.38,-2.38,-2.38,5.18,5.18,False,False,False,False,False,False,False,True,True,2026-10-08,金融保險,銀行、保險、證券與金融服務（公司級業務待核驗）
2881,2881.TW,Fubon Financial,富邦金,21431.27,,TWSE LISTED,金融保險,153.0,154.5,155.5,152.5,14000206,2142.03,153.1,152.15,-0.07,0.56,-1.61,0.66,1.66,156.5,156.5,156.5,156.5,156.5,-0.64,-0.64,-0.64,2.24,2.24,False,False,False,False,False,False,False,True,True,2026-10-08,金融保險,銀行、保險、證券與金融服務（公司級業務待核驗）
2882,2882.TW,CATHAY FHC,國泰金,16136.13,,TWSE LISTED,金融保險,110.0,113.0,113.5,110.0,19209100,2113.0,111.6,111.3,-1.43,-1.17,-2.65,-1.35,-0.45,117.5,117.5,117.5,117.5,117.5,-3.4,-3.4,-3.4,6.38,6.38,False,False,False,False,False,False,False,True,True,2026-10-08,金融保險,銀行、保險、證券與金融服務（公司級業務待核驗）
2883,2883.TW,KGI Financial,凱基金,6373.97,,TWSE LISTED,金融保險,37.55,38.5,38.65,37.4,47728693,1792.21,37.67,38.135,-0.32,-1.53,-2.47,0.67,1.76,40.8,40.8,40.8,40.8,40.8,-5.27,-5.27,-5.27,7.97,7.97,False,False,False,False,False,False,False,True,True,2026-10-08,金融保險,銀行、保險、證券與金融服務（公司級業務待核驗）
2884,2884.TW,E.S.F.H,玉山金,7975.58,,TWSE LISTED,金融保險,45.0,45.75,45.95,45.0,15178786,683.05,45.27,45.265,-0.6,-0.59,-1.64,0.45,-0.77,47.35,47.35,47.35,47.35,47.35,-2.96,-2.96,-2.96,4.96,4.96,False,False,False,False,False,False,False,True,True,2026-10-08,金融保險,銀行、保險、證券與金融服務（公司級業務待核驗）
2885,2885.TW,Yuanta Group,元大金,9469.38,,TWSE LISTED,金融保險,68.3,69.7,70.0,68.3,19895454,1358.86,68.52,68.6,-0.32,-0.44,-2.43,0.15,1.34,71.7,71.7,71.7,71.7,71.7,-2.37,-2.37,-2.37,4.74,4.74,False,False,False,False,False,False,False,True,True,2026-10-08,金融保險,銀行、保險、證券與金融服務（公司級業務待核驗）
2886,2886.TW,MEGA FHC,兆豐金,7312.86,,TWSE LISTED,金融保險,49.3,49.75,50.1,49.25,23736085,1170.19,49.16,49.25,0.28,0.1,-1.0,1.54,0.92,53.7,53.7,53.7,53.7,53.7,-6.7,-6.7,-6.7,8.19,8.19,False,False,False,False,False,False,False,True,True,2026-10-08,金融保險,銀行、保險、證券與金融服務（公司級業務待核驗）
2887,2887.TW,TS Holdings,台新新光金,10297.18,,TWSE LISTED,金融保險,41.0,41.95,42.5,40.95,46214474,1894.79,41.2,41.645,-0.49,-1.55,-2.73,0.37,-0.61,44.8,44.8,44.8,44.8,44.8,-5.13,-5.13,-5.13,8.48,8.48,False,False,False,False,False,False,False,True,True,2026-10-08,金融保險,銀行、保險、證券與金融服務（公司級業務待核驗）
2889,2889.TW,IBF,國票金,604.87,,TWSE LISTED,金融保險,16.5,16.35,16.55,16.35,5407624,89.23,16.22,16.35,1.73,0.92,1.23,3.12,2.17,17.64,17.64,17.64,17.64,17.64,-6.19,-6.19,-6.19,6.48,6.48,True,False,False,False,False,False,False,True,True,2026-10-08,金融保險,銀行、保險、證券與金融服務（公司級業務待核驗）
2890,2890.TW,SINOPACHOLDINGS,永豐金,6511.55,,TWSE LISTED,金融保險,44.05,45.0,45.25,44.05,19963500,879.39,44.238,44.22,-0.43,-0.38,-1.34,0.76,1.68,46.35,46.35,46.35,46.35,46.35,-2.37,-2.37,-2.37,4.96,4.96,False,False,False,False,False,False,False,True,True,2026-10-08,金融保險,銀行、保險、證券與金融服務（公司級業務待核驗）
2891,2891.TW,CTBC HOLDING,中信金,13241.9,,TWSE LISTED,金融保險,67.3,68.7,69.2,67.3,23072803,1552.8,67.82,68.15,-0.77,-1.25,-2.04,-0.15,-0.88,73.6,73.6,73.6,73.6,73.6,-5.98,-5.98,-5.98,8.56,8.56,False,False,False,False,False,False,False,True,True,2026-10-08,金融保險,銀行、保險、證券與金融服務（公司級業務待核驗）
2892,2892.TW,FFHC,第一金,5557.66,,TWSE LISTED,金融保險,38.65,38.8,39.25,38.6,14596568,564.16,38.54,38.8,0.29,-0.39,-0.64,1.58,-0.13,40.95,40.95,40.95,40.95,40.95,-4.15,-4.15,-4.15,5.62,5.62,False,False,False,False,False,False,False,True,True,2026-10-08,金融保險,銀行、保險、證券與金融服務（公司級業務待核驗）
2897,2897.TW,O-Bank,王道銀行,300.17,,TWSE LISTED,金融保險,10.7,10.65,10.75,10.6,2346754,25.11,10.65,10.805,0.47,-0.97,0.47,0.94,-0.93,11.35,11.35,11.35,11.35,11.35,-5.29,-5.29,-5.29,5.73,5.73,False,False,False,False,False,False,False,True,True,2026-10-08,金融保險,銀行、保險、證券與金融服務（公司級業務待核驗）
2901,2901.TW,SHIN SHIN,欣欣,18.33,,TWSE LISTED,貿易百貨,25.1,25.2,25.25,25.1,38386,0.96,24.96,24.385,0.56,2.93,0.8,0.4,1.21,26.8,30.05,36.8,26.8,30.05,-5.78,-15.97,-31.39,6.34,16.47,False,False,False,False,False,False,False,True,False,2026-10-08,貿易百貨,貿易、零售、百貨與消費通路（公司級業務待核驗）
2903,2903.TW,FEDS,遠百,313.85,,TWSE LISTED,貿易百貨,22.15,22.0,22.15,22.0,1230774,27.26,21.88,21.975,1.23,0.8,0.91,1.84,0.91,24.5,35.95,35.95,24.5,35.95,-9.59,-38.39,-38.39,9.59,38.39,False,False,False,False,False,False,False,True,False,2026-10-08,貿易百貨,貿易、零售、百貨與消費通路（公司級業務待核驗）
2904,2904.TW,POCS,匯僑,9.81,,TWSE LISTED,其他,12.6,12.65,12.65,12.55,31000,0.39,12.58,12.59,0.16,0.08,-0.4,0.4,-0.79,17.85,19.95,31.25,17.85,19.95,-29.13,-36.59,-59.53,29.41,36.84,False,False,True,True,False,False,False,False,False,2026-10-08,其他,其他（公司级产品待核验）
2905,2905.TW,MERCURIES,三商,195.98,,TWSE LISTED,貿易百貨,17.65,17.65,17.75,17.6,343381,6.06,17.71,17.985,-0.34,-1.86,-0.28,0.0,-2.22,19.0,21.75,27.51,19.0,21.75,-6.58,-18.39,-35.48,7.11,18.85,False,False,False,False,False,False,False,True,False,2026-10-08,貿易百貨,貿易、零售、百貨與消費通路（公司級業務待核驗）
2906,2906.TW,Collins,高林,29.49,,TWSE LISTED,貿易百貨,14.1,13.25,14.4,13.25,601800,8.49,13.48,13.445,4.6,4.87,6.02,6.42,5.22,16.1,24.7,29.85,16.1,24.7,-10.56,-41.7,-51.76,12.42,42.91,False,False,False,True,False,False,False,False,False,2026-10-08,貿易百貨,貿易、零售、百貨與消費通路（公司級業務待核驗）
2908,2908.TW,Test Rite,特力,112.18,,TWSE LISTED,貿易百貨,22.0,22.0,22.05,21.9,261000,5.74,22.06,22.045,-0.27,-0.2,-0.23,-0.9,-0.45,22.6,22.6,28.0,22.6,22.6,-2.43,-2.43,-21.25,2.65,2.65,False,False,False,False,False,False,False,True,True,2026-10-08,貿易百貨,貿易、零售、百貨與消費通路（公司級業務待核驗）
2910,2910.TW,TONLIN,統領,41.4,,TWSE LISTED,貿易百貨,23.6,23.6,23.6,23.5,6005,0.14,23.53,23.515,0.3,0.36,0.43,1.07,0.0,31.1,31.1,52.9,31.1,31.1,-24.12,-24.12,-55.39,24.12,24.12,False,False,False,True,False,False,False,False,False,2026-10-08,貿易百貨,貿易、零售、百貨與消費通路（公司級業務待核驗）
2911,2911.TW,Les enphants,麗嬰房,6.25,,TWSE LISTED,貿易百貨,5.95,5.95,5.95,5.89,52764,0.31,5.94,6.018,0.17,-1.13,0.51,-1.49,-3.09,10.5,13.83,28.61,10.5,13.83,-43.33,-56.99,-79.2,43.33,56.99,False,False,False,False,False,False,False,False,False,2026-10-08,貿易百貨,貿易、零售、百貨與消費通路（公司級業務待核驗）
2912,2912.TW,PCSC,統一超,2214.4,,TWSE LISTED,貿易百貨,213.0,212.5,213.5,211.5,1865995,397.46,211.7,212.1,0.61,0.42,-0.23,0.95,0.24,250.0,306.0,378.0,250.0,306.0,-14.6,-30.23,-43.52,14.8,30.39,False,False,True,True,False,False,False,False,False,2026-10-08,貿易百貨,貿易、零售、百貨與消費通路（公司級業務待核驗）
2913,2913.TW,TTC,農林,86.5,,TWSE LISTED,貿易百貨,10.95,10.95,11.0,10.9,531220,5.82,10.93,11.01,0.18,-0.54,0.46,0.46,-1.35,13.9,24.25,33.0,13.9,24.25,-20.86,-54.64,-66.67,21.22,54.85,False,False,False,False,False,False,False,False,False,2026-10-08,貿易百貨,貿易、零售、百貨與消費通路（公司級業務待核驗）
2915,2915.TW,RUENTEX IND.LTD,潤泰全,650.44,,TWSE LISTED,貿易百貨,58.9,58.3,59.1,58.2,1377368,81.13,57.88,58.51,1.76,0.67,0.68,3.51,1.03,62.5,83.7,120.64,62.5,83.7,-5.44,-29.39,-51.01,5.76,29.63,True,False,False,True,False,False,False,True,False,2026-10-08,貿易百貨,貿易、零售、百貨與消費通路（公司級業務待核驗）
2916,2916.TWO,MUNSIN,滿心,26.24,,TPEx LISTED,居家生活,40.6,40.5,40.6,40.5,10000,0.41,40.53,40.52,0.17,0.2,0.25,0.25,0.25,49.55,66.8,66.8,49.55,66.8,-18.06,-39.22,-39.22,18.06,39.22,False,False,False,True,False,False,False,False,False,2026-10-08,居家生活,居家用品、建材、家具與生活消費品（公司級產品待核驗）
2923,2923.TW,Sino Horizon,鼎固-KY,417.67,,TWSE LISTED,建材營造,24.0,23.2,24.15,23.2,19000,0.46,23.92,24.435,0.33,-1.78,1.27,-1.03,-5.51,44.15,44.15,44.15,44.15,44.15,-45.3,-45.3,-45.3,45.64,45.64,False,False,False,False,False,False,False,False,False,2026-10-08,建材營造,建材、營造與不動產開發（公司級業務待核驗）
2924,2924.TWO,Grand Galactica,宏太-KY,9.44,,TPEx LISTED,居家生活,18.15,18.15,18.15,18.15,1000,0.02,18.55,18.64,-2.16,-2.63,-0.55,-5.96,-3.71,22.45,46.35,61.9,22.45,46.35,-19.15,-60.84,-70.68,19.15,60.84,False,False,False,False,False,False,False,False,False,2026-10-08,居家生活,居家用品、建材、家具與生活消費品（公司級產品待核驗）
2926,2926.TWO,Eslite Spectrum,誠品生活,14.31,,TPEx LISTED,文化創意業,30.2,29.95,30.2,29.4,6000,0.18,30.16,30.105,0.13,0.32,0.0,0.33,-0.33,40.65,69.0,184.0,40.65,69.0,-25.71,-56.23,-83.59,25.71,56.23,False,False,False,True,False,False,False,False,False,2026-10-08,文化創意業,文化創意業（公司级产品待核验）
2929,2929.TW,TOPBI,淘帝-KY,6.31,,TWSE LISTED,貿易百貨,5.76,5.82,5.82,5.72,65135,0.38,5.738,5.78,0.38,-0.35,0.52,-0.86,-0.86,8.6,16.7,93.1,8.6,16.7,-32.33,-65.15,-93.75,33.02,65.51,False,False,False,False,False,False,False,False,False,2026-10-08,貿易百貨,貿易、零售、百貨與消費通路（公司級業務待核驗）
2937,2937.TWO,Gseven,集雅社,21.55,,TPEx LISTED,居家生活,45.0,45.0,45.0,45.0,2001,0.09,44.96,44.83,0.09,0.38,0.0,0.11,0.67,45.5,45.5,45.5,45.5,45.5,-1.1,-1.1,-1.1,1.1,1.1,False,False,False,False,False,False,False,True,True,2026-10-08,居家生活,居家用品、建材、家具與生活消費品（公司級產品待核驗）
2938,2938.TWO,BEDDING WORLD,床的世界,3.74,,TPEx LISTED,居家生活,18.55,18.3,18.55,18.3,54050,1.0,18.33,18.5,1.2,0.27,1.37,2.2,0.27,29.45,54.8,54.8,29.45,54.8,-37.01,-66.15,-66.15,37.01,66.15,False,False,False,True,False,False,False,False,False,2026-10-08,居家生活,居家用品、建材、家具與生活消費品（公司級產品待核驗）
2939,2939.TW,Vitafoss-KY,永邑-KY,10.75,,TWSE LISTED,貿易百貨,23.6,24.3,24.3,23.5,50000,1.18,23.54,22.1,0.25,6.79,-2.88,0.64,7.52,28.0,38.8,310.0,28.0,38.8,-13.21,-37.37,-92.16,15.71,39.18,False,False,False,False,False,False,False,False,False,2026-10-08,貿易百貨,貿易、零售、百貨與消費通路（公司級業務待核驗）
2941,2941.TWO,MISTER,米斯特,4.79,,TPEx LISTED,居家生活,31.15,31.85,31.85,30.0,7000,0.22,30.83,31.205,1.04,-0.18,-0.64,1.3,0.48,45.95,136.5,136.5,45.95,136.5,-30.69,-76.67,-76.67,32.21,77.18,False,False,False,False,False,False,False,False,False,2026-10-08,居家生活,居家用品、建材、家具與生活消費品（公司級產品待核驗）
2945,2945.TW,Simple Mart,三商家購,26.6,,TWSE LISTED,貿易百貨,39.4,39.25,39.4,39.25,3014,0.12,39.83,39.86,-1.08,-1.15,-1.01,-1.38,-1.25,45.7,49.3,120.38,45.7,49.3,-13.79,-20.08,-67.27,13.79,20.08,False,False,False,False,False,False,False,False,False,2026-10-08,貿易百貨,貿易、零售、百貨與消費通路（公司級業務待核驗）
2947,2947.TWO,Zhen Yu,振宇五金,14.23,,TPEx LISTED,居家生活,60.2,60.6,60.7,60.2,15000,0.9,61.02,60.73,-1.34,-0.87,-0.5,-1.31,-0.5,83.8,96.0,139.09,83.8,96.0,-27.57,-36.77,-56.36,28.16,37.29,False,False,False,False,False,False,False,False,False,2026-10-08,居家生活,居家用品、建材、家具與生活消費品（公司級產品待核驗）
2948,2948.TWO,Bausen,寶陞,11.78,,TPEx LISTED,居家生活,36.8,36.4,36.8,36.4,3000,0.11,36.84,36.855,-0.11,-0.15,1.1,-1.21,0.82,40.3,102.38,102.38,40.3,102.38,-8.68,-64.05,-64.05,8.68,64.05,False,False,False,False,False,False,False,True,False,2026-10-08,居家生活,居家用品、建材、家具與生活消費品（公司級產品待核驗）
2949,2949.TWO,HHG,欣新網,19.86,,TPEx LISTED,數位雲端,64.8,64.8,64.8,64.8,1000,0.06,63.5,64.83,2.05,-0.05,3.68,3.68,-5.95,84.0,129.87,129.87,84.0,129.87,-22.86,-50.1,-50.1,22.86,50.1,False,False,False,False,False,False,False,False,False,2026-10-08,數位雲端,數位雲端、軟體服務與電子商務（公司級產品待核驗）
3002,3002.TW,AHOKU,歐格,19.12,,TWSE LISTED,電腦及週邊設備業,18.75,18.8,19.25,18.7,134000,2.51,19.09,19.09,-1.78,-1.78,-0.79,-2.34,-3.6,25.5,31.9,31.9,25.5,31.9,-24.51,-39.66,-39.66,26.47,41.22,False,False,False,False,False,False,False,False,False,2026-10-08,電腦及週邊設備業,電腦、伺服器與企業硬體
3003,3003.TW,KST,健和興,90.28,,TWSE LISTED,電子零組件業,58.0,58.2,58.5,58.0,198000,11.48,59.02,59.37,-1.73,-2.31,-0.85,-3.01,-3.01,74.0,102.5,109.0,74.0,102.5,-20.95,-42.93,-46.33,21.62,43.41,False,False,False,False,False,False,False,False,False,2026-10-08,電子零組件業,電子零組件：PCB、CCL、IC載板、連接器與被動元件（公司級品類待核驗）
3004,3004.TW,NAFCO,豐達科,77.58,,TWSE LISTED,鋼鐵工業,120.5,121.0,121.0,119.5,109100,13.15,121.0,119.75,-0.41,0.63,-0.41,0.0,-0.41,163.0,164.0,164.0,163.0,164.0,-25.77,-26.22,-26.22,26.07,26.52,False,False,False,False,False,False,False,False,False,2026-10-08,鋼鐵工業,鋼鐵、特殊鋼與金屬材料（公司級產品待核驗）
3005,3005.TW,Getac,神基,740.12,,TWSE LISTED,電腦及週邊設備業,118.5,118.0,118.5,117.0,1134780,134.47,117.9,117.45,0.51,0.89,0.42,1.28,0.85,139.5,167.5,167.5,139.5,167.5,-15.05,-29.25,-29.25,15.05,29.25,False,False,False,True,False,False,False,False,False,2026-10-08,電腦及週邊設備業,電腦、伺服器與企業硬體
3006,3006.TW,ESMT,晶豪科,796.0,,TWSE LISTED,半導體業,267.0,273.0,275.5,266.0,6709302,1791.38,275.7,277.95,-3.16,-3.94,-1.29,-5.32,-4.98,319.0,319.0,319.0,319.0,319.0,-13.64,-13.64,-13.64,16.3,16.3,False,False,False,False,False,False,False,False,False,2026-10-08,半導體業,IC設計（影像／感測與類比混合訊號晶片）
3008,3008.TW,LARGAN,大立光,8711.16,,TWSE LISTED,光電業,6660.0,6805.0,6930.0,6600.0,1709053,11382.29,6676.0,6398.5,-0.24,4.09,-2.7,-1.04,7.33,7995.0,7995.0,7995.0,7995.0,7995.0,-13.32,-13.32,-13.32,16.7,16.7,False,False,False,False,False,False,False,False,False,2026-10-08,光電業,光學鏡頭／影像光學元件
3010,3010.TW,WAH LEE,華立,343.75,,TWSE LISTED,電子通路業,132.5,132.0,133.0,131.0,521078,69.04,130.7,128.1,1.38,3.43,0.38,1.92,5.16,151.0,157.0,157.0,151.0,157.0,-11.92,-15.29,-15.29,12.25,15.61,True,True,False,False,False,False,False,False,False,2026-10-08,電子通路業,電子通路、半導體代理與零組件分銷（公司級代理品類待核驗）
3011,3011.TW,JH,今皓,12.79,,TWSE LISTED,電子零組件業,9.87,10.0,10.0,9.85,258300,2.55,9.812,9.903,0.59,-0.33,-1.3,0.71,-1.79,16.05,39.9,43.1,16.05,39.9,-37.69,-74.94,-76.8,38.5,75.26,False,False,False,False,False,False,False,False,False,2026-10-08,電子零組件業,電子零組件：PCB、CCL、IC載板、連接器與被動元件（公司級品類待核驗）
3013,3013.TW,UNEEC,晟銘電,208.86,,TWSE LISTED,電腦及週邊設備業,97.9,95.3,98.8,94.7,6252359,612.11,94.98,90.85,3.07,7.76,1.66,5.27,4.15,130.77,169.23,169.23,130.77,169.23,-24.45,-41.62,-41.62,25.14,42.15,True,False,False,False,False,False,False,False,False,2026-10-08,電腦及週邊設備業,電腦、伺服器與企業硬體
3014,3014.TW,ITE,聯陽,240.63,,TWSE LISTED,半導體業,145.0,147.5,147.5,145.0,2354864,341.46,145.6,143.85,-0.41,0.8,-2.68,-1.02,2.11,171.0,185.0,185.0,171.0,185.0,-13.74,-20.27,-20.27,15.2,21.62,False,False,False,False,False,False,False,False,False,2026-10-08,半導體業,半導體／IC設計或製造（細分環節待核驗）
3015,3015.TW,FSP,全漢,96.81,,TWSE LISTED,電子零組件業,51.7,52.6,52.6,51.7,347000,17.94,53.32,53.67,-3.04,-3.67,-1.71,-3.9,-5.31,74.8,74.8,74.8,74.8,74.8,-29.68,-29.68,-29.68,30.88,30.88,False,False,False,False,False,False,False,False,False,2026-10-08,電子零組件業,電子零組件：PCB、CCL、IC載板、連接器與被動元件（公司級品類待核驗）
3016,3016.TW,EPi,嘉晶,538.13,,TWSE LISTED,半導體業,183.5,193.0,194.5,178.5,6130662,1124.98,185.7,174.35,-1.18,5.25,-5.9,1.1,9.23,195.5,195.5,195.5,195.5,195.5,-0.51,-0.51,-0.51,6.14,6.14,False,False,False,False,False,False,False,True,True,2026-10-08,半導體業,半導體／IC設計或製造（細分環節待核驗）
3017,3017.TW,AVC,奇鋐,13507.85,,TWSE LISTED,電腦及週邊設備業,3440.0,3445.0,3515.0,3410.0,2974272,10231.5,3539.0,3506.5,-2.8,-1.9,-2.96,-4.04,-1.99,3700.0,3700.0,3700.0,3700.0,3700.0,-5.0,-5.0,-5.0,7.03,7.03,False,False,False,False,False,False,False,True,True,2026-10-08,電腦及週邊設備業,電腦、伺服器與企業硬體
3018,3018.TW,LUNG MING,隆銘綠能,8.29,,TWSE LISTED,其他電子業,11.0,11.15,11.5,10.95,115103,1.27,11.63,11.835,-5.42,-7.06,-4.35,-7.95,-10.2,18.9,35.5,175.13,18.9,35.5,-39.15,-67.61,-93.43,41.8,69.01,False,False,False,False,False,False,False,False,False,2026-10-08,其他電子業,其他電子：電子模組、感測器、電源與車用電子（公司級產品待核驗）
3019,3019.TW,ASIA,亞光,382.56,,TWSE LISTED,光電業,137.0,138.5,139.0,137.0,1581575,216.68,139.3,137.55,-1.65,-0.4,-0.72,-3.18,0.0,172.0,218.0,218.0,172.0,218.0,-19.19,-36.24,-36.24,20.35,37.16,False,False,False,False,False,False,False,False,False,2026-10-08,光電業,光電顯示／光學元件
3021,3021.TW,WELLTEND,鴻名,25.66,,TWSE LISTED,電子零組件業,27.1,27.55,27.55,26.6,675000,18.29,27.64,27.585,-1.95,-1.76,-3.04,-2.34,-3.73,40.0,40.45,40.45,40.0,40.45,-31.13,-31.89,-31.89,32.25,33.0,False,False,False,False,False,False,False,False,False,2026-10-08,電子零組件業,電子零組件：PCB、CCL、IC載板、連接器與被動元件（公司級品類待核驗）
3022,3022.TW,IEI,威強電,159.47,,TWSE LISTED,電腦及週邊設備業,90.3,90.7,92.0,89.4,740064,66.83,91.06,91.7,-0.83,-1.53,-0.44,-1.85,-2.48,116.5,122.0,122.0,116.5,122.0,-21.03,-24.59,-24.59,22.49,25.98,False,False,False,False,False,False,False,False,False,2026-10-08,電腦及週邊設備業,電腦、伺服器與企業硬體
3023,3023.TW,SINBON,信邦,789.83,,TWSE LISTED,電子零組件業,329.0,323.0,330.0,323.0,603340,198.5,320.7,315.0,2.59,4.44,1.86,2.02,6.47,353.5,353.5,387.0,353.5,353.5,-6.65,-6.65,-14.73,6.93,6.93,False,False,False,False,False,False,False,True,True,2026-10-08,電子零組件業,電子零組件：PCB、CCL、IC載板、連接器與被動元件（公司級品類待核驗）
3024,3024.TW,ACTION,憶聲,38.66,,TWSE LISTED,光電業,13.95,13.8,14.15,13.65,815000,11.37,13.83,14.06,0.87,-0.78,1.09,1.45,-1.06,18.4,25.15,25.15,18.4,25.15,-23.1,-43.74,-43.74,24.18,44.53,False,False,False,False,False,False,False,False,False,2026-10-08,光電業,光電顯示／光學元件
3025,3025.TW,LOOP,星通,31.89,,TWSE LISTED,通信網路業,56.2,58.1,58.5,55.9,611050,34.34,57.08,55.32,-1.54,1.59,-3.93,0.54,-3.27,85.0,91.0,91.0,85.0,91.0,-31.18,-35.71,-35.71,33.88,38.24,False,False,False,False,False,False,False,False,False,2026-10-08,通信網路業,通信網路／網通設備
3026,3026.TW,HOLY STONE,禾伸堂,1454.86,,TWSE LISTED,電子零組件業,877.0,832.0,888.0,812.0,15303021,13420.75,832.8,818.1,5.31,7.2,4.53,7.34,2.93,1045.0,1045.0,1045.0,1045.0,1045.0,-15.02,-15.02,-15.02,16.08,16.08,False,False,True,True,False,False,False,False,False,2026-10-08,電子零組件業,電子零組件：PCB、CCL、IC載板、連接器與被動元件（公司級品類待核驗）
3027,3027.TW,BILLION,盛達,24.67,,TWSE LISTED,通信網路業,19.1,19.95,19.95,19.05,276000,5.27,19.14,18.895,-0.21,1.08,-3.29,1.6,2.14,29.1,50.8,58.4,29.1,50.8,-31.44,-60.73,-65.84,34.36,62.4,False,False,False,False,False,False,False,False,False,2026-10-08,通信網路業,通信網路／網通設備
3028,3028.TW,ZENITRON,增你強,150.89,,TWSE LISTED,電子通路業,63.6,62.9,63.8,62.7,526550,33.49,63.24,62.81,0.57,1.26,0.79,0.32,2.42,88.3,88.3,88.3,88.3,88.3,-27.75,-27.75,-27.75,27.97,27.97,False,False,True,True,False,False,False,False,False,2026-10-08,電子通路業,電子通路、半導體代理與零組件分銷（公司級代理品類待核驗）
3029,3029.TW,ZERO ONE,零壹,191.22,,TWSE LISTED,資訊服務業,114.5,115.0,117.0,114.5,731410,83.75,116.6,117.8,-1.8,-2.8,-0.87,-2.55,-3.78,126.0,174.0,174.0,126.0,174.0,-7.14,-32.76,-32.76,9.13,34.2,False,False,False,False,False,False,False,True,False,2026-10-08,資訊服務業,資訊服務、軟體、雲端與系統整合（公司級產品待核驗）
3030,3030.TW,TRI,德律,740.54,,TWSE LISTED,其他電子業,313.5,311.0,316.0,307.0,2164055,678.43,308.1,291.9,1.75,7.4,0.0,2.62,8.48,457.5,457.5,457.5,457.5,457.5,-30.93,-30.93,-30.93,31.48,31.48,False,False,False,False,False,False,False,False,False,2026-10-08,其他電子業,其他電子：電子模組、感測器、電源與車用電子（公司級產品待核驗）
3031,3031.TW,BRIGHT,佰鴻,57.5,,TWSE LISTED,光電業,33.2,33.0,35.0,33.0,5328883,176.92,33.32,31.79,-0.36,4.44,-0.9,0.91,8.85,36.85,36.85,36.85,36.85,36.85,-5.02,-5.02,-5.02,9.91,9.91,False,False,False,False,False,False,False,True,True,2026-10-08,光電業,光電顯示／光學元件
3032,3032.TW,COMPUCASE,偉訓,87.23,,TWSE LISTED,電子零組件業,77.0,76.8,77.6,76.6,182750,14.07,78.24,78.77,-1.58,-2.25,-0.26,-2.9,-2.9,96.2,123.0,123.0,96.2,123.0,-19.33,-36.91,-36.91,19.96,37.4,False,False,False,False,False,False,False,False,False,2026-10-08,電子零組件業,電子零組件：PCB、CCL、IC載板、連接器與被動元件（公司級品類待核驗）
3033,3033.TW,Weikeng,威健,214.63,,TWSE LISTED,電子通路業,41.55,41.6,41.9,41.55,1672142,69.48,41.97,42.025,-1.0,-1.13,-0.36,-2.0,-2.0,59.4,59.4,59.4,59.4,59.4,-29.46,-29.46,-29.46,30.05,30.05,False,False,False,False,False,False,False,False,False,2026-10-08,電子通路業,電子通路、半導體代理與零組件分銷（公司級代理品類待核驗）
3034,3034.TW,NOVATEK,聯詠,3231.2,,TWSE LISTED,半導體業,531.0,533.0,538.0,528.0,2237409,1188.06,535.4,539.8,-0.82,-1.63,0.38,-2.21,-2.93,606.0,646.0,656.0,606.0,646.0,-11.22,-16.72,-17.99,12.38,17.8,False,False,False,False,False,False,False,False,False,2026-10-08,半導體業,IC設計（顯示驅動與SoC晶片）
3035,3035.TW,Faraday,智原,526.31,,TWSE LISTED,半導體業,202.0,210.0,210.0,201.5,3214465,649.32,210.6,209.7,-4.08,-3.67,-3.35,-6.48,-5.16,245.0,459.5,459.5,245.0,459.5,-14.29,-54.3,-54.3,17.55,56.04,False,False,False,False,False,False,False,False,False,2026-10-08,半導體業,IC設計（顯示驅動／電源管理晶片）
3036,3036.TW,WT,文曄,2738.06,,TWSE LISTED,電子通路業,215.5,213.5,217.0,212.0,5243997,1130.08,214.6,211.15,0.42,2.06,0.0,0.94,1.41,308.0,308.0,308.0,308.0,308.0,-29.55,-29.55,-29.55,30.03,30.03,False,False,False,False,False,False,False,False,False,2026-10-08,電子通路業,電子通路、半導體代理與零組件分銷（公司級代理品類待核驗）
3037,3037.TW,UNIMICRON,欣興,20844.4,,TWSE LISTED,電子零組件業,1270.0,1280.0,1295.0,1255.0,8192303,10404.22,1303.0,1241.5,-2.53,2.3,-2.68,-4.15,4.53,1420.0,1420.0,1420.0,1420.0,1420.0,-8.8,-8.8,-8.8,10.56,10.56,False,False,False,False,False,False,False,False,False,2026-10-08,電子零組件業,PCB與IC載板（ABF／BT載板）
3038,3038.TW,EDT,全台,32.11,,TWSE LISTED,光電業,20.4,20.5,20.5,20.3,64000,1.31,20.45,20.485,-0.24,-0.41,-0.24,0.0,-2.39,25.4,37.4,44.8,25.4,37.4,-19.29,-45.19,-54.24,19.69,45.45,False,False,False,False,False,False,False,False,False,2026-10-08,光電業,光電顯示／光學元件
3040,3040.TW,G.V.,遠見,21.22,,TWSE LISTED,其他,32.05,33.0,33.0,32.05,487437,15.62,33.32,33.8,-3.81,-5.18,-2.88,-5.46,-4.04,57.4,77.0,77.0,57.4,77.0,-42.51,-57.14,-57.14,44.16,58.38,False,False,False,False,False,False,False,False,False,2026-10-08,其他,其他（公司级产品待核验）
3041,3041.TW,ALi,揚智,33.89,,TWSE LISTED,半導體業,23.85,24.05,24.05,23.55,456349,10.88,24.21,24.045,-1.49,-0.81,-0.62,-1.24,-3.25,32.5,59.08,73.83,32.5,59.08,-26.0,-59.29,-67.43,26.62,59.63,False,False,False,False,False,False,False,False,False,2026-10-08,半導體業,半導體／IC設計或製造（細分環節待核驗）
3042,3042.TW,TXC,晶技,723.72,,TWSE LISTED,電子零組件業,211.0,207.5,215.0,203.5,12520164,2641.75,215.7,211.65,-2.18,-0.31,0.24,-4.95,-3.43,250.0,250.0,250.0,250.0,250.0,-14.0,-14.0,-14.0,15.6,15.6,False,False,False,False,False,False,False,False,False,2026-10-08,電子零組件業,電子零組件：PCB、CCL、IC載板、連接器與被動元件（公司級品類待核驗）
3043,3043.TW,PCM,科風,8.01,,TWSE LISTED,其他電子業,20.55,20.85,20.9,20.55,43778,0.9,20.77,20.605,-1.06,-0.27,-1.44,-1.44,1.48,26.85,47.3,74.75,26.85,47.3,-22.16,-55.81,-72.04,23.46,56.55,False,False,False,False,False,False,False,False,False,2026-10-08,其他電子業,其他電子：電子模組、感測器、電源與車用電子（公司級產品待核驗）
3044,3044.TW,Tripod,健鼎,3059.03,,TWSE LISTED,電子零組件業,582.0,571.0,594.0,568.0,1904005,1108.13,568.4,549.8,2.39,5.86,0.0,4.49,10.02,598.0,598.0,598.0,598.0,598.0,-0.67,-0.67,-0.67,2.68,2.68,False,False,False,False,False,False,False,True,True,2026-10-08,電子零組件業,PCB印刷電路板（硬板、伺服器與網通板）
3045,3045.TW,TWM,台灣大,4617.05,,TWSE LISTED,通信網路業,124.0,122.0,124.0,122.0,5961535,739.23,122.8,122.2,0.98,1.47,1.22,1.22,1.64,125.5,125.5,125.5,125.5,125.5,-1.2,-1.2,-1.2,1.2,1.2,False,False,False,True,False,False,False,True,True,2026-10-08,通信網路業,電信服務／行動通信與寬頻網路
3046,3046.TW,AOPEN,建碁,41.03,,TWSE LISTED,電腦及週邊設備業,52.3,52.7,53.0,52.2,169076,8.84,53.3,53.5,-1.88,-2.24,-1.32,-2.79,-2.24,64.0,75.0,104.32,64.0,75.0,-17.19,-29.33,-49.19,18.28,30.27,False,False,False,False,False,False,False,False,False,2026-10-08,電腦及週邊設備業,電腦、伺服器與企業硬體
3047,3047.TW,EDIMAX,訊舟,32.25,,TWSE LISTED,通信網路業,14.35,14.4,14.5,14.3,321282,4.61,14.45,14.53,-0.69,-1.24,-1.03,-0.35,-1.03,20.5,48.5,48.5,20.5,48.5,-29.27,-70.1,-70.1,30.0,70.41,False,False,False,False,False,False,False,False,False,2026-10-08,通信網路業,通信網路／網通設備
3048,3048.TW,EDOM,益登,153.8,,TWSE LISTED,電子通路業,57.0,54.8,58.3,54.8,12121457,690.92,54.2,52.89,5.17,7.77,6.74,6.34,7.95,81.9,81.9,81.9,81.9,81.9,-28.82,-28.82,-28.82,30.4,30.4,False,False,False,False,False,False,False,False,False,2026-10-08,電子通路業,電子通路、半導體代理與零組件分銷（公司級代理品類待核驗）
3049,3049.TW,HannsTouch,精金,96.24,,TWSE LISTED,光電業,12.0,12.2,12.2,12.0,2613987,31.37,12.21,12.28,-1.72,-2.28,-1.64,-2.04,-2.44,18.0,18.0,19.55,18.0,18.0,-32.22,-32.22,-37.6,33.33,33.33,False,False,False,False,False,False,False,False,False,2026-10-08,光電業,光電顯示／光學元件
3050,3050.TW,U-TECH,鈺德,17.98,,TWSE LISTED,光電業,11.6,11.6,11.7,11.55,305000,3.54,11.61,11.64,-0.09,-0.34,0.0,-0.43,-1.28,15.3,29.75,29.75,15.3,29.75,-23.53,-60.67,-60.67,24.18,61.01,False,False,False,False,False,False,False,False,False,2026-10-08,光電業,光電顯示／光學元件
3051,3051.TW,Optimax,力特,37.16,,TWSE LISTED,光電業,22.25,22.35,22.45,22.2,337896,7.52,22.7,22.725,-1.98,-2.09,-0.89,-2.84,-3.26,31.4,46.75,46.75,31.4,46.75,-28.5,-51.98,-51.98,29.14,52.41,False,False,False,False,False,False,False,False,False,2026-10-08,光電業,光電顯示／光學元件
3052,3052.TW,APEX,夆典,24.37,,TWSE LISTED,建材營造,10.45,10.45,10.5,10.45,101473,1.06,10.46,10.43,-0.1,0.19,-0.48,0.0,0.0,12.15,14.61,14.61,12.15,14.61,-13.58,-28.12,-28.13,13.99,28.46,False,False,False,False,False,False,False,False,False,2026-10-08,建材營造,建材、營造與不動產開發（公司級業務待核驗）
3054,3054.TW,LIWANLI,立萬利,46.86,,TWSE LISTED,電子通路業,58.1,58.5,58.9,58.1,43000,2.5,59.42,59.18,-2.22,-1.82,-1.36,-3.33,-2.52,96.0,96.0,96.0,96.0,96.0,-38.65,-38.65,-38.65,39.48,39.48,False,False,False,False,False,False,False,False,False,2026-10-08,電子通路業,電子通路、半導體代理與零組件分銷（公司級代理品類待核驗）
3055,3055.TW,Spirox Corp.,蔚華科,256.39,,TWSE LISTED,電子通路業,223.0,223.0,223.0,219.0,362603,80.86,218.4,211.75,2.11,5.31,0.0,3.0,6.19,227.5,227.5,227.5,227.5,227.5,-1.98,-1.98,-1.98,1.98,1.98,False,False,False,False,False,False,False,True,True,2026-10-08,電子通路業,電子通路、半導體代理與零組件分銷（公司級代理品類待核驗）
3056,3056.TW,Fu Hua,富華新,66.08,,TWSE LISTED,建材營造,13.75,13.65,13.75,13.55,552061,7.59,13.66,13.785,0.66,-0.25,0.73,1.1,0.0,18.15,30.33,30.33,18.15,30.33,-24.24,-54.67,-54.67,24.24,54.67,False,False,False,False,False,False,False,False,False,2026-10-08,建材營造,建材、營造與不動產開發（公司級業務待核驗）
3057,3057.TW,Promise,喬鼎,10.59,,TWSE LISTED,電腦及週邊設備業,15.6,15.0,15.6,14.95,81434,1.27,15.44,15.75,1.04,-0.95,4.0,0.0,-1.89,25.2,27.5,47.98,25.2,27.5,-38.1,-43.27,-67.49,38.1,43.27,False,False,False,False,False,False,False,False,False,2026-10-08,電腦及週邊設備業,電腦、伺服器與企業硬體
3058,3058.TW,LEI,立德,16.78,,TWSE LISTED,電子零組件業,8.32,8.2,8.42,8.2,577711,4.81,8.196,8.2,1.51,1.46,1.46,2.46,2.09,11.2,25.4,30.77,11.2,25.4,-24.82,-66.85,-72.63,25.71,67.24,True,False,False,True,False,False,False,False,False,2026-10-08,電子零組件業,電子零組件：PCB、CCL、IC載板、連接器與被動元件（公司級品類待核驗）
3059,3059.TW,Altek,華晶科,117.22,,TWSE LISTED,光電業,38.1,38.5,38.5,38.0,741227,28.24,38.42,38.28,-0.83,-0.47,-1.17,-0.39,-0.52,54.5,64.9,64.9,54.5,64.9,-29.36,-40.68,-40.68,30.09,41.29,False,False,False,False,False,False,False,False,False,2026-10-08,光電業,光電顯示／光學元件
3060,3060.TW,MIN AIK,銘異,39.55,,TWSE LISTED,電腦及週邊設備業,28.75,29.2,29.35,28.75,579800,16.67,28.84,28.09,-0.31,2.35,-1.37,0.88,1.59,42.2,42.2,42.2,42.2,42.2,-30.45,-30.45,-30.45,31.87,31.87,False,False,False,False,False,False,False,False,False,2026-10-08,電腦及週邊設備業,電腦、伺服器與企業硬體
3062,3062.TW,CyberTAN,建漢,73.28,,TWSE LISTED,通信網路業,22.2,22.2,22.45,22.1,948942,21.07,22.44,22.35,-1.07,-0.67,-0.67,-2.2,-0.22,34.1,41.15,41.15,34.1,41.15,-34.16,-45.44,-45.44,34.9,46.05,False,False,False,False,False,False,False,False,False,2026-10-08,通信網路業,通信網路／網通設備
3064,3064.TWO,Astro Corp.,泰偉,1.95,,TPEx LISTED,文化創意業,14.95,14.9,14.95,14.9,2000,0.03,14.72,15.815,1.56,-5.47,2.4,4.55,-5.08,50.4,119.0,376.41,50.4,119.0,-70.34,-87.44,-96.03,70.34,87.44,False,False,False,False,False,False,False,False,False,2026-10-08,文化創意業,文化創意業（公司级产品待核验）
3066,3066.TWO,TAIWAN OASIS,李洲,22.55,,TPEx LISTED,光電業,27.15,27.6,28.25,27.05,1032058,28.02,27.71,28.08,-2.02,-3.31,0.56,-3.21,-6.06,31.45,35.65,48.2,31.45,35.65,-10.17,-20.76,-41.39,13.67,23.84,False,False,False,False,False,False,False,False,False,2026-10-08,光電業,光電顯示／光學元件
3067,3067.TWO,PNC,全域,3.26,,TPEx LISTED,居家生活,16.3,16.5,16.5,16.3,7676,0.13,16.78,16.77,-2.86,-2.8,-3.55,-3.55,-3.55,21.1,41.8,71.55,21.1,41.8,-21.8,-60.53,-76.94,22.75,61.0,False,False,False,False,False,False,False,False,False,2026-10-08,居家生活,居家用品、建材、家具與生活消費品（公司級產品待核驗）
3071,3071.TWO,ADDA,協禧,25.02,,TPEx LISTED,電腦及週邊設備業,22.75,22.85,22.85,22.5,181500,4.13,22.75,22.88,-0.0,-0.57,0.66,0.22,-1.3,36.2,43.3,52.0,36.2,43.3,-36.88,-47.23,-56.06,37.15,47.46,False,False,False,False,False,False,False,False,False,2026-10-08,電腦及週邊設備業,電腦、伺服器與企業硬體
3073,3073.TWO,Teamphon,天方能源,8.87,,TPEx LISTED,綠能環保,22.45,20.45,22.45,20.4,46628,1.05,20.91,20.685,7.36,8.53,9.78,9.25,9.51,37.95,104.1,104.1,37.95,104.1,-40.84,-78.44,-78.44,40.84,78.44,False,False,False,True,False,False,False,False,False,2026-10-08,綠能環保,綠能、太陽能、儲能與環境工程（公司級產品待核驗）
3078,3078.TWO,CWT,僑威,105.85,,TPEx LISTED,電子零組件業,46.55,46.4,46.55,46.0,336823,15.68,46.13,45.885,0.91,1.45,0.98,1.2,1.75,70.4,97.5,97.5,70.4,97.5,-33.88,-52.26,-52.26,33.88,52.26,True,True,False,False,False,False,False,False,False,2026-10-08,電子零組件業,電子零組件：PCB、CCL、IC載板、連接器與被動元件（公司級品類待核驗）
3081,3081.TWO,LandMark,聯亞,3015.32,,TPEx LISTED,通信網路業,2960.0,3075.0,3120.0,2955.0,2770226,8199.87,2989.0,2833.0,-0.97,4.48,-5.73,-1.33,11.28,3600.0,3600.0,3600.0,3600.0,3600.0,-13.33,-13.33,-13.33,17.78,17.78,False,False,False,False,False,False,False,False,False,2026-10-08,通信網路業,通信網路／網通設備
3083,3083.TWO,CHINESEGAMER,網龍,19.85,,TPEx LISTED,文化創意業,22.95,23.2,23.2,22.95,22000,0.5,23.33,23.16,-1.63,-0.91,-0.43,-3.37,-4.18,38.2,60.6,101.5,38.2,60.6,-39.27,-61.72,-77.14,39.92,62.13,False,False,False,False,False,False,False,False,False,2026-10-08,文化創意業,文化創意業（公司级产品待核验）
3085,3085.TWO,NEWRETAIL,新零售,8.35,,TPEx LISTED,數位雲端,15.586,15.586,15.586,15.586,0,0.0,15.586,15.329,0.0,1.68,0.0,0.0,0.0,21.77,35.68,406.18,21.77,35.68,-28.4,-56.32,-96.16,28.4,56.32,False,False,False,False,False,False,False,False,False,2026-10-08,數位雲端,數位雲端、軟體服務與電子商務（公司級產品待核驗）
3086,3086.TWO,WAYI,華義*,73.63,,TPEx LISTED,文化創意業,27.0,26.5,27.35,26.5,44000,1.19,27.52,27.69,-1.89,-2.49,-1.46,-1.46,-1.28,47.5,47.5,47.5,47.5,47.5,-42.42,-42.42,-42.42,43.16,43.16,False,False,False,False,False,False,False,False,False,2026-10-08,文化創意業,文化創意業（公司级产品待核验）
3088,3088.TWO,AXIOMTEK,艾訊,149.17,,TPEx LISTED,電腦及週邊設備業,132.0,131.5,134.0,131.5,484082,63.9,133.6,132.65,-1.2,-0.49,-1.49,-1.86,-0.38,159.0,159.0,159.0,159.0,159.0,-15.72,-15.72,-15.72,16.98,16.98,False,False,False,False,False,False,False,False,False,2026-10-08,電腦及週邊設備業,電腦、伺服器與企業硬體
3090,3090.TW,NDB,日電貿,500.37,,TWSE LISTED,電子零組件業,174.0,174.5,176.0,169.0,4285854,745.74,173.5,168.85,0.29,3.05,0.0,0.58,2.96,365.0,365.0,365.0,365.0,365.0,-51.78,-51.78,-51.78,52.33,52.33,False,False,False,False,False,False,False,False,False,2026-10-08,電子零組件業,電子零組件：PCB、CCL、IC載板、連接器與被動元件（公司級品類待核驗）
3092,3092.TW,HOTRON,鴻碩,25.76,,TWSE LISTED,電子零組件業,24.15,24.15,24.2,24.05,74206,1.79,24.17,23.825,-0.08,1.36,-1.63,0.21,-0.62,40.5,40.5,78.99,40.5,40.5,-40.25,-40.25,-69.36,40.37,40.37,False,False,False,False,False,False,False,False,False,2026-10-08,電子零組件業,電子零組件：PCB、CCL、IC載板、連接器與被動元件（公司級品類待核驗）
3093,3093.TWO,TKK,港建*,66.99,,TPEx LISTED,其他電子業,46.15,46.5,46.7,45.8,135000,6.23,46.44,45.6,-0.62,1.21,-0.75,-1.18,0.65,77.7,77.7,77.7,77.7,77.7,-39.9,-39.9,-39.9,40.6,40.6,False,False,False,False,False,False,False,False,False,2026-10-08,其他電子業,其他電子：電子模組、感測器、電源與車用電子（公司級產品待核驗）
3094,3094.TW,DAVICOM,聯傑,57.6,,TWSE LISTED,半導體業,69.3,67.6,69.4,66.6,2306845,159.86,69.06,64.29,0.35,7.79,2.67,0.43,2.36,73.5,73.5,73.5,73.5,73.5,-5.58,-5.58,-5.58,5.71,5.71,False,False,False,False,False,False,False,True,True,2026-10-08,半導體業,半導體／IC設計或製造（細分環節待核驗）
3095,3095.TWO,CCC,及成,4.79,,TPEx LISTED,通信網路業,32.65,33.0,33.0,32.65,5464,0.18,33.13,33.36,-1.45,-2.13,-0.76,-2.54,-1.66,49.45,85.0,85.0,49.45,85.0,-33.27,-61.18,-61.18,33.97,61.59,False,False,False,False,False,False,False,False,False,2026-10-08,通信網路業,通信網路／網通設備
3105,3105.TWO,WIN,穩懋,2463.09,,TPEx LISTED,半導體業,581.0,578.0,592.0,566.0,16166560,9392.77,593.4,553.9,-2.09,4.89,-1.19,-5.53,7.99,637.0,637.0,637.0,637.0,637.0,-7.06,-7.06,-7.06,8.79,8.79,False,False,False,False,False,False,False,True,True,2026-10-08,半導體業,半導體／IC設計或製造（細分環節待核驗）
3114,3114.TWO,HT,好德,25.97,,TPEx LISTED,電子零組件業,38.35,39.55,39.55,38.2,698869,26.8,40.4,37.305,-5.07,2.8,-3.03,-12.04,6.38,56.25,56.25,56.25,56.25,56.25,-29.69,-29.69,-29.69,31.82,31.82,False,False,False,False,False,False,False,False,False,2026-10-08,電子零組件業,電子零組件：PCB、CCL、IC載板、連接器與被動元件（公司級品類待核驗）
3115,3115.TWO,TSC,富榮綱,5.78,,TPEx LISTED,電子零組件業,8.0,8.07,8.11,8.0,23000,0.18,8.262,8.261,-3.17,-3.16,-1.48,-5.88,-2.44,11.2,15.81,48.59,11.2,15.81,-27.59,-48.71,-83.31,28.57,49.4,False,False,False,False,False,False,False,False,False,2026-10-08,電子零組件業,電子零組件：PCB、CCL、IC載板、連接器與被動元件（公司級品類待核驗）
3118,3118.TWO,LEVEL,進階,10.16,,TPEx LISTED,生技醫療業,31.3,31.3,31.4,31.1,16003,0.5,31.28,31.285,0.06,0.05,0.0,0.32,-0.79,34.7,39.9,41.8,34.7,39.9,-9.51,-21.3,-24.88,9.8,21.55,False,False,False,True,False,False,False,True,False,2026-10-08,生技醫療業,生技、製藥、醫療器材與健康服務（公司級產品待核驗）
3122,3122.TWO,Megawin,笙泉,9.76,,TPEx LISTED,半導體業,23.95,24.1,24.1,23.7,32000,0.77,23.99,24.04,-0.17,-0.37,-0.83,2.57,-2.24,42.3,64.0,72.8,42.3,64.0,-43.03,-62.34,-66.9,43.38,62.58,False,False,False,False,False,False,False,False,False,2026-10-08,半導體業,半導體／IC設計或製造（細分環節待核驗）
3128,3128.TWO,HI SHARP,昇銳,10.13,,TPEx LISTED,光電業,20.2,20.1,20.3,20.05,32633,0.66,20.17,20.22,0.15,-0.1,0.5,0.75,0.75,29.58,45.39,49.09,29.58,45.39,-31.36,-55.28,-58.64,31.7,55.5,False,False,False,False,False,False,False,False,False,2026-10-08,光電業,光電顯示／光學元件
3130,3130.TW,104,一零四,68.87,,TWSE LISTED,數位雲端,207.5,208.5,208.5,207.5,14109,2.93,208.3,208.65,-0.38,-0.55,0.0,-0.72,-1.19,228.5,250.5,250.5,228.5,250.5,-8.75,-16.77,-16.77,9.19,17.17,False,False,False,False,False,False,False,True,False,2026-10-08,數位雲端,數位雲端、軟體服務與電子商務（公司級產品待核驗）
3131,3131.TWO,GPTC,弘塑,735.35,,TPEx LISTED,半導體業,2465.0,2410.0,2465.0,2390.0,205091,505.55,2481.0,2456.0,-0.64,0.37,0.61,-2.57,3.57,4045.0,4045.0,4045.0,4045.0,4045.0,-39.06,-39.06,-39.06,39.06,39.06,False,False,False,False,False,False,False,False,False,2026-10-08,半導體業,半導體／IC設計或製造（細分環節待核驗）
3135,3135.TW,Goldkey Tech.,凌航,153.03,,TWSE LISTED,半導體業,157.5,157.0,159.0,157.0,349371,55.03,157.6,157.5,-0.06,0.0,0.32,0.32,0.32,253.89,253.89,253.89,253.89,253.89,-37.38,-37.38,-37.38,37.97,37.97,False,False,False,False,False,False,False,False,False,2026-10-08,半導體業,半導體／IC設計或製造（細分環節待核驗）
3138,3138.TW,Auden,耀登,56.17,,TWSE LISTED,通信網路業,99.6,102.0,102.0,99.6,247007,24.6,101.72,100.32,-2.08,-0.72,-2.35,-5.14,0.61,239.0,239.0,510.55,239.0,239.0,-57.32,-57.32,-80.02,58.33,58.33,False,False,False,False,False,False,False,False,False,2026-10-08,通信網路業,通信網路／網通設備
3141,3141.TWO,UltraChip,晶宏,59.69,,TPEx LISTED,半導體業,79.1,81.5,81.9,78.6,1411500,111.65,83.18,84.12,-4.91,-5.97,-2.94,-10.11,-6.39,110.0,110.5,292.5,110.0,110.5,-25.55,-25.88,-72.0,28.09,28.42,False,False,False,False,False,False,False,False,False,2026-10-08,半導體業,半導體／IC設計或製造（細分環節待核驗）
3147,3147.TWO,JETWELL,大綜,134.56,,TPEx LISTED,資訊服務業,308.0,290.0,318.0,289.5,2548841,785.04,286.9,266.6,7.35,15.53,4.41,12.0,15.14,352.0,352.0,352.0,352.0,352.0,-9.66,-9.66,-9.66,12.5,12.5,True,False,False,False,False,False,False,False,False,2026-10-08,資訊服務業,資訊服務、軟體、雲端與系統整合（公司級產品待核驗）
3149,3149.TW,G-TECH,正達,219.25,,TWSE LISTED,光電業,76.6,76.3,76.9,75.0,5348824,409.72,77.26,72.84,-0.85,5.16,-0.65,-3.65,3.1,109.0,109.0,109.0,109.0,109.0,-29.45,-29.45,-29.45,29.72,29.72,False,False,False,False,False,False,False,False,False,2026-10-08,光電業,光電顯示／光學元件
3150,3150.TW,SYNCOMM,鈺寶-創,6.92,,TWSE LISTED,半導體業,15.6,15.1,15.6,15.1,32301,0.5,15.32,15.395,1.83,1.33,3.65,1.63,-0.64,24.3,71.9,71.9,24.3,71.9,-35.8,-78.3,-78.3,35.8,78.3,False,False,False,True,False,False,False,False,False,2026-10-08,半導體業,半導體／IC設計或製造（細分環節待核驗）
3152,3152.TWO,ACX,璟德,94.81,,TPEx LISTED,通信網路業,243.0,243.0,243.0,238.5,63875,15.52,239.8,234.05,1.33,3.82,0.21,1.25,4.52,417.46,512.1,1087.88,417.46,512.1,-41.79,-52.55,-77.66,41.79,52.55,False,False,False,False,False,False,False,False,False,2026-10-08,通信網路業,通信網路／網通設備
3158,3158.TWO,SysJust,嘉實,26.07,,TPEx LISTED,資訊服務業,85.0,85.0,85.0,85.0,2000,0.17,85.6,85.35,-0.7,-0.41,-0.12,-1.16,0.59,99.5,158.5,158.5,99.5,158.5,-14.57,-46.37,-46.37,14.57,46.37,False,False,False,False,False,False,False,False,False,2026-10-08,資訊服務業,資訊服務、軟體、雲端與系統整合（公司級產品待核驗）
3162,3162.TWO,UAT,精確,126.71,,TPEx LISTED,電機機械,82.2,83.1,83.4,81.3,1173702,96.48,85.22,82.82,-3.54,-0.75,-1.08,-5.41,-6.06,97.8,97.8,97.8,97.8,97.8,-14.72,-14.72,-14.72,15.95,15.95,False,False,False,False,False,False,False,False,False,2026-10-08,電機機械,電機機械、工業自動化與設備（公司級產品待核驗）
3163,3163.TWO,Browave,波若威,652.04,,TPEx LISTED,通信網路業,689.0,699.0,700.0,678.0,1557371,1073.03,700.4,675.8,-1.63,1.95,-1.85,-2.82,5.84,1119.15,1119.15,1119.15,1119.15,1119.15,-37.45,-37.45,-37.45,38.44,38.44,False,False,False,False,False,False,False,False,False,2026-10-08,通信網路業,通信網路／網通設備
3164,3164.TW,GenMont,景岳,14.58,,TWSE LISTED,生技醫療業,16.95,16.7,16.95,16.6,54200,0.92,16.65,16.525,1.8,2.57,1.5,2.42,2.73,18.7,25.35,36.6,18.7,25.35,-9.36,-33.14,-53.69,9.36,33.14,False,False,False,False,False,False,False,True,False,2026-10-08,生技醫療業,生技、製藥、醫療器材與健康服務（公司級產品待核驗）
3167,3167.TW,TA LIANG,大量,944.37,,TWSE LISTED,電機機械,1055.0,1025.0,1055.0,990.0,1023709,1080.01,1015.4,968.1,3.9,8.98,2.93,5.92,8.21,1060.0,1060.0,1060.0,1060.0,1060.0,-0.47,-0.47,-0.47,0.47,0.47,True,True,False,False,False,False,False,True,True,2026-10-08,電機機械,電機機械、工業自動化與設備（公司級產品待核驗）
3168,3168.TW,DATA IMAGE,眾福科,31.62,,TWSE LISTED,光電業,42.1,42.1,42.1,41.8,5020,0.21,42.44,42.455,-0.8,-0.84,-0.24,-0.71,-2.21,52.3,78.3,78.3,52.3,78.3,-19.5,-46.23,-46.23,19.5,46.23,False,False,False,False,False,False,False,False,False,2026-10-08,光電業,光電顯示／光學元件
3169,3169.TWO,ASIX,亞信,67.42,,TPEx LISTED,半導體業,106.5,109.0,109.0,106.0,128002,13.63,111.2,112.9,-4.23,-5.67,-2.29,-6.17,-8.97,127.5,155.0,299.5,127.5,155.0,-14.51,-29.68,-63.61,16.47,31.29,False,False,False,False,False,False,False,False,False,2026-10-08,半導體業,半導體／IC設計或製造（細分環節待核驗）
3171,3171.TWO,YCD,炎洲流通,19.21,,TPEx LISTED,居家生活,58.0,57.8,58.0,57.8,3500,0.2,57.46,57.96,0.94,0.07,0.52,1.4,1.22,79.4,79.4,79.4,79.4,79.4,-26.95,-26.95,-26.95,26.95,26.95,False,False,False,True,False,False,False,False,False,2026-10-08,居家生活,居家用品、建材、家具與生活消費品（公司級產品待核驗）
3176,3176.TWO,MEDIGEN,基亞,53.91,,TPEx LISTED,生技醫療業,38.7,38.55,39.7,38.3,498357,19.29,38.22,37.995,1.26,1.86,0.91,1.18,3.2,43.6,62.4,108.5,43.6,62.4,-8.94,-36.38,-63.41,11.24,37.98,False,False,False,False,False,False,False,False,False,2026-10-08,生技醫療業,生技、製藥、醫療器材與健康服務（公司級產品待核驗）
3178,3178.TWO,GONGIN,公準,30.41,,TPEx LISTED,半導體業,67.5,67.4,67.7,66.4,51100,3.45,68.88,69.15,-2.0,-2.39,0.6,-3.3,-2.74,81.6,137.5,137.5,81.6,137.5,-17.03,-50.76,-50.76,17.28,50.91,False,False,False,False,False,False,False,False,False,2026-10-08,半導體業,半導體／IC設計或製造（細分環節待核驗）
3188,3188.TWO,GLTD,鑫龍騰,43.21,,TPEx LISTED,建材營造,22.85,22.55,23.0,22.5,106036,2.42,22.71,23.05,0.62,-0.87,1.33,0.88,-1.51,35.75,57.8,57.8,35.75,57.8,-35.66,-60.21,-60.21,36.08,60.47,False,False,False,False,False,False,False,False,False,2026-10-08,建材營造,建材、營造與不動產開發（公司級業務待核驗）
3189,3189.TW,KINSUS,景碩,5664.29,,TWSE LISTED,半導體業,1075.0,1080.0,1095.0,1040.0,7026647,7553.65,1078.0,1019.3,-0.28,5.46,-2.27,-1.83,6.44,1150.0,1150.0,1150.0,1150.0,1150.0,-4.78,-4.78,-4.78,6.52,6.52,False,False,False,False,False,False,False,True,True,2026-10-08,半導體業,IC載板（ABF／BT封裝基板）
3191,3191.TWO,YJN,雲嘉南,7.61,,TPEx LISTED,電子零組件業,17.45,17.45,17.5,17.45,6000,0.1,17.38,17.035,0.4,2.44,0.0,2.65,3.56,28.0,28.0,120.4,28.0,28.0,-37.5,-37.5,-85.47,37.68,37.68,False,False,False,False,False,False,False,False,False,2026-10-08,電子零組件業,電子零組件：PCB、CCL、IC載板、連接器與被動元件（公司級品類待核驗）
3205,3205.TWO,SLS,佰研,31.48,,TPEx LISTED,生技醫療業,46.6,46.8,46.8,46.2,16437,0.77,46.85,46.81,-0.53,-0.45,0.11,-0.85,-0.21,67.0,67.0,158.0,67.0,67.0,-30.15,-30.15,-70.38,30.45,30.45,False,False,False,False,False,False,False,False,False,2026-10-08,生技醫療業,生技、製藥、醫療器材與健康服務（公司級產品待核驗）
3206,3206.TWO,KINGSTATE,志豐,20.15,,TPEx LISTED,電子零組件業,34.2,34.4,34.45,33.9,19000,0.65,34.08,34.405,0.35,-0.6,0.0,0.59,-1.16,42.75,54.5,54.5,42.75,54.5,-19.42,-36.79,-36.79,20.0,37.25,False,False,True,False,False,False,False,False,False,2026-10-08,電子零組件業,電子零組件：PCB、CCL、IC載板、連接器與被動元件（公司級品類待核驗）
3207,3207.TWO,YAO SHENG,耀勝,26.07,,TPEx LISTED,電子零組件業,39.25,39.05,39.7,38.9,124000,4.87,39.5,39.13,-0.63,0.31,0.38,-1.88,-3.56,89.4,167.0,167.0,89.4,167.0,-55.59,-76.23,-76.23,56.1,76.5,False,False,False,False,False,False,False,False,False,2026-10-08,電子零組件業,電子零組件：PCB、CCL、IC載板、連接器與被動元件（公司級品類待核驗）
3209,3209.TW,ALLTEK,全科,115.05,,TWSE LISTED,電子通路業,46.55,46.95,47.05,46.2,1036921,48.27,46.45,46.0,0.22,1.2,0.11,0.98,2.65,79.71,79.71,79.71,79.71,79.71,-40.98,-40.98,-40.98,41.6,41.6,False,False,False,False,False,False,False,False,False,2026-10-08,電子通路業,電子通路、半導體代理與零組件分銷（公司級代理品類待核驗）
3211,3211.TWO,Dynapack,順達,599.02,,TPEx LISTED,電腦及週邊設備業,388.0,386.0,395.5,378.0,2849542,1105.62,393.7,390.55,-1.45,-0.65,-0.39,-2.76,-1.52,495.0,495.0,495.0,495.0,495.0,-20.1,-20.1,-20.1,21.62,21.62,False,False,False,False,False,False,False,False,False,2026-10-08,電腦及週邊設備業,電腦、伺服器與企業硬體
3213,3213.TWO,Mildef,茂訊,72.48,,TPEx LISTED,電腦及週邊設備業,123.5,123.5,124.0,123.0,101094,12.49,124.2,124.35,-0.56,-0.68,0.0,-1.59,-0.4,147.0,149.0,149.0,147.0,149.0,-15.65,-16.78,-16.78,15.99,17.11,False,False,False,False,False,False,False,False,False,2026-10-08,電腦及週邊設備業,電腦、伺服器與企業硬體
3217,3217.TWO,ARGOSY,優群,114.43,,TPEx LISTED,電子零組件業,127.0,128.0,128.5,127.0,241012,30.61,128.3,129.05,-1.01,-1.59,-1.17,-1.55,-1.93,212.0,212.0,212.0,212.0,212.0,-39.39,-39.39,-39.39,40.09,40.09,False,False,False,False,False,False,False,False,False,2026-10-08,電子零組件業,電子零組件：PCB、CCL、IC載板、連接器與被動元件（公司級品類待核驗）
3218,3218.TWO,UNIVERSAL,大學光,112.68,,TPEx LISTED,生技醫療業,133.0,133.5,134.0,133.0,110226,14.66,133.5,133.8,-0.37,-0.6,-0.37,-0.37,-0.75,154.0,343.0,432.08,154.0,343.0,-12.99,-60.93,-68.99,13.64,61.22,False,False,False,False,False,False,False,False,False,2026-10-08,生技醫療業,生技、製藥、醫療器材與健康服務（公司級產品待核驗）
3219,3219.TWO,Aethertek,倚強科,93.32,,TPEx LISTED,其他電子業,130.0,130.0,143.0,130.0,5972579,776.44,131.4,126.45,-1.07,2.81,0.0,1.56,-1.14,150.0,150.0,202.5,150.0,150.0,-4.67,-4.67,-29.38,13.33,13.33,False,False,False,False,False,False,False,False,False,2026-10-08,其他電子業,其他電子：電子模組、感測器、電源與車用電子（公司級產品待核驗）
3221,3221.TWO,TST,台嘉碩,57.74,,TPEx LISTED,通信網路業,55.0,53.4,55.9,52.5,3211630,176.64,54.7,52.84,0.55,4.09,1.1,-1.26,2.42,69.5,69.5,69.5,69.5,69.5,-19.57,-19.57,-19.57,20.86,20.86,False,False,False,True,False,False,False,False,False,2026-10-08,通信網路業,通信網路／網通設備
3224,3224.TWO,MetaTech,三顧,25.25,,TPEx LISTED,電子通路業,32.3,32.65,32.65,31.95,914001,29.52,31.95,31.695,1.1,1.91,-0.46,2.7,4.53,53.0,54.5,69.74,53.0,54.5,-38.4,-40.09,-53.18,39.06,40.73,False,False,False,False,False,False,False,False,False,2026-10-08,電子通路業,電子通路、半導體代理與零組件分銷（公司級代理品類待核驗）
3226,3226.TWO,LFA,龍鋒,36.92,,TPEx LISTED,電機機械,57.3,57.3,57.3,57.3,5000,0.29,60.06,60.25,-4.6,-4.9,-0.87,-8.76,-11.85,65.0,65.4,84.3,65.0,65.4,-11.85,-12.39,-32.03,11.85,12.39,False,False,False,False,False,False,False,False,False,2026-10-08,電機機械,電機機械、工業自動化與設備（公司級產品待核驗）
3227,3227.TWO,PXI,原相,284.08,,TPEx LISTED,半導體業,187.0,185.5,188.0,185.5,627100,117.27,187.6,186.3,-0.32,0.38,0.27,-0.8,0.81,250.0,307.5,307.5,250.0,307.5,-24.8,-38.86,-38.86,25.2,39.19,False,False,False,False,False,False,False,False,False,2026-10-08,半導體業,半導體／IC設計或製造（細分環節待核驗）
3228,3228.TWO,RDC,金麗科,118.34,,TPEx LISTED,半導體業,164.5,166.0,166.0,161.5,297192,48.89,169.0,172.75,-2.66,-4.78,0.0,-4.36,-8.36,262.0,577.0,577.0,262.0,577.0,-36.64,-71.23,-71.23,37.21,71.49,False,False,False,False,False,False,False,False,False,2026-10-08,半導體業,半導體／IC設計或製造（細分環節待核驗）
3229,3229.TW,CHEER TIME,晟鈦,35.6,,TWSE LISTED,電子零組件業,55.4,55.4,56.5,55.1,606476,33.6,56.56,57.13,-2.05,-3.03,-0.54,-2.46,-6.1,72.9,72.9,84.06,72.9,72.9,-22.5,-22.5,-32.78,24.01,24.01,False,False,False,False,False,False,False,False,False,2026-10-08,電子零組件業,電子零組件：PCB、CCL、IC載板、連接器與被動元件（公司級品類待核驗）
3230,3230.TWO,Jiin Ming,錦明,34.32,,TPEx LISTED,光電業,39.9,40.35,40.35,39.9,301547,12.03,40.67,41.005,-1.89,-2.69,-1.12,-2.09,-5.56,57.6,69.3,69.3,57.6,69.3,-29.95,-41.77,-41.77,30.73,42.42,False,False,False,False,False,False,False,False,False,2026-10-08,光電業,光電顯示／光學元件
3231,3231.TW,Wistron,緯創,6465.25,,TWSE LISTED,電腦及週邊設備業,188.5,184.0,190.0,182.5,45216038,8523.22,187.8,186.4,0.37,1.13,1.89,-0.53,-1.05,206.0,206.0,206.0,206.0,206.0,-7.77,-7.77,-7.77,8.5,8.5,False,False,False,True,False,False,False,True,True,2026-10-08,電腦及週邊設備業,工業電腦／嵌入式系統與邊緣運算
3232,3232.TWO,SIC,昱捷,9.29,,TPEx LISTED,電子通路業,19.95,20.05,20.05,19.9,7000,0.14,20.16,20.55,-1.04,-2.92,0.5,-1.48,-3.62,25.15,37.45,42.49,25.15,37.45,-20.28,-46.46,-52.81,20.68,46.73,False,False,False,False,False,False,False,False,False,2026-10-08,電子通路業,電子通路、半導體代理與零組件分銷（公司級代理品類待核驗）
3234,3234.TWO,TrueLight,光環,232.89,,TPEx LISTED,通信網路業,183.0,186.5,188.5,181.0,4206554,769.8,182.3,177.9,0.38,2.87,-4.19,1.67,6.4,220.0,220.0,220.0,220.0,220.0,-14.32,-14.32,-14.32,16.82,16.82,False,False,True,False,False,False,False,False,False,2026-10-08,通信網路業,通信網路／網通設備
3236,3236.TWO,ABC,千如,61.85,,TPEx LISTED,電子零組件業,58.9,55.4,61.5,54.6,19223505,1132.26,54.92,49.895,7.25,18.05,4.8,10.09,21.32,75.7,75.7,75.7,75.7,75.7,-18.76,-18.76,-18.76,22.19,22.19,False,False,False,False,False,False,False,False,False,2026-10-08,電子零組件業,電子零組件：PCB、CCL、IC載板、連接器與被動元件（公司級品類待核驗）
3252,3252.TWO,Haiwan,海灣,7.71,,TPEx LISTED,觀光餐旅,15.35,15.05,15.35,14.95,33000,0.51,15.31,15.325,0.26,0.16,0.33,0.33,0.0,21.85,24.0,32.59,21.85,24.0,-29.75,-36.04,-52.9,29.75,36.04,False,False,False,True,False,False,False,False,False,2026-10-08,觀光餐旅,觀光餐旅（公司级产品待核验）
3257,3257.TW,CHAMPION,虹冠電,39.31,,TWSE LISTED,半導體業,49.25,49.2,49.45,48.9,60000,2.96,50.01,49.63,-1.52,-0.77,-0.51,-2.86,-0.91,78.2,82.5,91.4,78.2,82.5,-36.76,-40.06,-45.9,37.02,40.3,False,False,False,False,False,False,False,False,False,2026-10-08,半導體業,半導體／IC設計或製造（細分環節待核驗）
3259,3259.TWO,3S,鑫創,8.72,,TPEx LISTED,半導體業,11.95,11.1,11.95,10.95,8000,0.1,12.31,11.391,-2.92,4.91,3.91,-8.08,2.14,22.95,41.1,78.11,22.95,41.1,-47.93,-70.92,-84.7,47.93,70.92,False,False,False,False,False,False,False,False,False,2026-10-08,半導體業,半導體／IC設計或製造（細分環節待核驗）
3260,3260.TWO,ADATA,威剛,1219.68,,TPEx LISTED,半導體業,362.5,365.0,369.0,362.5,3990322,1446.49,371.5,375.3,-2.42,-3.41,-0.68,-4.1,-4.61,525.0,525.0,525.0,525.0,525.0,-29.71,-29.71,-29.71,30.95,30.95,False,False,False,False,False,False,False,False,False,2026-10-08,半導體業,半導體／IC設計或製造（細分環節待核驗）
3264,3264.TWO,Ardentec,欣銓,1254.84,,TPEx LISTED,半導體業,256.0,244.5,256.5,243.0,15828004,4051.97,247.7,246.7,3.35,3.77,2.4,6.0,4.28,289.5,289.5,289.5,289.5,289.5,-11.4,-11.4,-11.4,11.57,11.57,True,False,False,True,False,False,False,False,False,2026-10-08,半導體業,半導體／IC設計或製造（細分環節待核驗）
3265,3265.TWO,WST,台星科,324.98,,TPEx LISTED,半導體業,238.5,238.5,238.5,238.5,4526366,1079.54,205.8,194.35,15.89,22.72,9.91,26.86,28.92,217.0,217.0,217.0,238.5,238.5,9.91,9.91,9.91,0.0,0.0,True,False,False,False,True,True,True,True,True,2026-10-08,半導體業,半導體／IC設計或製造（細分環節待核驗）
3266,3266.TW,SUNTY,昇陽,49.32,,TWSE LISTED,建材營造,14.0,13.85,14.0,13.85,11000,0.15,13.97,13.95,0.21,0.36,0.0,0.72,0.0,14.35,28.8,28.8,14.35,28.8,-2.44,-51.39,-51.39,2.44,51.39,False,False,False,True,False,False,False,True,False,2026-10-08,建材營造,建材、營造與不動產開發（公司級業務待核驗）
3268,3268.TWO,Higher Way,海德威,8.47,,TPEx LISTED,半導體業,24.4,24.2,24.7,24.0,381050,9.3,23.52,22.2,3.74,9.91,0.41,5.63,12.96,24.75,38.7,48.95,24.75,38.7,-0.2,-36.18,-49.54,1.41,36.95,True,True,False,False,False,False,False,True,False,2026-10-08,半導體業,半導體／IC設計或製造（細分環節待核驗）
3272,3272.TWO,GW,東碩,8.5,,TPEx LISTED,電腦及週邊設備業,13.9,13.9,13.9,13.65,9300,0.13,14.0,13.95,-0.71,-0.36,0.0,-1.77,0.0,22.75,39.55,76.88,22.75,39.55,-38.9,-64.85,-81.92,38.9,64.85,False,False,False,False,False,False,False,False,False,2026-10-08,電腦及週邊設備業,電腦、伺服器與企業硬體
3276,3276.TWO,tht,宇環,9.9,,TPEx LISTED,電子零組件業,14.2,14.2,14.25,14.1,33001,0.47,14.2,14.045,-0.0,1.1,0.71,0.35,2.16,18.7,28.8,28.8,18.7,28.8,-23.8,-50.52,-50.52,24.06,50.69,False,False,False,False,False,False,False,False,False,2026-10-08,電子零組件業,電子零組件：PCB、CCL、IC載板、連接器與被動元件（公司級品類待核驗）
3284,3284.TWO,TOP,太普高,23.05,,TPEx LISTED,其他,21.25,21.5,21.65,21.0,271000,5.76,21.37,20.53,-0.56,3.51,-1.16,-1.62,8.14,32.9,61.69,61.69,32.9,61.69,-34.19,-64.91,-64.91,35.41,65.56,False,False,False,False,False,False,False,False,False,2026-10-08,其他,其他（公司级产品待核验）
3285,3285.TWO,MT,微端,18.85,,TPEx LISTED,其他電子業,44.1,43.0,44.3,42.9,63000,2.78,42.55,42.115,3.64,4.71,2.56,5.13,6.27,53.5,53.5,53.5,53.5,53.5,-17.2,-17.2,-17.2,17.57,17.57,False,False,False,False,False,False,False,False,False,2026-10-08,其他電子業,其他電子：電子模組、感測器、電源與車用電子（公司級產品待核驗）
3287,3287.TWO,Kworld,廣寰科,19.11,,TPEx LISTED,電腦及週邊設備業,43.45,43.0,43.45,42.8,859000,37.32,41.06,41.27,5.82,5.28,10.0,7.15,4.32,45.0,59.0,59.0,45.0,59.0,-3.44,-26.36,-26.36,3.44,26.36,False,False,False,False,False,False,False,True,False,2026-10-08,電腦及週邊設備業,電腦、伺服器與企業硬體
3288,3288.TWO,SiTI,點晶,3.63,,TPEx LISTED,電子零組件業,22.15,22.65,22.65,21.7,40000,0.89,21.72,21.445,1.98,3.29,0.91,2.78,4.24,31.3,42.75,42.75,31.3,42.75,-27.64,-47.02,-47.02,29.23,48.19,True,False,False,False,False,False,False,False,False,2026-10-08,電子零組件業,電子零組件：PCB、CCL、IC載板、連接器與被動元件（公司級品類待核驗）
3289,3289.TWO,IST,宜特,123.61,,TPEx LISTED,其他電子業,142.5,141.0,142.5,140.5,301058,42.9,142.4,140.9,0.07,1.14,0.0,1.06,0.71,219.0,219.0,219.0,219.0,219.0,-34.93,-34.93,-34.93,34.93,34.93,False,False,False,True,False,False,False,False,False,2026-10-08,其他電子業,其他電子：電子模組、感測器、電源與車用電子（公司級產品待核驗）
3290,3290.TWO,DONPON,東浦,50.34,,TPEx LISTED,電子零組件業,55.8,52.1,55.8,51.3,3876400,216.3,51.51,49.955,8.33,11.7,9.84,11.71,11.6,74.8,74.8,74.8,74.8,74.8,-25.4,-25.4,-25.4,25.4,25.4,True,False,False,False,False,False,False,False,False,2026-10-08,電子零組件業,電子零組件：PCB、CCL、IC載板、連接器與被動元件（公司級品類待核驗）
3293,3293.TWO,IGS,鈊象,2220.6,,TPEx LISTED,文化創意業,788.0,780.0,788.0,773.0,1001336,789.05,786.6,780.4,0.18,0.97,1.03,-0.76,-3.19,833.0,1130.0,1130.0,833.0,1130.0,-5.4,-30.27,-30.27,5.4,30.27,False,False,False,True,False,False,False,True,False,2026-10-08,文化創意業,文化創意業（公司级产品待核验）
3294,3294.TWO,Megaforce,英濟,41.59,,TPEx LISTED,電子零組件業,31.5,31.9,31.95,31.35,272100,8.57,32.08,32.615,-1.81,-3.42,-1.41,-2.63,-4.69,44.95,63.4,63.4,44.95,63.4,-28.92,-49.61,-49.61,29.92,50.32,False,False,False,False,False,False,False,False,False,2026-10-08,電子零組件業,電子零組件：PCB、CCL、IC載板、連接器與被動元件（公司級品類待核驗）
3296,3296.TW,POWERTECH,勝德,27.61,,TWSE LISTED,電子零組件業,28.55,28.2,28.55,28.0,56000,1.6,28.47,28.325,0.28,0.79,0.18,0.0,-0.17,31.6,38.25,38.25,31.6,38.25,-9.65,-25.36,-25.36,9.65,25.36,False,False,True,True,False,False,False,True,False,2026-10-08,電子零組件業,電子零組件：PCB、CCL、IC載板、連接器與被動元件（公司級品類待核驗）
3297,3297.TWO,Hunt,杭特,11.73,,TPEx LISTED,光電業,32.55,33.0,33.3,32.5,299020,9.73,33.25,33.125,-2.11,-1.74,-3.7,1.4,3.33,45.95,74.4,74.4,45.95,74.4,-27.53,-55.24,-55.24,29.16,56.25,False,False,False,False,False,False,False,False,False,2026-10-08,光電業,光電顯示／光學元件
3303,3303.TWO,UNIVACCO,岱稜,48.06,,TPEx LISTED,其他電子業,50.7,49.95,50.7,49.9,238633,12.1,49.51,48.97,2.4,3.53,1.71,3.68,4.11,64.7,72.0,72.0,64.7,72.0,-21.64,-29.58,-29.58,21.64,29.58,True,True,False,False,False,False,False,False,False,2026-10-08,其他電子業,其他電子：電子模組、感測器、電源與車用電子（公司級產品待核驗）
3305,3305.TW,SHENMAO,昇貿,158.43,,TWSE LISTED,其他電子業,110.5,110.5,111.0,109.5,798731,88.26,109.2,106.75,1.19,3.51,0.45,1.38,4.25,169.5,169.5,169.5,169.5,169.5,-34.51,-34.51,-34.51,34.81,34.81,False,False,False,False,False,False,False,False,False,2026-10-08,其他電子業,其他電子：電子模組、感測器、電源與車用電子（公司級產品待核驗）
3306,3306.TWO,RoyalTek,鼎天,23.71,,TPEx LISTED,通信網路業,46.85,46.8,46.85,46.6,29030,1.36,47.1,47.02,-0.53,-0.36,-0.95,-1.37,-1.37,56.1,71.5,73.1,56.1,71.5,-16.49,-34.48,-35.91,16.49,34.48,False,False,False,False,False,False,False,False,False,2026-10-08,通信網路業,通信網路／網通設備
3308,3308.TW,BESTEC,聯德,13.35,,TWSE LISTED,電子零組件業,22.25,22.75,22.75,21.75,25295,0.56,22.37,22.235,-0.54,0.07,-0.45,-0.89,-2.2,27.5,56.55,79.99,27.5,56.55,-17.27,-59.77,-71.56,19.09,60.65,False,False,False,False,False,False,False,False,False,2026-10-08,電子零組件業,電子零組件：PCB、CCL、IC載板、連接器與被動元件（公司級品類待核驗）
3310,3310.TWO,CHIALIN,佳穎,51.19,,TPEx LISTED,電子零組件業,68.3,68.3,68.5,67.8,48015,3.28,67.86,68.18,0.65,0.18,0.59,1.04,0.44,86.7,124.5,124.5,86.7,124.5,-20.99,-44.98,-44.98,21.22,45.14,False,False,True,True,False,False,False,False,False,2026-10-08,電子零組件業,電子零組件：PCB、CCL、IC載板、連接器與被動元件（公司級品類待核驗）
3311,3311.TW,Silitech,閎暉,46.9,,TWSE LISTED,通信網路業,46.9,47.5,49.95,45.6,3833047,179.77,48.41,44.115,-3.12,6.31,-0.95,-5.25,3.88,52.2,52.2,69.36,52.2,52.2,-4.31,-4.31,-27.99,10.15,10.15,False,False,False,False,False,False,False,False,False,2026-10-08,通信網路業,通信網路／網通設備
3312,3312.TW,GMI,弘憶股,92.96,,TWSE LISTED,電子通路業,50.9,51.5,51.6,50.8,375010,19.09,51.48,51.28,-1.13,-0.74,-1.17,-1.55,-1.17,73.2,110.5,110.5,73.2,110.5,-29.51,-53.3,-53.3,30.46,53.94,False,False,False,False,False,False,False,False,False,2026-10-08,電子通路業,電子通路、半導體代理與零組件分銷（公司級代理品類待核驗）
3313,3313.TWO,FCD,斐成,22.89,,TPEx LISTED,建材營造,10.35,10.3,10.4,10.3,86050,0.89,10.35,10.42,0.0,-0.67,0.49,0.49,-1.9,15.15,28.65,52.6,15.15,28.65,-31.35,-63.7,-80.23,31.68,63.87,False,False,False,False,False,False,False,False,False,2026-10-08,建材營造,建材、營造與不動產開發（公司級業務待核驗）
3317,3317.TWO,NIKO-SEM,尼克森,64.35,,TPEx LISTED,半導體業,71.5,69.8,72.5,69.0,8188359,585.47,69.26,67.69,3.23,5.63,4.08,-0.42,9.66,108.0,108.0,108.0,108.0,108.0,-32.87,-32.87,-32.87,33.8,33.8,False,False,False,False,False,False,False,False,False,2026-10-08,半導體業,半導體／IC設計或製造（細分環節待核驗）
3321,3321.TW,UNIFLEX,同泰,14.94,,TWSE LISTED,電子零組件業,17.35,17.65,17.65,17.2,118117,2.05,17.87,18.06,-2.91,-3.93,-1.7,-4.67,-5.19,28.1,47.1,108.44,28.1,47.1,-37.19,-62.53,-83.72,38.26,63.17,False,False,False,False,False,False,False,False,False,2026-10-08,電子零組件業,電子零組件：PCB、CCL、IC載板、連接器與被動元件（公司級品類待核驗）
3322,3322.TWO,JEM,建舜電,14.51,,TPEx LISTED,電子零組件業,10.55,11.0,11.35,10.55,1172001,12.36,11.06,11.165,-4.61,-5.51,-4.95,-5.8,-9.05,18.5,28.1,31.8,18.5,28.1,-38.65,-59.61,-64.31,42.97,62.46,False,False,False,False,False,False,False,False,False,2026-10-08,電子零組件業,電子零組件：PCB、CCL、IC載板、連接器與被動元件（公司級品類待核驗）
3323,3323.TWO,Celxpert,加百裕,29.68,,TPEx LISTED,電腦及週邊設備業,29.8,29.5,30.25,29.5,499128,14.87,30.13,29.48,-1.1,1.09,0.0,-2.61,1.71,44.6,57.8,64.63,44.6,57.8,-32.17,-47.66,-53.2,33.18,48.44,False,False,False,False,False,False,False,False,False,2026-10-08,電腦及週邊設備業,電腦、伺服器與企業硬體
3324,3324.TWO,AURAS,雙鴻,1414.77,,TPEx LISTED,其他電子業,1520.0,1420.0,1570.0,1395.0,5954945,9051.52,1526.0,1562.0,-0.39,-2.69,-0.33,-1.94,-0.33,1750.0,1750.0,1750.0,1750.0,1750.0,-10.29,-10.29,-10.29,13.14,13.14,False,False,False,False,False,False,False,False,False,2026-10-08,其他電子業,其他電子：電子模組、感測器、電源與車用電子（公司級產品待核驗）
3325,3325.TWO,Casing,旭品,12.39,,TPEx LISTED,電腦及週邊設備業,11.25,11.3,11.35,11.2,67150,0.76,11.46,11.64,-1.83,-3.35,0.0,-3.02,-3.85,17.1,44.6,44.7,17.1,44.6,-33.63,-74.55,-74.61,34.21,74.78,False,False,False,False,False,False,False,False,False,2026-10-08,電腦及週邊設備業,電腦、伺服器與企業硬體
3332,3332.TWO,CINCON,幸康,31.08,,TPEx LISTED,電子零組件業,64.6,64.6,64.6,64.6,0,0.0,64.54,63.45,0.09,1.81,0.0,-0.46,-0.46,72.6,81.9,81.9,72.6,81.9,-11.02,-21.12,-21.12,11.02,21.12,False,False,False,False,False,False,False,False,False,2026-10-08,電子零組件業,電子零組件：PCB、CCL、IC載板、連接器與被動元件（公司級品類待核驗）
3338,3338.TW,TAISOL,泰碩,60.22,,TWSE LISTED,電子零組件業,68.5,70.4,70.4,67.8,577203,39.54,69.76,68.72,-1.81,-0.32,-2.84,-2.28,0.88,94.3,96.5,106.0,94.3,96.5,-25.34,-27.05,-33.58,27.36,29.02,False,False,False,False,False,False,False,False,False,2026-10-08,電子零組件業,電子零組件：PCB、CCL、IC載板、連接器與被動元件（公司級品類待核驗）
3339,3339.TWO,TEKCORE,泰谷,30.45,,TPEx LISTED,光電業,45.75,44.8,46.55,44.4,904320,41.37,45.74,45.975,0.02,-0.49,0.77,-0.33,1.55,72.7,72.7,72.7,72.7,72.7,-35.97,-35.97,-35.97,37.07,37.07,False,False,False,False,False,False,False,False,False,2026-10-08,光電業,光電顯示／光學元件
3346,3346.TW,Laster Tech,麗清,26.67,,TWSE LISTED,汽車工業,22.0,22.5,22.5,22.0,797141,17.54,23.34,23.59,-5.74,-6.74,-5.58,-7.76,-8.33,30.9,56.2,129.21,30.9,56.2,-27.18,-59.96,-82.59,28.8,60.85,False,False,False,False,False,False,False,False,False,2026-10-08,汽車工業,汽車整車、汽車零組件與車用電子（公司級產品待核驗）
3349,3349.TWO,DEXIN,寶德,8.85,,TPEx LISTED,電腦及週邊設備業,18.5,18.3,18.8,17.85,65000,1.2,18.68,19.18,-0.96,-3.55,0.54,-2.63,-4.64,32.65,33.3,33.3,32.65,33.3,-42.42,-43.54,-43.54,43.34,44.44,False,False,False,False,False,False,False,False,False,2026-10-08,電腦及週邊設備業,電腦、伺服器與企業硬體
3354,3354.TWO,MICROCOSM,律勝,22.44,,TPEx LISTED,電子零組件業,32.0,30.5,32.4,30.4,2400816,76.83,31.26,30.565,2.37,4.69,4.92,1.27,7.38,37.6,37.6,42.2,37.6,37.6,-13.83,-13.83,-23.22,14.89,14.89,False,False,False,True,False,False,False,False,False,2026-10-08,電子零組件業,電子零組件：PCB、CCL、IC載板、連接器與被動元件（公司級品類待核驗）
3356,3356.TW,GeoVision,奇偶,45.72,,TWSE LISTED,光電業,66.7,67.5,67.5,66.6,205795,13.73,67.2,66.38,-0.74,0.48,-1.33,-1.04,1.52,79.42,106.93,106.93,79.42,106.93,-15.01,-36.88,-36.88,16.02,37.62,False,False,False,False,False,False,False,False,False,2026-10-08,光電業,光電顯示／光學元件
3357,3357.TWO,TAI-TECH,臺慶科,263.61,,TPEx LISTED,電子零組件業,226.5,223.0,229.0,217.5,1541256,349.09,221.2,213.8,2.4,5.94,0.67,3.9,6.59,371.5,371.5,371.5,371.5,371.5,-38.36,-38.36,-38.36,39.03,39.03,True,True,False,False,False,False,False,False,False,2026-10-08,電子零組件業,電子零組件：PCB、CCL、IC載板、連接器與被動元件（公司級品類待核驗）
3360,3360.TWO,SUNNIC,尚立,11.77,,TPEx LISTED,電子通路業,15.4,15.2,15.45,15.15,190000,2.93,15.37,15.265,0.2,0.88,0.33,0.65,0.98,23.85,24.25,24.46,23.85,24.25,-35.22,-36.29,-36.84,35.43,36.49,False,False,True,True,False,False,False,False,False,2026-10-08,電子通路業,電子通路、半導體代理與零組件分銷（公司級代理品類待核驗）
3362,3362.TWO,ABILITY,先進光,280.15,,TPEx LISTED,光電業,190.0,193.0,198.0,190.0,3814480,724.75,188.2,180.15,0.96,5.47,-3.06,-0.52,8.26,218.0,299.5,299.5,218.0,299.5,-9.17,-33.89,-33.89,12.84,36.56,False,False,False,False,False,False,False,False,False,2026-10-08,光電業,光電顯示／光學元件
3363,3363.TWO,FOCI,上詮,757.98,,TPEx LISTED,通信網路業,667.0,674.0,676.0,663.0,1587700,1059.0,666.2,656.8,0.12,1.55,-1.77,0.45,4.06,1065.0,1065.0,1065.0,1065.0,1065.0,-36.53,-36.53,-36.53,37.37,37.37,False,False,True,False,False,False,False,False,False,2026-10-08,通信網路業,通信網路／網通設備
3372,3372.TWO,TICP,典範,38.59,,TPEx LISTED,半導體業,16.4,16.6,16.9,16.35,331100,5.43,16.55,16.375,-0.91,0.15,-1.2,0.31,-0.3,26.2,26.8,33.0,26.2,26.8,-35.5,-36.94,-48.79,37.4,38.81,False,False,False,False,False,False,False,False,False,2026-10-08,半導體業,半導體／IC設計或製造（細分環節待核驗）
3373,3373.TWO,Radiant,熱映,8.81,,TPEx LISTED,其他電子業,18.5,17.4,18.75,17.1,1733771,32.07,16.67,16.34,10.98,13.22,8.19,16.35,15.62,21.05,30.68,143.18,21.05,30.68,-10.93,-38.89,-86.9,12.11,39.7,True,False,False,False,False,False,False,False,False,2026-10-08,其他電子業,其他電子：電子模組、感測器、電源與車用電子（公司級產品待核驗）
3374,3374.TWO,Xintec,精材,1348.68,,TPEx LISTED,半導體業,497.0,491.0,512.0,481.5,8936065,4441.22,489.5,473.4,1.53,4.99,0.0,-0.3,8.99,530.0,530.0,530.0,530.0,530.0,-3.4,-3.4,-3.4,6.23,6.23,False,False,False,False,False,False,False,True,True,2026-10-08,半導體業,半導體封裝測試（晶圓級尺寸封裝、晶圓級後護層封裝、晶圓測試）
3376,3376.TW,SZS,新日興,331.85,,TWSE LISTED,電子零組件業,169.5,168.0,171.5,166.0,1907173,323.27,171.1,172.6,-0.94,-1.8,0.3,-1.17,-2.59,250.0,302.5,302.5,250.0,302.5,-31.4,-43.31,-43.31,32.2,43.97,False,False,False,False,False,False,False,False,False,2026-10-08,電子零組件業,電子零組件：PCB、CCL、IC載板、連接器與被動元件（公司級品類待核驗）
3379,3379.TWO,TBC,彬台,10.39,,TPEx LISTED,電機機械,27.3,27.7,27.7,27.15,43000,1.17,27.52,27.495,-0.8,-0.71,0.0,-1.44,-1.09,55.1,85.4,85.4,55.1,85.4,-49.73,-67.56,-67.56,50.45,68.03,False,False,False,False,False,False,False,False,False,2026-10-08,電機機械,電機機械、工業自動化與設備（公司級產品待核驗）
3380,3380.TW,Alpha,明泰,164.14,,TWSE LISTED,通信網路業,30.3,30.5,30.8,30.25,1560263,47.28,31.1,31.315,-2.57,-3.24,-1.94,-3.19,-3.19,43.95,43.95,48.8,43.95,43.95,-29.92,-29.92,-36.89,31.06,31.06,False,False,False,False,False,False,False,False,False,2026-10-08,通信網路業,通信網路／網通設備
3388,3388.TWO,TTC,崇越電,70.99,,TPEx LISTED,電子零組件業,87.0,86.5,88.0,86.2,563101,48.99,85.54,84.21,1.71,3.31,1.16,2.84,3.08,131.5,131.5,131.5,131.5,131.5,-33.08,-33.08,-33.08,33.84,33.84,True,True,False,False,False,False,False,False,False,2026-10-08,電子零組件業,電子零組件：PCB、CCL、IC載板、連接器與被動元件（公司級品類待核驗）
3390,3390.TWO,SUNFLEX,旭軟,17.61,,TPEx LISTED,電子零組件業,22.2,22.3,22.3,22.05,93001,2.06,22.25,22.225,-0.22,-0.11,-0.45,0.0,-0.67,31.9,39.8,39.8,31.9,39.8,-30.09,-43.97,-43.97,30.41,44.22,False,False,False,False,False,False,False,False,False,2026-10-08,電子零組件業,電子零組件：PCB、CCL、IC載板、連接器與被動元件（公司級品類待核驗）
3402,3402.TWO,WHOLETECH,漢科,101.9,,TPEx LISTED,其他電子業,139.5,139.5,140.5,139.0,208523,29.09,139.8,136.15,-0.21,2.46,0.0,-0.36,1.82,162.0,162.0,162.0,162.0,162.0,-13.27,-13.27,-13.27,13.89,13.89,False,False,False,False,False,False,False,False,False,2026-10-08,其他電子業,其他電子：電子模組、感測器、電源與車用電子（公司級產品待核驗）
3406,3406.TW,GSEO,玉晶光,1195.08,,TWSE LISTED,光電業,1060.0,1070.0,1105.0,1060.0,3002958,3183.14,1041.2,973.4,1.81,8.9,-2.3,0.47,11.58,1140.0,1140.0,1140.0,1140.0,1140.0,-3.07,-3.07,-3.07,7.02,7.02,False,False,False,False,False,False,False,True,True,2026-10-08,光電業,光學元件／鏡頭與光電模組
3413,3413.TW,Fiti,京鼎,321.13,,TWSE LISTED,半導體業,289.5,288.0,291.0,285.5,443018,128.25,291.6,290.65,-0.72,-0.4,0.35,-1.86,-1.19,383.5,403.0,403.0,383.5,403.0,-24.12,-27.79,-27.79,24.51,28.16,False,False,False,False,False,False,False,False,False,2026-10-08,半導體業,半導體／IC設計或製造（細分環節待核驗）
3416,3416.TW,Winmate,融程電,153.82,,TWSE LISTED,電腦及週邊設備業,182.0,176.0,185.0,174.5,1879437,342.06,170.7,166.6,6.62,9.24,7.69,8.01,9.31,190.52,201.0,201.0,190.52,201.0,-2.9,-7.96,-7.96,4.47,9.45,False,False,False,False,False,False,False,True,True,2026-10-08,電腦及週邊設備業,電腦、伺服器與企業硬體
3419,3419.TW,WHAYU,譁裕,14.4,,TWSE LISTED,通信網路業,11.95,11.9,12.25,11.9,73000,0.87,11.99,11.73,-0.33,1.88,0.42,-0.83,0.84,17.95,20.75,32.4,17.95,20.75,-31.75,-40.96,-62.19,33.43,42.41,False,False,False,False,False,False,False,False,False,2026-10-08,通信網路業,通信網路／網通設備
3430,3430.TWO,CHITEC,奇鈦科,37.42,,TPEx LISTED,化學工業,111.0,112.0,112.0,110.0,83271,9.24,112.4,111.65,-1.25,-0.58,-1.77,-1.77,-0.45,189.0,189.0,189.0,189.0,189.0,-40.74,-40.74,-40.74,41.27,41.27,False,False,False,False,False,False,False,False,False,2026-10-08,化學工業,化學制品／特用化學材料
3432,3432.TW,TAI TWUN,台端,6.12,,TWSE LISTED,電子零組件業,14.5,14.75,14.75,14.5,16099,0.23,14.71,14.73,-1.43,-1.56,-1.36,-1.36,-1.69,23.35,32.2,54.19,23.35,32.2,-36.83,-54.19,-72.78,37.9,54.97,False,False,False,False,False,False,False,False,False,2026-10-08,電子零組件業,電子零組件：PCB、CCL、IC載板、連接器與被動元件（公司級品類待核驗）
3434,3434.TWO,ACULA,哲固,11.05,,TPEx LISTED,光電業,30.9,31.1,31.3,30.7,66001,2.04,31.2,31.365,-0.96,-1.48,-1.28,-0.32,-1.59,38.25,73.24,73.24,38.25,73.24,-18.17,-57.26,-57.26,19.22,57.81,False,False,False,False,False,False,False,False,False,2026-10-08,光電業,光電顯示／光學元件
3437,3437.TW,AOT,榮創,30.57,,TWSE LISTED,光電業,21.15,21.2,21.65,21.1,429022,9.07,21.57,21.835,-1.95,-3.14,-0.7,-3.42,-4.08,31.3,40.0,50.0,31.3,40.0,-30.83,-45.88,-56.7,32.43,47.13,False,False,False,False,False,False,False,False,False,2026-10-08,光電業,光電顯示／光學元件
3438,3438.TWO,AAT,類比科,28.58,,TPEx LISTED,半導體業,60.6,60.8,60.8,60.1,71050,4.31,61.3,61.39,-1.14,-1.29,-0.33,-1.94,-1.46,80.4,102.0,119.5,80.4,102.0,-24.38,-40.39,-49.12,24.63,40.59,False,False,False,False,False,False,False,False,False,2026-10-08,半導體業,半導體／IC設計或製造（細分環節待核驗）
3441,3441.TWO,UNIQUE,聯一光電,99.9,,TPEx LISTED,光電業,249.5,245.0,249.5,236.5,1923694,479.96,239.3,212.7,4.26,17.3,0.2,7.54,23.21,280.5,280.5,280.5,280.5,280.5,-11.05,-11.05,-11.05,11.05,11.05,False,False,False,False,False,False,False,False,False,2026-10-08,光電業,光電顯示／光學元件
3443,3443.TW,GUC,創意,11203.4,,TWSE LISTED,半導體業,8360.0,8550.0,8600.0,8325.0,1159259,9691.41,8339.0,8247.0,0.25,1.37,-1.18,-2.79,5.82,8750.0,8750.0,8750.0,8750.0,8750.0,-1.71,-1.71,-1.71,4.46,4.46,False,False,False,False,False,False,False,True,True,2026-10-08,半導體業,半導體／IC設計或製造（細分環節待核驗）
3444,3444.TWO,NICHING,利機,35.23,,TPEx LISTED,電子通路業,78.3,78.3,78.3,77.2,30194,2.36,78.36,79.49,-0.08,-1.5,0.0,1.69,-2.97,124.0,134.8,134.8,124.0,134.8,-36.85,-41.92,-41.92,36.85,41.92,False,False,False,False,False,False,False,False,False,2026-10-08,電子通路業,電子通路、半導體代理與零組件分銷（公司級代理品類待核驗）
3447,3447.TW,XAVi,展達,23.43,,TWSE LISTED,通信網路業,30.25,28.1,30.25,27.6,668172,20.21,28.1,27.805,7.65,8.79,10.0,9.6,9.4,53.6,101.0,101.0,53.6,101.0,-43.56,-70.05,-70.05,43.56,70.05,False,False,False,True,False,False,False,False,False,2026-10-08,通信網路業,通信網路／網通設備
3450,3450.TW,ELASER,聯鈞,760.46,,TWSE LISTED,半導體業,522.0,528.0,533.0,518.0,4577580,2389.5,535.8,527.5,-2.58,-1.04,-2.43,-4.74,1.36,653.0,653.0,653.0,653.0,653.0,-18.38,-18.38,-18.38,20.06,20.06,False,False,False,False,False,False,False,False,False,2026-10-08,半導體業,半導體／IC設計或製造（細分環節待核驗）
3455,3455.TWO,UTECHZONE,由田,169.98,,TPEx LISTED,光電業,284.0,283.0,284.0,273.0,777287,220.75,281.2,272.9,1.0,4.07,1.07,0.18,-1.05,322.5,322.5,322.5,322.5,322.5,-11.94,-11.94,-11.94,11.94,11.94,False,False,False,False,False,False,False,False,False,2026-10-08,光電業,光電顯示／光學元件
3465,3465.TWO,NAE,進泰電子,12.42,,TPEx LISTED,其他電子業,29.35,29.5,29.5,29.25,8000,0.23,29.79,29.755,-1.48,-1.36,-1.51,-1.68,-2.17,51.9,82.5,267.04,51.9,82.5,-43.16,-64.24,-88.95,43.45,64.42,False,False,False,False,False,False,False,False,False,2026-10-08,其他電子業,其他電子：電子模組、感測器、電源與車用電子（公司級產品待核驗）
3466,3466.TWO,SKARDIN,德晉,22.28,,TPEx LISTED,通信網路業,28.6,27.5,28.9,27.5,648304,18.54,26.15,25.04,9.37,14.22,4.0,17.7,20.42,45.8,103.5,103.5,45.8,103.5,-36.9,-72.08,-72.08,37.55,72.37,True,True,False,False,False,False,False,False,False,2026-10-08,通信網路業,通信網路／網通設備
3467,3467.TWO,Forcera,台灣精材,22.25,,TPEx LISTED,半導體業,70.5,71.2,72.7,70.4,324058,22.85,71.4,74.59,-1.26,-5.48,-0.98,-0.84,-2.89,88.8,92.4,92.4,88.8,92.4,-18.13,-21.32,-21.32,20.61,23.7,False,False,False,False,False,False,False,False,False,2026-10-08,半導體業,半導體／IC設計或製造（細分環節待核驗）
3479,3479.TWO,Avalue,安勤,96.96,,TPEx LISTED,電腦及週邊設備業,133.5,135.0,135.0,133.0,365443,48.79,135.1,135.3,-1.18,-1.33,-0.74,-1.84,-2.2,162.0,162.0,162.0,162.0,162.0,-16.67,-16.67,-16.67,17.59,17.59,False,False,False,False,False,False,False,False,False,2026-10-08,電腦及週邊設備業,電腦、伺服器與企業硬體
3481,3481.TW,INX,群創,4074.49,,TWSE LISTED,光電業,51.0,51.7,52.5,51.0,79319321,4045.29,51.94,51.56,-1.81,-1.09,-2.86,-2.49,-2.49,72.6,72.6,72.6,72.6,72.6,-27.69,-27.69,-27.69,29.75,29.75,False,False,False,False,False,False,False,False,False,2026-10-08,光電業,面板顯示／TFT-LCD與顯示器
3483,3483.TWO,FCN,力致,78.25,,TPEx LISTED,電腦及週邊設備業,79.0,79.0,81.7,78.5,390062,30.81,80.32,79.08,-1.64,-0.1,0.0,-2.83,0.64,113.5,203.48,203.48,113.5,203.48,-28.02,-59.85,-59.85,30.4,61.18,False,False,False,False,False,False,False,False,False,2026-10-08,電腦及週邊設備業,電腦、伺服器與企業硬體
3484,3484.TWO,SOLTEAM,崧騰,38.78,,TPEx LISTED,電子零組件業,49.2,49.6,50.0,49.1,105000,5.17,49.23,47.89,-0.06,2.74,-1.2,0.1,4.02,56.1,71.9,94.58,56.1,71.9,-10.87,-30.46,-47.13,12.3,31.57,False,False,False,False,False,False,False,False,False,2026-10-08,電子零組件業,電子零組件：PCB、CCL、IC載板、連接器與被動元件（公司級品類待核驗）
3485,3485.TWO,EF,敘豐,85.28,,TPEx LISTED,電子零組件業,221.5,218.5,223.0,215.5,68042,15.07,218.7,211.4,1.28,4.78,-0.89,2.07,4.24,390.0,390.0,390.0,390.0,390.0,-42.82,-42.82,-42.82,43.21,43.21,False,False,False,False,False,False,False,False,False,2026-10-08,電子零組件業,電子零組件：PCB、CCL、IC載板、連接器與被動元件（公司級品類待核驗）
3489,3489.TWO,Sun Brothers,森寶,20.49,,TPEx LISTED,建材營造,22.65,22.3,22.75,22.3,46000,1.04,22.75,22.955,-0.44,-1.33,0.67,-1.31,-4.83,26.4,42.65,42.65,26.4,42.65,-13.83,-46.66,-46.66,14.2,46.89,False,False,False,False,False,False,False,False,False,2026-10-08,建材營造,建材、營造與不動產開發（公司級業務待核驗）
3490,3490.TWO,singlewell,單井,24.86,,TPEx LISTED,光電業,45.2,45.6,46.4,45.2,1289004,58.26,46.68,46.08,-3.17,-1.91,-0.99,-2.06,-7.28,57.8,57.8,57.8,57.8,57.8,-19.72,-19.72,-19.72,21.8,21.8,False,False,False,False,False,False,False,False,False,2026-10-08,光電業,光電顯示／光學元件
3491,3491.TWO,UMT,昇達科,1159.37,,TPEx LISTED,通信網路業,1685.0,1685.0,1730.0,1670.0,1046831,1763.91,1644.0,1584.0,2.49,6.38,-1.17,3.37,13.09,2200.0,2200.0,2200.0,2200.0,2200.0,-21.36,-21.36,-21.36,23.41,23.41,False,False,False,False,False,False,False,False,False,2026-10-08,通信網路業,通信網路／網通設備
3492,3492.TWO,ACT,長盛,6.8,,TPEx LISTED,電子零組件業,19.15,19.25,19.35,19.1,22000,0.42,19.42,19.28,-1.39,-0.67,-1.29,-2.79,0.0,27.6,35.5,47.0,27.6,35.5,-29.89,-45.49,-58.83,30.62,46.06,False,False,False,False,False,False,False,False,False,2026-10-08,電子零組件業,電子零組件：PCB、CCL、IC載板、連接器與被動元件（公司級品類待核驗）
3494,3494.TW,HiTi,誠研,6.72,,TWSE LISTED,電腦及週邊設備業,7.09,7.07,7.14,7.01,39003,0.28,7.078,7.089,0.17,0.01,0.14,0.57,0.0,11.65,20.6,50.68,11.65,20.6,-38.71,-65.34,-85.91,39.14,65.58,False,False,True,True,False,False,False,False,False,2026-10-08,電腦及週邊設備業,電腦、伺服器與企業硬體
3498,3498.TWO,USUN,陽程,138.17,,TPEx LISTED,其他電子業,225.5,230.0,232.0,225.5,1426027,321.57,228.6,223.95,-1.36,0.69,-2.59,-4.65,2.73,257.0,257.0,257.0,257.0,257.0,-9.73,-9.73,-9.73,12.26,12.26,False,False,False,False,False,False,False,False,False,2026-10-08,其他電子業,其他電子：電子模組、感測器、電源與車用電子（公司級產品待核驗）
3499,3499.TWO,GLOBALSAT,環天科,7.23,,TPEx LISTED,通信網路業,13.15,13.3,13.3,13.15,32036,0.42,13.47,13.56,-2.38,-3.02,-2.23,-2.59,-4.36,19.6,26.85,30.0,19.6,26.85,-32.14,-50.47,-55.67,32.91,51.02,False,False,False,False,False,False,False,False,False,2026-10-08,通信網路業,通信網路／網通設備
3501,3501.TW,Well Shin,維熹,44.88,,TWSE LISTED,電子零組件業,37.95,38.0,38.2,37.8,73000,2.77,37.73,37.735,0.58,0.57,0.66,0.4,0.66,61.4,81.8,81.8,61.4,81.8,-37.79,-53.3,-53.3,38.19,53.61,False,False,False,False,False,False,False,False,False,2026-10-08,電子零組件業,電子零組件：PCB、CCL、IC載板、連接器與被動元件（公司級品類待核驗）
3504,3504.TW,Young Optics,揚明光,94.21,,TWSE LISTED,光電業,82.6,83.6,85.5,82.5,771058,63.69,82.7,80.88,-0.12,2.13,-1.2,-2.48,2.99,97.8,97.8,169.0,97.8,97.8,-12.58,-12.58,-49.41,15.54,15.54,False,False,False,False,False,False,False,False,False,2026-10-08,光電業,光電顯示／光學元件
3508,3508.TWO,Ways,位速,26.89,,TPEx LISTED,其他電子業,24.7,25.1,25.45,24.55,182140,4.5,25.15,25.475,-1.79,-3.04,-1.4,-0.8,-5.0,55.9,55.9,75.5,55.9,55.9,-54.47,-54.47,-66.29,55.81,55.81,False,False,False,False,False,False,False,False,False,2026-10-08,其他電子業,其他電子：電子模組、感測器、電源與車用電子（公司級產品待核驗）
3511,3511.TWO,SIMULA TECH INC,矽瑪,15.95,,TPEx LISTED,電子零組件業,19.95,19.8,20.35,19.8,66000,1.32,19.93,19.715,0.1,1.19,-0.75,-1.48,1.79,30.85,49.8,60.0,30.85,49.8,-34.04,-59.14,-66.08,35.33,59.94,False,False,True,False,False,False,False,False,False,2026-10-08,電子零組件業,電子零組件：PCB、CCL、IC載板、連接器與被動元件（公司級品類待核驗）
3512,3512.TWO,Huang Long,皇龍,21.48,,TPEx LISTED,建材營造,19.0,18.95,19.0,18.8,17000,0.32,19.02,19.12,-0.11,-0.63,0.0,0.26,-1.04,22.05,48.75,68.76,22.05,48.75,-13.83,-61.03,-72.37,13.83,61.03,False,False,False,False,False,False,False,False,False,2026-10-08,建材營造,建材、營造與不動產開發（公司級業務待核驗）
3515,3515.TW,ASROCK,華擎,269.89,,TWSE LISTED,電腦及週邊設備業,218.5,220.0,220.5,218.0,217060,47.43,217.9,215.0,0.28,1.63,-0.23,0.46,1.63,273.5,360.0,360.0,273.5,360.0,-19.38,-38.75,-38.75,20.11,39.31,False,False,False,False,False,False,False,False,False,2026-10-08,電腦及週邊設備業,電腦、伺服器與企業硬體
3516,3516.TWO,ADO,亞帝歐,15.49,,TPEx LISTED,光電業,26.0,25.7,26.0,25.6,26000,0.68,26.08,25.67,-0.31,1.29,-1.52,-0.95,2.56,30.6,33.1,33.1,30.6,33.1,-15.03,-21.46,-21.46,15.03,21.46,False,False,False,False,False,False,False,False,False,2026-10-08,光電業,光電顯示／光學元件
3518,3518.TW,PT TECH.,柏騰,50.72,,TWSE LISTED,其他電子業,49.5,49.15,50.0,48.5,1727725,85.52,48.64,42.85,1.77,15.52,-1.59,1.54,22.68,52.0,52.0,52.0,52.0,52.0,-3.85,-3.85,-3.85,4.81,4.81,False,False,False,False,False,False,False,True,True,2026-10-08,其他電子業,其他電子：電子模組、感測器、電源與車用電子（公司級產品待核驗）
3520,3520.TWO,JVE,華盈,15.26,,TPEx LISTED,電子零組件業,18.2,17.7,18.3,17.7,222001,4.04,17.81,17.49,2.19,4.06,2.25,0.83,7.06,20.2,26.8,277.82,20.2,26.8,-9.41,-31.72,-93.41,9.9,32.09,False,False,False,False,False,False,False,True,False,2026-10-08,電子零組件業,電子零組件：PCB、CCL、IC載板、連接器與被動元件（公司級品類待核驗）
3521,3521.TWO,TSG Development,台鋼建設,21.27,,TPEx LISTED,建材營造,11.45,11.5,11.55,11.3,51000,0.58,11.6,11.72,-1.29,-2.3,-0.87,-0.87,-4.58,17.45,25.0,29.6,17.45,25.0,-33.81,-53.8,-60.98,34.38,54.2,False,False,False,False,False,False,False,False,False,2026-10-08,建材營造,建材、營造與不動產開發（公司級業務待核驗）
3522,3522.TWO,TOPLUS,御嵿,12.49,,TPEx LISTED,觀光餐旅,12.0,12.2,12.2,11.8,55233,0.66,12.14,12.37,-1.15,-2.99,0.0,-1.23,-4.0,19.4,31.0,82.85,19.4,31.0,-37.11,-60.65,-85.27,38.14,61.29,False,False,False,False,False,False,False,False,False,2026-10-08,觀光餐旅,觀光餐旅（公司级产品待核验）
3523,3523.TWO,EFUN,迎輝,9.29,,TPEx LISTED,光電業,14.45,13.75,14.45,13.75,9100,0.13,14.14,14.41,2.19,0.28,5.09,2.48,7.04,23.25,29.5,71.0,23.25,29.5,-37.85,-51.02,-79.65,37.85,51.02,False,False,False,True,False,False,False,False,False,2026-10-08,光電業,光電顯示／光學元件
3526,3526.TWO,ALLTOP,凡甲,184.14,,TPEx LISTED,電子零組件業,275.5,277.0,277.0,273.0,162015,44.64,276.1,273.4,-0.22,0.77,-0.36,-0.18,1.29,403.0,403.0,403.0,403.0,403.0,-31.27,-31.27,-31.27,31.64,31.64,False,False,False,False,False,False,False,False,False,2026-10-08,電子零組件業,電子零組件：PCB、CCL、IC載板、連接器與被動元件（公司級品類待核驗）
3527,3527.TWO,MBI,聚積,22.93,,TPEx LISTED,半導體業,51.6,50.5,52.8,50.4,258051,13.32,51.08,51.37,1.02,0.45,1.98,1.38,0.39,74.0,122.5,279.0,74.0,122.5,-28.65,-56.9,-81.08,30.27,57.88,False,False,False,True,False,False,False,False,False,2026-10-08,半導體業,半導體／IC設計或製造（細分環節待核驗）
3528,3528.TW,ANSTEK,安馳,57.31,,TWSE LISTED,電子通路業,86.0,86.0,86.5,85.3,242045,20.82,86.8,86.07,-0.92,-0.08,0.7,-1.04,-1.04,142.5,142.5,142.5,142.5,142.5,-39.3,-39.3,-39.3,39.65,39.65,False,False,False,False,False,False,False,False,False,2026-10-08,電子通路業,電子通路、半導體代理與零組件分銷（公司級代理品類待核驗）
3529,3529.TWO,eMemory,力旺,2177.11,,TPEx LISTED,半導體業,2915.0,3000.0,3035.0,2915.0,787215,2294.73,3074.0,3176.0,-5.17,-8.22,-3.32,-7.61,-10.17,4785.0,4785.0,4785.0,4785.0,4785.0,-36.57,-36.57,-36.57,39.08,39.08,False,False,False,False,False,False,False,False,False,2026-10-08,半導體業,半導體／IC設計或製造（細分環節待核驗）
3530,3530.TW,SOI,晶相光,44.63,,TWSE LISTED,半導體業,57.6,58.4,58.4,57.6,107116,6.17,58.86,58.82,-2.14,-2.07,-1.71,-2.21,-2.37,85.5,147.5,282.99,85.5,147.5,-31.7,-60.41,-79.36,32.63,60.95,False,False,False,False,False,False,False,False,False,2026-10-08,半導體業,半導體／IC設計或製造（細分環節待核驗）
3531,3531.TWO,Shian Yih,先益,13.24,,TPEx LISTED,光電業,21.65,21.2,21.65,21.2,12050,0.26,21.37,21.23,1.31,1.98,0.0,2.36,2.36,24.85,36.8,38.75,24.85,36.8,-12.88,-41.17,-44.13,12.88,41.17,False,False,False,True,False,False,False,False,False,2026-10-08,光電業,光電顯示／光學元件
3532,3532.TW,FST,台勝科,1974.15,,TWSE LISTED,半導體業,509.0,515.0,518.0,474.0,12691522,6459.98,486.8,473.05,4.56,7.6,-0.78,8.41,7.38,552.0,552.0,552.0,552.0,552.0,-6.16,-6.16,-6.16,7.79,7.79,False,False,True,False,False,False,False,True,True,2026-10-08,半導體業,半導體／IC設計或製造（細分環節待核驗）
3533,3533.TW,LOTES,嘉澤,2155.04,,TWSE LISTED,電子零組件業,1915.0,1820.0,1935.0,1820.0,2108242,4037.28,1867.0,1805.0,2.57,6.09,4.93,2.13,3.23,2955.0,2955.0,2955.0,2955.0,2955.0,-34.52,-34.52,-34.52,35.19,35.19,False,False,False,False,False,False,False,False,False,2026-10-08,電子零組件業,電子零組件：PCB、CCL、IC載板、連接器與被動元件（公司級品類待核驗）
3535,3535.TW,Favite,晶彩科,73.12,,TWSE LISTED,光電業,92.5,91.5,94.4,91.2,782180,72.35,92.4,90.95,0.11,1.7,0.65,-0.22,1.31,151.0,151.0,151.0,151.0,151.0,-37.48,-37.48,-37.48,38.74,38.74,False,False,False,False,False,False,False,False,False,2026-10-08,光電業,光電顯示／光學元件
3537,3537.TWO,PODAK,堡達,32.0,,TPEx LISTED,電子零組件業,56.9,55.6,58.1,55.6,451020,25.66,56.24,55.18,1.17,3.12,1.07,1.61,-2.9,92.5,92.5,92.5,92.5,92.5,-37.19,-37.19,-37.19,38.49,38.49,False,False,False,False,False,False,False,False,False,2026-10-08,電子零組件業,電子零組件：PCB、CCL、IC載板、連接器與被動元件（公司級品類待核驗）
3540,3540.TWO,Thermaltake,曜越,20.1,,TPEx LISTED,電腦及週邊設備業,23.8,24.0,24.0,23.65,120183,2.86,23.96,23.445,-0.67,1.51,-0.83,-3.25,3.03,36.45,60.0,81.65,36.45,60.0,-34.16,-60.0,-70.61,34.71,60.33,False,False,False,False,False,False,False,False,False,2026-10-08,電腦及週邊設備業,電腦、伺服器與企業硬體
3541,3541.TWO,CYP,西柏,13.81,,TPEx LISTED,其他電子業,24.5,24.7,24.7,24.3,68000,1.67,24.5,24.485,0.0,0.06,0.62,-0.41,0.41,26.5,41.8,147.95,26.5,41.8,-6.79,-40.91,-83.3,7.55,41.39,False,False,False,False,False,False,False,True,False,2026-10-08,其他電子業,其他電子：電子模組、感測器、電源與車用電子（公司級產品待核驗）
3543,3543.TW,JOCHU,州巧,82.05,,TWSE LISTED,光電業,56.1,55.0,57.7,54.6,4616500,258.99,54.0,51.42,3.89,9.1,0.72,3.89,9.78,58.8,58.8,58.8,58.8,58.8,-1.87,-1.87,-1.87,4.59,4.59,False,False,False,False,False,False,False,True,True,2026-10-08,光電業,光電顯示／光學元件
3545,3545.TW,FocalTech,敦泰,108.98,,TWSE LISTED,半導體業,49.0,49.1,49.8,48.9,618010,30.28,50.1,50.81,-2.2,-3.56,-1.01,-2.78,-5.04,63.5,136.0,298.0,63.5,136.0,-21.57,-63.38,-83.29,22.83,63.97,False,False,False,False,False,False,False,False,False,2026-10-08,半導體業,半導體／IC設計或製造（細分環節待核驗）
3546,3546.TWO,USERJOY,宇峻,45.09,,TPEx LISTED,文化創意業,73.5,72.6,73.5,72.5,115135,8.46,72.8,72.79,0.96,0.98,1.1,1.8,0.41,82.76,117.75,117.75,82.76,117.75,-11.19,-37.58,-37.58,11.19,37.58,True,False,False,True,False,False,False,False,False,2026-10-08,文化創意業,文化創意業（公司级产品待核验）
3548,3548.TWO,JARLLY,兆利,50.36,,TPEx LISTED,電子零組件業,73.8,74.6,74.6,72.5,141072,10.41,75.06,76.1,-1.68,-3.02,-0.54,-2.38,-3.53,124.0,293.17,293.17,124.0,293.17,-39.84,-74.55,-74.55,40.48,74.83,False,False,False,False,False,False,False,False,False,2026-10-08,電子零組件業,電子零組件：PCB、CCL、IC載板、連接器與被動元件（公司級品類待核驗）
3550,3550.TW,COPARTNER,聯穎,25.7,,TWSE LISTED,電子零組件業,23.9,24.55,24.6,23.8,1101290,26.32,24.85,24.97,-3.82,-4.29,-2.65,-4.78,-7.0,39.7,39.7,39.7,39.7,39.7,-38.04,-38.04,-38.04,39.8,39.8,False,False,False,False,False,False,False,False,False,2026-10-08,電子零組件業,電子零組件：PCB、CCL、IC載板、連接器與被動元件（公司級品類待核驗）
3551,3551.TWO,SHT,世禾,123.3,,TPEx LISTED,綠能環保,198.0,198.5,199.0,195.0,389730,77.17,198.8,192.7,-0.4,2.75,-1.0,-0.5,2.59,234.5,234.5,234.5,234.5,234.5,-15.14,-15.14,-15.14,15.57,15.57,False,False,False,False,False,False,False,False,False,2026-10-08,綠能環保,綠能、太陽能、儲能與環境工程（公司級產品待核驗）
3552,3552.TWO,TUNG THIH,同致,42.3,,TPEx LISTED,其他電子業,43.2,44.05,44.05,43.05,155819,6.73,44.16,44.11,-2.17,-2.06,-1.93,-2.7,-2.48,66.0,133.74,416.52,66.0,133.74,-33.26,-67.06,-89.42,34.55,67.7,False,False,False,False,False,False,False,False,False,2026-10-08,其他電子業,其他電子：電子模組、感測器、電源與車用電子（公司級產品待核驗）
3555,3555.TWO,BaaS,博士旺,63.2,,TPEx LISTED,半導體業,158.0,161.0,161.0,158.0,58001,9.16,163.6,165.9,-3.42,-4.76,-3.07,-5.11,-5.39,281.5,281.5,281.5,281.5,281.5,-42.81,-42.81,-42.81,43.87,43.87,False,False,False,False,False,False,False,False,False,2026-10-08,半導體業,半導體／IC設計或製造（細分環節待核驗）
3556,3556.TWO,EETI,禾瑞亞,41.85,,TPEx LISTED,半導體業,65.7,64.6,66.5,64.6,646858,42.5,62.64,60.24,4.89,9.06,0.15,12.31,11.17,81.0,81.0,112.02,81.0,81.0,-17.9,-17.9,-40.64,18.89,18.89,True,False,False,False,False,False,False,False,False,2026-10-08,半導體業,半導體／IC設計或製造（細分環節待核驗）
3557,3557.TW,JiaWei,嘉威,20.24,,TWSE LISTED,居家生活,24.0,23.65,24.0,23.65,38175,0.92,23.99,23.46,0.04,2.3,1.48,-0.62,3.9,38.35,78.0,112.21,38.35,78.0,-37.42,-69.23,-78.61,37.42,69.23,False,False,False,False,False,False,False,False,False,2026-10-08,居家生活,居家用品、建材、家具與生活消費品（公司級產品待核驗）
3558,3558.TWO,Senao Networks,神準,80.03,,TPEx LISTED,通信網路業,135.5,134.5,139.0,134.5,443260,60.06,132.6,128.6,2.19,5.37,1.12,3.83,5.04,154.5,270.5,379.5,154.5,270.5,-10.03,-48.61,-63.37,12.3,49.91,True,False,False,False,False,False,False,False,False,2026-10-08,通信網路業,通信網路／網通設備
3563,3563.TW,MACHVISION,牧德,466.91,,TWSE LISTED,光電業,730.0,733.0,742.0,728.0,424294,309.73,750.8,763.1,-2.77,-4.34,-1.35,-4.82,-3.18,997.0,997.0,997.0,997.0,997.0,-25.58,-25.58,-25.58,26.78,26.78,False,False,False,False,False,False,False,False,False,2026-10-08,光電業,光電顯示／光學元件
3564,3564.TWO,AEWIN,其陽,39.55,,TPEx LISTED,通信網路業,66.9,61.2,66.9,59.7,2853803,190.92,61.22,55.565,9.28,20.4,9.85,8.43,31.18,62.9,138.0,138.0,66.9,138.0,6.36,-51.52,-51.52,0.0,51.52,False,False,False,False,True,False,False,True,False,2026-10-08,通信網路業,通信網路／網通設備
3567,3567.TWO,ETREND,逸昌,8.9,,TPEx LISTED,半導體業,26.2,26.05,26.25,25.85,24001,0.63,26.1,25.99,0.38,0.81,0.58,0.77,0.19,33.55,45.75,49.85,33.55,45.75,-21.76,-42.62,-47.34,21.91,42.73,False,False,False,True,False,False,False,False,False,2026-10-08,半導體業,半導體／IC設計或製造（細分環節待核驗）
3570,3570.TWO,OITC,大塚,29.15,,TPEx LISTED,資訊服務業,170.5,170.0,170.5,169.0,9014,1.54,169.6,168.8,0.53,1.01,0.59,0.59,0.0,193.0,280.0,280.0,193.0,280.0,-11.66,-39.11,-39.11,11.66,39.11,False,False,False,False,False,False,False,False,False,2026-10-08,資訊服務業,資訊服務、軟體、雲端與系統整合（公司級產品待核驗）
3576,3576.TW,URE,聯合再生,295.44,,TWSE LISTED,光電業,18.15,18.35,18.5,18.15,5995808,108.82,18.67,18.55,-2.79,-2.16,-2.42,-3.71,-1.89,28.0,28.0,32.86,28.0,28.0,-33.93,-33.93,-43.69,35.18,35.18,False,False,False,False,False,False,False,False,False,2026-10-08,光電業,光電顯示／光學元件
3577,3577.TWO,ICP DAS,泓格,67.8,,TPEx LISTED,電腦及週邊設備業,106.0,110.0,110.0,106.0,287000,30.42,110.7,113.65,-4.25,-6.73,-3.64,-5.36,-8.23,176.0,176.0,176.0,176.0,176.0,-37.5,-37.5,-37.5,39.77,39.77,False,False,False,False,False,False,False,False,False,2026-10-08,電腦及週邊設備業,電腦、伺服器與企業硬體
3580,3580.TWO,UVAT,友威科,40.46,,TPEx LISTED,其他電子業,102.5,102.0,103.0,100.5,385712,39.54,105.2,105.82,-2.57,-3.14,-0.97,-5.09,-5.96,118.0,125.0,125.0,118.0,125.0,-12.71,-17.6,-17.6,13.14,18.0,False,False,False,False,False,False,False,False,False,2026-10-08,其他電子業,其他電子：電子模組、感測器、電源與車用電子（公司級產品待核驗）
3581,3581.TWO,ZVC,博磊,56.36,,TPEx LISTED,半導體業,110.5,113.5,113.5,109.0,239105,26.42,114.7,112.3,-3.66,-1.6,-2.64,-5.96,-5.56,299.5,299.5,299.5,299.5,299.5,-62.1,-62.1,-62.1,63.11,63.11,False,False,False,False,False,False,False,False,False,2026-10-08,半導體業,半導體／IC設計或製造（細分環節待核驗）
3583,3583.TW,Scientech,辛耘,617.2,,TWSE LISTED,半導體業,736.0,738.0,745.0,730.0,487708,358.95,741.2,722.2,-0.7,1.91,-0.94,-1.08,4.1,1010.0,1010.0,1010.0,1010.0,1010.0,-26.24,-26.24,-26.24,27.13,27.13,False,False,False,False,False,False,False,False,False,2026-10-08,半導體業,半導體設備／晶圓檢測與量測設備
3587,3587.TWO,MA-tek,閎康,168.57,,TPEx LISTED,其他電子業,243.0,246.5,250.0,242.5,503233,122.29,248.3,243.5,-2.13,-0.21,-1.22,-5.63,0.83,399.0,399.0,399.0,399.0,399.0,-37.34,-37.34,-37.34,39.1,39.1,False,False,False,False,False,False,False,False,False,2026-10-08,其他電子業,其他電子：電子模組、感測器、電源與車用電子（公司級產品待核驗）
3588,3588.TW,LD,通嘉,32.98,,TWSE LISTED,半導體業,53.2,54.2,54.9,53.2,501980,26.71,55.94,55.1,-4.9,-3.45,-4.32,-6.67,-10.14,80.0,120.1,155.19,80.0,120.1,-31.37,-54.29,-64.62,33.5,55.7,False,False,False,False,False,False,False,False,False,2026-10-08,半導體業,半導體／IC設計或製造（細分環節待核驗）
3591,3591.TW,EDISON OPTO,艾笛森,37.94,,TWSE LISTED,光電業,29.1,26.4,29.25,26.4,2562025,74.55,27.81,26.905,4.64,8.16,8.58,4.68,8.18,33.34,37.24,37.24,33.34,37.24,-12.27,-21.46,-21.46,12.72,21.86,False,False,False,True,False,False,False,False,False,2026-10-08,光電業,光電顯示／光學元件
3592,3592.TW,Raydium,瑞鼎,178.64,,TWSE LISTED,半導體業,235.5,236.0,236.0,233.0,332015,78.19,237.7,233.65,-0.93,0.79,-0.21,-1.46,-1.05,292.0,506.0,699.0,292.0,506.0,-19.18,-53.36,-66.24,19.35,53.46,False,False,False,False,False,False,False,False,False,2026-10-08,半導體業,半導體／IC設計或製造（細分環節待核驗）
3593,3593.TW,Logah,力銘,7.06,,TWSE LISTED,電子零組件業,11.6,10.4,11.6,10.4,2599,0.03,10.9,10.63,6.42,9.13,7.91,7.91,0.87,20.4,36.08,51.56,20.4,36.08,-43.14,-67.85,-77.5,43.14,67.85,False,False,False,True,False,False,False,False,False,2026-10-08,電子零組件業,電子零組件：PCB、CCL、IC載板、連接器與被動元件（公司級品類待核驗）
3594,3594.TWO,ARBOR,磐儀,44.38,,TPEx LISTED,電腦及週邊設備業,46.25,46.2,46.5,45.9,166238,7.69,46.5,46.86,-0.54,-1.3,-0.22,0.11,-3.04,61.9,65.7,65.7,61.9,65.7,-24.88,-29.22,-29.22,25.28,29.6,False,False,False,False,False,False,False,False,False,2026-10-08,電腦及週邊設備業,電腦、伺服器與企業硬體
3596,3596.TW,Arcadyan,智易,344.85,,TWSE LISTED,通信網路業,156.5,156.5,157.5,155.5,697351,109.14,155.9,154.45,0.38,1.33,-0.32,0.32,2.29,214.0,253.0,253.0,214.0,253.0,-26.4,-37.75,-37.75,26.87,38.14,False,False,False,False,False,False,False,False,False,2026-10-08,通信網路業,通信網路／網通設備
3597,3597.TWO,AVI,映興,15.85,,TPEx LISTED,電子零組件業,40.4,40.4,40.4,40.4,767060,30.99,33.75,30.885,19.7,30.81,9.93,32.68,43.77,36.75,56.3,56.3,40.4,56.3,9.93,-28.24,-28.24,0.0,28.24,True,False,False,False,True,False,False,True,False,2026-10-08,電子零組件業,電子零組件：PCB、CCL、IC載板、連接器與被動元件（公司級品類待核驗）
3605,3605.TW,ACES,宏致,285.69,,TWSE LISTED,電子零組件業,163.0,166.0,166.0,163.0,3288274,535.99,168.1,173.5,-3.03,-6.05,-2.4,-2.98,-8.43,190.5,190.5,190.5,190.5,190.5,-12.86,-12.86,-12.86,14.44,14.44,False,False,False,False,False,False,False,False,False,2026-10-08,電子零組件業,電子零組件：PCB、CCL、IC載板、連接器與被動元件（公司級品類待核驗）
3607,3607.TW,Coxon,谷崧,16.85,,TWSE LISTED,電子零組件業,13.85,13.95,14.0,13.85,54002,0.75,13.87,13.85,-0.14,0.0,-1.07,0.36,-0.72,19.55,23.9,36.95,19.55,23.9,-28.39,-41.42,-62.11,29.16,42.05,False,False,False,False,False,False,False,False,False,2026-10-08,電子零組件業,電子零組件：PCB、CCL、IC載板、連接器與被動元件（公司級品類待核驗）
3609,3609.TWO,HEP,三一東林,9.64,,TPEx LISTED,電子零組件業,25.1,24.8,25.15,24.25,133000,3.34,24.0,23.61,4.58,6.31,2.03,6.13,9.13,42.9,60.6,63.1,42.9,60.6,-41.38,-58.5,-60.14,41.49,58.58,True,False,False,False,False,False,False,False,False,2026-10-08,電子零組件業,電子零組件：PCB、CCL、IC載板、連接器與被動元件（公司級品類待核驗）
3611,3611.TWO,TSC AUTO ID,鼎翰,87.74,,TPEx LISTED,電腦及週邊設備業,184.5,183.0,184.5,183.0,35050,6.47,183.4,183.35,0.6,0.63,0.82,1.1,0.0,205.0,248.0,266.87,205.0,248.0,-10.0,-25.6,-30.87,10.0,25.6,False,False,False,True,False,False,False,True,False,2026-10-08,電腦及週邊設備業,電腦、伺服器與企業硬體
3615,3615.TWO,AimCore,安可,29.37,,TPEx LISTED,光電業,42.9,43.9,43.9,42.45,717450,30.78,43.96,42.67,-2.41,0.54,-2.39,-3.49,-0.81,66.9,66.9,66.9,66.9,66.9,-34.38,-34.38,-34.38,35.87,35.87,False,False,False,False,False,False,False,False,False,2026-10-08,光電業,光電顯示／光學元件
3617,3617.TW,CyberPower,碩天,228.85,,TWSE LISTED,其他電子業,241.5,241.0,243.0,240.5,214070,51.7,243.4,242.8,-0.78,-0.54,-1.63,0.0,-0.62,267.5,401.5,401.5,267.5,401.5,-9.16,-39.48,-39.48,9.72,39.85,False,False,False,False,False,False,False,True,False,2026-10-08,其他電子業,其他電子：電子模組、感測器、電源與車用電子（公司級產品待核驗）
3622,3622.TW,YFO,洋華,69.91,,TWSE LISTED,光電業,46.2,46.7,47.7,46.15,283050,13.08,46.42,45.74,-0.47,1.01,-1.81,0.0,0.65,73.8,87.3,87.3,73.8,87.3,-35.37,-45.36,-45.36,37.4,47.08,False,False,False,False,False,False,False,False,False,2026-10-08,光電業,光電顯示／光學元件
3623,3623.TWO,TTI,富晶通,8.73,,TPEx LISTED,光電業,29.9,30.0,30.45,29.6,135000,4.04,30.02,29.56,-0.4,1.15,1.01,-0.5,-2.13,34.15,54.7,59.0,34.15,54.7,-10.83,-44.33,-48.39,12.45,45.34,False,False,False,False,False,False,False,False,False,2026-10-08,光電業,光電顯示／光學元件
3624,3624.TWO,VIKING,光頡,205.35,,TPEx LISTED,電子零組件業,175.0,165.5,175.0,161.5,47738934,8354.31,154.7,147.6,13.12,18.56,9.72,20.27,15.89,178.0,178.0,178.0,178.0,178.0,-1.69,-1.69,-1.69,1.69,1.69,False,False,False,False,False,False,False,True,True,2026-10-08,電子零組件業,電子零組件：PCB、CCL、IC載板、連接器與被動元件（公司級品類待核驗）
3625,3625.TWO,C-TECH,西勝,11.54,,TPEx LISTED,電腦及週邊設備業,19.86,19.86,19.86,19.86,0,0.0,20.372,21.355,-2.51,-7.0,-0.0,-2.88,-9.82,43.85,70.3,80.3,43.85,70.3,-54.71,-71.75,-75.27,54.71,71.75,False,False,False,False,False,False,False,False,False,2026-10-08,電腦及週邊設備業,電腦、伺服器與企業硬體
3628,3628.TWO,ABLEREX,盈正,32.17,,TPEx LISTED,其他電子業,71.5,72.3,72.3,71.2,98055,7.01,71.94,72.67,-0.61,-1.61,-1.24,-0.97,-1.79,83.0,109.0,109.0,83.0,109.0,-12.89,-33.67,-33.67,13.86,34.4,False,False,False,False,False,False,False,False,False,2026-10-08,其他電子業,其他電子：電子模組、感測器、電源與車用電子（公司級產品待核驗）
3629,3629.TWO,Gravitytai,地心引力,5.04,,TPEx LISTED,文化創意業,15.3,15.3,15.3,15.3,11000,0.17,14.0,15.72,9.29,-2.67,9.68,14.61,-5.56,26.45,43.5,101.0,26.45,43.5,-42.16,-64.83,-84.85,42.16,64.83,False,False,False,False,False,False,False,False,False,2026-10-08,文化創意業,文化創意業（公司级产品待核验）
3630,3630.TWO,NEWMAX,新鉅科,56.66,,TPEx LISTED,光電業,27.75,28.2,28.35,27.55,642353,17.83,27.92,27.415,-0.61,1.22,-1.77,1.65,3.16,39.95,43.0,127.86,39.95,43.0,-29.04,-34.07,-77.83,30.54,35.47,False,False,False,False,False,False,False,False,False,2026-10-08,光電業,光電顯示／光學元件
3631,3631.TWO,CHERNAN,晟楠,38.5,,TPEx LISTED,電子零組件業,47.05,43.9,47.05,43.2,1149026,54.06,42.84,41.555,9.83,13.22,9.29,15.18,16.32,44.8,51.0,69.04,47.05,51.0,5.02,-7.75,-31.85,0.0,7.75,True,False,False,False,True,False,False,True,True,2026-10-08,電子零組件業,電子零組件：PCB、CCL、IC載板、連接器與被動元件（公司級品類待核驗）
3632,3632.TWO,PAPAGO,研勤,2.9,,TPEx LISTED,通信網路業,13.196,13.196,13.196,13.196,0,0.0,13.17,13.243,0.2,-0.35,0.0,0.71,0.28,19.7,30.11,47.32,19.7,30.11,-33.02,-56.17,-72.11,33.02,56.17,False,False,False,False,False,False,False,False,False,2026-10-08,通信網路業,通信網路／網通設備
3645,3645.TW,TMT,達邁,99.83,,TWSE LISTED,電子零組件業,73.0,74.1,74.9,72.7,1237800,90.36,74.46,74.04,-1.96,-1.4,-1.75,-3.95,-1.62,121.5,121.5,121.5,121.5,121.5,-38.35,-38.35,-38.35,39.92,39.92,False,False,False,False,False,False,False,False,False,2026-10-08,電子零組件業,電子零組件：PCB、CCL、IC載板、連接器與被動元件（公司級品類待核驗）
3646,3646.TWO,ANT,艾恩特,9.86,,TPEx LISTED,電子零組件業,25.1,25.1,25.1,25.1,2000,0.05,25.08,24.945,0.08,0.62,0.0,-0.4,1.01,26.4,32.1,38.5,26.4,32.1,-4.92,-21.81,-34.81,4.92,21.81,False,False,False,False,False,False,False,True,False,2026-10-08,電子零組件業,電子零組件：PCB、CCL、IC載板、連接器與被動元件（公司級品類待核驗）
3652,3652.TW,Unitech elec.,精聯,26.47,,TWSE LISTED,電腦及週邊設備業,35.25,35.45,35.45,34.7,55000,1.94,35.02,34.62,0.66,1.82,0.28,-1.26,2.17,43.4,56.0,56.0,43.4,56.0,-18.32,-36.7,-36.7,18.78,37.05,False,False,True,False,False,False,False,False,False,2026-10-08,電腦及週邊設備業,電腦、伺服器與企業硬體
3653,3653.TW,JENTECH,健策,10547.16,,TWSE LISTED,電子零組件業,7165.0,6800.0,7245.0,6775.0,1552383,11122.82,7011.0,6895.5,2.2,3.91,5.29,-0.56,4.22,7440.0,7440.0,7440.0,7440.0,7440.0,-2.62,-2.62,-2.62,3.7,3.7,False,False,False,True,False,False,False,True,True,2026-10-08,電子零組件業,電子零組件：PCB、CCL、IC載板、連接器與被動元件（公司級品類待核驗）
3661,3661.TW,Alchip,世芯-KY,3749.96,,TWSE LISTED,半導體業,4345.0,4165.0,4480.0,4155.0,4365838,18969.57,4095.0,3919.5,6.11,10.86,3.7,10.0,15.41,5640.0,5640.0,5640.0,5640.0,5640.0,-20.57,-20.57,-20.57,22.96,22.96,True,True,False,False,False,False,False,False,False,2026-10-08,半導體業,半導體／IC設計或製造（細分環節待核驗）
3663,3663.TWO,TTMC,鑫科,66.83,,TPEx LISTED,其他電子業,61.6,62.0,62.3,61.4,387297,23.86,63.04,63.27,-2.28,-2.64,-1.44,-2.53,-5.38,93.8,113.5,113.5,93.8,113.5,-33.58,-45.11,-45.11,34.33,45.73,False,False,False,False,False,False,False,False,False,2026-10-08,其他電子業,其他電子：電子模組、感測器、電源與車用電子（公司級產品待核驗）
3664,3664.TWO,Array,安瑞-KY,6.23,,TPEx LISTED,通信網路業,8.2,8.19,8.2,8.19,5000,0.04,8.18,8.523,0.24,-3.79,0.12,2.5,-7.34,18.8,33.55,45.6,18.8,33.55,-56.38,-75.56,-82.02,56.38,75.56,False,False,False,False,False,False,False,False,False,2026-10-08,通信網路業,通信網路／網通設備
3665,3665.TW,BHI (BizLink),貿聯-KY,4710.05,,TWSE LISTED,其他電子業,2360.0,2335.0,2400.0,2300.0,3516661,8299.32,2405.0,2430.0,-1.87,-2.88,1.94,-5.03,-7.63,3010.0,3010.0,3010.0,3010.0,3010.0,-20.27,-20.27,-20.27,21.59,21.59,False,False,False,False,False,False,False,False,False,2026-10-08,其他電子業,其他電子：電子模組、感測器、電源與車用電子（公司級產品待核驗）
3666,3666.TWO,OTI,光耀,36.96,,TPEx LISTED,光電業,26.6,25.4,27.5,25.4,213000,5.67,25.6,25.43,3.91,4.6,4.72,5.14,5.14,32.95,45.95,900000.0,32.95,45.95,-16.54,-40.15,-100.0,19.27,42.11,False,False,False,True,False,False,False,False,False,2026-10-08,光電業,光電顯示／光學元件
3669,3669.TW,AVer,圓展,29.97,,TWSE LISTED,通信網路業,32.25,32.2,32.5,32.2,53015,1.71,32.56,32.645,-0.95,-1.21,0.16,-1.68,-3.44,44.4,62.0,158.0,44.4,62.0,-26.8,-47.58,-79.43,27.36,47.98,False,False,False,False,False,False,False,False,False,2026-10-08,通信網路業,通信網路／網通設備
3672,3672.TWO,CTS,康聯訊,4.85,,TPEx LISTED,通信網路業,11.9,12.1,12.3,11.75,134000,1.59,12.23,12.265,-2.7,-2.98,-7.39,-3.25,-1.65,15.0,31.95,51.3,15.0,31.95,-18.0,-61.5,-76.02,20.67,62.75,False,False,False,False,False,False,False,False,False,2026-10-08,通信網路業,通信網路／網通設備
3673,3673.TW,TPK,TPK-KY,302.56,,TWSE LISTED,光電業,74.4,75.6,76.3,74.4,6300991,468.79,76.98,73.28,-3.35,1.53,-2.49,-3.13,1.5,98.9,98.9,136.5,98.9,98.9,-22.85,-22.85,-44.1,24.77,24.77,False,False,False,False,False,False,False,False,False,2026-10-08,光電業,光電顯示／光學元件
3675,3675.TWO,Eris Tech,德微,182.52,,TPEx LISTED,半導體業,344.0,352.5,360.0,343.0,1139172,391.88,349.6,343.8,-1.6,0.06,-4.31,-1.43,-4.18,459.0,459.0,459.0,459.0,459.0,-21.57,-21.57,-21.57,25.05,25.05,False,False,False,False,False,False,False,False,False,2026-10-08,半導體業,半導體／IC設計或製造（細分環節待核驗）
3679,3679.TW,Nishoku,新至陞,68.06,,TWSE LISTED,電子零組件業,108.0,107.5,108.0,107.5,16000,1.73,108.1,108.3,-0.09,-0.28,0.0,-0.46,-0.46,130.0,164.0,171.5,130.0,164.0,-16.92,-34.15,-37.03,16.92,34.15,False,False,False,False,False,False,False,False,False,2026-10-08,電子零組件業,電子零組件：PCB、CCL、IC載板、連接器與被動元件（公司級品類待核驗）
3680,3680.TWO,Gudeng,家登,549.37,,TPEx LISTED,半導體業,571.0,572.0,577.0,556.0,1109356,633.44,562.8,553.8,1.46,3.11,0.71,1.78,3.63,623.0,623.0,623.0,623.0,623.0,-7.38,-7.38,-7.38,8.35,8.35,True,True,False,False,False,False,False,True,True,2026-10-08,半導體業,半導體／IC設計或製造（細分環節待核驗）
3684,3684.TWO,Grand-Tek,榮昌,18.94,,TPEx LISTED,通信網路業,62.5,62.1,66.5,58.5,1256229,78.51,57.9,55.73,7.94,12.15,3.31,13.22,15.1,72.7,74.3,74.3,72.7,74.3,-8.53,-10.5,-10.5,14.03,15.88,True,False,False,False,False,False,False,False,False,2026-10-08,通信網路業,通信網路／網通設備
3685,3685.TWO,TAC,元創精密,30.16,,TPEx LISTED,電機機械,37.9,35.35,38.4,35.35,2485127,94.19,36.23,35.63,4.61,6.37,7.37,4.99,9.38,41.4,46.65,74.9,41.4,46.65,-7.25,-17.68,-48.73,8.45,18.76,False,False,False,True,False,False,False,True,False,2026-10-08,電機機械,電機機械、工業自動化與設備（公司級產品待核驗）
3686,3686.TW,Danen,達能,11.86,,TWSE LISTED,半導體業,15.5,15.85,15.85,15.45,55320,0.86,15.71,15.55,-1.34,-0.32,-1.9,-1.59,-3.12,24.0,34.0,38.76,24.0,34.0,-33.96,-53.38,-59.11,35.42,54.41,False,False,False,False,False,False,False,False,False,2026-10-08,半導體業,半導體／IC設計或製造（細分環節待核驗）
3687,3687.TWO,OMG,歐買尬,18.29,,TPEx LISTED,數位雲端,60.7,60.5,61.1,60.5,25108,1.52,60.8,60.71,-0.16,-0.02,0.0,-0.16,-1.46,86.0,128.5,235.5,86.0,128.5,-28.95,-52.45,-74.06,29.42,52.76,False,False,False,False,False,False,False,False,False,2026-10-08,數位雲端,數位雲端、軟體服務與電子商務（公司級產品待核驗）
3689,3689.TWO,UDE,湧德,105.11,,TPEx LISTED,電子零組件業,117.5,118.0,119.5,117.0,980123,115.16,115.6,112.9,1.64,4.07,-0.42,3.98,6.33,146.0,146.0,146.0,146.0,146.0,-18.15,-18.15,-18.15,19.52,19.52,False,False,False,False,False,False,False,False,False,2026-10-08,電子零組件業,電子零組件：PCB、CCL、IC載板、連接器與被動元件（公司級品類待核驗）
3691,3691.TWO,GIGASOLAR,碩禾,95.1,,TPEx LISTED,光電業,103.5,103.5,105.0,103.5,250150,25.89,106.1,112.35,-2.45,-7.88,-0.48,-1.9,-8.0,178.0,182.0,404.43,178.0,182.0,-41.01,-42.31,-74.04,41.85,43.13,False,False,False,False,False,False,False,False,False,2026-10-08,光電業,光電顯示／光學元件
3693,3693.TWO,AIC,營邦,316.41,,TPEx LISTED,電腦及週邊設備業,736.0,760.0,789.0,715.0,7322585,5389.42,704.4,703.6,4.49,4.6,2.51,6.82,10.84,755.0,755.0,755.0,789.0,789.0,4.5,4.5,4.5,6.72,6.72,True,False,False,False,True,True,True,True,True,2026-10-08,電腦及週邊設備業,電腦、伺服器與企業硬體
3694,3694.TW,AzureWave,海華,78.99,,TWSE LISTED,通信網路業,51.0,51.7,51.8,50.8,557012,28.41,51.26,50.99,-0.51,0.02,-1.73,-0.39,-0.39,72.9,110.0,110.0,72.9,110.0,-28.94,-52.91,-52.91,30.04,53.64,False,False,False,False,False,False,False,False,False,2026-10-08,通信網路業,通信網路／網通設備
3701,3701.TW,FICG,大眾控,149.1,,TWSE LISTED,電腦及週邊設備業,63.0,61.5,63.2,60.6,2885785,181.8,59.94,52.025,5.11,21.1,3.11,3.45,25.0,79.8,79.8,97.16,79.8,79.8,-20.8,-20.8,-34.95,21.05,21.05,False,False,False,False,False,False,False,False,False,2026-10-08,電腦及週邊設備業,電腦、伺服器與企業硬體
3702,3702.TW,WPG,大聯大,2057.86,,TWSE LISTED,電子通路業,117.5,118.0,120.0,116.5,9620630,1130.42,118.9,117.4,-1.18,0.09,-2.08,-1.26,-1.26,130.5,130.5,130.5,130.5,130.5,-8.05,-8.05,-8.05,9.96,9.96,False,False,False,False,False,False,False,True,True,2026-10-08,電子通路業,電子通路、半導體代理與零組件分銷（公司級代理品類待核驗）
3703,3703.TW,CHC,欣陸,160.53,,TWSE LISTED,建材營造,19.5,19.35,19.55,19.35,234148,4.57,19.42,19.54,0.41,-0.2,0.78,0.52,-0.26,24.95,42.65,42.65,24.95,42.65,-21.64,-54.16,-54.16,21.84,54.28,False,False,False,False,False,False,False,False,False,2026-10-08,建材營造,建材、營造與不動產開發（公司級業務待核驗）
3704,3704.TW,Zyxel Group,合勤控,162.44,,TWSE LISTED,通信網路業,39.1,39.65,39.65,39.0,949089,37.11,39.74,40.03,-1.61,-2.32,-0.89,-2.37,-2.37,51.4,56.7,68.0,51.4,56.7,-22.86,-30.07,-41.69,23.93,31.04,False,False,False,False,False,False,False,False,False,2026-10-08,通信網路業,通信網路／網通設備
3705,3705.TW,Y.S.H.,永信,157.46,,TWSE LISTED,生技醫療業,59.1,57.8,60.0,57.8,930200,54.97,57.3,56.8,3.14,4.05,2.96,4.42,4.23,58.5,69.9,69.9,60.0,69.9,2.56,-14.16,-14.16,1.5,15.45,True,False,False,False,True,False,False,True,False,2026-10-08,生技醫療業,生技、製藥、醫療器材與健康服務（公司級產品待核驗）
3706,3706.TW,MHC,神達,1069.73,,TWSE LISTED,電腦及週邊設備業,80.6,80.6,80.8,80.0,4107999,331.1,80.7,80.09,-0.12,0.64,-0.37,0.25,-1.83,94.09,99.09,99.09,94.09,99.09,-14.13,-18.46,-18.46,14.34,18.66,False,False,False,False,False,False,False,False,False,2026-10-08,電腦及週邊設備業,電腦、伺服器與企業硬體
3707,3707.TWO,EPISIL,漢磊,344.02,,TPEx LISTED,半導體業,85.9,88.2,90.4,85.1,28602415,2456.95,86.46,80.14,-0.65,7.19,-4.45,0.7,10.84,100.5,100.5,173.25,100.5,100.5,-10.05,-10.05,-47.82,14.53,14.53,False,False,False,False,False,False,False,False,False,2026-10-08,半導體業,半導體／IC設計或製造（細分環節待核驗）
3708,3708.TW,Swancor,上緯投控,84.54,,TWSE LISTED,綠能環保,94.1,95.2,96.8,94.1,370287,34.84,96.26,97.39,-2.24,-3.38,-2.18,-2.28,-4.85,140.5,163.0,192.0,140.5,163.0,-31.1,-40.61,-49.58,33.02,42.27,False,False,False,False,False,False,False,False,False,2026-10-08,綠能環保,綠能、太陽能、儲能與環境工程（公司級產品待核驗）
3709,3709.TWO,Trigold,鑫聯大投控,96.37,,TPEx LISTED,電腦及週邊設備業,66.2,65.9,66.2,65.3,259100,17.15,65.3,64.8,1.38,2.16,0.3,2.8,0.46,92.9,92.9,92.9,92.9,92.9,-28.74,-28.74,-28.74,28.74,28.74,False,False,False,False,False,False,False,False,False,2026-10-08,電腦及週邊設備業,電腦、伺服器與企業硬體
3710,3710.TWO,ACON Holding,連展投控,14.63,,TPEx LISTED,電子零組件業,8.26,8.07,8.26,8.05,130520,1.08,8.164,8.131,1.18,1.59,0.12,0.85,2.23,14.68,26.28,28.87,14.68,26.28,-43.73,-68.57,-71.39,43.73,68.57,False,False,True,True,False,False,False,False,False,2026-10-08,電子零組件業,電子零組件：PCB、CCL、IC載板、連接器與被動元件（公司級品類待核驗）
3711,3711.TW,ASEH,日月光投控,33261.06,,TWSE LISTED,半導體業,744.0,732.0,752.0,715.0,15126846,11254.37,735.0,716.7,1.22,3.81,1.64,0.27,4.79,758.0,758.0,758.0,758.0,758.0,-0.79,-0.79,-0.79,1.85,1.85,False,False,False,True,False,False,False,True,True,2026-10-08,半導體業,半導體封裝測試與電子製造服務
3712,3712.TW,FITH,永崴投控,49.74,,TWSE LISTED,電腦及週邊設備業,20.2,20.3,20.35,20.1,362316,7.32,20.47,20.565,-1.32,-1.77,-0.74,-1.94,-2.18,30.0,76.5,76.5,30.0,76.5,-32.17,-73.4,-73.4,32.67,73.59,False,False,False,False,False,False,False,False,False,2026-10-08,電腦及週邊設備業,電腦、伺服器與企業硬體
3713,3713.TWO,HsinjingHolding,新晶投控,13.08,,TPEx LISTED,綠能環保,14.85,14.65,14.85,13.85,470001,6.98,13.87,13.905,7.07,6.8,10.0,9.59,7.61,23.5,35.4,79.6,23.5,35.4,-36.81,-58.05,-81.34,36.81,58.05,False,False,False,True,False,False,False,False,False,2026-10-08,綠能環保,綠能、太陽能、儲能與環境工程（公司級產品待核驗）
3714,3714.TW,ENNOSTAR,富采,268.0,,TWSE LISTED,光電業,67.0,67.0,67.5,66.3,4064880,272.35,68.08,68.23,-1.59,-1.8,-0.59,-1.76,-2.62,87.1,87.1,104.0,87.1,87.1,-22.5,-22.5,-35.1,23.08,23.08,False,False,False,False,False,False,False,False,False,2026-10-08,光電業,光電顯示／光學元件
3715,3715.TW,Dynamic Holding,定穎投控,389.92,,TWSE LISTED,電子零組件業,137.5,136.5,140.0,133.5,7272666,999.99,134.4,130.05,2.31,5.73,-1.08,3.38,6.59,203.5,203.5,203.5,203.5,203.5,-31.2,-31.2,-31.2,32.43,32.43,False,False,False,False,False,False,False,False,False,2026-10-08,電子零組件業,電子零組件：PCB、CCL、IC載板、連接器與被動元件（公司級品類待核驗）
3716,3716.TW,Cenra Inc.,中化控股,51.42,,TWSE LISTED,生技醫療業,34.15,33.85,34.3,33.7,301624,10.3,33.81,33.91,1.01,0.71,1.49,1.34,0.44,37.65,44.55,44.55,37.65,44.55,-8.9,-23.01,-23.01,9.3,23.34,False,False,False,True,False,False,False,True,False,2026-10-08,生技醫療業,生技、製藥、醫療器材與健康服務（公司級產品待核驗）
3717,3717.TW,EOI Holding,聯嘉投控,58.54,,TWSE LISTED,汽車工業,27.75,27.45,29.0,27.2,10185951,282.66,27.57,27.215,0.65,1.97,1.09,0.0,1.46,31.5,31.5,31.5,31.5,31.5,-7.94,-7.94,-7.94,11.9,11.9,False,False,False,True,False,False,False,False,False,2026-10-08,汽車工業,汽車整車、汽車零組件與車用電子（公司級產品待核驗）
3718,3718.TWO,CiHC,中光電投控,246.71,,TPEx LISTED,光電業,63.1,64.0,64.0,62.8,1214809,76.65,64.26,64.55,-1.81,-2.25,-1.25,-2.92,-1.87,86.0,86.0,86.0,86.0,86.0,-25.58,-25.58,-25.58,26.63,26.63,False,False,False,False,False,False,False,False,False,2026-10-08,光電業,光電顯示／光學元件
4102,4102.TWO,YUNGZIP,永日,7.97,,TPEx LISTED,生技醫療業,18.8,18.6,18.9,18.4,42000,0.79,18.43,18.46,2.01,1.84,0.8,4.44,1.9,21.45,44.35,46.6,21.45,44.35,-11.89,-57.38,-59.44,12.35,57.61,True,False,True,True,False,False,False,False,False,2026-10-08,生技醫療業,生技、製藥、醫療器材與健康服務（公司級產品待核驗）
4104,4104.TW,EXCELSIOR,佳醫,135.62,,TWSE LISTED,生技醫療業,72.0,72.0,72.2,71.8,75005,5.4,72.16,72.24,-0.22,-0.33,0.0,0.14,-0.96,80.35,89.07,92.43,80.35,89.07,-10.14,-18.94,-21.89,10.39,19.16,False,False,False,False,False,False,False,False,False,2026-10-08,生技醫療業,生技、製藥、醫療器材與健康服務（公司級產品待核驗）
4105,4105.TWO,TTY,東洋,201.16,,TPEx LISTED,生技醫療業,80.9,80.4,81.2,80.2,958124,77.51,79.44,79.0,1.84,2.41,0.75,3.32,3.06,87.0,87.0,131.5,87.0,87.0,-6.67,-6.67,-38.25,7.01,7.01,True,False,False,False,False,False,False,True,True,2026-10-08,生技醫療業,生技、製藥、醫療器材與健康服務（公司級產品待核驗）
4106,4106.TW,WELLELL,雃博,24.62,,TWSE LISTED,生技醫療業,24.4,24.25,24.6,24.15,141050,3.44,24.23,24.24,0.7,0.66,0.62,1.04,1.24,25.9,30.6,53.0,25.9,30.6,-5.02,-19.61,-53.58,5.79,20.26,True,False,False,True,False,False,False,True,False,2026-10-08,生技醫療業,生技、製藥、醫療器材與健康服務（公司級產品待核驗）
4107,4107.TWO,BIOTEQUE,邦特,75.88,,TPEx LISTED,生技醫療業,109.5,109.5,110.0,109.0,20000,2.19,109.7,110.05,-0.18,-0.5,0.0,-0.9,-0.9,125.0,147.5,164.0,125.0,147.5,-12.0,-25.42,-32.93,12.4,25.76,False,False,False,False,False,False,False,False,False,2026-10-08,生技醫療業,生技、製藥、醫療器材與健康服務（公司級產品待核驗）
4108,4108.TW,PhytoHealth,懷特,22.94,,TWSE LISTED,生技醫療業,11.55,11.3,11.75,11.3,418144,4.83,11.39,11.44,1.4,0.96,1.76,2.21,0.43,15.25,24.0,39.81,15.25,24.0,-22.95,-51.04,-70.49,24.26,51.87,False,False,False,True,False,False,False,False,False,2026-10-08,生技醫療業,生技、製藥、醫療器材與健康服務（公司級產品待核驗）
4109,4109.TWO,Jia Jie Bio,加捷生醫,13.0,,TPEx LISTED,生技醫療業,10.95,10.9,11.0,10.9,111953,1.23,10.95,10.985,0.0,-0.32,-0.45,0.46,0.46,15.45,39.6,39.6,15.45,39.6,-28.8,-72.22,-72.22,29.13,72.35,False,False,True,False,False,False,False,False,False,2026-10-08,生技醫療業,生技、製藥、醫療器材與健康服務（公司級產品待核驗）
4111,4111.TWO,CHI SHENG,濟生,17.35,,TPEx LISTED,生技醫療業,29.0,28.85,29.1,28.85,44500,1.29,28.92,28.865,0.28,0.47,0.52,0.0,0.52,30.9,33.24,35.1,30.9,33.24,-5.83,-12.45,-17.08,6.15,12.75,False,False,False,True,False,False,False,True,False,2026-10-08,生技醫療業,生技、製藥、醫療器材與健康服務（公司級產品待核驗）
4113,4113.TWO,WE&WIN,聯上,34.56,,TPEx LISTED,建材營造,14.95,14.95,14.95,14.55,208227,3.11,14.94,15.21,0.07,-1.71,1.01,1.01,-0.99,24.5,68.5,68.5,24.5,68.5,-38.98,-78.18,-78.18,38.98,78.18,False,False,False,False,False,False,False,False,False,2026-10-08,建材營造,建材、營造與不動產開發（公司級業務待核驗）
4114,4114.TWO,SYNMOSA,健喬,165.95,,TPEx LISTED,生技醫療業,30.15,29.35,30.2,29.35,2865659,86.4,29.36,29.415,2.69,2.5,3.25,3.79,2.2,31.49,36.86,38.53,31.49,36.86,-4.08,-18.06,-21.61,4.24,18.2,False,False,False,True,False,False,False,True,False,2026-10-08,生技醫療業,生技、製藥、醫療器材與健康服務（公司級產品待核驗）
4116,4116.TWO,BMTC,明基醫,17.78,,TPEx LISTED,生技醫療業,39.9,39.55,40.0,39.55,7000,0.28,39.91,39.725,-0.03,0.44,0.38,-0.25,0.25,45.6,68.0,92.5,45.6,68.0,-12.28,-41.18,-56.76,12.5,41.32,False,False,False,False,False,False,False,False,False,2026-10-08,生技醫療業,生技、製藥、醫療器材與健康服務（公司級產品待核驗）
4119,4119.TW,SCI,旭富,65.01,,TWSE LISTED,生技醫療業,54.4,53.6,54.4,53.5,116475,6.34,54.22,55.12,0.33,-1.31,1.49,0.18,-2.33,60.7,100.5,117.7,60.7,100.5,-10.38,-45.87,-53.78,10.38,45.87,False,False,False,False,False,False,False,False,False,2026-10-08,生技醫療業,生技、製藥、醫療器材與健康服務（公司級產品待核驗）
4120,4120.TWO,OEP,友華,39.9,,TPEx LISTED,生技醫療業,46.0,46.1,46.5,45.8,7000,0.32,45.98,46.0,0.04,0.0,0.44,0.0,0.0,49.6,60.7,91.2,49.6,60.7,-6.25,-23.39,-49.01,7.26,24.22,False,False,False,True,False,False,False,True,False,2026-10-08,生技醫療業,生技、製藥、醫療器材與健康服務（公司級產品待核驗）
4121,4121.TWO,ROSSMAX,優盛,11.01,,TPEx LISTED,生技醫療業,13.25,12.95,13.75,12.95,403200,5.34,12.87,12.8,2.95,3.52,3.52,4.33,3.92,20.85,28.35,36.85,20.85,28.35,-34.05,-51.5,-62.69,36.45,53.26,False,False,False,False,False,False,False,False,False,2026-10-08,生技醫療業,生技、製藥、醫療器材與健康服務（公司級產品待核驗）
4123,4123.TWO,Center Lab.,晟德,253.14,,TPEx LISTED,生技醫療業,31.35,30.95,31.35,30.9,1317491,41.3,31.06,31.13,0.93,0.71,0.8,1.62,0.16,48.96,54.03,61.02,48.96,54.03,-35.96,-41.97,-48.63,35.96,41.97,False,False,True,True,False,False,False,False,False,2026-10-08,生技醫療業,生技、製藥、醫療器材與健康服務（公司級產品待核驗）
4126,4126.TWO,PAHSCO,太醫,56.26,,TPEx LISTED,生技醫療業,77.5,77.5,77.7,77.5,24275,1.88,77.6,77.77,-0.13,-0.35,0.0,-0.13,-0.64,84.7,100.0,100.0,84.7,100.0,-8.26,-22.3,-22.3,8.5,22.5,False,False,False,False,False,False,False,True,False,2026-10-08,生技醫療業,生技、製藥、醫療器材與健康服務（公司級產品待核驗）
4127,4127.TWO,TLB,天良,18.56,,TPEx LISTED,生技醫療業,40.55,42.35,42.65,40.2,732001,29.68,42.71,45.165,-5.06,-10.22,-5.48,-6.35,-13.17,96.0,96.0,96.0,96.0,96.0,-55.57,-55.57,-55.57,57.76,57.76,False,False,False,False,False,False,False,False,False,2026-10-08,生技醫療業,生技、製藥、醫療器材與健康服務（公司級產品待核驗）
4128,4128.TWO,MICROBIO,中天,91.46,,TPEx LISTED,生技醫療業,15.55,15.45,15.7,15.35,1484659,23.09,15.42,15.23,0.84,2.1,1.3,0.65,2.64,21.85,58.76,114.93,21.85,58.76,-28.15,-73.28,-86.34,28.83,73.54,False,False,False,False,False,False,False,False,False,2026-10-08,生技醫療業,生技、製藥、醫療器材與健康服務（公司級產品待核驗）
4129,4129.TWO,UOC,聯合,80.72,,TPEx LISTED,生技醫療業,83.7,83.2,83.9,83.2,97167,8.13,82.92,82.87,0.94,1.0,0.12,1.82,1.33,118.5,131.5,131.5,118.5,131.5,-29.2,-36.2,-36.2,29.37,36.35,True,False,False,False,False,False,False,False,False,2026-10-08,生技醫療業,生技、製藥、醫療器材與健康服務（公司級產品待核驗）
4131,4131.TWO,NeoCore,浩泰,12.44,,TPEx LISTED,生技醫療業,31.2,31.4,31.4,31.2,4000,0.12,30.83,31.19,1.2,0.03,1.63,1.13,1.13,42.0,45.8,50.71,42.0,45.8,-25.24,-31.44,-38.08,25.71,31.88,False,False,False,False,False,False,False,False,False,2026-10-08,生技醫療業,生技、製藥、醫療器材與健康服務（公司級產品待核驗）
4133,4133.TW,Abnova,亞諾法,13.72,,TWSE LISTED,生技醫療業,22.65,22.5,23.5,21.9,2077215,47.05,21.1,20.815,7.35,8.82,4.38,11.58,9.69,29.15,38.85,163.0,29.15,38.85,-19.38,-39.51,-85.58,22.3,41.7,True,False,False,False,False,False,False,False,False,2026-10-08,生技醫療業,生技、製藥、醫療器材與健康服務（公司級產品待核驗）
4137,4137.TW,CHLITINA-KY,麗豐-KY,63.68,,TWSE LISTED,生技醫療業,77.2,76.4,77.3,76.4,111138,8.58,76.14,76.46,1.39,0.97,1.05,1.85,1.18,118.0,208.0,344.5,118.0,208.0,-34.49,-62.84,-77.56,34.58,62.88,False,False,False,True,False,False,False,False,False,2026-10-08,生技醫療業,生技、製藥、醫療器材與健康服務（公司級產品待核驗）
4138,4138.TWO,DMT,曜亞,21.48,,TPEx LISTED,生技醫療業,53.8,53.8,54.6,53.7,16539,0.89,53.62,54.4,0.34,-1.1,0.0,0.56,-0.92,65.8,116.53,118.71,65.8,116.53,-17.02,-53.14,-54.0,18.24,53.83,False,False,False,False,False,False,False,False,False,2026-10-08,生技醫療業,生技、製藥、醫療器材與健康服務（公司級產品待核驗）
4139,4139.TWO,KY M.K.,馬光-KY,20.25,,TPEx LISTED,生技醫療業,45.0,43.15,45.5,43.15,132010,5.94,43.23,42.46,4.09,5.98,4.29,4.65,7.27,45.1,45.1,72.53,45.5,45.5,0.89,0.89,-37.27,1.1,1.1,True,False,False,False,True,True,False,True,True,2026-10-08,生技醫療業,生技、製藥、醫療器材與健康服務（公司級產品待核驗）
4142,4142.TW,ADIM,國光生,82.47,,TWSE LISTED,生技醫療業,19.2,18.55,19.45,18.55,5481491,105.24,18.36,18.2,4.58,5.49,3.5,7.26,6.08,21.5,36.6,79.8,21.5,36.6,-9.53,-46.86,-75.63,10.7,47.54,True,False,False,False,False,False,False,False,False,2026-10-08,生技醫療業,生技、製藥、醫療器材與健康服務（公司級產品待核驗）
4147,4147.TWO,TMB,中裕,167.2,,TPEx LISTED,生技醫療業,61.2,60.8,61.9,60.8,394282,24.13,61.16,62.15,0.07,-1.53,-1.13,2.0,-1.29,75.4,116.5,349.5,75.4,116.5,-17.9,-46.87,-82.29,18.83,47.47,False,False,True,False,False,False,False,False,False,2026-10-08,生技醫療業,生技、製藥、醫療器材與健康服務（公司級產品待核驗）
4148,4148.TW,ACBT,全宇生技-KY,21.48,,TWSE LISTED,生技醫療業,31.95,32.1,32.3,31.75,14024,0.45,31.88,31.995,0.22,-0.14,-0.47,0.63,0.47,44.9,53.33,140.95,44.9,53.33,-28.06,-39.44,-77.08,28.84,40.09,False,False,False,False,False,False,False,False,False,2026-10-08,生技醫療業,生技、製藥、醫療器材與健康服務（公司級產品待核驗）
4153,4153.TWO,DIVA Labs.,鈺緯,18.13,,TPEx LISTED,生技醫療業,30.9,31.8,31.8,30.9,27114,0.84,31.34,31.46,-1.4,-1.78,-2.37,-1.59,-1.12,35.75,55.8,60.9,35.75,55.8,-11.05,-43.01,-47.78,13.57,44.62,False,False,False,False,False,False,False,False,False,2026-10-08,生技醫療業,生技、製藥、醫療器材與健康服務（公司級產品待核驗）
4154,4154.TWO,Raku-KY,樂威科-KY,4.78,,TPEx LISTED,其他,12.45,11.75,12.45,11.75,3000,0.04,11.97,12.145,4.01,2.51,1.22,5.06,-0.4,16.2,24.7,92.12,16.2,24.7,-23.15,-49.59,-86.48,23.15,49.59,True,False,True,True,False,False,False,False,False,2026-10-08,其他,其他（公司级产品待核验）
4155,4155.TW,OK BIOTECH,訊映,19.83,,TWSE LISTED,生技醫療業,15.843,15.843,15.843,15.843,0,0.0,16.11,16.272,-1.66,-2.64,0.0,-3.73,-4.38,18.41,31.46,45.11,18.41,31.46,-13.94,-49.65,-64.88,13.94,49.65,False,False,False,False,False,False,False,False,False,2026-10-08,生技醫療業,生技、製藥、醫療器材與健康服務（公司級產品待核驗）
4157,4157.TWO,TAIGEN,太景*-KY,66.41,,TPEx LISTED,生技醫療業,9.33,8.63,9.4,8.6,7659003,71.46,8.704,8.754,7.19,6.58,9.12,9.51,6.87,16.4,17.25,38.7,16.4,17.25,-42.68,-45.51,-75.71,43.11,45.91,False,False,False,True,False,False,False,False,False,2026-10-08,生技醫療業,生技、製藥、醫療器材與健康服務（公司級產品待核驗）
4160,4160.TWO,GGA Corp.,訊聯基因,10.9,,TPEx LISTED,生技醫療業,38.9,38.65,39.6,38.6,18052,0.7,38.77,39.01,0.34,-0.28,-0.13,1.3,0.0,54.31,143.74,143.74,54.31,143.74,-27.08,-72.45,-72.45,28.37,72.94,False,False,True,False,False,False,False,False,False,2026-10-08,生技醫療業,生技、製藥、醫療器材與健康服務（公司級產品待核驗）
4161,4161.TWO,BIOPTIK,聿新科,12.8,,TPEx LISTED,生技醫療業,21.4,21.3,21.6,21.2,18000,0.39,21.55,21.775,-0.7,-1.72,-0.47,-1.38,-1.61,28.0,35.0,49.46,28.0,35.0,-22.86,-38.28,-56.33,23.57,38.86,False,False,False,False,False,False,False,False,False,2026-10-08,生技醫療業,生技、製藥、醫療器材與健康服務（公司級產品待核驗）
4162,4162.TWO,PEI,智擎,82.18,,TPEx LISTED,生技醫療業,57.2,57.5,57.7,56.7,613077,35.07,55.68,55.64,2.73,2.8,2.51,4.0,3.44,74.0,123.0,212.51,74.0,123.0,-22.03,-53.09,-72.85,22.7,53.5,False,False,False,False,False,False,False,False,False,2026-10-08,生技醫療業,生技、製藥、醫療器材與健康服務（公司級產品待核驗）
4163,4163.TWO,INTAI,鐿鈦,68.66,,TPEx LISTED,生技醫療業,135.5,130.0,135.5,130.0,19001,2.57,135.5,135.2,0.0,0.22,1.12,-0.37,-0.73,153.5,153.5,153.5,153.5,153.5,-11.73,-11.73,-11.73,11.73,11.73,False,False,False,False,False,False,False,False,False,2026-10-08,生技醫療業,生技、製藥、醫療器材與健康服務（公司級產品待核驗）
4164,4164.TW,CHC,承業醫,54.69,,TWSE LISTED,生技醫療業,28.0,28.15,28.6,28.0,260011,7.28,27.7,27.34,1.08,2.41,-0.71,3.9,3.32,38.8,65.8,75.7,38.8,65.8,-26.29,-56.53,-62.22,27.84,57.45,False,False,False,False,False,False,False,False,False,2026-10-08,生技醫療業,生技、製藥、醫療器材與健康服務（公司級產品待核驗）
4166,4166.TWO,OP,友霖,58.81,,TPEx LISTED,生技醫療業,24.2,23.9,24.35,23.9,82000,1.98,24.18,24.18,0.08,0.08,1.26,-0.41,-2.22,29.6,50.7,50.7,29.6,50.7,-17.74,-51.97,-51.97,18.24,52.27,False,False,False,True,False,False,False,False,False,2026-10-08,生技醫療業,生技、製藥、醫療器材與健康服務（公司級產品待核驗）
4167,4167.TWO,SLC,松瑞藥,72.94,,TPEx LISTED,生技醫療業,22.0,20.95,22.4,20.95,9651254,212.33,20.18,19.9,9.02,10.55,7.58,13.11,12.24,21.2,26.03,40.01,22.4,26.03,5.66,-13.95,-44.01,1.79,15.48,False,False,False,False,True,False,False,True,False,2026-10-08,生技醫療業,生技、製藥、醫療器材與健康服務（公司級產品待核驗）
4168,4168.TWO,GlycoNex Inc.,醣聯,25.65,,TPEx LISTED,生技醫療業,22.8,23.0,23.0,22.65,44000,1.0,22.75,22.335,0.22,2.08,-0.87,0.0,2.93,30.0,31.85,46.9,30.0,31.85,-23.33,-27.79,-50.96,24.0,28.41,False,False,False,False,False,False,False,False,False,2026-10-08,生技醫療業,生技、製藥、醫療器材與健康服務（公司級產品待核驗）
4169,4169.TW,TCM,泰宗,97.99,,TWSE LISTED,生技醫療業,147.5,149.5,150.0,147.5,88385,13.04,149.8,149.95,-1.54,-1.63,-2.64,-1.01,-2.32,290.0,290.0,290.0,290.0,290.0,-48.28,-48.28,-48.28,49.14,49.14,False,False,False,False,False,False,False,False,False,2026-10-08,生技醫療業,生技、製藥、醫療器材與健康服務（公司級產品待核驗）
4171,4171.TWO,GeneReach,瑞基,11.52,,TPEx LISTED,農業科技業,19.85,19.05,20.2,18.4,2561433,50.84,17.64,17.01,12.53,16.7,7.88,17.8,21.41,23.9,47.0,307.3,23.9,47.0,-15.48,-57.02,-93.43,16.95,57.77,False,False,False,False,False,False,False,False,False,2026-10-08,農業科技業,農業科技業（公司级产品待核验）
4173,4173.TWO,ARICH,久裕,13.09,,TPEx LISTED,生技醫療業,17.55,17.1,17.55,17.1,73615,1.29,17.34,17.265,1.21,1.65,2.03,1.45,1.74,22.15,29.0,31.45,22.15,29.0,-20.77,-39.48,-44.2,20.77,39.48,False,False,False,True,False,False,False,False,False,2026-10-08,生技醫療業,生技、製藥、醫療器材與健康服務（公司級產品待核驗）
4174,4174.TWO,OBI,浩鼎,70.66,,TPEx LISTED,生技醫療業,53.7,52.0,54.0,50.0,1062500,57.06,48.96,42.78,9.68,25.53,3.07,16.23,24.59,56.0,184.7,728.62,56.0,184.7,-3.57,-70.76,-92.59,4.11,70.93,True,False,False,False,False,False,False,True,False,2026-10-08,生技醫療業,生技、製藥、醫療器材與健康服務（公司級產品待核驗）
4175,4175.TWO,MedFirst,杏一,21.58,,TPEx LISTED,生技醫療業,51.0,51.6,51.6,51.0,8000,0.41,50.78,50.86,0.43,0.28,0.59,0.39,0.59,62.7,92.7,144.57,62.7,92.7,-17.7,-44.34,-64.31,18.66,44.98,False,False,False,False,False,False,False,False,False,2026-10-08,生技醫療業,生技、製藥、醫療器材與健康服務（公司級產品待核驗）
4178,4178.TW,StemCyte,永笙-KY,42.31,,TWSE LISTED,生技醫療業,19.6,18.35,19.85,17.9,1428146,27.99,18.18,17.56,7.81,11.62,8.59,11.05,6.81,33.95,43.0,43.0,33.95,43.0,-41.53,-53.84,-53.84,42.27,54.42,False,False,True,False,False,False,False,False,False,2026-10-08,生技醫療業,生技、製藥、醫療器材與健康服務（公司級產品待核驗）
4183,4183.TWO,EPS Bio,福永生技,3.51,,TPEx LISTED,生技醫療業,14.75,14.75,14.75,14.75,0,0.0,14.67,14.285,0.55,3.26,0.0,0.0,2.08,17.0,30.6,51.57,17.0,30.6,-13.24,-51.8,-71.4,13.24,51.8,False,False,False,False,False,False,False,False,False,2026-10-08,生技醫療業,生技、製藥、醫療器材與健康服務（公司級產品待核驗）
4188,4188.TWO,AmCad,安克,8.83,,TPEx LISTED,生技醫療業,13.95,13.95,14.0,13.75,47499,0.66,13.95,14.125,-0.0,-1.24,0.0,0.72,-2.45,17.65,37.4,37.4,17.65,37.4,-20.68,-62.57,-62.57,20.96,62.7,False,False,False,False,False,False,False,False,False,2026-10-08,生技醫療業,生技、製藥、醫療器材與健康服務（公司級產品待核驗）
4190,4190.TW,JDS,佐登-KY,15.01,,TWSE LISTED,生技醫療業,24.5,24.5,24.5,24.5,3000,0.07,24.52,24.765,-0.08,-1.07,0.0,0.82,-2.0,30.8,66.9,152.5,30.8,66.9,-20.45,-63.38,-83.93,20.45,63.38,False,False,False,False,False,False,False,False,False,2026-10-08,生技醫療業,生技、製藥、醫療器材與健康服務（公司級產品待核驗）
4192,4192.TWO,SynCore,杏國,6.33,,TPEx LISTED,生技醫療業,18.0,17.8,18.1,17.75,33002,0.59,17.95,18.18,0.28,-0.99,1.12,1.12,-3.49,25.75,57.8,571.13,25.75,57.8,-29.71,-68.69,-96.83,30.1,68.86,False,False,False,False,False,False,False,False,False,2026-10-08,生技醫療業,生技、製藥、醫療器材與健康服務（公司級產品待核驗）
4195,4195.TW,Genomics,基米-創,13.04,,TWSE LISTED,生技醫療業,16.3,15.85,16.65,15.8,106000,1.73,16.0,15.51,1.87,5.09,2.84,4.82,3.82,36.85,36.85,36.85,36.85,36.85,-54.82,-54.82,-54.82,55.77,55.77,False,False,False,False,False,False,False,False,False,2026-10-08,生技醫療業,生技、製藥、醫療器材與健康服務（公司級產品待核驗）
4198,4198.TWO,S&S,欣大健康,11.37,,TPEx LISTED,生技醫療業,47.15,47.2,47.2,46.1,3000,0.14,47.82,48.695,-1.4,-3.17,0.32,-3.68,-4.26,52.5,61.9,616.67,52.5,61.9,-10.1,-23.75,-92.35,10.19,23.83,False,False,False,False,False,False,False,False,False,2026-10-08,生技醫療業,生技、製藥、醫療器材與健康服務（公司級產品待核驗）
4205,4205.TWO,CHUNG HWA,中華食,66.21,,TPEx LISTED,食品工業,67.8,67.4,67.8,67.4,28532,1.93,67.86,68.25,-0.09,-0.66,0.15,0.0,-1.45,81.5,91.8,137.73,81.5,91.8,-16.81,-26.14,-50.77,16.81,26.14,False,False,False,False,False,False,False,False,False,2026-10-08,食品工業,食品、飲料與食品加工（公司級產品待核驗）
4207,4207.TWO,TFC,環泰,36.68,,TPEx LISTED,食品工業,19.45,19.25,19.5,19.25,216000,4.2,19.38,19.435,0.36,0.08,0.78,0.0,0.26,21.2,21.2,21.2,21.2,21.2,-8.02,-8.02,-8.02,8.25,8.25,False,False,False,True,False,False,False,True,True,2026-10-08,食品工業,食品、飲料與食品加工（公司級產品待核驗）
4303,4303.TWO,HSINLI,信立,41.92,,TPEx LISTED,塑膠工業,31.65,31.6,32.9,31.2,1170773,37.05,31.91,32.845,-0.81,-3.64,0.96,-1.09,-5.1,46.21,59.64,59.64,46.21,59.64,-28.81,-44.84,-44.84,31.51,46.93,False,False,False,False,False,False,False,False,False,2026-10-08,塑膠工業,塑膠、塑膠粒與石化材料（公司級產品待核驗）
4304,4304.TWO,SUNVIC,勝昱,10.16,,TPEx LISTED,塑膠工業,16.65,16.5,17.0,16.05,27186,0.45,16.85,17.33,-1.19,-3.92,0.91,-2.06,-3.76,35.7,35.7,35.7,35.7,35.7,-52.38,-52.38,-52.38,53.36,53.36,False,False,False,False,False,False,False,False,False,2026-10-08,塑膠工業,塑膠、塑膠粒與石化材料（公司級產品待核驗）
4305,4305.TWO,SKP,世坤,22.53,,TPEx LISTED,塑膠工業,40.95,41.2,41.2,40.85,11000,0.45,41.29,41.56,-0.82,-1.47,-0.61,-1.44,-1.44,46.1,49.5,49.5,46.1,49.5,-10.63,-16.77,-16.77,11.17,17.27,False,False,False,False,False,False,False,False,False,2026-10-08,塑膠工業,塑膠、塑膠粒與石化材料（公司級產品待核驗）
4306,4306.TW,YC,炎洲,98.47,,TWSE LISTED,塑膠工業,14.55,14.5,14.65,14.45,447350,6.51,14.44,14.51,0.76,0.28,0.34,1.75,0.69,16.85,22.79,22.79,16.85,22.79,-13.06,-35.73,-35.73,13.65,36.17,True,False,False,True,False,False,False,False,False,2026-10-08,塑膠工業,塑膠、塑膠粒與石化材料（公司級產品待核驗）
4401,4401.TWO,TLTM,東隆興,17.12,,TPEx LISTED,紡織纖維,13.95,13.75,13.95,13.75,85000,1.19,13.86,13.845,0.65,0.76,1.45,1.09,0.36,17.45,29.9,95.1,17.45,29.9,-20.06,-53.34,-85.33,20.06,53.34,False,False,False,True,False,False,False,False,False,2026-10-08,紡織纖維,紡織纖維（公司级产品待核验）
4402,4402.TWO,J.D Development,郡都開發,9.08,,TPEx LISTED,紡織纖維,13.35,13.5,13.8,13.0,25001,0.33,13.59,13.805,-1.77,-3.3,-1.84,-1.48,-5.65,20.65,56.3,56.3,20.65,56.3,-33.17,-75.49,-75.49,35.35,76.29,False,False,False,False,False,False,False,False,False,2026-10-08,紡織纖維,紡織纖維（公司级产品待核验）
4406,4406.TWO,HSIN-SIN,新昕纖,5.27,,TPEx LISTED,紡織纖維,10.15,10.15,10.15,10.15,13000,0.13,10.1,10.17,0.5,-0.2,1.0,1.5,-0.49,11.2,11.8,15.5,11.2,11.8,-9.38,-13.98,-34.52,9.38,13.98,False,False,False,False,False,False,False,True,False,2026-10-08,紡織纖維,紡織纖維（公司级产品待核验）
4413,4413.TWO,EST,飛寶企業,6.22,,TPEx LISTED,紡織纖維,19.85,20.0,20.0,19.35,37000,0.73,20.06,20.34,-1.05,-2.41,-2.46,-0.25,-2.46,21.4,29.15,31.4,21.4,29.15,-6.54,-31.39,-36.31,7.24,31.9,False,False,False,False,False,False,False,True,False,2026-10-08,紡織纖維,紡織纖維（公司级产品待核验）
4414,4414.TW,ROO HSING,如興,21.29,,TWSE LISTED,紡織纖維,8.07,8.07,8.11,8.05,122634,0.99,8.07,8.126,-0.0,-0.69,0.0,-0.25,-0.49,12.5,15.94,88.09,12.5,15.94,-35.12,-49.13,-90.79,35.44,49.38,False,False,False,False,False,False,False,False,False,2026-10-08,紡織纖維,紡織纖維（公司级产品待核验）
4416,4416.TWO,Sumwon,三圓,9.01,,TPEx LISTED,建材營造,12.25,12.65,13.0,12.25,1403038,17.19,12.59,13.095,-2.7,-6.45,-2.78,-3.92,-6.49,31.5,97.3,104.33,31.5,97.3,-58.73,-86.64,-87.54,61.11,87.41,False,False,False,False,False,False,False,False,False,2026-10-08,建材營造,建材、營造與不動產開發（公司級業務待核驗）
4417,4417.TWO,KING CHOU,金洲,40.98,,TPEx LISTED,紡織纖維,48.8,48.95,48.95,48.25,29000,1.42,48.96,49.295,-0.33,-1.0,0.51,-0.81,-1.61,53.7,57.9,57.9,53.7,57.9,-8.85,-15.46,-15.46,9.12,15.72,False,False,False,False,False,False,False,True,False,2026-10-08,紡織纖維,紡織纖維（公司级产品待核验）
4419,4419.TWO,KH,皇家美食,82.04,,TPEx LISTED,觀光餐旅,48.5,45.4,48.5,45.4,3003,0.15,49.18,48.9,-1.38,-0.82,0.0,-2.9,-3.39,55.0,73.9,73.9,55.0,73.9,-11.82,-34.37,-34.37,11.82,34.37,False,False,False,False,False,False,False,False,False,2026-10-08,觀光餐旅,觀光餐旅（公司级产品待核验）
4420,4420.TWO,Kwang Ming,光明,14.48,,TPEx LISTED,紡織纖維,35.8,35.4,36.0,35.4,50000,1.79,35.38,35.59,1.19,0.59,1.13,1.7,0.42,51.6,74.4,74.4,51.6,74.4,-30.23,-51.61,-51.61,30.62,51.88,False,False,False,True,False,False,False,False,False,2026-10-08,紡織纖維,紡織纖維（公司级产品待核验）
4426,4426.TW,LI CHENG,利勤,13.12,,TWSE LISTED,紡織纖維,7.6,7.59,7.6,7.54,24138,0.18,7.568,7.626,0.42,-0.34,-0.13,0.93,-0.78,10.3,22.7,87.73,10.3,22.7,-26.21,-66.52,-91.34,26.21,66.52,False,False,True,False,False,False,False,False,False,2026-10-08,紡織纖維,紡織纖維（公司级产品待核验）
4430,4430.TWO,YAO I,耀億,11.0,,TPEx LISTED,其他,19.55,17.75,19.55,17.75,470120,9.19,18.17,17.87,7.59,9.4,9.83,10.14,9.83,19.4,26.65,38.65,19.55,26.65,0.77,-26.64,-49.42,0.0,26.64,False,False,False,True,True,False,False,True,False,2026-10-08,其他,其他（公司级产品待核验）
4432,4432.TWO,Haksport,銘旺實,7.69,,TPEx LISTED,紡織纖維,15.2,15.2,15.35,15.15,18155,0.28,15.3,15.37,-0.65,-1.11,-0.33,-0.65,-0.98,18.2,26.05,59.7,18.2,26.05,-15.66,-41.07,-74.29,16.48,41.65,False,False,False,False,False,False,False,False,False,2026-10-08,紡織纖維,紡織纖維（公司级产品待核验）
4433,4433.TWO,Singtex,興采,10.97,,TPEx LISTED,紡織纖維,17.9,18.0,18.0,17.8,13145,0.24,17.92,18.035,-0.11,-0.75,-0.56,1.13,-0.83,24.3,34.8,52.0,24.3,34.8,-25.93,-48.28,-65.38,26.34,48.56,False,False,False,False,False,False,False,False,False,2026-10-08,紡織纖維,紡織纖維（公司级产品待核验）
4438,4438.TW,QVE,廣越,64.2,,TWSE LISTED,紡織纖維,56.6,56.5,56.6,56.3,25012,1.42,56.34,56.61,0.46,-0.02,0.35,0.35,-1.05,75.5,118.0,203.99,75.5,118.0,-25.03,-52.03,-72.25,25.03,52.03,False,False,False,False,False,False,False,False,False,2026-10-08,紡織纖維,紡織纖維（公司级产品待核验）
4439,4439.TW,TST Group,冠星-KY,36.99,,TWSE LISTED,紡織纖維,96.8,96.5,96.8,94.8,18000,1.74,96.02,96.76,0.81,0.04,0.83,0.83,-0.92,114.0,138.5,180.83,114.0,138.5,-15.09,-30.11,-46.47,15.09,30.11,False,False,False,True,False,False,False,False,False,2026-10-08,紡織纖維,紡織纖維（公司级产品待核验）
4440,4440.TW,Yi Shin,宜新實業,11.8,,TWSE LISTED,紡織纖維,17.45,17.45,17.5,17.4,54010,0.94,17.41,17.455,0.23,-0.03,0.0,-1.13,-0.57,20.1,28.0,57.2,20.1,28.0,-12.94,-37.5,-69.41,13.18,37.68,False,False,True,False,False,False,False,False,False,2026-10-08,紡織纖維,紡織纖維（公司级产品待核验）
4441,4441.TW,GGF,振大環球,116.92,,TWSE LISTED,紡織纖維,171.5,171.0,171.5,169.5,95000,16.29,170.3,170.5,0.7,0.59,0.29,1.18,0.88,280.0,315.0,315.0,280.0,315.0,-38.75,-45.56,-45.56,38.75,45.56,False,False,True,True,False,False,False,False,False,2026-10-08,紡織纖維,紡織纖維（公司级产品待核验）
4442,4442.TWO,J&B-KY,竣邦-KY,17.69,,TPEx LISTED,紡織纖維,53.4,53.0,53.4,53.0,6000,0.32,53.36,53.62,0.07,-0.41,0.0,0.38,-1.11,72.9,78.6,78.6,72.9,78.6,-26.75,-32.06,-32.06,26.75,32.06,False,False,False,False,False,False,False,False,False,2026-10-08,紡織纖維,紡織纖維（公司级产品待核验）
4502,4502.TWO,RT,健信,9.02,,TPEx LISTED,電機機械,15.7,15.65,15.7,15.65,3000,0.05,15.75,15.755,-0.32,-0.35,-0.32,-0.32,-0.63,18.05,39.05,123.02,18.05,39.05,-13.02,-59.8,-87.24,13.02,59.8,False,False,False,False,False,False,False,False,False,2026-10-08,電機機械,電機機械、工業自動化與設備（公司級產品待核驗）
4503,4503.TWO,GOLD RAIN,金雨,19.03,,TPEx LISTED,電機機械,24.3,23.9,24.5,23.8,147000,3.57,24.04,24.065,1.08,0.98,2.1,1.67,0.62,48.55,70.7,88.0,48.55,70.7,-49.54,-65.35,-72.16,49.95,65.63,False,False,False,True,False,False,False,False,False,2026-10-08,電機機械,電機機械、工業自動化與設備（公司級產品待核驗）
4506,4506.TWO,GFC,崇友,208.87,,TPEx LISTED,電機機械,118.0,118.0,118.0,117.5,39448,4.65,117.7,117.9,0.25,0.08,0.0,0.43,0.0,126.0,132.5,132.5,126.0,132.5,-6.35,-10.94,-10.94,6.35,10.94,False,False,True,True,False,False,False,True,False,2026-10-08,電機機械,電機機械、工業自動化與設備（公司級產品待核驗）
4510,4510.TWO,KAFO,高鋒,45.39,,TPEx LISTED,電機機械,41.65,41.85,41.95,41.65,275250,11.46,42.39,42.905,-1.75,-2.93,-0.6,-2.34,-4.14,56.5,65.8,65.8,56.5,65.8,-25.75,-36.25,-36.25,26.28,36.7,False,False,False,False,False,False,False,False,False,2026-10-08,電機機械,電機機械、工業自動化與設備（公司級產品待核驗）
4513,4513.TWO,FALCON,福裕,23.22,,TPEx LISTED,電機機械,16.15,16.2,16.25,16.05,188062,3.04,16.18,16.27,-0.19,-0.74,-0.31,0.31,-1.52,23.95,87.7,87.7,23.95,87.7,-32.15,-81.47,-81.47,32.57,81.58,False,False,False,False,False,False,False,False,False,2026-10-08,電機機械,電機機械、工業自動化與設備（公司級產品待核驗）
4523,4523.TWO,Everbrite,永彰,15.59,,TPEx LISTED,電機機械,24.0,24.0,24.1,23.7,38000,0.91,23.9,23.855,0.42,0.61,0.0,1.05,0.0,37.0,68.0,72.2,37.0,68.0,-34.86,-64.56,-66.62,35.14,64.71,False,False,True,True,False,False,False,False,False,2026-10-08,電機機械,電機機械、工業自動化與設備（公司級產品待核驗）
4526,4526.TW,TONGTAI,東台,84.09,,TWSE LISTED,電機機械,33.0,33.35,33.35,33.0,989520,32.65,33.6,33.155,-1.79,-0.47,-1.35,-1.49,-4.07,46.3,46.3,46.3,46.3,46.3,-27.97,-27.97,-27.97,28.73,28.73,False,False,False,False,False,False,False,False,False,2026-10-08,電機機械,電機機械、工業自動化與設備（公司級產品待核驗）
4527,4527.TWO,KL,方方土霖,30.84,,TPEx LISTED,電機機械,45.0,45.0,45.0,44.9,23200,1.04,45.267,45.35,-0.59,-0.77,0.0,-0.98,-0.98,51.22,76.11,76.11,51.22,76.11,-12.15,-40.88,-40.88,12.15,40.88,False,False,False,False,False,False,False,False,False,2026-10-08,電機機械,電機機械、工業自動化與設備（公司級產品待核驗）
4528,4528.TWO,CHF,江興鍛,12.46,,TPEx LISTED,電機機械,14.8,14.75,14.8,14.65,21380,0.32,14.77,14.845,0.2,-0.3,0.34,0.0,-0.34,22.7,32.0,79.27,22.7,32.0,-34.8,-53.75,-81.33,34.8,53.75,False,False,False,False,False,False,False,False,False,2026-10-08,電機機械,電機機械、工業自動化與設備（公司級產品待核驗）
4529,4529.TWO,EPTECH,淳紳,2.8,,TPEx LISTED,其他,3.31,3.39,3.4,3.31,5141,0.02,3.328,3.321,-0.54,-0.33,0.3,0.3,-0.6,6.58,19.5,50.9,6.58,19.5,-48.33,-82.56,-93.32,49.7,83.03,False,False,False,False,False,False,False,False,False,2026-10-08,其他,其他（公司级产品待核验）
4530,4530.TWO,TWES,天意能創,9.22,,TPEx LISTED,觀光餐旅,25.75,24.3,25.85,24.3,6002,0.15,24.66,24.545,4.42,4.91,5.75,4.67,6.85,31.6,35.65,50.42,31.6,35.65,-18.2,-27.49,-48.73,18.51,27.77,False,False,False,True,False,False,False,False,False,2026-10-08,觀光餐旅,觀光餐旅（公司级产品待核验）
4532,4532.TW,RECHI,瑞智,120.75,,TWSE LISTED,電機機械,24.4,24.6,24.65,24.35,538335,13.14,24.53,24.745,-0.53,-1.39,-0.81,-0.61,-1.61,30.4,32.0,38.0,30.4,32.0,-18.91,-22.97,-35.13,19.74,23.75,False,False,False,False,False,False,False,False,False,2026-10-08,電機機械,電機機械、工業自動化與設備（公司級產品待核驗）
4533,4533.TWO,SEYI,協易機,45.41,,TPEx LISTED,電機機械,25.45,25.5,25.55,25.25,312001,7.94,25.51,25.455,-0.24,-0.02,-0.2,-0.39,-0.39,41.85,55.6,55.6,41.85,55.6,-38.95,-54.05,-54.05,39.19,54.23,False,False,False,False,False,False,False,False,False,2026-10-08,電機機械,電機機械、工業自動化與設備（公司級產品待核驗）
4534,4534.TWO,trinity,慶騰,26.69,,TPEx LISTED,電機機械,30.75,30.25,31.05,29.9,637575,19.61,30.25,30.73,1.65,0.07,3.02,1.49,0.16,44.5,44.5,44.5,44.5,44.5,-30.22,-30.22,-30.22,30.9,30.9,False,False,False,True,False,False,False,False,False,2026-10-08,電機機械,電機機械、工業自動化與設備（公司級產品待核驗）
4535,4535.TWO,FBT,至興,20.05,,TPEx LISTED,電機機械,26.5,26.7,26.8,26.5,3000,0.08,26.63,26.785,-0.49,-1.06,0.0,-1.49,-1.85,30.65,37.4,46.8,30.65,37.4,-12.56,-28.34,-42.74,13.54,29.14,False,False,False,False,False,False,False,False,False,2026-10-08,電機機械,電機機械、工業自動化與設備（公司級產品待核驗）
4536,4536.TW,TOPKEY,拓凱,144.4,,TWSE LISTED,運動休閒,159.0,159.0,160.0,158.0,64000,10.18,159.3,161.15,-0.19,-1.33,0.63,-0.93,-1.85,177.5,234.0,251.0,177.5,234.0,-9.86,-31.62,-36.25,10.42,32.05,False,False,False,False,False,False,False,False,False,2026-10-08,運動休閒,運動休閒（公司级产品待核验）
4538,4538.TWO,WINSON,大詠城,10.47,,TPEx LISTED,電機機械,17.6,17.95,17.95,17.5,16011,0.28,17.37,17.42,1.32,1.03,1.15,2.03,0.86,19.95,25.2,31.17,19.95,25.2,-10.03,-28.77,-42.41,11.78,30.16,True,False,False,False,False,False,False,False,False,2026-10-08,電機機械,電機機械、工業自動化與設備（公司級產品待核驗）
4540,4540.TW,TBI MOTION,全球傳動,66.23,,TWSE LISTED,電機機械,57.5,58.6,58.9,57.3,1411372,81.15,59.46,60.34,-3.3,-4.71,-2.38,-5.12,-6.96,81.9,81.9,162.59,81.9,81.9,-28.08,-28.08,-63.77,29.79,29.79,False,False,False,False,False,False,False,False,False,2026-10-08,電機機械,電機機械、工業自動化與設備（公司級產品待核驗）
4541,4541.TWO,Magnate,晟田,39.78,,TPEx LISTED,其他,58.8,58.6,59.0,58.3,571011,33.58,59.96,59.94,-1.93,-1.9,-0.51,-3.29,-2.16,81.6,81.6,81.6,81.6,81.6,-27.7,-27.7,-27.7,27.94,27.94,False,False,False,False,False,False,False,False,False,2026-10-08,其他,其他（公司级产品待核验）
4542,4542.TWO,ANT,科嶠,115.99,,TPEx LISTED,電子零組件業,329.0,325.0,338.5,317.0,914047,300.72,339.7,336.9,-3.15,-2.34,-2.37,-8.1,0.3,543.0,543.0,543.0,543.0,543.0,-37.66,-37.66,-37.66,39.41,39.41,False,False,False,False,False,False,False,False,False,2026-10-08,電子零組件業,電子零組件：PCB、CCL、IC載板、連接器與被動元件（公司級品類待核驗）
4543,4543.TWO,MAN ZAI,萬在,20.43,,TPEx LISTED,電機機械,32.55,32.75,32.75,31.55,453104,14.75,31.1,30.04,4.66,8.36,-0.61,7.96,7.96,45.67,69.39,69.39,45.67,69.39,-28.28,-52.8,-52.8,28.72,53.09,False,False,False,False,False,False,False,False,False,2026-10-08,電機機械,電機機械、工業自動化與設備（公司級產品待核驗）
4545,4545.TW,MAP,銘鈺,29.53,,TWSE LISTED,電子零組件業,38.35,38.35,38.8,37.7,99000,3.8,38.89,37.5,-1.39,2.27,-0.26,-3.64,-2.66,46.0,78.0,78.0,46.0,78.0,-15.65,-50.26,-50.26,16.63,50.83,False,False,False,False,False,False,False,False,False,2026-10-08,電子零組件業,電子零組件：PCB、CCL、IC載板、連接器與被動元件（公司級品類待核驗）
4549,4549.TWO,FineTek,桓達,55.86,,TPEx LISTED,電機機械,98.0,98.1,98.4,97.4,18360,1.8,98.46,97.66,-0.47,0.35,-1.01,-0.81,1.14,137.25,224.91,224.91,137.25,224.91,-28.31,-56.25,-56.25,28.6,56.43,False,False,False,False,False,False,False,False,False,2026-10-08,電機機械,電機機械、工業自動化與設備（公司級產品待核驗）
4550,4550.TWO,CJME,長佳,9.12,,TPEx LISTED,電機機械,24.1,24.05,24.15,24.05,10000,0.24,24.06,24.15,0.17,-0.21,0.21,-0.41,-1.43,30.25,42.5,42.5,30.25,42.5,-20.17,-43.18,-43.18,20.33,43.29,False,False,False,False,False,False,False,False,False,2026-10-08,電機機械,電機機械、工業自動化與設備（公司級產品待核驗）
4551,4551.TW,GLOBAL PMX,智伸科,212.01,,TWSE LISTED,汽車工業,184.0,185.0,188.0,182.5,1670347,307.34,184.9,177.8,-0.49,3.49,-1.6,-1.08,6.67,291.5,291.5,291.5,291.5,291.5,-35.51,-35.51,-35.51,36.88,36.88,False,False,False,False,False,False,False,False,False,2026-10-08,汽車工業,汽車整車、汽車零組件與車用電子（公司級產品待核驗）
4552,4552.TW,Lida,力達-KY,17.81,,TWSE LISTED,電機機械,15.35,15.3,15.35,15.15,185000,2.84,15.5,15.575,-0.97,-1.44,-0.32,-1.6,-1.92,25.25,40.0,108.62,25.25,40.0,-39.21,-61.62,-85.87,39.21,61.62,False,False,False,False,False,False,False,False,False,2026-10-08,電機機械,電機機械、工業自動化與設備（公司級產品待核驗）
4554,4554.TWO,Orange,橙的,8.43,,TPEx LISTED,其他電子業,27.85,28.2,28.2,27.75,8100,0.23,27.89,28.025,-0.14,-0.62,0.36,0.0,-1.07,30.1,38.09,47.58,30.1,38.09,-6.31,-25.97,-40.74,7.48,26.89,False,False,False,False,False,False,False,True,False,2026-10-08,其他電子業,其他電子：電子模組、感測器、電源與車用電子（公司級產品待核驗）
4555,4555.TW,CHELIC,氣立,29.29,,TWSE LISTED,電機機械,41.85,42.25,42.35,41.85,107000,4.48,42.07,41.99,-0.52,-0.33,-0.95,1.09,-1.06,61.5,69.0,88.0,61.5,69.0,-31.14,-38.62,-51.88,31.95,39.35,False,False,False,False,False,False,False,False,False,2026-10-08,電機機械,電機機械、工業自動化與設備（公司級產品待核驗）
4556,4556.TWO,BSI,旭然,61.34,,TPEx LISTED,其他,145.0,142.5,145.0,133.0,833500,120.86,133.5,115.86,8.61,25.15,0.0,15.54,30.04,149.0,149.0,149.0,149.0,149.0,-2.68,-2.68,-2.68,2.68,2.68,False,False,False,False,False,False,False,True,True,2026-10-08,其他,其他（公司级产品待核验）
4557,4557.TW,Yusin,永新-KY,24.13,,TWSE LISTED,汽車工業,50.3,50.2,50.5,50.1,51000,2.57,50.28,50.165,0.04,0.27,0.2,-0.2,0.0,80.5,147.5,147.5,80.5,147.5,-37.27,-65.76,-65.76,37.52,65.9,False,False,False,True,False,False,False,False,False,2026-10-08,汽車工業,汽車整車、汽車零組件與車用電子（公司級產品待核驗）
4558,4558.TWO,Alformer,寶緯,8.52,,TPEx LISTED,電機機械,17.05,17.05,17.05,17.0,9000,0.15,16.89,16.935,0.95,0.68,0.29,1.79,1.19,22.8,47.2,64.7,22.8,47.2,-25.22,-63.88,-73.65,25.22,63.88,True,False,False,False,False,False,False,False,False,2026-10-08,電機機械,電機機械、工業自動化與設備（公司級產品待核驗）
4560,4560.TW,STRONG H,強信-KY,20.5,,TWSE LISTED,電機機械,30.1,30.0,30.1,29.8,188000,5.66,29.98,29.705,0.4,1.33,0.17,0.84,2.38,37.5,42.7,86.3,37.5,42.7,-19.73,-29.51,-65.12,19.73,29.51,False,False,False,False,False,False,False,False,False,2026-10-08,電機機械,電機機械、工業自動化與設備（公司級產品待核驗）
4561,4561.TWO,Kenturn,健椿,25.22,,TPEx LISTED,電機機械,43.1,41.9,43.1,41.65,250057,10.78,42.85,42.615,0.58,1.14,2.5,0.7,1.41,59.8,88.4,88.4,59.8,88.4,-27.93,-51.24,-51.24,27.93,51.24,False,False,False,True,False,False,False,False,False,2026-10-08,電機機械,電機機械、工業自動化與設備（公司級產品待核驗）
4562,4562.TW,YHT,穎漢,26.26,,TWSE LISTED,電機機械,30.0,30.3,30.3,29.9,67007,2.01,30.09,30.28,-0.3,-0.92,-0.66,0.0,-3.07,45.55,85.6,85.6,45.55,85.6,-33.48,-64.6,-64.6,34.14,64.95,False,False,False,False,False,False,False,False,False,2026-10-08,電機機械,電機機械、工業自動化與設備（公司級產品待核驗）
4563,4563.TWO,QUASER,百德,29.23,,TPEx LISTED,電機機械,53.2,52.4,53.7,52.4,188000,10.0,53.44,52.41,-0.45,1.51,0.38,-1.48,-0.56,70.5,136.5,136.5,70.5,136.5,-23.83,-60.66,-60.66,24.54,61.03,False,False,False,False,False,False,False,False,False,2026-10-08,電機機械,電機機械、工業自動化與設備（公司級產品待核驗）
4564,4564.TW,MOSA,元翎,37.01,,TWSE LISTED,電機機械,15.9,15.9,16.0,15.6,1265110,20.12,15.94,16.065,-0.25,-1.03,0.32,-0.31,-2.45,22.5,29.5,74.64,22.5,29.5,-28.89,-45.76,-78.56,29.33,46.1,False,False,False,False,False,False,False,False,False,2026-10-08,電機機械,電機機械、工業自動化與設備（公司級產品待核驗）
4566,4566.TW,GLOBAL TEK,時碩工業,83.89,,TWSE LISTED,電機機械,76.0,76.5,77.7,74.5,2031689,154.41,76.62,74.75,-0.81,1.67,-1.68,-1.94,1.06,80.0,115.0,115.0,80.0,115.0,-2.88,-32.43,-32.43,5.0,33.91,False,False,False,False,False,False,False,True,False,2026-10-08,電機機械,電機機械、工業自動化與設備（公司級產品待核驗）
4568,4568.TWO,KOGE,科際精密,12.5,,TPEx LISTED,電機機械,39.0,39.0,39.05,39.0,8000,0.31,38.93,39.165,0.18,-0.42,0.39,-0.13,-0.13,43.9,60.5,102.83,43.9,60.5,-11.05,-35.45,-62.03,11.16,35.54,False,False,False,False,False,False,False,False,False,2026-10-08,電機機械,電機機械、工業自動化與設備（公司級產品待核驗）
4569,4569.TW,Sixxon,六方科-KY,48.81,,TWSE LISTED,汽車工業,159.5,159.0,159.5,158.0,11068,1.77,157.5,156.3,1.27,2.05,0.0,1.59,2.9,212.5,327.0,327.0,212.5,327.0,-24.94,-51.22,-51.22,24.94,51.22,False,False,False,False,False,False,False,False,False,2026-10-08,汽車工業,汽車整車、汽車零組件與車用電子（公司級產品待核驗）
4571,4571.TW,KHGEARS,鈞興-KY,80.32,,TWSE LISTED,電機機械,151.5,153.0,153.0,151.5,81062,12.28,153.3,153.2,-1.17,-1.11,-1.3,-1.62,-1.62,241.5,278.0,278.0,241.5,278.0,-36.65,-44.96,-44.96,37.27,45.5,False,False,False,False,False,False,False,False,False,2026-10-08,電機機械,電機機械、工業自動化與設備（公司級產品待核驗）
4572,4572.TW,DPI,駐龍,55.43,,TWSE LISTED,電機機械,138.5,139.0,139.0,138.5,2125,0.29,139.0,139.05,-0.36,-0.4,-0.36,0.0,0.0,157.0,194.02,194.02,157.0,194.02,-11.46,-28.36,-28.36,11.78,28.62,False,False,False,False,False,False,False,False,False,2026-10-08,電機機械,電機機械、工業自動化與設備（公司級產品待核驗）
4576,4576.TW,HMC,大銀微系統,273.75,,TWSE LISTED,電機機械,228.5,232.0,232.0,226.0,587533,134.25,232.3,232.45,-1.64,-1.7,-1.51,-2.77,-3.79,291.0,291.0,291.0,291.0,291.0,-20.27,-20.27,-20.27,21.48,21.48,False,False,False,False,False,False,False,False,False,2026-10-08,電機機械,電機機械、工業自動化與設備（公司級產品待核驗）
4577,4577.TWO,Ofuna Tech,達航科技,44.52,,TPEx LISTED,其他電子業,90.6,88.8,92.1,87.5,489005,44.3,90.54,88.79,0.07,2.04,2.03,-2.05,0.22,190.0,190.0,190.0,190.0,190.0,-51.53,-51.53,-51.53,52.32,52.32,False,False,False,True,False,False,False,False,False,2026-10-08,其他電子業,其他電子：電子模組、感測器、電源與車用電子（公司級產品待核驗）
4580,4580.TWO,Value Valves,捷流閥業,38.47,,TPEx LISTED,電機機械,82.2,82.5,82.5,82.0,28000,2.3,82.36,81.9,-0.19,0.37,-0.36,-0.24,0.0,87.0,112.5,127.12,87.0,112.5,-5.17,-26.67,-35.1,5.52,26.93,False,False,False,False,False,False,False,True,False,2026-10-08,電機機械,電機機械、工業自動化與設備（公司級產品待核驗）
4581,4581.TW,WKG,光隆精密-KY,16.31,,TWSE LISTED,汽車工業,48.1,48.1,48.1,48.1,0,0.0,48.04,48.015,0.12,0.18,0.0,0.21,0.52,53.4,77.9,82.5,53.4,77.9,-9.93,-38.25,-41.7,9.93,38.25,False,False,False,False,False,False,False,True,False,2026-10-08,汽車工業,汽車整車、汽車零組件與車用電子（公司級產品待核驗）
4582,4582.TW,HENGS,聚恆-創,16.61,,TWSE LISTED,綠能環保,22.0,22.2,22.2,21.9,27000,0.59,22.08,22.235,-0.36,-1.06,-0.45,-0.45,-1.79,46.3,46.3,64.18,46.3,46.3,-52.05,-52.05,-65.41,52.48,52.48,False,False,False,False,False,False,False,False,False,2026-10-08,綠能環保,綠能、太陽能、儲能與環境工程（公司級產品待核驗）
4583,4583.TW,APEXDYNA,台灣精銳,334.31,,TWSE LISTED,電機機械,417.0,420.0,427.5,415.5,151001,62.97,418.1,422.5,-0.26,-1.3,0.24,-0.48,-0.6,843.0,995.0,995.0,843.0,995.0,-49.29,-57.04,-57.04,50.53,58.09,False,False,False,False,False,False,False,False,False,2026-10-08,電機機械,電機機械、工業自動化與設備（公司級產品待核驗）
4584,4584.TWO,JUFAN,君帆,11.4,,TPEx LISTED,電機機械,38.0,37.9,38.0,37.9,4000,0.15,38.02,37.61,-0.05,1.04,0.0,0.0,1.33,47.9,73.06,86.76,47.9,73.06,-20.67,-47.98,-56.2,20.67,47.98,False,False,False,False,False,False,False,False,False,2026-10-08,電機機械,電機機械、工業自動化與設備（公司級產品待核驗）
4585,4585.TW,TRI,達明,305.46,,TWSE LISTED,其他電子業,292.0,292.0,293.0,290.0,82150,23.99,291.4,292.15,0.21,-0.05,0.52,0.34,-0.85,418.0,825.0,825.0,418.0,825.0,-29.9,-64.48,-64.48,30.14,64.61,False,False,False,False,False,False,False,False,False,2026-10-08,其他電子業,其他電子：電子模組、感測器、電源與車用電子（公司級產品待核驗）
4588,4588.TW,Arch Meter,玖鼎電力,24.29,,TWSE LISTED,其他電子業,56.5,56.5,56.5,55.6,27000,1.53,56.06,55.7,0.78,1.44,-0.18,1.25,1.25,76.1,149.5,149.5,76.1,149.5,-25.76,-62.21,-62.21,25.76,62.21,False,False,False,True,False,False,False,False,False,2026-10-08,其他電子業,其他電子：電子模組、感測器、電源與車用電子（公司級產品待核驗）
4590,4590.TW,FUKUTA,富田-創,48.75,,TWSE LISTED,電機機械,88.9,88.6,89.2,88.2,81000,7.2,88.68,88.86,0.25,0.05,-0.56,0.68,0.79,101.0,146.5,146.5,101.0,146.5,-11.68,-39.11,-39.11,11.98,39.32,False,False,True,True,False,False,False,False,False,2026-10-08,電機機械,電機機械、工業自動化與設備（公司級產品待核驗）
4609,4609.TWO,AIRLUX,唐鋒,2.21,,TPEx LISTED,居家生活,4.61,4.61,4.61,4.61,1000,0.0,4.518,4.398,2.04,4.82,5.01,6.96,2.67,6.4,10.25,25.2,6.4,10.25,-27.97,-55.02,-81.71,27.97,55.02,False,False,False,False,False,False,False,False,False,2026-10-08,居家生活,居家用品、建材、家具與生活消費品（公司級產品待核驗）
4702,4702.TWO,ALLIED,中美實,6.77,,TPEx LISTED,居家生活,9.36,9.37,9.38,9.31,47082,0.44,9.322,9.319,0.41,0.44,0.21,0.65,0.86,10.55,14.7,27.68,10.55,14.7,-11.09,-36.19,-66.12,11.28,36.33,True,True,False,True,False,False,False,False,False,2026-10-08,居家生活,居家用品、建材、家具與生活消費品（公司級產品待核驗）
4706,4706.TWO,TKC,大恭,35.56,,TPEx LISTED,化學工業,45.0,47.45,47.45,44.2,499007,22.46,39.56,36.775,13.75,22.37,4.29,26.05,29.87,43.15,43.15,43.15,47.45,47.45,9.97,9.97,9.97,5.16,5.16,True,True,False,False,True,True,True,True,True,2026-10-08,化學工業,化學制品／特用化學材料
4707,4707.TWO,PACC,磐亞,135.73,,TPEx LISTED,化學工業,32.8,32.0,33.5,31.45,5014893,164.49,31.81,30.695,3.11,6.86,0.61,8.43,14.29,43.9,43.9,43.9,43.9,43.9,-23.69,-23.69,-23.69,25.29,25.29,False,False,False,False,False,False,False,False,False,2026-10-08,化學工業,化學制品／特用化學材料
4711,4711.TWO,YONG SHUN,永純,10.5,,TPEx LISTED,化學工業,17.2,17.05,18.1,16.85,1244574,21.41,17.27,16.77,-0.41,2.56,-1.71,2.38,6.5,19.45,20.9,25.3,19.45,20.9,-6.94,-13.4,-28.46,11.57,17.7,False,False,False,False,False,False,False,False,False,2026-10-08,化學工業,化學制品／特用化學材料
4714,4714.TWO,UB,永捷,27.62,,TPEx LISTED,化學工業,12.45,12.1,12.8,12.0,3833679,47.73,12.12,12.025,2.72,3.53,4.18,4.18,5.06,19.0,28.5,28.5,19.0,28.5,-32.63,-55.09,-55.09,34.47,56.32,False,False,False,True,False,False,False,False,False,2026-10-08,化學工業,化學制品／特用化學材料
4716,4716.TWO,DAILY,大立,18.65,,TPEx LISTED,化學工業,19.75,19.8,20.8,19.5,6921571,136.7,19.63,18.31,0.61,7.86,1.54,3.67,14.49,26.2,33.46,33.46,26.2,33.46,-20.61,-37.84,-37.84,24.62,40.97,False,False,False,False,False,False,False,False,False,2026-10-08,化學工業,化學制品／特用化學材料
4720,4720.TW,TEX YEAR,德淵,29.26,,TWSE LISTED,化學工業,25.55,23.65,25.55,23.25,10508938,268.5,23.61,21.38,8.22,19.5,9.89,11.09,34.12,30.05,30.05,30.05,30.05,30.05,-14.98,-14.98,-14.98,14.98,14.98,False,False,False,False,False,False,False,False,False,2026-10-08,化學工業,化學制品／特用化學材料
4721,4721.TWO,mechema,美琪瑪,61.41,,TPEx LISTED,化學工業,81.9,82.3,83.8,80.6,416000,34.07,81.76,80.44,0.17,1.82,-0.49,1.24,1.61,111.0,111.0,184.5,111.0,111.0,-24.5,-24.5,-54.58,26.22,26.22,False,False,False,False,False,False,False,False,False,2026-10-08,化學工業,化學制品／特用化學材料
4722,4722.TW,QPC,國精化,223.61,,TWSE LISTED,化學工業,215.5,222.0,223.0,213.0,1693295,364.91,222.7,207.65,-3.23,3.78,-3.79,-3.79,2.86,313.0,313.0,313.0,313.0,313.0,-28.75,-28.75,-28.75,31.15,31.15,False,False,False,False,False,False,False,False,False,2026-10-08,化學工業,化學材料／樹脂與接著劑
4726,4726.TWO,Mycenax,永昕,49.28,,TPEx LISTED,生技醫療業,23.8,22.7,24.0,22.7,145438,3.46,23.1,22.92,3.03,3.84,4.85,3.7,1.71,37.0,65.2,71.4,37.0,65.2,-35.14,-63.19,-66.39,35.68,63.5,False,False,False,True,False,False,False,False,False,2026-10-08,生技醫療業,生技、製藥、醫療器材與健康服務（公司級產品待核驗）
4728,4728.TWO,Sunmax,雙美,215.67,,TPEx LISTED,生技醫療業,396.0,408.0,408.0,396.0,5001,1.98,395.4,396.5,0.15,-0.13,0.38,0.25,0.38,416.0,501.0,501.0,416.0,501.0,-1.92,-18.56,-18.56,4.81,20.96,False,False,False,False,False,False,False,True,False,2026-10-08,生技醫療業,生技、製藥、醫療器材與健康服務（公司級產品待核驗）
4729,4729.TWO,MILDEX,熒茂,15.41,,TPEx LISTED,光電業,19.45,19.6,19.6,19.4,72200,1.4,19.67,19.58,-1.12,-0.66,-0.77,-1.77,-4.66,28.0,37.35,37.87,28.0,37.35,-30.0,-47.52,-48.24,30.54,47.93,False,False,False,False,False,False,False,False,False,2026-10-08,光電業,光電顯示／光學元件
4735,4735.TWO,Avita,豪展,15.82,,TPEx LISTED,生技醫療業,38.05,38.0,38.7,37.95,92000,3.5,37.26,36.63,2.12,3.88,0.13,5.55,5.55,40.8,50.2,162.0,40.8,50.2,-5.15,-22.91,-76.11,6.74,24.2,False,False,False,False,False,False,False,True,False,2026-10-08,生技醫療業,生技、製藥、醫療器材與健康服務（公司級產品待核驗）
4736,4736.TW,TaiDoc,泰博,128.28,,TWSE LISTED,生技醫療業,134.5,132.5,138.0,132.0,457844,61.58,130.6,130.3,2.99,3.22,2.28,4.67,3.46,134.5,157.52,281.46,138.0,157.52,2.6,-12.39,-50.97,2.54,14.62,True,False,False,False,True,False,False,True,False,2026-10-08,生技醫療業,生技、製藥、醫療器材與健康服務（公司級產品待核驗）
4737,4737.TW,BIONIME,華廣,42.53,,TWSE LISTED,生技醫療業,55.0,55.5,55.6,54.8,18000,0.99,55.38,55.75,-0.69,-1.35,0.0,-0.54,-0.72,72.9,81.92,88.92,72.9,81.92,-23.73,-32.13,-37.47,24.55,32.86,False,False,False,False,False,False,False,False,False,2026-10-08,生技醫療業,生技、製藥、醫療器材與健康服務（公司級產品待核驗）
4739,4739.TW,COREMAX,康普,108.7,,TWSE LISTED,化學工業,87.2,87.2,88.7,86.6,958051,83.54,87.24,85.49,-0.05,2.0,-0.23,-0.23,-0.34,134.5,134.5,175.25,134.5,134.5,-34.05,-34.05,-49.39,35.17,35.17,False,False,False,False,False,False,False,False,False,2026-10-08,化學工業,化學制品／特用化學材料
4741,4741.TWO,Jetbest,泓瀚,14.03,,TPEx LISTED,化學工業,40.3,40.5,40.75,40.2,30000,1.21,40.89,40.095,-1.44,0.51,-0.74,-0.49,0.0,86.6,86.6,93.58,86.6,86.6,-52.94,-52.94,-56.46,53.46,53.46,False,False,False,False,False,False,False,False,False,2026-10-08,化學工業,化學制品／特用化學材料
4743,4743.TWO,ONENESS BIOTECH,合一,231.14,,TPEx LISTED,生技醫療業,48.1,47.35,48.4,47.1,1392644,66.99,47.51,46.615,1.24,3.19,2.12,2.12,4.91,76.7,241.44,397.22,76.7,241.44,-36.9,-79.95,-87.82,37.29,80.08,False,False,False,False,False,False,False,False,False,2026-10-08,生技醫療業,生技、製藥、醫療器材與健康服務（公司級產品待核驗）
4744,4744.TWO,CVC,皇將,16.26,,TPEx LISTED,生技醫療業,28.55,28.05,28.75,28.05,9001,0.26,28.35,28.425,0.71,0.44,0.35,0.71,-0.52,40.1,40.1,49.16,40.1,40.1,-28.3,-28.3,-41.52,28.8,28.8,False,False,True,True,False,False,False,False,False,2026-10-08,生技醫療業,生技、製藥、醫療器材與健康服務（公司級產品待核驗）
4745,4745.TWO,CMH,合富-KY,8.08,,TPEx LISTED,生技醫療業,12.2,12.05,12.2,12.05,6000,0.07,12.17,12.115,0.25,0.7,0.41,0.41,0.41,25.75,27.4,44.57,25.75,27.4,-52.62,-55.47,-72.63,52.62,55.47,False,False,False,True,False,False,False,False,False,2026-10-08,生技醫療業,生技、製藥、醫療器材與健康服務（公司級產品待核驗）
4746,4746.TW,FRMSL,台耀,58.87,,TWSE LISTED,生技醫療業,48.95,48.0,49.1,47.6,778030,38.08,48.15,48.31,1.66,1.32,1.87,3.38,-0.1,62.5,121.0,121.0,62.5,121.0,-21.44,-59.42,-59.42,21.68,59.55,False,False,False,True,False,False,False,False,False,2026-10-08,生技醫療業,生技、製藥、醫療器材與健康服務（公司級產品待核驗）
4747,4747.TWO,JCP,強生*,21.23,,TPEx LISTED,生技醫療業,23.35,23.35,23.35,23.2,17000,0.4,23.1,23.34,1.08,0.04,0.86,2.19,1.08,30.5,47.75,61.25,30.5,47.75,-23.44,-51.1,-61.88,23.44,51.1,False,False,False,True,False,False,False,False,False,2026-10-08,生技醫療業,生技、製藥、醫療器材與健康服務（公司級產品待核驗）
4749,4749.TWO,aemc,新應材,719.02,,TPEx LISTED,半導體業,759.0,771.0,773.0,758.0,995683,755.72,788.4,768.3,-3.73,-1.21,-4.05,-5.83,0.26,1210.0,1210.0,1210.0,1210.0,1210.0,-36.12,-36.12,-36.12,37.27,37.27,False,False,False,False,False,False,False,False,False,2026-10-08,半導體業,半導體／IC設計或製造（細分環節待核驗）
4754,4754.TWO,INCA,國碳科,11.46,,TPEx LISTED,化學工業,37.85,37.9,37.9,37.7,17002,0.64,38.0,37.9,-0.39,-0.13,-0.26,-0.26,0.0,40.0,51.9,51.9,40.0,51.9,-5.25,-26.97,-26.97,5.38,27.07,False,False,False,False,False,False,False,True,False,2026-10-08,化學工業,化學制品／特用化學材料
4755,4755.TW,SAN FU,三福化,127.9,,TWSE LISTED,化學工業,127.0,127.5,133.0,126.5,736606,93.55,126.1,121.6,0.71,4.44,-0.39,4.96,6.72,180.0,180.0,241.5,180.0,180.0,-26.11,-26.11,-44.93,29.44,29.44,False,False,False,False,False,False,False,False,False,2026-10-08,化學工業,化學制品／特用化學材料
4760,4760.TWO,ample,勤凱科技,120.3,,TPEx LISTED,其他電子業,367.0,337.5,367.0,334.0,1225666,449.82,340.3,304.6,7.85,20.49,9.88,5.31,27.21,500.03,500.03,500.03,500.03,500.03,-26.6,-26.6,-26.6,26.6,26.6,False,False,False,False,False,False,False,False,False,2026-10-08,其他電子業,其他電子：電子模組、感測器、電源與車用電子（公司級產品待核驗）
4763,4763.TW,ACE,材料*-KY,461.44,,TWSE LISTED,化學工業,46.65,46.55,47.65,46.55,5145770,240.05,46.66,46.84,-0.02,-0.41,0.65,0.65,-0.43,56.5,115.0,115.0,56.5,115.0,-15.66,-58.57,-58.57,17.43,59.43,False,False,False,False,False,False,False,False,False,2026-10-08,化學工業,特用化學材料／電子級化學品
4764,4764.TW,DBC,雙鍵,170.23,,TWSE LISTED,化學工業,199.0,203.5,211.5,199.0,1613633,321.11,200.9,193.4,-0.95,2.9,-3.63,1.27,7.57,369.2,369.2,369.2,369.2,369.2,-42.71,-42.71,-42.71,46.1,46.1,False,False,False,False,False,False,False,False,False,2026-10-08,化學工業,化學制品／特用化學材料
4766,4766.TW,NAN PAO,南寶,427.42,,TWSE LISTED,化學工業,354.5,360.0,360.0,353.5,102002,36.16,353.4,347.6,0.31,1.99,-1.39,2.31,3.5,398.0,445.0,445.0,398.0,445.0,-9.55,-19.1,-19.1,10.93,20.34,False,False,False,False,False,False,False,False,False,2026-10-08,化學工業,化學制品／特用化學材料
4767,4767.TWO,CHETAY,誠泰科技,8.92,,TPEx LISTED,化學工業,28.4,28.5,28.5,28.1,5000,0.14,28.47,28.255,-0.25,0.51,0.53,-0.35,1.07,30.3,44.1,45.5,30.3,44.1,-5.94,-35.37,-37.36,6.27,35.6,False,False,False,False,False,False,False,True,False,2026-10-08,化學工業,化學制品／特用化學材料
4768,4768.TWO,INGENTEC,晶呈科技,176.17,,TPEx LISTED,化學工業,365.5,363.0,369.0,360.0,393377,143.78,367.6,359.65,-0.57,1.63,0.69,0.14,-0.41,576.35,576.35,576.35,576.35,576.35,-35.98,-35.98,-35.98,36.58,36.58,False,False,False,False,False,False,False,False,False,2026-10-08,化學工業,化學制品／特用化學材料
4770,4770.TW,ASC,上品,225.53,,TWSE LISTED,化學工業,282.0,276.5,288.5,271.0,1878715,529.8,273.6,276.8,3.07,1.88,5.42,2.73,2.55,295.0,466.0,466.0,295.0,466.0,-2.2,-38.09,-38.09,4.41,39.48,False,False,False,True,False,False,False,True,False,2026-10-08,化學工業,化學制品／特用化學材料
4771,4771.TW,VF,望隼,119.18,,TWSE LISTED,生技醫療業,203.0,201.0,204.5,201.0,67000,13.6,206.3,210.1,-1.6,-3.38,0.0,-2.17,-4.92,221.5,384.5,384.5,221.5,384.5,-7.67,-46.81,-46.81,8.35,47.2,False,False,False,False,False,False,False,True,False,2026-10-08,生技醫療業,生技、製藥、醫療器材與健康服務（公司級產品待核驗）
4772,4772.TWO,TSC,台特化,405.39,,TPEx LISTED,化學工業,274.5,278.0,278.5,272.0,616383,169.2,277.4,268.5,-1.05,2.23,-0.9,-1.26,3.78,396.0,396.0,396.0,396.0,396.0,-29.67,-29.67,-29.67,30.68,30.68,False,False,False,False,False,False,False,False,False,2026-10-08,化學工業,化學制品／特用化學材料
4804,4804.TWO,Da Lue,大略-KY,2.35,,TPEx LISTED,觀光餐旅,3.27,3.27,3.27,3.27,0,0.0,3.27,3.27,0.0,0.0,0.0,0.0,0.0,8.5,10.75,116.0,8.5,10.75,-61.53,-69.58,-97.18,61.53,69.58,False,False,False,False,False,False,False,False,False,2026-10-08,觀光餐旅,觀光餐旅（公司级产品待核验）
4806,4806.TWO,KTCCE,桂田文創,7.87,,TPEx LISTED,文化創意業,11.25,11.0,11.3,10.9,20004,0.23,11.87,13.368,-5.22,-15.84,-0.44,-7.02,-24.32,19.8,49.31,241.56,19.8,49.31,-42.92,-77.09,-95.32,43.17,77.19,False,False,False,False,False,False,False,False,False,2026-10-08,文化創意業,文化創意業（公司级产品待核验）
4807,4807.TW,RH,日成-KY,16.78,,TWSE LISTED,貿易百貨,34.25,31.6,34.75,31.6,534200,18.3,31.59,30.54,8.42,12.15,8.39,10.13,14.93,45.9,45.9,128.5,45.9,45.9,-24.29,-24.29,-72.96,25.38,25.38,False,False,False,False,False,False,False,False,False,2026-10-08,貿易百貨,貿易、零售、百貨與消費通路（公司級業務待核驗）
4903,4903.TWO,UFOC,聯光通,48.41,,TPEx LISTED,通信網路業,45.95,48.9,50.7,45.75,19260330,885.01,44.86,43.95,2.43,4.55,-1.71,4.91,3.61,56.0,56.9,98.75,56.0,56.9,-9.46,-10.9,-48.66,17.95,19.24,False,False,False,False,False,False,False,False,False,2026-10-08,通信網路業,通信網路／網通設備
4904,4904.TW,Far EasTone,遠傳,3824.17,,TWSE LISTED,通信網路業,106.0,105.0,106.5,105.0,5932500,628.85,105.6,105.2,0.38,0.76,0.0,0.47,0.95,113.5,113.5,113.5,113.5,113.5,-6.17,-6.17,-6.17,6.61,6.61,False,False,True,True,False,False,False,True,True,2026-10-08,通信網路業,通信網路／網通設備
4905,4905.TWO,TAINET,台聯電,26.04,,TPEx LISTED,生技醫療業,89.0,90.0,92.2,89.0,37150,3.31,92.52,85.56,-3.8,4.02,-4.09,-8.34,5.83,107.5,127.5,127.5,107.5,127.5,-14.23,-27.69,-27.69,17.21,30.2,False,False,False,False,False,False,False,False,False,2026-10-08,生技醫療業,生技、製藥、醫療器材與健康服務（公司級產品待核驗）
4906,4906.TW,GEMTEK,正文,188.81,,TWSE LISTED,通信網路業,41.8,41.5,42.6,41.5,5853953,244.7,42.2,40.975,-0.95,2.01,-0.95,-0.83,3.21,55.8,55.8,55.8,55.8,55.8,-23.66,-23.66,-23.66,25.09,25.09,False,False,False,False,False,False,False,False,False,2026-10-08,通信網路業,通信網路／網通設備
4907,4907.TWO,Fu Yu Property,富宇,50.63,,TPEx LISTED,建材營造,42.85,42.85,43.2,42.65,34000,1.46,43.2,44.13,-0.81,-2.9,-0.35,0.12,-4.88,49.0,125.0,125.0,49.0,125.0,-11.84,-65.44,-65.44,12.55,65.72,False,False,False,False,False,False,False,False,False,2026-10-08,建材營造,建材、營造與不動產開發（公司級業務待核驗）
4908,4908.TWO,APAC,前鼎,190.46,,TPEx LISTED,通信網路業,243.5,251.0,256.0,242.0,6605893,1608.53,237.5,222.45,2.53,9.46,-4.13,3.84,19.07,312.5,312.5,312.5,312.5,312.5,-18.08,-18.08,-18.08,22.08,22.08,False,False,False,False,False,False,False,False,False,2026-10-08,通信網路業,通信網路／網通設備
4909,4909.TWO,NEE,新復興,34.54,,TPEx LISTED,通信網路業,37.0,37.15,37.6,36.8,215200,7.96,37.07,36.26,-0.19,2.04,0.27,-0.8,2.35,74.5,203.0,203.0,74.5,203.0,-49.53,-81.48,-81.48,50.34,81.77,False,False,False,False,False,False,False,False,False,2026-10-08,通信網路業,通信網路／網通設備
4911,4911.TWO,G&E,德英,19.27,,TPEx LISTED,生技醫療業,28.0,27.8,28.0,27.75,14208,0.4,28.15,28.335,-0.53,-1.18,0.0,-0.88,-0.71,41.2,52.9,71.18,41.2,52.9,-32.04,-47.07,-60.66,32.04,47.07,False,False,False,False,False,False,False,False,False,2026-10-08,生技醫療業,生技、製藥、醫療器材與健康服務（公司級產品待核驗）
4912,4912.TW,Lemtech-KY,聯德控股-KY,73.31,,TWSE LISTED,電子零組件業,109.5,111.0,112.5,109.0,899202,98.46,108.8,104.3,0.64,4.99,0.0,0.0,2.34,117.0,162.38,182.25,117.0,162.38,-3.85,-30.72,-38.27,6.41,32.57,False,False,False,False,False,False,False,True,False,2026-10-08,電子零組件業,電子零組件：PCB、CCL、IC載板、連接器與被動元件（公司級品類待核驗）
4915,4915.TW,Primax,致伸,298.7,,TWSE LISTED,電子零組件業,63.3,63.5,63.8,63.2,2519290,159.47,63.56,63.83,-0.41,-0.83,0.64,-0.63,-2.62,84.0,115.5,115.5,84.0,115.5,-24.05,-44.76,-44.76,24.64,45.19,False,False,False,False,False,False,False,False,False,2026-10-08,電子零組件業,電子零組件：PCB、CCL、IC載板、連接器與被動元件（公司級品類待核驗）
4916,4916.TW,PARPRO,事欣科,126.56,,TWSE LISTED,電腦及週邊設備業,102.0,101.5,103.0,101.0,1612009,164.42,103.9,103.5,-1.83,-1.45,-0.49,-2.86,-0.97,127.5,127.5,127.5,127.5,127.5,-19.22,-19.22,-19.22,20.0,20.0,False,False,False,False,False,False,False,False,False,2026-10-08,電腦及週邊設備業,電腦、伺服器與企業硬體
4919,4919.TW,NTC,新唐,703.48,,TWSE LISTED,半導體業,155.5,157.0,162.0,152.0,14782323,2298.65,156.8,148.0,-0.83,5.07,-2.51,0.0,2.3,230.0,230.0,230.0,230.0,230.0,-29.57,-29.57,-29.57,32.39,32.39,False,False,False,False,False,False,False,False,False,2026-10-08,半導體業,半導體／IC設計或製造（細分環節待核驗）
4923,4923.TWO,Force Mos,力士,22.68,,TPEx LISTED,半導體業,61.4,62.4,62.6,61.1,451006,27.69,63.64,63.67,-3.52,-3.57,-2.07,-4.21,-5.83,70.5,70.5,76.67,70.5,70.5,-11.21,-11.21,-18.35,12.91,12.91,False,False,False,False,False,False,False,False,False,2026-10-08,半導體業,半導體／IC設計或製造（細分環節待核驗）
4924,4924.TWO,HTM,欣厚-KY,6.37,,TPEx LISTED,綠能環保,17.15,15.7,17.25,15.2,1118208,19.18,15.61,15.845,9.87,8.24,9.24,14.33,7.86,18.75,30.6,30.6,18.75,30.6,-8.0,-43.63,-43.63,8.53,43.95,False,False,True,True,False,False,False,True,False,2026-10-08,綠能環保,綠能、太陽能、儲能與環境工程（公司級產品待核驗）
4927,4927.TW,Apex,泰鼎-KY,143.6,,TWSE LISTED,電子零組件業,54.2,54.0,56.7,53.1,13200669,715.48,52.41,48.155,3.42,12.55,-0.55,2.46,23.74,65.9,65.9,138.0,65.9,65.9,-13.96,-13.96,-58.91,17.75,17.75,False,False,False,False,False,False,False,False,False,2026-10-08,電子零組件業,PCB印刷電路板（汽車與工業應用）
4930,4930.TW,Star Comgistic,燦星網,12.56,,TWSE LISTED,電器電纜,15.7,15.95,15.95,15.65,133205,2.09,15.81,15.865,-0.7,-1.04,-0.63,-1.26,-1.57,23.0,38.0,61.86,23.0,38.0,-30.65,-58.03,-74.22,31.74,58.68,False,False,False,False,False,False,False,False,False,2026-10-08,電器電纜,電線電纜、電力設備與能源傳輸（公司級產品待核驗）
4931,4931.TWO,STL,新盛力,160.31,,TPEx LISTED,電腦及週邊設備業,244.5,249.0,249.0,242.0,4336147,1060.19,251.5,248.4,-2.78,-1.57,-3.17,-2.2,-1.61,288.0,288.0,288.0,288.0,288.0,-13.54,-13.54,-13.54,15.1,15.1,False,False,False,False,False,False,False,False,False,2026-10-08,電腦及週邊設備業,電腦、伺服器與企業硬體
4933,4933.TWO,UBRIGHT,友輝,43.81,,TPEx LISTED,光電業,53.0,52.6,53.2,52.4,45000,2.38,53.46,53.57,-0.86,-1.06,-0.38,-1.85,-2.21,81.2,86.2,86.2,81.2,86.2,-34.48,-38.28,-38.28,34.73,38.52,False,False,False,False,False,False,False,False,False,2026-10-08,光電業,光電顯示／光學元件
4934,4934.TW,Tainergy,太極,38.48,,TWSE LISTED,光電業,17.1,15.6,17.1,15.6,4653555,79.58,15.44,14.94,10.75,14.46,9.97,15.54,17.93,22.7,30.25,42.2,22.7,30.25,-24.67,-43.47,-59.48,24.67,43.47,True,True,False,False,False,False,False,False,False,2026-10-08,光電業,光電顯示／光學元件
4935,4935.TW,GLT,茂林-KY,44.2,,TWSE LISTED,光電業,34.3,33.8,36.0,33.8,454088,15.58,33.55,33.46,2.24,2.51,4.1,1.63,0.73,43.25,79.5,152.0,43.25,79.5,-16.76,-54.72,-76.32,20.69,56.86,False,False,False,False,False,False,False,False,False,2026-10-08,光電業,光電顯示／光學元件
4938,4938.TW,Pegatron,和碩,2400.11,,TWSE LISTED,電腦及週邊設備業,89.7,89.4,90.1,89.4,4911903,440.6,89.52,90.1,0.2,-0.44,-0.33,1.13,-0.55,102.5,122.0,122.0,102.5,122.0,-12.1,-26.15,-26.15,12.49,26.48,False,False,False,False,False,False,False,False,False,2026-10-08,電腦及週邊設備業,電腦、伺服器與企業硬體
4939,4939.TWO,AEM,亞電,76.89,,TPEx LISTED,電子零組件業,78.3,76.2,80.7,76.2,12153799,951.64,77.86,77.47,0.57,1.07,1.82,-0.38,-0.76,95.2,95.2,95.2,95.2,95.2,-15.23,-15.23,-15.23,17.75,17.75,False,False,False,True,False,False,False,False,False,2026-10-08,電子零組件業,電子零組件：PCB、CCL、IC載板、連接器與被動元件（公司級品類待核驗）
4942,4942.TW,Chia Chang,嘉彰,45.06,,TWSE LISTED,光電業,31.65,31.55,31.65,31.5,24000,0.76,31.51,31.625,0.44,0.08,0.32,0.96,-0.47,40.1,48.05,55.8,40.1,48.05,-21.07,-34.13,-43.28,21.07,34.13,True,False,True,True,False,False,False,False,False,2026-10-08,光電業,光電顯示／光學元件
4943,4943.TW,CONCRAFT,康控-KY,8.41,,TWSE LISTED,電子零組件業,6.64,7.06,7.06,6.64,12276,0.08,6.682,6.796,-0.63,-2.3,0.0,-1.19,-0.45,13.8,30.0,849.62,13.8,30.0,-48.84,-76.47,-99.17,51.88,77.87,False,False,False,False,False,False,False,False,False,2026-10-08,電子零組件業,電子零組件：PCB、CCL、IC載板、連接器與被動元件（公司級品類待核驗）
4946,4946.TWO,Cayenne Tech,辣椒,8.81,,TPEx LISTED,文化創意業,99.5,99.0,99.5,98.1,11000,1.09,99.3,99.65,0.2,-0.15,0.4,0.71,-1.0,171.0,279.0,279.0,171.0,279.0,-41.81,-64.34,-64.34,41.81,64.34,False,False,False,False,False,False,False,False,False,2026-10-08,文化創意業,文化創意業（公司级产品待核验）
4949,4949.TW,WIN WIN,有成精密,57.79,,TWSE LISTED,光電業,85.3,84.0,86.5,83.1,2334508,199.13,82.34,78.81,3.59,8.23,1.67,3.39,12.38,112.5,112.5,112.5,112.5,112.5,-23.11,-23.11,-23.11,24.18,24.18,False,False,False,False,False,False,False,False,False,2026-10-08,光電業,光電顯示／光學元件
4950,4950.TWO,GWIC,金耘國際,9.18,,TPEx LISTED,鋼鐵工業,15.9,15.6,15.9,15.5,13000,0.21,15.87,15.825,0.19,0.47,1.27,-1.24,-1.85,20.3,27.95,30.95,20.3,27.95,-21.67,-43.11,-48.63,21.67,43.11,False,False,False,True,False,False,False,False,False,2026-10-08,鋼鐵工業,鋼鐵、特殊鋼與金屬材料（公司級產品待核驗）
4951,4951.TWO,Fintek,精拓科,30.15,,TPEx LISTED,半導體業,88.3,89.0,89.3,88.2,140000,12.36,89.4,90.1,-1.23,-2.0,-0.45,-2.0,-2.21,143.5,143.5,143.5,143.5,143.5,-37.77,-37.77,-37.77,38.47,38.47,False,False,False,False,False,False,False,False,False,2026-10-08,半導體業,半導體／IC設計或製造（細分環節待核驗）
4952,4952.TW,Generalplus,凌通,52.94,,TWSE LISTED,半導體業,48.65,49.05,49.4,48.65,137220,6.68,49.78,49.495,-2.27,-1.71,-1.42,-3.28,-2.01,61.7,78.0,96.9,61.7,78.0,-19.94,-36.67,-49.02,21.15,37.63,False,False,False,False,False,False,False,False,False,2026-10-08,半導體業,半導體／IC設計或製造（細分環節待核驗）
4953,4953.TWO,WITS,緯致,86.96,,TPEx LISTED,資訊服務業,117.0,117.5,118.0,116.5,182500,21.35,117.2,117.15,-0.17,-0.13,-0.85,0.43,-0.43,145.5,159.0,175.0,145.5,159.0,-18.9,-25.79,-32.57,19.59,26.42,False,False,False,False,False,False,False,False,False,2026-10-08,資訊服務業,資訊服務、軟體、雲端與系統整合（公司級產品待核驗）
4956,4956.TW,Epileds,光鋐,42.27,,TWSE LISTED,光電業,42.1,42.4,44.3,42.0,4129691,173.86,43.84,44.7,-3.97,-5.82,-1.64,-7.57,-10.9,60.1,60.1,60.1,60.1,60.1,-26.29,-26.29,-26.29,29.95,29.95,False,False,False,False,False,False,False,False,False,2026-10-08,光電業,光電顯示／光學元件
4958,4958.TW,ZDT,臻鼎-KY,6709.71,,TWSE LISTED,電子零組件業,592.0,593.0,613.0,587.0,32667276,19339.03,579.6,536.2,2.14,10.41,-0.5,2.78,16.08,659.0,659.0,659.0,659.0,659.0,-6.98,-6.98,-6.98,10.17,10.17,False,False,False,False,False,False,False,False,False,2026-10-08,電子零組件業,PCB印刷電路板（高階多層板）
4960,4960.TW,CMMT,誠美材,136.07,,TWSE LISTED,光電業,23.8,24.05,24.3,23.8,2379397,56.63,24.12,23.755,-1.33,0.19,-1.45,-0.83,-0.42,48.0,48.0,48.0,48.0,48.0,-49.38,-49.38,-49.38,50.42,50.42,False,False,False,False,False,False,False,False,False,2026-10-08,光電業,光電顯示／光學元件
4961,4961.TW,FITIPOWER,天鈺,215.83,,TWSE LISTED,半導體業,178.0,179.0,180.0,177.0,488279,86.91,182.0,182.05,-2.2,-2.22,-0.56,-3.26,-4.3,190.0,302.0,601.62,190.0,302.0,-5.26,-40.4,-70.08,6.32,41.06,False,False,False,False,False,False,False,True,False,2026-10-08,半導體業,IC設計（顯示驅動／電源管理晶片）
4966,4966.TWO,Parade,譜瑞-KY,440.58,,TPEx LISTED,半導體業,558.0,563.0,563.0,557.0,383366,213.92,567.4,568.5,-1.66,-1.85,-1.76,-2.79,-2.45,929.0,1345.0,2240.0,929.0,1345.0,-39.4,-58.14,-74.87,39.94,58.51,False,False,False,False,False,False,False,False,False,2026-10-08,半導體業,半導體／IC設計或製造（細分環節待核驗）
4967,4967.TW,TEAM,十銓,265.64,,TWSE LISTED,半導體業,269.5,270.0,272.0,268.0,2144926,578.06,268.8,270.75,0.26,-0.46,1.7,0.0,-0.92,323.0,323.0,323.0,323.0,323.0,-15.79,-15.79,-15.79,16.56,16.56,False,False,False,False,False,False,False,False,False,2026-10-08,半導體業,半導體／IC設計或製造（細分環節待核驗）
4968,4968.TW,Richwave,立積,89.17,,TWSE LISTED,半導體業,96.7,97.3,97.6,96.5,237017,22.92,98.46,96.72,-1.79,-0.02,-0.51,-2.42,-4.26,134.0,254.5,489.65,134.0,254.5,-27.16,-61.65,-80.07,27.84,62.0,False,False,False,False,False,False,False,False,False,2026-10-08,半導體業,半導體／IC設計或製造（細分環節待核驗）
4971,4971.TWO,IET,IET-KY,281.23,,TPEx LISTED,半導體業,596.0,603.0,608.0,584.0,1093222,651.56,591.2,566.6,0.81,5.19,-1.32,2.05,11.61,959.0,959.0,959.0,959.0,959.0,-36.6,-36.6,-36.6,37.85,37.85,False,False,False,False,False,False,False,False,False,2026-10-08,半導體業,半導體／IC設計或製造（細分環節待核驗）
4972,4972.TWO,TONS,湯石照明,9.22,,TPEx LISTED,光電業,16.2,16.15,16.2,16.1,26061,0.42,16.17,16.235,0.19,-0.22,0.31,0.0,-0.61,19.0,30.5,50.5,19.0,30.5,-14.74,-46.89,-67.92,14.74,46.89,False,False,False,False,False,False,False,False,False,2026-10-08,光電業,光電顯示／光學元件
4973,4973.TWO,Silicon Power,廣穎電通,97.29,,TPEx LISTED,半導體業,149.0,145.0,149.0,145.0,1408682,209.89,139.5,137.65,6.81,8.25,9.96,7.97,8.76,219.0,219.0,219.0,219.0,219.0,-31.96,-31.96,-31.96,31.96,31.96,False,False,False,False,False,False,False,False,False,2026-10-08,半導體業,半導體／IC設計或製造（細分環節待核驗）
4974,4974.TWO,ATII,亞泰,49.95,,TPEx LISTED,電子零組件業,68.9,69.2,69.4,68.9,148001,10.2,70.18,70.51,-1.82,-2.28,-1.15,-3.09,-3.37,80.0,146.5,146.5,80.0,146.5,-13.25,-52.63,-52.63,13.87,52.97,False,False,False,False,False,False,False,False,False,2026-10-08,電子零組件業,電子零組件：PCB、CCL、IC載板、連接器與被動元件（公司級品類待核驗）
4976,4976.TW,Calin,佳凌,52.67,,TWSE LISTED,光電業,37.3,37.95,37.95,37.15,823127,30.7,37.24,36.4,0.16,2.47,-0.8,-0.27,3.47,44.9,60.2,122.53,44.9,60.2,-15.48,-36.96,-69.03,16.93,38.04,False,False,False,False,False,False,False,False,False,2026-10-08,光電業,光電顯示／光學元件
4977,4977.TW,PCL,眾達-KY,156.96,,TWSE LISTED,通信網路業,172.5,175.0,175.5,172.0,1406828,242.68,174.3,171.45,-1.03,0.61,-1.43,-1.43,1.17,273.0,273.0,273.0,273.0,273.0,-35.71,-35.71,-35.71,36.81,36.81,False,False,False,False,False,False,False,False,False,2026-10-08,通信網路業,通信網路／網通設備
4979,4979.TWO,LuxNet,華星光,806.83,,TPEx LISTED,通信網路業,565.0,570.0,574.0,558.0,3426072,1935.73,579.0,574.1,-2.42,-1.59,-2.42,-5.52,1.44,762.0,762.0,762.0,762.0,762.0,-24.67,-24.67,-24.67,25.85,25.85,False,False,False,False,False,False,False,False,False,2026-10-08,通信網路業,通信網路／網通設備
4989,4989.TW,LCYT,榮科,126.47,,TWSE LISTED,電子零組件業,73.2,74.2,75.9,71.6,23566174,1725.04,69.82,65.0,4.84,12.62,-0.68,4.27,19.8,125.0,125.0,125.0,125.0,125.0,-39.28,-39.28,-39.28,41.44,41.44,False,False,False,False,False,False,False,False,False,2026-10-08,電子零組件業,電子零組件：PCB、CCL、IC載板、連接器與被動元件（公司級品類待核驗）
4991,4991.TWO,GCS,環宇-KY,620.17,,TPEx LISTED,半導體業,511.0,513.0,515.0,498.0,2299114,1174.85,518.4,495.1,-1.43,3.21,-1.35,-2.48,5.25,895.0,895.0,895.0,895.0,895.0,-42.46,-42.46,-42.46,42.91,42.91,False,False,False,False,False,False,False,False,False,2026-10-08,半導體業,半導體／IC設計或製造（細分環節待核驗）
4994,4994.TW,X-LEGEND,傳奇,53.44,,TWSE LISTED,資訊服務業,80.5,82.3,84.0,80.5,10000,0.81,81.0,81.57,-0.62,-1.31,-1.83,-0.98,-1.35,110.0,148.5,190.0,110.0,148.5,-23.64,-43.43,-55.79,26.82,45.79,False,False,False,False,False,False,False,False,False,2026-10-08,資訊服務業,資訊服務、軟體、雲端與系統整合（公司級產品待核驗）
4995,4995.TWO,Litemax,晶達,19.93,,TPEx LISTED,光電業,46.8,46.35,47.4,46.35,18000,0.84,47.41,48.71,-1.29,-3.92,0.0,-1.06,-6.4,52.6,87.7,87.7,52.6,87.7,-9.89,-45.95,-45.95,11.03,46.64,False,False,False,False,False,False,False,False,False,2026-10-08,光電業,光電顯示／光學元件
4999,4999.TW,Sinher,鑫禾,13.21,,TWSE LISTED,電子零組件業,17.75,17.7,17.85,17.7,70001,1.24,17.82,17.815,-0.39,-0.36,0.28,-0.84,0.57,25.8,37.7,63.3,25.8,37.7,-30.81,-52.65,-71.8,31.2,52.92,False,False,False,False,False,False,False,False,False,2026-10-08,電子零組件業,電子零組件：PCB、CCL、IC載板、連接器與被動元件（公司級品類待核驗）
5007,5007.TW,SAN SHING,三星,164.28,,TWSE LISTED,鋼鐵工業,55.7,55.7,55.7,55.7,6000,0.33,55.86,55.91,-0.29,-0.38,0.18,-0.18,-1.24,63.0,63.0,66.7,63.0,63.0,-11.59,-11.59,-16.49,11.59,11.59,False,False,False,False,False,False,False,False,False,2026-10-08,鋼鐵工業,鋼鐵、特殊鋼與金屬材料（公司級產品待核驗）
5009,5009.TWO,GMTC,榮剛,202.73,,TPEx LISTED,鋼鐵工業,33.65,32.9,34.0,32.7,4069841,136.95,32.92,32.72,2.22,2.84,2.91,3.7,2.59,40.95,59.0,63.2,40.95,59.0,-16.97,-42.37,-46.2,17.83,42.97,False,False,False,True,False,False,False,False,False,2026-10-08,鋼鐵工業,鋼鐵、特殊鋼與金屬材料（公司級產品待核驗）
5011,5011.TWO,OFCO,久陽,22.6,,TPEx LISTED,鋼鐵工業,22.45,22.5,23.0,21.7,1498731,33.65,21.93,20.23,2.37,10.97,-0.88,0.0,20.7,27.95,28.6,46.21,27.95,28.6,-17.71,-19.58,-50.23,19.68,21.5,False,False,False,False,False,False,False,False,False,2026-10-08,鋼鐵工業,鋼鐵、特殊鋼與金屬材料（公司級產品待核驗）
5013,5013.TWO,NEW BEST,強新,70.71,,TPEx LISTED,鋼鐵工業,53.0,52.7,53.9,50.7,600051,31.8,50.4,43.315,5.16,22.36,0.57,2.91,24.41,56.4,56.4,56.4,56.4,56.4,-4.43,-4.43,-4.43,6.03,6.03,False,False,False,False,False,False,False,True,True,2026-10-08,鋼鐵工業,鋼鐵、特殊鋼與金屬材料（公司級產品待核驗）
5014,5014.TWO,CCI,建錩,18.51,,TPEx LISTED,鋼鐵工業,10.1,10.15,10.15,10.0,91552,0.92,10.048,10.088,0.52,0.12,0.5,1.0,-1.94,12.3,20.3,29.59,12.3,20.3,-17.48,-50.0,-65.7,17.89,50.25,False,False,False,True,False,False,False,False,False,2026-10-08,鋼鐵工業,鋼鐵、特殊鋼與金屬材料（公司級產品待核驗）
5015,5015.TWO,RODEX,華祺,13.89,,TPEx LISTED,鋼鐵工業,22.9,22.4,22.9,22.35,18220,0.42,23.3,22.45,-1.72,2.0,0.0,-2.35,5.05,31.35,49.25,76.0,31.35,49.25,-26.95,-53.5,-69.87,26.95,53.5,False,False,False,False,False,False,False,False,False,2026-10-08,鋼鐵工業,鋼鐵、特殊鋼與金屬材料（公司級產品待核驗）
5016,5016.TWO,Song Ho,松和,13.27,,TPEx LISTED,鋼鐵工業,26.75,27.45,27.45,26.65,95100,2.54,27.46,26.515,-2.59,0.89,-1.65,-0.93,-4.8,34.4,34.4,45.55,34.4,34.4,-20.2,-20.2,-39.74,22.24,22.24,False,False,False,False,False,False,False,False,False,2026-10-08,鋼鐵工業,鋼鐵、特殊鋼與金屬材料（公司級產品待核驗）
5201,5201.TWO,KWAY,凱衛,10.89,,TPEx LISTED,資訊服務業,28.15,27.35,28.15,27.35,35000,0.99,27.69,28.565,1.66,-1.45,3.11,2.93,-3.6,46.3,63.7,63.7,46.3,63.7,-39.2,-55.81,-55.81,39.2,55.81,False,False,False,False,False,False,False,False,False,2026-10-08,資訊服務業,資訊服務、軟體、雲端與系統整合（公司級產品待核驗）
5202,5202.TWO,NewSoft,力新,12.52,,TPEx LISTED,資訊服務業,14.05,14.35,14.4,14.05,507000,7.12,14.26,14.26,-1.47,-1.47,-2.43,2.55,-0.71,18.05,33.8,41.55,18.05,33.8,-20.22,-57.4,-65.34,22.16,58.43,False,False,False,False,False,False,False,False,False,2026-10-08,資訊服務業,資訊服務、軟體、雲端與系統整合（公司級產品待核驗）
5203,5203.TW,CyberLink,訊連,46.56,,TWSE LISTED,資訊服務業,60.2,59.8,62.0,59.2,269100,16.2,59.3,58.81,1.52,2.36,0.5,0.0,3.44,90.0,145.0,145.0,90.0,145.0,-31.11,-57.24,-57.24,33.11,58.48,False,False,True,False,False,False,False,False,False,2026-10-08,資訊服務業,資訊服務、軟體、雲端與系統整合（公司級產品待核驗）
5205,5205.TWO,TWGET,中茂,4.73,,TPEx LISTED,綠能環保,33.3,33.3,33.3,33.2,141000,4.7,27.8,23.05,19.78,44.47,9.9,32.93,60.48,34.5,50.6,52.5,34.5,50.6,-3.48,-34.19,-36.57,3.48,34.19,True,True,False,False,False,False,False,True,False,2026-10-08,綠能環保,綠能、太陽能、儲能與環境工程（公司級產品待核驗）
5206,5206.TWO,Kunyue,坤悅,41.42,,TPEx LISTED,建材營造,23.0,23.4,23.4,22.95,376428,8.66,22.77,22.79,1.01,0.92,1.32,1.77,0.88,32.67,49.96,49.96,32.67,49.96,-28.37,-53.16,-53.16,29.59,53.96,False,False,False,False,False,False,False,False,False,2026-10-08,建材營造,建材、營造與不動產開發（公司級業務待核驗）
5209,5209.TWO,CTCI ASI,新鼎,51.71,,TPEx LISTED,其他,181.0,180.0,182.0,178.5,395100,71.51,175.6,171.75,3.08,5.39,4.62,3.72,5.54,184.0,220.0,220.0,184.0,220.0,-1.09,-17.27,-17.27,1.63,17.73,False,False,False,False,False,False,False,True,False,2026-10-08,其他,其他（公司级产品待核验）
5210,5210.TWO,APEX,寶碩,24.57,,TPEx LISTED,資訊服務業,29.9,29.85,30.05,29.8,126012,3.77,29.94,30.045,-0.13,-0.48,0.17,0.34,-0.83,33.25,74.0,74.0,33.25,74.0,-9.62,-59.39,-59.39,10.08,59.59,False,False,False,False,False,False,False,False,False,2026-10-08,資訊服務業,資訊服務、軟體、雲端與系統整合（公司級產品待核驗）
5211,5211.TWO,Penpower,蒙恬,6.6,,TPEx LISTED,資訊服務業,20.6,20.85,20.9,20.6,24100,0.5,20.86,20.665,-1.25,-0.31,-1.2,-1.44,-2.37,29.15,35.45,36.3,29.15,35.45,-28.3,-41.04,-42.42,29.33,41.89,False,False,False,False,False,False,False,False,False,2026-10-08,資訊服務業,資訊服務、軟體、雲端與系統整合（公司級產品待核驗）
5212,5212.TWO,HYWEB,凌網,16.94,,TPEx LISTED,資訊服務業,48.9,49.05,49.05,48.9,9000,0.44,49.1,48.805,-0.41,0.19,-0.41,-0.2,0.1,57.7,75.9,78.0,57.7,75.9,-14.99,-35.38,-37.12,15.25,35.57,False,False,False,False,False,False,False,False,False,2026-10-08,資訊服務業,資訊服務、軟體、雲端與系統整合（公司級產品待核驗）
5213,5213.TWO,YeaShin,亞昕,144.63,,TPEx LISTED,建材營造,20.05,20.2,20.2,20.0,180010,3.61,20.19,20.495,-0.69,-2.17,0.0,-0.5,-2.91,28.3,50.42,50.42,28.3,50.42,-28.62,-59.94,-59.94,29.15,60.23,False,False,False,False,False,False,False,False,False,2026-10-08,建材營造,建材、營造與不動產開發（公司級業務待核驗）
5215,5215.TW,KO JA,科嘉-KY,24.26,,TWSE LISTED,電腦及週邊設備業,37.7,37.7,37.75,37.55,10000,0.38,37.88,37.825,-0.48,-0.33,0.0,0.13,-0.13,51.2,76.8,180.43,51.2,76.8,-26.27,-50.85,-79.08,26.37,50.91,False,False,False,False,False,False,False,False,False,2026-10-08,電腦及週邊設備業,電腦、伺服器與企業硬體
5220,5220.TWO,HIGGSTEC,萬達光電,8.77,,TPEx LISTED,光電業,22.1,21.9,22.4,21.25,90301,2.0,22.35,22.095,-1.12,0.02,0.0,-2.64,-4.74,25.8,29.75,65.5,25.8,29.75,-13.18,-24.71,-65.8,14.34,25.71,False,False,False,False,False,False,False,False,False,2026-10-08,光電業,光電顯示／光學元件
5222,5222.TW,TRANSCOM,全訊,102.11,,TWSE LISTED,半導體業,102.0,103.0,103.0,101.5,207329,21.15,104.1,104.9,-2.02,-2.76,-0.97,-3.32,-4.23,140.0,157.28,159.83,140.0,157.28,-26.43,-34.51,-35.56,27.15,35.15,False,False,False,False,False,False,False,False,False,2026-10-08,半導體業,半導體／IC設計或製造（細分環節待核驗）
5223,5223.TWO,Anli,安力-KY,9.98,,TPEx LISTED,電腦及週邊設備業,22.4,22.5,22.9,22.3,22000,0.49,22.71,22.85,-1.37,-1.97,-0.88,-2.61,-4.27,31.5,49.45,120.5,31.5,49.45,-27.3,-53.69,-81.0,28.89,54.7,False,False,False,False,False,False,False,False,False,2026-10-08,電腦及週邊設備業,電腦、伺服器與企業硬體
5225,5225.TW,EASTECH,東科-KY,44.4,,TWSE LISTED,其他電子業,56.1,53.4,58.4,53.4,773041,43.37,54.4,55.06,3.12,1.89,5.45,3.12,1.08,115.0,160.5,160.5,115.0,160.5,-49.22,-63.61,-63.61,51.22,65.05,False,False,False,True,False,False,False,False,False,2026-10-08,其他電子業,其他電子：電子模組、感測器、電源與車用電子（公司級產品待核驗）
5227,5227.TWO,Aleees,立凱-KY,27.65,,TPEx LISTED,電子零組件業,28.8,29.0,29.0,28.65,135691,3.91,29.21,29.95,-1.4,-3.84,-0.17,-0.52,-6.95,42.95,66.4,205.71,42.95,66.4,-32.48,-56.33,-85.9,32.95,56.63,False,False,False,False,False,False,False,False,False,2026-10-08,電子零組件業,電子零組件：PCB、CCL、IC載板、連接器與被動元件（公司級品類待核驗）
5228,5228.TWO,MAX ECHO,鈺鎧,23.33,,TPEx LISTED,電子零組件業,61.3,61.0,61.3,57.3,4766000,292.16,52.74,46.59,16.23,31.57,9.86,28.38,40.27,81.9,81.9,81.9,81.9,81.9,-25.15,-25.15,-25.15,25.15,25.15,True,False,False,False,False,False,False,False,False,2026-10-08,電子零組件業,電子零組件：PCB、CCL、IC載板、連接器與被動元件（公司級品類待核驗）
5230,5230.TWO,Ledlink,雷笛克光學,14.08,,TPEx LISTED,光電業,25.0,23.8,25.0,23.75,4399100,109.98,22.93,22.8,9.03,9.65,9.89,11.86,10.38,25.05,45.4,59.4,25.05,45.4,-0.2,-44.93,-57.91,0.2,44.93,False,False,False,False,False,False,False,True,False,2026-10-08,光電業,光電顯示／光學元件
5234,5234.TW,DAXIN,達興材料,343.07,,TWSE LISTED,光電業,334.0,330.0,336.0,323.0,811367,271.0,323.2,313.75,3.34,6.45,-0.74,8.79,10.41,499.5,499.5,499.5,499.5,499.5,-32.73,-32.73,-32.73,33.13,33.13,False,False,False,False,False,False,False,False,False,2026-10-08,光電業,化學制品／特用化學材料
5236,5236.TW,SunplusIT,凌陽創新,75.01,,TWSE LISTED,半導體業,125.0,125.5,125.5,125.0,97110,12.14,129.6,133.0,-3.55,-6.02,-0.79,-6.72,-8.76,194.0,210.87,239.6,194.0,210.87,-35.31,-40.48,-47.62,35.57,40.72,False,False,False,False,False,False,False,False,False,2026-10-08,半導體業,半導體／IC設計或製造（細分環節待核驗）
5243,5243.TW,ESON,乙盛-KY,176.96,,TWSE LISTED,光電業,105.0,96.8,106.0,96.1,8029729,843.12,97.84,93.92,7.32,11.8,8.47,9.72,12.66,143.5,143.5,143.5,143.5,143.5,-26.13,-26.13,-26.13,26.83,26.83,False,False,False,False,False,False,False,False,False,2026-10-08,光電業,光電顯示／光學元件
5244,5244.TW,BRIGHTEK,弘凱,27.88,,TWSE LISTED,光電業,40.85,41.25,42.65,40.85,3096010,126.47,38.91,37.27,4.99,9.61,0.25,9.08,14.27,50.8,59.0,59.0,50.8,59.0,-16.04,-27.71,-27.71,19.59,30.76,True,False,False,False,False,False,False,False,False,2026-10-08,光電業,光電顯示／光學元件
5245,5245.TWO,WSI,智晶,9.0,,TPEx LISTED,光電業,19.95,20.0,20.6,19.7,88000,1.76,20.33,20.54,-1.87,-2.87,-0.25,-2.92,-4.09,37.0,45.65,149.79,37.0,45.65,-44.32,-54.87,-86.25,46.08,56.3,False,False,False,False,False,False,False,False,False,2026-10-08,光電業,光電顯示／光學元件
5251,5251.TWO,JSW,天鉞電,10.05,,TPEx LISTED,光電業,29.8,31.4,31.4,29.7,184002,5.48,30.51,30.345,-2.33,-1.8,-4.18,1.36,0.34,37.15,64.7,64.7,37.15,64.7,-15.48,-51.47,-51.47,19.78,53.94,False,False,False,False,False,False,False,False,False,2026-10-08,光電業,光電顯示／光學元件
5258,5258.TW,Castles,虹堡,46.24,,TWSE LISTED,電腦及週邊設備業,41.9,42.0,42.35,41.85,167102,7.0,41.8,41.73,0.24,0.41,-0.59,0.96,-0.83,68.4,146.19,146.19,68.4,146.19,-38.08,-71.03,-71.03,38.74,71.34,False,False,False,False,False,False,False,False,False,2026-10-08,電腦及週邊設備業,電腦、伺服器與企業硬體
5263,5263.TWO,BROGENT,智崴,75.86,,TPEx LISTED,文化創意業,96.1,92.0,98.0,91.0,863497,82.98,91.74,90.9,4.75,5.72,5.14,6.07,5.95,130.0,205.5,239.0,130.0,205.5,-24.62,-52.31,-59.0,26.08,53.24,False,False,True,False,False,False,False,False,False,2026-10-08,文化創意業,文化創意業（公司级产品待核验）
5269,5269.TW,Asmedia,祥碩,1104.93,,TWSE LISTED,半導體業,1490.0,1465.0,1490.0,1450.0,378853,564.49,1470.0,1472.0,1.36,1.22,2.41,1.02,1.02,1660.0,2570.0,2570.0,1660.0,2570.0,-10.24,-42.02,-42.02,10.24,42.02,False,False,False,True,False,False,False,False,False,2026-10-08,半導體業,半導體／IC設計或製造（細分環節待核驗）
5272,5272.TWO,AMICCOM,笙科,9.67,,TPEx LISTED,半導體業,17.5,17.6,17.6,17.5,21064,0.37,17.7,17.61,-1.13,-0.62,-1.13,-2.23,-2.78,28.15,44.15,53.8,28.15,44.15,-37.48,-60.14,-67.29,37.83,60.36,False,False,False,False,False,False,False,False,False,2026-10-08,半導體業,半導體／IC設計或製造（細分環節待核驗）
5274,5274.TWO,ASPEED,信驊,7270.78,,TPEx LISTED,半導體業,17485.0,16355.0,17840.0,15975.0,1079583,18876.51,18516.0,18988.0,-5.57,-7.92,-1.49,-10.43,-8.17,21800.0,21800.0,21800.0,21800.0,21800.0,-18.17,-18.17,-18.17,19.79,19.79,False,False,False,False,False,False,False,False,False,2026-10-08,半導體業,半導體／IC設計或製造（細分環節待核驗）
5276,5276.TWO,Da Hui,達輝-KY,7.11,,TPEx LISTED,其他,18.0,18.0,18.0,18.0,0,0.0,17.9,17.98,0.56,0.11,0.0,-0.83,4.05,22.2,26.4,32.25,22.2,26.4,-18.92,-31.82,-44.19,18.92,31.82,False,False,False,False,False,False,False,False,False,2026-10-08,其他,其他（公司级产品待核验）
5278,5278.TWO,Sunfun,尚凡*,69.3,,TPEx LISTED,數位雲端,23.1,23.25,23.3,23.0,159000,3.67,23.4,23.585,-1.28,-2.06,0.0,-2.12,-1.7,34.0,50.0,50.0,34.0,50.0,-31.47,-53.4,-53.4,32.06,53.8,False,False,False,False,False,False,False,False,False,2026-10-08,數位雲端,數位雲端、軟體服務與電子商務（公司級產品待核驗）
5283,5283.TW,Heran,禾聯碩,45.38,,TWSE LISTED,電器電纜,51.8,51.5,51.8,51.3,84970,4.4,51.96,52.47,-0.31,-1.28,0.39,-0.58,-2.26,56.3,84.05,106.32,56.3,84.05,-7.99,-38.37,-51.28,7.99,38.37,False,False,False,False,False,False,False,True,False,2026-10-08,電器電纜,電線電纜、電力設備與能源傳輸（公司級產品待核驗）
5284,5284.TW,jpp,jpp-KY,155.5,,TWSE LISTED,其他,282.0,285.0,287.0,281.5,279457,78.81,290.7,294.75,-2.99,-4.33,-1.57,-6.31,-5.37,480.0,480.0,480.0,480.0,480.0,-40.21,-40.21,-40.21,41.25,41.25,False,False,False,False,False,False,False,False,False,2026-10-08,其他,其他（公司级产品待核验）
5285,5285.TW,Jih Lin,界霖,96.33,,TWSE LISTED,半導體業,94.4,97.9,101.0,93.9,2464754,232.67,97.68,94.53,-3.36,-0.14,-3.48,-5.6,0.21,115.5,115.5,143.5,115.5,115.5,-12.55,-12.55,-29.62,18.27,18.27,False,False,False,False,False,False,False,False,False,2026-10-08,半導體業,半導體／IC設計或製造（細分環節待核驗）
5287,5287.TWO,ADDCN,數字,82.62,,TPEx LISTED,數位雲端,137.0,137.0,137.5,137.0,45090,6.18,137.2,137.25,-0.15,-0.18,-0.36,-0.36,-0.36,158.72,179.41,196.29,158.72,179.41,-13.37,-23.36,-29.95,13.68,23.64,False,False,False,False,False,False,False,False,False,2026-10-08,數位雲端,數位雲端、軟體服務與電子商務（公司級產品待核驗）
5288,5288.TW,Eurocharm,豐祥-KY,131.73,,TWSE LISTED,電機機械,188.5,187.0,190.0,187.0,78000,14.7,188.3,187.8,0.11,0.37,-0.26,0.8,-0.79,202.0,241.0,241.0,202.0,241.0,-5.94,-21.16,-21.16,6.68,21.78,False,False,False,True,False,False,False,True,False,2026-10-08,電機機械,電機機械、工業自動化與設備（公司級產品待核驗）
5289,5289.TWO,Innodisk,宜鼎,1228.62,,TPEx LISTED,電腦及週邊設備業,1250.0,1270.0,1280.0,1250.0,1027503,1284.38,1273.0,1283.5,-1.81,-2.61,-0.79,-3.47,-3.1,1985.44,1985.44,1985.44,1985.44,1985.44,-35.53,-35.53,-35.53,37.04,37.04,False,False,False,False,False,False,False,False,False,2026-10-08,電腦及週邊設備業,電腦、伺服器與企業硬體
5291,5291.TWO,EISO,邑昇,26.06,,TPEx LISTED,電子零組件業,62.2,64.5,65.9,62.1,430114,26.75,63.42,61.34,-1.92,1.4,-3.27,-3.57,1.8,84.6,84.6,84.6,84.6,84.6,-22.1,-22.1,-22.1,26.48,26.48,False,False,False,False,False,False,False,False,False,2026-10-08,電子零組件業,電子零組件：PCB、CCL、IC載板、連接器與被動元件（公司級品類待核驗）
5292,5292.TW,DTECH,華懋,112.55,,TWSE LISTED,綠能環保,243.0,242.5,250.0,230.0,523279,127.16,244.4,234.35,-0.57,3.69,0.0,-1.62,2.53,252.5,252.5,252.5,252.5,252.5,-0.99,-0.99,-0.99,3.76,3.76,False,False,False,False,False,False,False,True,True,2026-10-08,綠能環保,綠能、太陽能、儲能與環境工程（公司級產品待核驗）
5299,5299.TWO,EMC,杰力,49.92,,TPEx LISTED,半導體業,98.1,99.5,99.9,98.1,179016,17.56,101.82,101.71,-3.65,-3.55,-1.41,-6.57,-5.22,141.5,141.5,265.0,141.5,141.5,-29.4,-29.4,-62.3,30.67,30.67,False,False,False,False,False,False,False,False,False,2026-10-08,半導體業,半導體／IC設計或製造（細分環節待核驗）
5301,5301.TWO,CJW,寶得利,3.13,,TPEx LISTED,觀光餐旅,5.8,6.0,6.0,5.8,27723,0.16,6.018,6.038,-3.62,-3.94,-3.33,-4.87,-4.87,15.15,37.85,176.49,15.15,37.85,-60.4,-84.15,-96.6,61.72,84.68,False,False,False,False,False,False,False,False,False,2026-10-08,觀光餐旅,觀光餐旅（公司级产品待核验）
5302,5302.TWO,STK,太欣,15.7,,TPEx LISTED,半導體業,9.82,9.79,9.85,9.74,237142,2.33,9.874,9.833,-0.55,-0.13,0.1,-0.61,-0.41,16.0,16.0,22.45,16.0,16.0,-38.44,-38.44,-56.12,38.63,38.63,False,False,False,False,False,False,False,False,False,2026-10-08,半導體業,半導體／IC設計或製造（細分環節待核驗）
5306,5306.TW,KMC,桂盟,110.38,,TWSE LISTED,運動休閒,87.6,87.8,88.0,87.1,91065,7.98,87.7,88.18,-0.11,-0.66,-0.34,0.0,-0.9,100.0,162.5,255.0,100.0,162.5,-12.0,-45.85,-65.49,12.4,46.09,False,False,False,False,False,False,False,False,False,2026-10-08,運動休閒,運動休閒（公司级产品待核验）
5309,5309.TWO,SG,系統電,156.6,,TPEx LISTED,電子零組件業,67.8,69.0,69.9,66.4,17117530,1160.57,67.0,62.49,1.19,8.5,0.89,1.04,7.96,84.4,84.4,84.4,84.4,84.4,-17.18,-17.18,-17.18,19.67,19.67,False,False,False,False,False,False,False,False,False,2026-10-08,電子零組件業,電子零組件：PCB、CCL、IC載板、連接器與被動元件（公司級品類待核驗）
5310,5310.TWO,CGS,天剛,8.28,,TPEx LISTED,資訊服務業,28.6,30.15,30.15,28.6,47001,1.34,29.42,28.43,-2.79,0.6,-2.72,-3.7,5.15,31.6,56.7,170.08,31.6,56.7,-4.59,-46.83,-82.27,9.49,49.56,False,False,False,False,False,False,False,True,False,2026-10-08,資訊服務業,資訊服務、軟體、雲端與系統整合（公司級產品待核驗）
5312,5312.TWO,FORMOSA,寶島科,53.63,,TPEx LISTED,生技醫療業,89.3,89.0,89.5,89.0,12015,1.07,89.54,89.76,-0.27,-0.51,-0.11,-0.45,-0.22,105.0,171.0,171.0,105.0,171.0,-14.76,-47.66,-47.66,14.95,47.78,False,False,False,False,False,False,False,False,False,2026-10-08,生技醫療業,生技、製藥、醫療器材與健康服務（公司級產品待核驗）
5314,5314.TWO,Myson,世紀*,79.28,,TPEx LISTED,其他,27.15,27.5,27.95,27.05,15373567,417.39,28.38,28.12,-4.33,-3.45,-1.45,-5.4,-11.27,46.8,46.8,46.8,46.8,46.8,-40.28,-40.28,-40.28,41.99,41.99,False,False,False,False,False,False,False,False,False,2026-10-08,其他,其他（公司级产品待核验）
5315,5315.TWO,U.R.T.,光聯,20.47,,TPEx LISTED,光電業,19.25,19.15,19.3,19.0,234930,4.52,19.02,18.925,1.21,1.72,0.79,2.12,1.85,26.3,26.3,30.05,26.3,26.3,-26.62,-26.62,-35.77,26.81,26.81,True,False,False,False,False,False,False,False,False,2026-10-08,光電業,光電顯示／光學元件
5321,5321.TWO,U.R.,美而快,42.16,,TPEx LISTED,數位雲端,70.8,69.7,71.4,69.4,197343,13.97,69.32,69.23,2.14,2.27,1.0,5.51,0.71,88.1,98.14,122.79,88.1,98.14,-18.96,-27.25,-41.85,19.64,27.86,True,False,False,False,False,False,False,False,False,2026-10-08,數位雲端,數位雲端、軟體服務與電子商務（公司級產品待核驗）
5324,5324.TWO,SDC,士開,28.3,,TPEx LISTED,建材營造,12.5,12.35,12.6,12.35,47610,0.6,12.47,12.46,0.24,0.32,-0.4,0.81,0.4,13.15,16.6,19.72,13.15,16.6,-4.18,-24.1,-36.12,4.94,24.7,False,False,False,True,False,False,False,True,False,2026-10-08,建材營造,建材、營造與不動產開發（公司級業務待核驗）
5328,5328.TWO,HJC,華容,100.69,,TPEx LISTED,電子零組件業,58.3,57.8,59.5,57.0,4146511,241.74,58.1,55.9,0.34,4.29,0.52,0.34,-0.17,88.8,88.8,88.8,88.8,88.8,-33.0,-33.0,-33.0,34.35,34.35,False,False,False,False,False,False,False,False,False,2026-10-08,電子零組件業,電子零組件：PCB、CCL、IC載板、連接器與被動元件（公司級品類待核驗）
5340,5340.TWO,BAOTEK,建榮,183.98,,TPEx LISTED,電子零組件業,94.4,91.0,97.0,90.6,14367700,1356.31,87.62,84.33,7.74,11.94,4.89,10.41,17.41,137.0,137.0,137.0,137.0,137.0,-29.2,-29.2,-29.2,31.09,31.09,False,False,False,False,False,False,False,False,False,2026-10-08,電子零組件業,電子零組件：PCB、CCL、IC載板、連接器與被動元件（公司級品類待核驗）
5344,5344.TWO,VATE,立衛,11.2,,TPEx LISTED,半導體業,14.1,14.4,14.4,14.0,34000,0.48,13.84,13.74,1.88,2.62,-1.74,4.06,4.83,19.0,27.5,41.8,19.0,27.5,-24.21,-47.64,-65.55,25.79,48.73,False,False,False,False,False,False,False,False,False,2026-10-08,半導體業,半導體／IC設計或製造（細分環節待核驗）
5345,5345.TWO,Fullhome,馥鴻,8.14,,TPEx LISTED,其他,21.55,21.1,21.55,20.9,13600,0.29,21.59,21.605,-0.19,-0.25,-0.92,-2.49,1.17,38.05,39.4,76.56,38.05,39.4,-43.36,-45.3,-71.85,43.36,45.3,False,False,False,False,False,False,False,False,False,2026-10-08,其他,其他（公司级产品待核验）
5347,5347.TWO,VIS,世界,3503.41,,TPEx LISTED,半導體業,186.5,189.5,191.0,185.0,10373801,1934.71,187.7,182.6,-0.64,2.14,-1.84,1.36,1.08,223.0,223.0,223.0,223.0,223.0,-14.35,-14.35,-14.35,16.37,16.37,False,False,False,False,False,False,False,False,False,2026-10-08,半導體業,半導體／IC設計或製造（細分環節待核驗）
5348,5348.TWO,EMT,正能量智能,2.56,,TPEx LISTED,運動休閒,17.3,17.45,18.05,17.3,32000,0.55,17.1,16.69,1.17,3.65,-0.57,1.47,5.81,19.8,50.94,50.94,19.8,50.94,-8.84,-64.57,-64.57,12.63,66.04,False,False,False,False,False,False,False,False,False,2026-10-08,運動休閒,運動休閒（公司级产品待核验）
5351,5351.TWO,Etron,鈺創,377.93,,TPEx LISTED,半導體業,115.0,115.5,118.5,114.5,11901128,1368.63,114.5,111.95,0.44,2.72,0.44,0.88,5.02,141.0,141.0,141.0,141.0,141.0,-15.96,-15.96,-15.96,18.44,18.44,False,False,False,False,False,False,False,False,False,2026-10-08,半導體業,半導體／IC設計或製造（細分環節待核驗）
5353,5353.TWO,Tailyn,台林,22.11,,TPEx LISTED,通信網路業,28.9,29.2,29.2,28.6,19025,0.55,28.96,28.645,-0.21,0.89,0.7,-2.03,1.4,35.2,44.0,54.2,35.2,44.0,-17.05,-33.64,-46.13,17.9,34.32,False,False,False,False,False,False,False,False,False,2026-10-08,通信網路業,通信網路／網通設備
5355,5355.TWO,PSC,佳總,6.02,,TPEx LISTED,電子零組件業,7.77,7.76,7.8,7.5,121015,0.94,7.702,7.326,0.88,6.06,0.13,-1.27,9.44,8.14,14.75,14.75,8.14,14.75,-4.18,-47.12,-47.12,4.55,47.32,False,False,False,False,False,False,False,True,False,2026-10-08,電子零組件業,電子零組件：PCB、CCL、IC載板、連接器與被動元件（公司級品類待核驗）
5356,5356.TWO,SIRTEC,協益,26.53,,TPEx LISTED,電腦及週邊設備業,25.75,26.25,26.25,25.75,62000,1.6,25.8,25.78,-0.19,-0.12,-0.58,-0.19,-0.58,30.0,41.85,71.88,30.0,41.85,-12.5,-37.28,-63.48,14.17,38.47,False,False,False,False,False,False,False,False,False,2026-10-08,電腦及週邊設備業,電腦、伺服器與企業硬體
5364,5364.TWO,LEALEA HOTELS,力麗店,5.33,,TPEx LISTED,觀光餐旅,8.35,8.29,8.35,8.29,15000,0.13,8.31,8.332,0.48,0.22,0.6,0.6,-0.36,15.25,49.5,49.5,15.25,49.5,-45.25,-83.13,-83.13,45.25,83.13,False,False,False,True,False,False,False,False,False,2026-10-08,觀光餐旅,觀光餐旅（公司级产品待核验）
5381,5381.TWO,SPE,光譜,44.86,,TPEx LISTED,電機機械,21.6,22.15,22.25,21.6,851633,18.4,22.46,22.92,-3.83,-5.76,-1.82,-5.68,-7.1,42.35,48.48,48.48,42.35,48.48,-47.47,-54.1,-54.1,49.0,55.45,False,False,False,False,False,False,False,False,False,2026-10-08,電機機械,電機機械、工業自動化與設備（公司級產品待核驗）
5386,5386.TWO,ALBATRON,青雲,152.89,,TPEx LISTED,電腦及週邊設備業,282.5,279.0,295.0,279.0,999549,282.37,286.7,286.4,-1.46,-1.36,0.36,-2.75,-2.08,418.67,418.67,418.67,418.67,418.67,-29.54,-29.54,-29.54,32.52,32.52,False,False,False,False,False,False,False,False,False,2026-10-08,電腦及週邊設備業,電腦、伺服器與企業硬體
5388,5388.TW,Sercomm,中磊,222.17,,TWSE LISTED,通信網路業,73.0,73.5,73.6,72.9,1848035,134.91,72.56,72.33,0.61,0.93,-1.35,1.81,2.38,95.0,151.5,151.5,95.0,151.5,-22.53,-51.42,-51.42,23.16,51.82,False,False,False,False,False,False,False,False,False,2026-10-08,通信網路業,通信網路／網通設備
5392,5392.TWO,ABICO AVY,能率,68.8,,TPEx LISTED,光電業,38.2,38.85,38.85,38.2,970308,37.07,39.09,39.37,-2.28,-2.97,-1.93,-2.55,-4.26,52.35,58.82,58.82,52.35,58.82,-25.79,-33.96,-33.96,27.03,35.06,False,False,False,False,False,False,False,False,False,2026-10-08,光電業,光電顯示／光學元件
5398,5398.TWO,Mediera,慕康生醫,7.57,,TPEx LISTED,其他,15.3,16.4,16.5,15.0,824001,12.61,14.25,14.065,7.37,8.78,2.0,12.09,10.87,26.15,31.0,50.4,26.15,31.0,-36.9,-46.77,-67.26,41.49,50.65,False,False,False,False,False,False,False,False,False,2026-10-08,其他,其他（公司级产品待核验）
5403,5403.TWO,DDSC,中菲,71.71,,TPEx LISTED,資訊服務業,91.8,91.6,91.8,91.5,24300,2.23,92.08,92.51,-0.3,-0.77,0.22,-0.76,-1.29,117.0,147.5,147.5,117.0,147.5,-21.54,-37.76,-37.76,21.54,37.76,False,False,False,False,False,False,False,False,False,2026-10-08,資訊服務業,資訊服務、軟體、雲端與系統整合（公司級產品待核驗）
5410,5410.TWO,LEO,國眾,31.28,,TPEx LISTED,資訊服務業,33.5,33.25,33.5,33.25,121100,4.06,33.27,33.13,0.69,1.12,0.15,1.82,1.82,49.8,49.8,49.8,49.8,49.8,-32.73,-32.73,-32.73,32.73,32.73,True,False,False,False,False,False,False,False,False,2026-10-08,資訊服務業,資訊服務、軟體、雲端與系統整合（公司級產品待核驗）
5425,5425.TWO,TSC,台半,264.8,,TPEx LISTED,半導體業,100.5,102.5,103.5,99.9,7293993,733.05,102.6,99.25,-2.05,1.26,-3.83,-4.74,3.08,144.0,144.0,144.0,144.0,144.0,-28.12,-28.12,-28.12,30.21,30.21,False,False,False,False,False,False,False,False,False,2026-10-08,半導體業,半導體／IC設計或製造（細分環節待核驗）
5426,5426.TWO,CF,振發,42.06,,TPEx LISTED,電腦及週邊設備業,29.25,30.2,30.3,29.25,715050,20.92,29.41,28.79,-0.54,1.6,-3.15,0.34,2.27,40.25,45.9,45.9,40.25,45.9,-24.72,-33.99,-33.99,27.33,36.27,False,False,False,False,False,False,False,False,False,2026-10-08,電腦及週邊設備業,電腦、伺服器與企業硬體
5432,5432.TWO,SOLOMON DATA,新門,37.13,,TPEx LISTED,綠能環保,179.5,194.5,195.5,179.5,570220,102.35,182.5,172.25,-1.64,4.21,-7.95,0.84,13.25,215.0,322.0,322.0,215.0,322.0,-9.07,-39.29,-39.29,16.51,44.25,False,False,False,False,False,False,False,False,False,2026-10-08,綠能環保,綠能、太陽能、儲能與環境工程（公司級產品待核驗）
5434,5434.TW,TOPCO,崇越,1156.29,,TWSE LISTED,電子通路業,596.0,601.0,602.0,593.0,498776,297.27,604.6,576.9,-1.42,3.31,-1.49,-3.87,5.11,634.0,634.0,634.0,634.0,634.0,-5.05,-5.05,-5.05,5.99,5.99,False,False,False,False,False,False,False,True,True,2026-10-08,電子通路業,電子通路、半導體代理與零組件分銷（公司級代理品類待核驗）
5438,5438.TWO,TIS,東友,19.24,,TPEx LISTED,電腦及週邊設備業,17.1,17.0,17.1,16.9,48649,0.83,17.11,17.1,-0.06,0.0,0.0,0.0,-0.87,24.65,46.2,46.2,24.65,46.2,-30.63,-62.99,-62.99,30.63,62.99,False,False,False,False,False,False,False,False,False,2026-10-08,電腦及週邊設備業,電腦、伺服器與企業硬體
5439,5439.TWO,FHt,高技,242.2,,TPEx LISTED,電子零組件業,260.5,262.0,269.0,254.0,1907157,496.81,260.2,256.5,0.12,1.56,-0.57,-0.19,3.78,463.5,463.5,463.5,463.5,463.5,-41.96,-41.96,-41.96,43.8,43.8,False,False,False,True,False,False,False,False,False,2026-10-08,電子零組件業,電子零組件：PCB、CCL、IC載板、連接器與被動元件（公司級品類待核驗）
5443,5443.TWO,GPM,均豪,182.05,,TPEx LISTED,半導體業,110.5,112.0,113.0,109.5,1068700,118.09,113.0,111.25,-2.21,-0.67,-2.64,-3.49,-1.34,142.0,166.0,166.0,142.0,166.0,-20.42,-31.93,-31.93,22.18,33.43,False,False,False,False,False,False,False,False,False,2026-10-08,半導體業,半導體／IC設計或製造（細分環節待核驗）
5450,5450.TWO,NAMLIONG,南良,18.12,,TPEx LISTED,其他,14.8,14.55,14.8,14.45,108670,1.61,14.6,14.665,1.37,0.92,1.37,2.42,1.37,20.6,22.8,31.0,20.6,22.8,-28.16,-35.09,-52.26,28.16,35.09,True,False,True,True,False,False,False,False,False,2026-10-08,其他,其他（公司级产品待核验）
5452,5452.TWO,UNIC,佶優,45.3,,TPEx LISTED,其他電子業,30.45,31.0,31.2,30.15,1664000,50.67,30.32,28.9,0.43,5.36,-2.4,1.5,10.93,40.85,45.95,45.95,40.85,45.95,-23.62,-32.1,-32.1,25.46,33.73,False,False,False,False,False,False,False,False,False,2026-10-08,其他電子業,其他電子：電子模組、感測器、電源與車用電子（公司級產品待核驗）
5455,5455.TWO,SY,昇益,20.17,,TPEx LISTED,建材營造,30.8,30.8,30.8,30.8,2800,0.09,30.78,30.695,0.06,0.34,0.0,0.0,0.33,31.0,95.9,95.9,31.0,95.9,-0.65,-67.88,-67.88,0.65,67.88,False,False,False,False,False,False,False,True,False,2026-10-08,建材營造,建材、營造與不動產開發（公司級業務待核驗）
5457,5457.TWO,SPEED TECH,宣德,45.72,,TPEx LISTED,電子零組件業,23.3,23.85,24.05,23.3,704160,16.41,23.97,23.985,-2.8,-2.86,-2.31,-2.92,-2.51,42.0,71.4,138.5,42.0,71.4,-42.74,-66.32,-82.64,44.52,67.37,False,False,False,False,False,False,False,False,False,2026-10-08,電子零組件業,電子零組件：PCB、CCL、IC載板、連接器與被動元件（公司級品類待核驗）
5460,5460.TWO,MUSTANG,同協,12.2,,TPEx LISTED,電子零組件業,20.75,19.05,21.15,18.2,3680813,76.38,18.49,17.755,12.22,16.87,7.79,18.23,20.29,21.2,23.25,23.25,21.2,23.25,-0.24,-9.03,-9.03,2.12,10.75,False,False,False,False,False,False,False,True,False,2026-10-08,電子零組件業,電子零組件：PCB、CCL、IC載板、連接器與被動元件（公司級品類待核驗）
5464,5464.TWO,LIN HORN,霖宏,67.23,,TPEx LISTED,電子零組件業,94.6,94.8,95.0,91.3,349100,33.02,92.7,91.45,2.05,3.44,1.28,0.75,2.27,109.0,109.0,109.0,109.0,109.0,-12.84,-12.84,-12.84,13.21,13.21,False,False,True,True,False,False,False,False,False,2026-10-08,電子零組件業,電子零組件：PCB、CCL、IC載板、連接器與被動元件（公司級品類待核驗）
5465,5465.TWO,LFE,富驊,48.37,,TPEx LISTED,電腦及週邊設備業,32.75,33.55,33.7,32.5,381000,12.48,33.01,33.29,-0.79,-1.62,-2.38,0.15,-3.25,36.95,53.7,64.3,36.95,53.7,-8.8,-37.24,-47.59,11.37,39.01,False,False,False,False,False,False,False,False,False,2026-10-08,電腦及週邊設備業,電腦、伺服器與企業硬體
5468,5468.TWO,TMTECH,凱鈺,14.11,,TPEx LISTED,半導體業,23.95,24.35,24.4,23.95,82050,1.97,24.57,24.885,-2.52,-3.76,-1.64,-3.04,-5.89,36.5,36.5,43.39,36.5,36.5,-33.15,-33.15,-43.76,34.38,34.38,False,False,False,False,False,False,False,False,False,2026-10-08,半導體業,半導體／IC設計或製造（細分環節待核驗）
5469,5469.TW,HSB,瀚宇博,389.91,,TWSE LISTED,電子零組件業,80.2,80.5,80.9,79.4,1656253,132.83,79.1,76.33,1.39,5.07,-0.37,2.3,7.51,109.0,115.0,115.0,109.0,115.0,-25.78,-29.65,-29.65,26.42,30.26,False,False,False,False,False,False,False,False,False,2026-10-08,電子零組件業,PCB印刷電路板（伺服器、網通與消費電子）
5471,5471.TW,SONIX,松翰,85.28,,TWSE LISTED,半導體業,50.8,51.6,51.6,50.6,838420,42.59,52.1,52.12,-2.5,-2.53,-1.74,-3.42,-3.05,69.1,69.1,119.0,69.1,69.1,-25.33,-25.33,-56.64,26.48,26.48,False,False,False,False,False,False,False,False,False,2026-10-08,半導體業,半導體／IC設計或製造（細分環節待核驗）
5474,5474.TWO,YUAN,聰泰,63.41,,TPEx LISTED,電腦及週邊設備業,159.5,159.0,162.0,159.0,62144,9.91,160.9,161.6,-0.87,-1.3,-0.93,0.0,-3.33,201.5,228.0,313.33,201.5,228.0,-19.6,-28.95,-48.3,20.84,30.04,False,False,False,False,False,False,False,False,False,2026-10-08,電腦及週邊設備業,電腦、伺服器與企業硬體
5475,5475.TWO,GLOTECH,德宏,258.07,,TPEx LISTED,電子零組件業,203.0,194.0,203.0,192.0,16924559,3435.69,188.3,183.75,7.81,10.48,5.18,10.33,14.04,404.5,404.5,404.5,404.5,404.5,-49.81,-49.81,-49.81,49.81,49.81,False,False,False,False,False,False,False,False,False,2026-10-08,電子零組件業,電子零組件：PCB、CCL、IC載板、連接器與被動元件（公司級品類待核驗）
5478,5478.TWO,SOFT-WORLD,智冠,151.55,,TPEx LISTED,文化創意業,97.1,96.8,97.7,96.8,52000,5.05,97.12,97.12,-0.02,-0.02,0.31,0.0,-0.41,116.0,206.0,206.0,116.0,206.0,-15.78,-52.57,-52.57,16.29,52.86,False,False,False,False,False,False,False,False,False,2026-10-08,文化創意業,文化創意業（公司级产品待核验）
5481,5481.TWO,SINOTACT,新華,14.6,,TPEx LISTED,其他,20.45,20.45,20.45,20.0,56000,1.15,20.96,21.47,-2.43,-4.75,0.25,-5.76,-7.47,24.3,34.65,55.34,24.3,34.65,-15.84,-40.98,-63.05,15.84,40.98,False,False,False,False,False,False,False,False,False,2026-10-08,其他,其他（公司级产品待核验）
5483,5483.TWO,SAS,中美晶,1388.24,,TPEx LISTED,半導體業,216.5,221.0,221.0,208.5,20982260,4542.66,218.3,207.25,-0.82,4.46,-3.35,0.93,2.36,279.5,279.5,279.5,279.5,279.5,-20.93,-20.93,-20.93,22.54,22.54,False,False,False,False,False,False,False,False,False,2026-10-08,半導體業,半導體／IC設計或製造（細分環節待核驗）
5484,5484.TW,EverFocus,慧友,25.82,,TWSE LISTED,光電業,38.65,38.95,39.0,38.3,85000,3.29,38.77,39.085,-0.31,-1.11,-0.77,-0.13,-1.4,58.9,118.5,118.5,58.9,118.5,-33.79,-67.09,-67.09,34.38,67.38,False,False,False,False,False,False,False,False,False,2026-10-08,光電業,光電顯示／光學元件
5487,5487.TWO,TONTEK,通泰,7.01,,TPEx LISTED,半導體業,28.95,30.4,30.4,28.9,171000,4.95,29.2,28.955,-0.86,-0.02,-3.02,-0.52,0.87,31.25,42.75,54.8,31.25,42.75,-2.72,-28.89,-44.53,7.36,32.28,False,False,False,False,False,False,False,True,False,2026-10-08,半導體業,半導體／IC設計或製造（細分環節待核驗）
5488,5488.TWO,SP,松普,10.9,,TPEx LISTED,電子零組件業,11.9,11.95,11.95,11.75,267710,3.19,12.07,12.02,-1.41,-1.0,-0.42,-1.24,-2.06,19.3,19.4,19.4,19.3,19.4,-38.08,-38.4,-38.4,38.34,38.66,False,False,False,False,False,False,False,False,False,2026-10-08,電子零組件業,電子零組件：PCB、CCL、IC載板、連接器與被動元件（公司級品類待核驗）
5489,5489.TWO,DYNACOLOR,彩富,42.62,,TPEx LISTED,其他電子業,41.5,41.6,41.6,41.1,20000,0.83,41.82,42.295,-0.77,-1.88,-1.07,-0.48,-2.01,68.8,68.8,68.8,68.8,68.8,-39.53,-39.53,-39.53,39.68,39.68,False,False,False,False,False,False,False,False,False,2026-10-08,其他電子業,其他電子：電子模組、感測器、電源與車用電子（公司級產品待核驗）
5490,5490.TWO,XAC,同亨,24.42,,TPEx LISTED,電腦及週邊設備業,25.4,25.6,25.6,25.4,81483,2.07,25.49,25.51,-0.35,-0.43,-0.59,0.59,-0.78,36.35,39.0,75.5,36.35,39.0,-29.57,-34.36,-66.09,30.12,34.87,False,False,False,False,False,False,False,False,False,2026-10-08,電腦及週邊設備業,電腦、伺服器與企業硬體
5493,5493.TWO,Sanlien,三聯,39.89,,TPEx LISTED,其他電子業,91.3,90.0,92.0,89.5,76000,6.94,90.64,91.05,0.73,0.27,1.22,1.11,0.66,107.5,116.19,116.19,107.5,116.19,-14.42,-20.82,-20.82,15.07,21.42,False,False,False,True,False,False,False,False,False,2026-10-08,其他電子業,其他電子：電子模組、感測器、電源與車用電子（公司級產品待核驗）
5498,5498.TWO,KEY WARE,凱崴,104.71,,TPEx LISTED,電子零組件業,54.1,54.9,55.4,53.1,1468284,79.43,54.64,52.515,-0.99,3.02,-1.28,-1.28,6.92,87.2,87.2,87.2,87.2,87.2,-36.47,-36.47,-36.47,37.96,37.96,False,False,False,False,False,False,False,False,False,2026-10-08,電子零組件業,電子零組件：PCB、CCL、IC載板、連接器與被動元件（公司級品類待核驗）
5508,5508.TWO,YCDC,永信建,116.98,,TPEx LISTED,建材營造,53.8,53.9,54.2,53.4,159000,8.55,53.48,53.35,0.6,0.84,-0.19,1.51,0.75,66.0,322.0,322.0,66.0,322.0,-17.88,-83.17,-83.17,18.48,83.29,False,False,True,False,False,False,False,False,False,2026-10-08,建材營造,建材、營造與不動產開發（公司級業務待核驗）
5511,5511.TWO,TE CHANG,德昌,95.2,,TPEx LISTED,建材營造,70.0,68.1,70.7,68.1,186358,13.05,68.88,69.3,1.63,1.01,2.34,2.19,1.01,75.3,75.3,75.3,75.3,75.3,-6.11,-6.11,-6.11,7.04,7.04,False,False,False,True,False,False,False,True,True,2026-10-08,建材營造,建材、營造與不動產開發（公司級業務待核驗）
5512,5512.TWO,RICH,力麒,57.78,,TPEx LISTED,建材營造,7.54,7.52,7.59,7.5,206101,1.55,7.548,7.625,-0.11,-1.11,0.4,0.4,-2.08,8.35,15.24,15.24,8.35,15.24,-9.1,-50.21,-50.21,9.7,50.53,False,False,False,False,False,False,False,True,False,2026-10-08,建材營造,建材、營造與不動產開發（公司級業務待核驗）
5514,5514.TWO,SUN FON,三豐,35.65,,TPEx LISTED,建材營造,15.1,14.9,15.1,14.85,60000,0.91,15.11,15.04,-0.07,0.4,0.0,-0.33,0.0,17.35,24.22,24.22,17.35,24.22,-12.97,-37.66,-37.66,12.97,37.66,False,False,False,False,False,False,False,False,False,2026-10-08,建材營造,建材、營造與不動產開發（公司級業務待核驗）
5515,5515.TW,CHIEN KUO,建國,106.24,,TWSE LISTED,建材營造,52.7,52.1,52.9,52.0,303094,15.97,51.78,51.89,1.78,1.56,1.35,2.93,2.33,56.4,56.4,56.4,56.4,56.4,-6.21,-6.21,-6.21,6.56,6.56,True,False,False,False,False,False,False,True,True,2026-10-08,建材營造,建材、營造與不動產開發（公司級業務待核驗）
5516,5516.TWO,SUN-SEA,雙喜,6.55,,TPEx LISTED,建材營造,12.7,11.75,12.7,11.7,31000,0.39,12.08,12.07,5.13,5.22,6.28,5.83,5.83,17.0,27.23,29.79,17.0,27.23,-25.29,-53.37,-57.37,25.29,53.37,False,False,False,True,False,False,False,False,False,2026-10-08,建材營造,建材、營造與不動產開發（公司級業務待核驗）
5519,5519.TW,LD,隆大,56.85,,TWSE LISTED,建材營造,24.7,24.7,24.75,24.6,109000,2.69,24.82,25.01,-0.48,-1.24,-0.4,-0.4,-1.79,33.86,58.0,58.0,33.86,58.0,-26.9,-57.33,-57.33,27.05,57.41,False,False,False,False,False,False,False,False,False,2026-10-08,建材營造,建材、營造與不動產開發（公司級業務待核驗）
5520,5520.TWO,Lihtai,力泰,50.68,,TPEx LISTED,建材營造,84.5,84.5,84.5,84.5,0,0.0,84.14,83.68,0.43,0.98,0.0,0.6,1.2,91.9,98.3,98.3,91.9,98.3,-8.05,-14.04,-14.04,8.05,14.04,False,False,False,False,False,False,False,True,False,2026-10-08,建材營造,建材、營造與不動產開發（公司級業務待核驗）
5521,5521.TW,KSECO,工信,54.4,,TWSE LISTED,建材營造,11.05,11.1,11.1,10.95,1108207,12.25,10.91,10.74,1.28,2.89,-0.45,2.79,3.76,28.0,28.0,28.0,28.0,28.0,-60.36,-60.36,-60.36,60.54,60.54,False,False,False,False,False,False,False,False,False,2026-10-08,建材營造,建材、營造與不動產開發（公司級業務待核驗）
5522,5522.TW,Farglory,遠雄,475.21,,TWSE LISTED,建材營造,60.8,61.0,61.3,60.7,357005,21.71,60.52,60.67,0.46,0.21,-0.65,1.16,0.0,83.9,98.7,98.7,83.9,98.7,-26.94,-37.89,-37.89,27.53,38.4,False,False,False,False,False,False,False,False,False,2026-10-08,建材營造,建材、營造與不動產開發（公司級業務待核驗）
5523,5523.TWO,FONG CHIEN,豐謙,47.04,,TPEx LISTED,建材營造,30.35,30.2,30.35,30.2,10000,0.3,30.28,30.315,0.23,0.12,0.0,0.5,0.0,33.05,36.3,36.75,33.05,36.3,-8.17,-16.39,-17.41,8.17,16.39,False,False,True,True,False,False,False,True,False,2026-10-08,建材營造,建材、營造與不動產開發（公司級業務待核驗）
5525,5525.TW,SWEETEN,順天,69.82,,TWSE LISTED,建材營造,21.95,21.95,21.95,21.85,18010,0.4,21.88,21.945,0.32,0.02,0.0,0.92,0.23,28.3,41.57,41.57,28.3,41.57,-22.44,-47.2,-47.2,22.44,47.2,False,False,False,True,False,False,False,False,False,2026-10-08,建材營造,建材、營造與不動產開發（公司級業務待核驗）
5529,5529.TWO,MEGA,鉅陞,27.24,,TPEx LISTED,建材營造,25.75,25.65,25.95,25.15,297000,7.65,25.88,26.065,-0.5,-1.21,0.59,-0.77,-1.15,29.46,39.48,39.48,29.46,39.48,-11.92,-34.26,-34.26,12.6,34.77,False,False,False,False,False,False,False,False,False,2026-10-08,建材營造,建材、營造與不動產開發（公司級業務待核驗）
5530,5530.TWO,LUNG YEN,龍巖,202.27,,TPEx LISTED,其他,48.15,48.3,48.3,47.8,267003,12.86,48.25,48.545,-0.21,-0.81,-0.31,-0.21,-1.23,58.4,90.0,90.0,58.4,90.0,-17.29,-46.33,-46.33,17.55,46.5,False,False,False,False,False,False,False,False,False,2026-10-08,其他,其他（公司级产品待核验）
5531,5531.TW,Shining,鄉林,68.14,,TWSE LISTED,建材營造,6.97,7.01,7.05,6.91,403101,2.81,6.858,6.898,1.63,1.04,-0.57,4.19,0.87,9.15,14.75,20.1,9.15,14.75,-22.95,-52.2,-64.93,23.83,52.75,False,False,False,False,False,False,False,False,False,2026-10-08,建材營造,建材、營造與不動產開發（公司級業務待核驗）
5533,5533.TW,FOUNDING,皇鼎,40.08,,TWSE LISTED,建材營造,14.05,14.0,14.05,13.9,42000,0.59,13.92,13.925,0.93,0.9,1.08,1.44,1.08,14.85,28.95,28.95,14.85,28.95,-5.39,-51.47,-51.47,5.39,51.47,False,False,True,True,False,False,False,True,False,2026-10-08,建材營造,建材、營造與不動產開發（公司級業務待核驗）
5534,5534.TW,CHONG HONG,長虹,227.67,,TWSE LISTED,建材營造,72.2,71.4,72.5,71.2,530629,38.31,71.94,72.76,0.36,-0.77,0.84,0.56,-1.5,87.8,150.5,150.5,87.8,150.5,-17.43,-51.83,-51.83,17.77,52.03,False,False,False,False,False,False,False,False,False,2026-10-08,建材營造,建材、營造與不動產開發（公司級業務待核驗）
5536,5536.TWO,ACTER,聖暉*,1278.03,,TPEx LISTED,其他電子業,1030.0,1050.0,1085.0,1025.0,2985853,3075.43,995.8,955.4,3.43,7.81,-1.44,7.97,7.4,1490.0,1490.0,1490.0,1490.0,1490.0,-27.18,-27.18,-27.18,30.87,30.87,False,False,False,False,False,False,False,False,False,2026-10-08,其他電子業,其他電子：電子模組、感測器、電源與車用電子（公司級產品待核驗）
5538,5538.TW,TONG MING,東明-KY,72.84,,TWSE LISTED,鋼鐵工業,36.2,36.1,36.45,36.1,66155,2.39,36.35,36.005,-0.41,0.54,-0.28,-2.69,0.7,38.75,40.9,67.9,38.75,40.9,-5.94,-10.88,-46.32,6.58,11.49,False,False,False,False,False,False,False,True,False,2026-10-08,鋼鐵工業,鋼鐵、特殊鋼與金屬材料（公司級產品待核驗）
5543,5543.TWO,Buima,桓鼎-KY,12.42,,TPEx LISTED,建材營造,26.6,28.25,28.25,26.6,8000,0.21,27.11,27.11,-1.88,-1.88,0.38,-3.1,-1.48,36.9,49.48,70.16,36.9,49.48,-23.44,-42.9,-59.73,27.91,46.24,False,False,False,False,False,False,False,False,False,2026-10-08,建材營造,建材、營造與不動產開發（公司級業務待核驗）
5546,5546.TW,YGI,永固-KY,11.12,,TWSE LISTED,建材營造,13.5,13.5,13.7,13.1,72000,0.97,13.83,14.015,-2.39,-3.67,-2.53,-3.57,-2.53,23.85,42.55,90.0,23.85,42.55,-42.56,-67.8,-84.78,43.4,68.27,False,False,False,False,False,False,False,False,False,2026-10-08,建材營造,建材、營造與不動產開發（公司級業務待核驗）
5547,5547.TWO,Jioushun,久舜,10.28,,TPEx LISTED,建材營造,20.15,20.2,20.2,20.0,46000,0.93,20.16,20.1,-0.05,0.25,-0.25,0.5,0.0,25.17,25.17,25.17,25.17,25.17,-19.76,-19.76,-19.76,19.96,19.96,False,False,False,False,False,False,False,False,False,2026-10-08,建材營造,建材、營造與不動產開發（公司級業務待核驗）
5548,5548.TWO,ANCANG,安倉,12.81,,TPEx LISTED,建材營造,20.1,20.1,20.1,20.0,21000,0.42,20.06,20.125,0.2,-0.12,0.0,0.25,0.5,24.15,36.29,36.29,24.15,36.29,-16.78,-44.61,-44.61,16.78,44.61,False,False,True,False,False,False,False,False,False,2026-10-08,建材營造,建材、營造與不動產開發（公司級業務待核驗）
5601,5601.TWO,TACT,台聯櫃,18.99,,TPEx LISTED,航運業,29.3,28.7,29.3,28.6,9000,0.26,29.64,29.39,-1.15,-0.31,1.38,-4.09,1.38,38.0,39.95,45.5,38.0,39.95,-22.89,-26.66,-35.6,22.89,26.66,False,False,False,False,False,False,False,False,False,2026-10-08,航運業,海運、航空、港口與物流運輸（公司級業務待核驗）
5603,5603.TWO,SEA&LAND,陸海,14.68,,TPEx LISTED,航運業,14.0,14.05,14.2,13.95,65916,0.92,13.88,13.67,0.86,2.41,-0.71,3.32,3.7,19.95,34.35,44.62,19.95,34.35,-28.82,-58.66,-68.17,29.82,59.24,False,False,False,False,False,False,False,False,False,2026-10-08,航運業,海運、航空、港口與物流運輸（公司級業務待核驗）
5604,5604.TWO,CLTC,中連,34.38,,TPEx LISTED,其他,31.6,31.65,31.65,31.55,7100,0.22,31.59,31.37,0.03,0.73,-0.32,-0.47,0.64,40.2,51.5,108.0,40.2,51.5,-21.27,-38.54,-70.69,21.39,38.64,False,False,False,False,False,False,False,False,False,2026-10-08,其他,其他（公司级产品待核验）
5607,5607.TW,Farglory FTZ,遠雄港,195.65,,TWSE LISTED,航運業,52.8,52.5,52.9,52.3,242001,12.78,52.24,52.18,1.07,1.19,0.57,1.93,1.73,58.4,59.01,69.11,58.4,59.01,-9.42,-10.35,-23.46,9.59,10.52,True,False,False,False,False,False,False,True,False,2026-10-08,航運業,海運、航空、港口與物流運輸（公司級業務待核驗）
5608,5608.TW,S. W.,四維航,64.23,,TWSE LISTED,航運業,16.5,16.55,16.6,16.4,1048959,17.31,16.74,16.855,-1.43,-2.11,-0.3,-1.79,-2.94,19.75,25.15,71.47,19.75,25.15,-15.95,-34.0,-76.77,16.46,34.39,False,False,False,False,False,False,False,False,False,2026-10-08,航運業,海運、航空、港口與物流運輸（公司級業務待核驗）
5609,5609.TWO,DIMERCO,中菲行,113.02,,TPEx LISTED,航運業,79.1,78.7,79.2,78.7,161030,12.74,78.36,78.33,0.94,0.98,0.51,1.8,1.54,85.5,105.5,141.09,85.5,105.5,-7.37,-24.93,-43.86,7.49,25.02,True,False,False,False,False,False,False,True,False,2026-10-08,航運業,海運、航空、港口與物流運輸（公司級業務待核驗）
5701,5701.TWO,JFS,劍湖山,5.72,,TPEx LISTED,觀光餐旅,4.0,4.05,4.13,4.0,191493,0.77,4.062,4.074,-1.53,-1.82,-4.53,-1.23,-1.72,6.5,7.51,12.39,6.5,7.51,-36.46,-45.01,-66.67,38.46,46.74,False,False,False,False,False,False,False,False,False,2026-10-08,觀光餐旅,觀光餐旅（公司级产品待核验）
5703,5703.TWO,Landis Taipei,亞都麗緻,9.69,,TPEx LISTED,觀光餐旅,13.8,13.8,13.8,13.8,0,0.0,13.59,13.635,1.55,1.21,0.0,2.22,3.37,16.5,29.95,40.3,16.5,29.95,-16.36,-53.92,-65.76,16.36,53.92,False,False,False,False,False,False,False,False,False,2026-10-08,觀光餐旅,觀光餐旅（公司级产品待核验）
5704,5704.TWO,Chihpen Royal,老爺知,13.45,,TPEx LISTED,觀光餐旅,22.85,22.5,23.1,22.5,60030,1.37,22.56,22.585,1.29,1.17,1.56,1.56,1.11,27.57,56.9,86.2,27.57,56.9,-16.2,-59.4,-73.2,17.11,59.84,False,False,False,True,False,False,False,False,False,2026-10-08,觀光餐旅,觀光餐旅（公司级产品待核验）
5706,5706.TW,PHX TOUR,鳳凰,37.03,,TWSE LISTED,觀光餐旅,44.2,44.7,44.7,44.2,109184,4.83,44.22,44.14,-0.05,0.14,-0.67,0.45,0.0,57.2,73.33,111.26,57.2,73.33,-21.85,-39.05,-59.82,22.73,39.73,False,False,False,False,False,False,False,False,False,2026-10-08,觀光餐旅,觀光餐旅（公司级产品待核验）
5864,5864.TWO,CIS,致和證,199.02,,TPEx LISTED,金融保險,39.45,39.05,39.7,38.8,1804770,71.2,39.3,38.475,0.38,2.53,0.13,-0.88,3.14,48.29,48.29,48.29,48.29,48.29,-17.79,-17.79,-17.79,18.3,18.3,False,False,True,False,False,False,False,False,False,2026-10-08,金融保險,銀行、保險、證券與金融服務（公司級業務待核驗）
5871,5871.TW,Chailease,中租-KY,1841.66,,TWSE LISTED,其他,105.5,105.5,106.0,105.5,3121460,329.31,105.6,106.45,-0.09,-0.89,-0.47,0.0,-1.86,122.06,183.93,249.04,122.06,183.93,-13.16,-42.37,-57.44,13.57,42.64,False,False,False,False,False,False,False,False,False,2026-10-08,其他,其他（公司级产品待核验）
5876,5876.TW,SCSB,上海商銀,2437.92,,TWSE LISTED,金融保險,49.65,49.6,49.8,49.1,4955211,246.03,49.11,49.015,1.1,1.3,0.3,2.06,2.58,50.0,50.0,55.78,50.0,50.0,-0.4,-0.4,-10.73,0.7,0.7,True,False,False,False,False,False,False,True,True,2026-10-08,金融保險,銀行、保險、證券與金融服務（公司級業務待核驗）
5878,5878.TWO,TABC,台名,9.38,,TPEx LISTED,金融保險,37.5,37.5,37.5,37.5,3000,0.11,37.56,37.76,-0.16,-0.69,0.0,0.0,-0.92,42.45,51.5,51.8,42.45,51.5,-11.66,-27.18,-27.61,11.66,27.18,False,False,False,False,False,False,False,False,False,2026-10-08,金融保險,銀行、保險、證券與金融服務（公司級業務待核驗）
5880,5880.TW,TCFHC,合庫金,4251.3,,TWSE LISTED,金融保險,26.45,26.5,26.6,26.35,10132249,268.0,26.2,26.235,0.95,0.82,-0.38,2.12,1.73,27.6,27.6,27.6,27.6,27.6,-3.62,-3.62,-3.62,4.17,4.17,False,False,False,False,False,False,False,True,True,2026-10-08,金融保險,銀行、保險、證券與金融服務（公司級業務待核驗）
5902,5902.TWO,Tait,德記,32.13,,TPEx LISTED,居家生活,34.0,34.2,34.2,33.7,29088,0.99,34.08,34.18,-0.23,-0.53,-0.15,-0.29,-0.87,44.75,49.75,49.75,44.75,49.75,-23.58,-31.26,-31.26,24.02,31.66,False,False,False,False,False,False,False,False,False,2026-10-08,居家生活,居家用品、建材、家具與生活消費品（公司級產品待核驗）
5903,5903.TWO,FamilyMart,全家,414.07,,TPEx LISTED,居家生活,185.5,185.0,185.5,185.0,8106,1.5,185.8,186.05,-0.16,-0.3,0.0,-0.54,-0.27,197.0,211.5,280.0,197.0,211.5,-5.84,-12.29,-33.75,5.84,12.29,False,False,False,False,False,False,False,True,False,2026-10-08,居家生活,居家用品、建材、家具與生活消費品（公司級產品待核驗）
5904,5904.TWO,POYA*,寶雅*,739.78,,TPEx LISTED,居家生活,69.5,70.3,70.3,69.1,2148690,149.33,69.1,69.32,0.58,0.26,-0.86,1.02,0.58,92.3,92.3,92.3,92.3,92.3,-23.84,-23.84,-23.84,24.7,24.7,False,False,True,True,False,False,False,False,False,2026-10-08,居家生活,居家用品、建材、家具與生活消費品（公司級產品待核驗）
5905,5905.TWO,NRL,南仁湖,20.81,,TPEx LISTED,觀光餐旅,7.39,7.35,7.41,7.32,135480,1.0,7.336,7.332,0.74,0.79,0.14,1.37,-0.14,9.8,25.4,25.4,9.8,25.4,-24.39,-70.83,-70.83,24.59,70.91,False,False,True,True,False,False,False,False,False,2026-10-08,觀光餐旅,觀光餐旅（公司级产品待核验）
5906,5906.TW,TAINAN CAYMAN,台南-KY,14.26,,TWSE LISTED,貿易百貨,38.0,38.0,38.0,38.0,0,0.0,38.78,39.89,-2.01,-4.74,0.0,-2.44,-7.99,50.76,75.32,79.86,50.76,75.32,-25.14,-49.55,-52.42,25.14,49.55,False,False,False,False,False,False,False,False,False,2026-10-08,貿易百貨,貿易、零售、百貨與消費通路（公司級業務待核驗）
5907,5907.TW,GORG,大洋-KY,9.15,,TWSE LISTED,貿易百貨,4.68,4.69,4.7,4.68,85000,0.4,4.702,4.757,-0.47,-1.62,0.0,-1.47,-2.5,6.64,14.3,39.65,6.64,14.3,-29.22,-67.13,-88.15,29.52,67.27,False,False,False,False,False,False,False,False,False,2026-10-08,貿易百貨,貿易、零售、百貨與消費通路（公司級業務待核驗）
6005,6005.TW,CSC,群益證,786.92,,TWSE LISTED,金融保險,32.05,32.3,32.3,31.9,5764095,184.74,32.47,32.25,-1.29,-0.62,-1.54,-2.88,0.47,40.27,40.27,40.27,40.27,40.27,-19.8,-19.8,-19.8,20.42,20.42,False,False,False,False,False,False,False,False,False,2026-10-08,金融保險,銀行、保險、證券與金融服務（公司級業務待核驗）
6015,6015.TWO,HORIZON Sec.,宏遠證,73.26,,TPEx LISTED,金融保險,18.15,18.0,18.3,17.85,3030016,54.99,17.94,17.81,1.17,1.91,1.97,0.28,3.12,24.0,24.0,27.41,24.0,24.0,-23.75,-23.75,-33.23,24.38,24.38,False,False,False,False,False,False,False,False,False,2026-10-08,金融保險,銀行、保險、證券與金融服務（公司級業務待核驗）
6016,6016.TWO,concords,康和證,184.99,,TPEx LISTED,金融保險,23.95,24.2,24.2,23.75,6910670,165.51,24.02,23.9,-0.29,0.21,-0.21,-1.64,1.05,32.44,32.44,32.44,32.44,32.44,-25.41,-25.41,-25.41,26.18,26.18,False,False,False,False,False,False,False,False,False,2026-10-08,金融保險,銀行、保險、證券與金融服務（公司級業務待核驗）
6020,6020.TWO,TACHAN,大展證,51.73,,TPEx LISTED,金融保險,20.5,20.6,20.75,20.5,5001,0.1,20.57,20.585,-0.34,-0.41,-0.73,-0.49,-0.24,26.15,26.15,28.5,26.15,26.15,-20.65,-20.65,-27.19,21.61,21.61,False,False,False,False,False,False,False,False,False,2026-10-08,金融保險,銀行、保險、證券與金融服務（公司級業務待核驗）
6021,6021.TWO,GOOD FINANCE,美好證,134.94,,TPEx LISTED,金融保險,43.25,42.8,43.95,42.8,331461,14.34,42.63,42.18,1.45,2.54,1.17,1.17,3.72,45.85,45.85,45.85,45.85,45.85,-4.14,-4.14,-4.14,5.67,5.67,False,False,False,False,False,False,False,True,True,2026-10-08,金融保險,銀行、保險、證券與金融服務（公司級業務待核驗）
6023,6023.TWO,Yuanta Futures,元大期貨,376.75,,TPEx LISTED,金融保險,84.1,84.1,84.6,84.1,207423,17.44,84.42,85.19,-0.38,-1.28,-0.47,-0.24,-0.83,94.78,94.78,94.78,94.78,94.78,-10.74,-10.74,-10.74,11.27,11.27,False,False,False,False,False,False,False,False,False,2026-10-08,金融保險,銀行、保險、證券與金融服務（公司級業務待核驗）
6024,6024.TW,CFC,群益期,156.54,,TWSE LISTED,金融保險,58.7,59.4,59.6,58.6,519988,30.52,59.42,59.93,-1.21,-2.05,-1.18,-1.68,-2.0,63.8,63.8,63.8,63.8,63.8,-6.58,-6.58,-6.58,7.99,7.99,False,False,False,False,False,False,False,True,True,2026-10-08,金融保險,銀行、保險、證券與金融服務（公司級業務待核驗）
6026,6026.TWO,GFS,福邦證,62.59,,TPEx LISTED,金融保險,15.8,15.85,15.9,15.75,444032,7.02,15.89,15.91,-0.57,-0.69,-0.32,-1.25,-0.32,19.55,19.55,19.91,19.55,19.55,-18.67,-18.67,-20.14,19.18,19.18,False,False,False,False,False,False,False,False,False,2026-10-08,金融保險,銀行、保險、證券與金融服務（公司級業務待核驗）
6028,6028.TWO,GIBC,公勝保經,28.38,,TPEx LISTED,金融保險,113.5,109.0,114.0,106.5,59999,6.81,105.32,102.2,7.77,11.06,1.34,14.3,14.42,124.5,150.45,150.45,124.5,150.45,-8.43,-24.23,-24.23,8.84,24.56,True,False,False,False,False,False,False,True,False,2026-10-08,金融保險,銀行、保險、證券與金融服務（公司級業務待核驗）
6101,6101.TWO,KIC,寬魚國際,44.54,,TPEx LISTED,文化創意業,38.2,38.8,39.05,38.05,169000,6.46,37.94,37.845,0.69,0.94,-1.42,2.28,1.19,50.6,51.6,96.8,50.6,51.6,-22.83,-24.32,-59.66,24.51,25.97,False,False,False,False,False,False,False,False,False,2026-10-08,文化創意業,文化創意業（公司级产品待核验）
6103,6103.TWO,AVID,合邦,5.14,,TPEx LISTED,半導體業,37.8,39.9,39.9,37.1,84000,3.18,37.37,38.195,1.15,-1.03,-5.26,5.29,2.44,54.6,55.7,115.69,54.6,55.7,-26.92,-28.37,-65.51,30.77,32.14,False,False,True,False,False,False,False,False,False,2026-10-08,半導體業,半導體／IC設計或製造（細分環節待核驗）
6104,6104.TWO,GLI,創惟,79.56,,TPEx LISTED,半導體業,87.3,87.6,88.2,87.2,427017,37.28,89.12,90.01,-2.04,-3.01,-0.23,-3.75,-4.8,111.0,189.5,333.5,111.0,189.5,-20.54,-53.46,-73.55,21.35,53.93,False,False,False,False,False,False,False,False,False,2026-10-08,半導體業,半導體／IC設計或製造（細分環節待核驗）
6108,6108.TW,APCB INC.,競國,27.69,,TWSE LISTED,電子零組件業,25.6,25.75,25.8,24.95,1466001,37.53,25.66,25.115,-0.23,1.93,-1.35,-0.19,2.4,26.6,26.6,33.8,26.6,26.6,-3.01,-3.01,-23.67,3.76,3.76,False,False,False,False,False,False,False,True,True,2026-10-08,電子零組件業,PCB印刷電路板
6109,6109.TWO,AtechOEM,亞元,9.22,,TPEx LISTED,通信網路業,10.5,10.4,10.5,10.3,44031,0.46,10.37,10.415,1.25,0.82,1.94,0.96,0.48,15.4,17.75,20.6,15.4,17.75,-31.82,-40.85,-49.03,31.82,40.85,False,False,False,True,False,False,False,False,False,2026-10-08,通信網路業,通信網路／網通設備
6111,6111.TWO,SFG,光聚晶電,38.52,,TPEx LISTED,文化創意業,35.5,35.8,35.95,35.5,81986,2.91,36.6,37.09,-3.01,-4.29,-0.98,-4.05,-6.82,51.3,86.2,127.76,51.3,86.2,-29.92,-58.29,-71.86,30.8,58.82,False,False,False,False,False,False,False,False,False,2026-10-08,文化創意業,文化創意業（公司级产品待核验）
6112,6112.TW,Metaage,邁達特,84.85,,TWSE LISTED,資訊服務業,45.05,44.55,45.1,44.55,328000,14.78,45.4,46.6,-0.77,-3.33,0.67,0.33,-5.56,53.1,77.7,82.6,53.1,77.7,-15.07,-41.96,-45.4,15.16,42.02,False,False,False,False,False,False,False,False,False,2026-10-08,資訊服務業,資訊服務、軟體、雲端與系統整合（公司級產品待核驗）
6113,6113.TWO,ASEC,亞矽,12.45,,TPEx LISTED,電子通路業,23.7,24.55,25.6,23.7,503110,11.92,23.96,23.4,-1.09,1.28,0.21,-2.07,-4.82,31.3,45.24,45.24,31.3,45.24,-18.21,-43.41,-43.41,24.28,47.61,False,False,False,False,False,False,False,False,False,2026-10-08,電子通路業,電子通路、半導體代理與零組件分銷（公司級代理品類待核驗）
6114,6114.TWO,JUIC,久威,9.92,,TPEx LISTED,電子零組件業,22.6,22.5,22.85,22.5,15000,0.34,22.96,23.155,-1.57,-2.4,-0.44,-3.0,-3.62,34.5,55.3,78.64,34.5,55.3,-33.77,-58.68,-70.94,34.49,59.13,False,False,False,False,False,False,False,False,False,2026-10-08,電子零組件業,電子零組件：PCB、CCL、IC載板、連接器與被動元件（公司級品類待核驗）
6115,6115.TW,I-SHENG,鎰勝,82.48,,TWSE LISTED,電子零組件業,43.95,43.9,44.25,43.75,50000,2.2,43.94,43.995,0.02,-0.1,0.11,-0.34,-0.23,50.1,59.5,59.5,50.1,59.5,-11.68,-25.63,-25.63,12.28,26.13,False,False,False,False,False,False,False,False,False,2026-10-08,電子零組件業,電子零組件：PCB、CCL、IC載板、連接器與被動元件（公司級品類待核驗）
6116,6116.TW,Hannstar,彩晶,431.66,,TWSE LISTED,光電業,15.1,15.25,15.45,15.1,18776072,283.52,15.6,15.48,-3.21,-2.45,-2.58,-5.03,-3.51,22.7,22.7,30.7,22.7,22.7,-31.94,-31.94,-49.67,33.48,33.48,False,False,False,False,False,False,False,False,False,2026-10-08,光電業,光電顯示／光學元件
6117,6117.TW,IN WIN,迎廣,61.39,,TWSE LISTED,電腦及週邊設備業,66.3,67.0,67.0,65.6,515000,34.14,65.54,63.74,1.16,4.02,-2.5,6.08,6.42,95.9,163.5,163.5,95.9,163.5,-30.14,-59.02,-59.02,30.87,59.45,False,False,False,False,False,False,False,False,False,2026-10-08,電腦及週邊設備業,電腦、伺服器與企業硬體
6118,6118.TWO,Xander,建達,14.63,,TPEx LISTED,電子通路業,16.1,16.15,16.25,15.85,129000,2.08,16.11,16.165,-0.06,-0.4,-0.31,0.31,-1.23,20.3,30.4,51.5,20.3,30.4,-19.95,-46.55,-68.45,20.69,47.04,False,False,False,False,False,False,False,False,False,2026-10-08,電子通路業,電子通路、半導體代理與零組件分銷（公司級代理品類待核驗）
6120,6120.TW,DARWIN,達運,82.06,,TWSE LISTED,光電業,13.7,13.75,14.0,13.7,2304591,31.57,14.29,13.915,-4.13,-1.55,-2.14,-4.53,-7.12,16.5,21.78,51.33,16.5,21.78,-15.15,-35.71,-72.73,16.97,37.09,False,False,False,False,False,False,False,False,False,2026-10-08,光電業,光電顯示／光學元件
6121,6121.TWO,SMP,新普,673.29,,TPEx LISTED,電腦及週邊設備業,364.0,372.5,372.5,363.0,517300,188.3,374.3,376.0,-2.75,-3.19,-1.62,-4.71,-4.08,487.5,551.0,551.0,487.5,551.0,-23.59,-32.4,-32.4,25.33,33.94,False,False,False,False,False,False,False,False,False,2026-10-08,電腦及週邊設備業,電腦、伺服器與企業硬體
6122,6122.TWO,KPEC,擎邦,49.2,,TPEx LISTED,電機機械,63.0,60.0,63.4,59.5,1484518,93.52,61.14,60.16,3.04,4.72,5.18,1.94,1.12,64.2,73.62,73.62,64.2,73.62,-1.25,-13.88,-13.88,1.87,14.42,False,False,False,True,False,False,False,True,False,2026-10-08,電機機械,電機機械、工業自動化與設備（公司級產品待核驗）
6123,6123.TWO,GrandTech,上奇,26.39,,TPEx LISTED,資訊服務業,42.5,43.1,43.1,42.5,18040,0.77,42.73,42.87,-0.54,-0.86,-0.35,-0.7,-1.05,48.45,79.6,79.6,48.45,79.6,-11.04,-45.85,-45.85,12.28,46.61,False,False,False,False,False,False,False,False,False,2026-10-08,資訊服務業,資訊服務、軟體、雲端與系統整合（公司級產品待核驗）
6124,6124.TWO,YCTC,業強,50.09,,TPEx LISTED,電子零組件業,27.45,26.95,27.45,26.8,10140,0.28,27.19,27.215,0.96,0.86,0.92,0.92,0.92,41.6,48.0,53.9,41.6,48.0,-34.01,-42.81,-49.07,34.01,42.81,False,False,True,True,False,False,False,False,False,2026-10-08,電子零組件業,電子零組件：PCB、CCL、IC載板、連接器與被動元件（公司級品類待核驗）
6125,6125.TWO,KENMEC,廣運,132.61,,TPEx LISTED,電機機械,51.2,50.1,52.1,49.85,969683,49.65,50.46,49.85,1.47,2.71,2.2,1.79,2.71,78.6,140.0,140.0,78.6,140.0,-33.72,-62.79,-62.79,34.86,63.43,False,False,False,True,False,False,False,False,False,2026-10-08,電機機械,電機機械、工業自動化與設備（公司級產品待核驗）
6126,6126.TWO,SINGATRON,信音,41.49,,TPEx LISTED,電子零組件業,31.9,32.5,32.5,31.8,557293,17.78,32.32,31.55,-1.3,1.11,-1.54,-4.49,3.57,44.5,44.5,44.5,44.5,44.5,-26.97,-26.97,-26.97,28.31,28.31,False,False,False,False,False,False,False,False,False,2026-10-08,電子零組件業,電子零組件：PCB、CCL、IC載板、連接器與被動元件（公司級品類待核驗）
6127,6127.TWO,LEATEC,九豪,69.28,,TPEx LISTED,電子零組件業,64.1,58.5,64.1,58.5,25262711,1619.34,59.08,55.065,8.5,16.41,9.95,10.9,12.85,102.0,102.0,102.0,102.0,102.0,-37.16,-37.16,-37.16,37.16,37.16,False,False,False,False,False,False,False,False,False,2026-10-08,電子零組件業,電子零組件：PCB、CCL、IC載板、連接器與被動元件（公司級品類待核驗）
6128,6128.TW,GPI,上福,24.43,,TWSE LISTED,電腦及週邊設備業,19.15,19.2,19.2,19.1,28000,0.54,19.18,19.18,-0.16,-0.16,-0.26,0.79,-0.52,27.15,43.65,49.0,27.15,43.65,-29.28,-56.01,-60.82,29.47,56.13,False,False,False,False,False,False,False,False,False,2026-10-08,電腦及週邊設備業,電腦、伺服器與企業硬體
6129,6129.TWO,PTC,普誠,22.88,,TPEx LISTED,半導體業,14.25,14.45,14.45,14.2,155694,2.22,14.322,14.472,-0.51,-1.53,-0.35,-0.5,-1.51,23.72,37.47,64.23,23.72,37.47,-39.08,-61.43,-77.5,39.92,61.97,False,False,False,False,False,False,False,False,False,2026-10-08,半導體業,半導體／IC設計或製造（細分環節待核驗）
6130,6130.TWO,SHANGYA,上亞科技,11.34,,TPEx LISTED,生技醫療業,23.0,22.5,23.0,22.05,88000,2.02,22.95,23.295,0.22,-1.27,0.66,2.0,-2.34,45.75,48.3,72.82,45.75,48.3,-49.73,-52.38,-68.41,49.73,52.38,True,False,False,False,False,False,False,False,False,2026-10-08,生技醫療業,生技、製藥、醫療器材與健康服務（公司級產品待核驗）
6133,6133.TW,GBE,金橋,31.65,,TWSE LISTED,電子零組件業,27.05,27.15,27.65,26.8,1668681,45.14,28.07,27.975,-3.63,-3.31,0.37,-7.52,-7.68,31.0,31.0,32.35,31.0,31.0,-10.81,-10.81,-14.53,12.74,12.74,False,False,False,False,False,False,False,False,False,2026-10-08,電子零組件業,電子零組件：PCB、CCL、IC載板、連接器與被動元件（公司級品類待核驗）
6134,6134.TWO,WanShih,萬旭,22.93,,TPEx LISTED,電子零組件業,28.0,28.35,28.45,28.0,199039,5.57,28.53,28.81,-1.86,-2.81,-1.23,-3.78,-3.28,41.8,44.75,44.75,41.8,44.75,-31.94,-36.42,-36.42,33.01,37.43,False,False,False,False,False,False,False,False,False,2026-10-08,電子零組件業,電子零組件：PCB、CCL、IC載板、連接器與被動元件（公司級品類待核驗）
6136,6136.TW,FTC,富爾特,30.73,,TWSE LISTED,通信網路業,26.6,25.3,26.65,25.3,909217,24.19,25.48,25.24,4.4,5.39,5.35,5.56,5.35,29.5,29.5,29.5,29.5,29.5,-9.66,-9.66,-9.66,9.83,9.83,False,False,True,False,False,False,False,True,True,2026-10-08,通信網路業,通信網路／網通設備
6138,6138.TWO,ANPEC,茂達,201.94,,TPEx LISTED,半導體業,267.0,268.0,271.0,266.5,504341,134.66,278.4,278.35,-4.09,-4.08,-1.29,-7.13,-5.82,441.0,441.0,441.0,441.0,441.0,-38.55,-38.55,-38.55,39.46,39.46,False,False,False,False,False,False,False,False,False,2026-10-08,半導體業,半導體／IC設計或製造（細分環節待核驗）
6139,6139.TW,L & K,亞翔,1832.78,,TWSE LISTED,其他電子業,778.0,787.0,787.0,770.0,1595063,1240.96,785.0,766.1,-0.89,1.55,-1.14,-1.52,2.5,987.0,987.0,987.0,987.0,987.0,-20.26,-20.26,-20.26,21.18,21.18,False,False,False,False,False,False,False,False,False,2026-10-08,其他電子業,其他電子：電子模組、感測器、電源與車用電子（公司級產品待核驗）
6140,6140.TWO,DIMENSION,訊達電腦,11.06,,TPEx LISTED,資訊服務業,20.15,20.05,20.15,20.0,197100,3.97,20.33,20.51,-0.89,-1.76,0.5,2.28,0.5,26.9,47.18,47.18,26.9,47.18,-25.09,-57.29,-57.29,25.09,57.29,False,False,False,False,False,False,False,False,False,2026-10-08,資訊服務業,電腦、伺服器與企業硬體
6141,6141.TW,PLOTECH,柏承,58.15,,TWSE LISTED,電子零組件業,51.3,53.6,53.6,51.0,1609333,82.56,51.62,51.86,-0.62,-1.08,-3.93,0.2,-1.72,59.9,59.9,59.9,59.9,59.9,-10.52,-10.52,-10.52,14.36,14.36,False,False,False,False,False,False,False,False,False,2026-10-08,電子零組件業,電子零組件：PCB、CCL、IC載板、連接器與被動元件（公司級品類待核驗）
6142,6142.TW,CAMEO,友勁,27.47,,TWSE LISTED,通信網路業,9.03,9.2,9.3,8.98,652225,5.89,9.084,9.124,-0.59,-1.03,-0.77,-0.33,-1.53,12.05,13.95,19.85,12.05,13.95,-22.82,-33.33,-53.15,25.06,35.27,False,False,False,False,False,False,False,False,False,2026-10-08,通信網路業,通信網路／網通設備
6143,6143.TWO,"NETRONIX,INC.",振曜,66.27,,TPEx LISTED,通信網路業,77.0,78.0,78.1,77.0,484161,37.28,79.08,80.07,-2.63,-3.83,-1.66,-3.87,-4.47,122.5,159.5,159.5,122.5,159.5,-36.24,-51.03,-51.03,37.14,51.72,False,False,False,False,False,False,False,False,False,2026-10-08,通信網路業,通信網路／網通設備
6144,6144.TWO,DMT,得利影,5.09,,TPEx LISTED,文化創意業,13.3,13.35,13.35,12.95,7100,0.09,13.37,12.99,-0.52,2.39,0.38,1.92,3.91,22.3,125.0,125.0,22.3,125.0,-40.13,-89.32,-89.32,40.36,89.36,True,False,False,False,False,False,False,False,False,2026-10-08,文化創意業,文化創意業（公司级产品待核验）
6146,6146.TWO,SPORTON,耕興,195.08,,TPEx LISTED,其他電子業,191.5,182.0,197.5,182.0,1383060,264.86,183.9,182.45,4.13,4.96,5.51,5.8,5.51,239.5,295.0,295.0,239.5,295.0,-17.54,-33.05,-33.05,20.04,35.08,False,False,False,True,False,False,False,False,False,2026-10-08,其他電子業,其他電子：電子模組、感測器、電源與車用電子（公司級產品待核驗）
6147,6147.TWO,CHIPBOND,頎邦,1682.75,,TPEx LISTED,半導體業,226.0,230.0,236.5,222.0,47942602,10835.03,222.6,218.45,1.53,3.46,-2.38,4.63,0.22,313.5,313.5,313.5,313.5,313.5,-24.56,-24.56,-24.56,27.91,27.91,False,False,True,False,False,False,False,False,False,2026-10-08,半導體業,半導體／IC設計或製造（細分環節待核驗）
6148,6148.TWO,AZION,驊宏資,17.31,,TPEx LISTED,資訊服務業,37.15,37.1,37.65,36.65,747036,27.75,37.27,37.755,-0.32,-1.6,0.13,2.34,-2.37,42.1,80.0,80.0,42.1,80.0,-10.57,-52.94,-52.94,11.76,53.56,False,False,False,False,False,False,False,False,False,2026-10-08,資訊服務業,資訊服務、軟體、雲端與系統整合（公司級產品待核驗）
6150,6150.TWO,Tul,撼訊,30.94,,TPEx LISTED,電腦及週邊設備業,64.0,64.8,65.0,62.5,377702,24.17,65.86,64.66,-2.82,-1.02,-1.54,-3.47,-8.44,83.6,104.0,381.82,83.6,104.0,-22.25,-37.5,-82.98,23.44,38.46,False,False,False,False,False,False,False,False,False,2026-10-08,電腦及週邊設備業,電腦、伺服器與企業硬體
6151,6151.TWO,GINAR,晉倫,19.42,,TPEx LISTED,其他電子業,35.15,35.65,35.7,35.1,77000,2.71,35.19,35.01,-0.11,0.4,-1.4,0.14,1.44,51.0,64.9,64.9,51.0,64.9,-30.0,-44.99,-44.99,31.08,45.84,False,False,False,False,False,False,False,False,False,2026-10-08,其他電子業,其他電子：電子模組、感測器、電源與車用電子（公司級產品待核驗）
6152,6152.TW,PRIME,百一,35.23,,TWSE LISTED,通信網路業,21.0,20.1,21.25,19.3,14644316,307.53,18.54,16.86,13.27,24.56,6.06,21.74,35.92,22.2,22.2,22.2,22.2,22.2,-4.28,-4.28,-4.28,5.41,5.41,True,True,False,False,False,False,False,True,True,2026-10-08,通信網路業,通信網路／網通設備
6153,6153.TW,Career Tech.,嘉聯益,110.06,,TWSE LISTED,電子零組件業,17.3,17.8,18.05,17.3,3321090,57.45,17.82,17.7,-2.92,-2.26,-3.89,-3.08,-2.81,25.8,26.2,71.84,25.8,26.2,-30.04,-31.11,-74.87,32.95,33.97,False,False,False,False,False,False,False,False,False,2026-10-08,電子零組件業,電子零組件：PCB、CCL、IC載板、連接器與被動元件（公司級品類待核驗）
6154,6154.TWO,Sunfar,順發,11.41,,TPEx LISTED,電子通路業,14.25,14.25,14.25,14.15,23000,0.33,14.2,14.195,0.35,0.39,0.0,0.35,0.35,14.7,17.45,23.75,14.7,17.45,-3.06,-18.34,-40.0,3.06,18.34,False,False,True,True,False,False,False,True,False,2026-10-08,電子通路業,電子通路、半導體代理與零組件分銷（公司級代理品類待核驗）
6155,6155.TW,KC,鈞寶,62.41,,TWSE LISTED,電子零組件業,70.9,70.8,74.7,69.4,5624747,398.79,70.68,66.67,0.31,6.34,-0.84,-0.14,1.87,103.0,103.0,103.0,103.0,103.0,-27.48,-27.48,-27.48,31.17,31.17,False,False,True,False,False,False,False,False,False,2026-10-08,電子零組件業,電子零組件：PCB、CCL、IC載板、連接器與被動元件（公司級品類待核驗）
6156,6156.TWO,SONG SHANG,松上,25.67,,TPEx LISTED,電子零組件業,23.8,23.6,23.95,23.45,808061,19.23,23.14,22.275,2.85,6.85,1.71,6.97,9.43,34.5,40.6,40.6,34.5,40.6,-30.58,-41.01,-41.01,31.01,41.38,False,False,False,False,False,False,False,False,False,2026-10-08,電子零組件業,電子零組件：PCB、CCL、IC載板、連接器與被動元件（公司級品類待核驗）
6158,6158.TWO,P-TWO,禾昌,9.85,,TPEx LISTED,電子零組件業,17.9,17.8,17.9,17.7,38104,0.68,17.75,17.505,0.85,2.26,0.28,0.56,3.77,22.35,41.5,101.2,22.35,41.5,-19.91,-56.87,-82.31,19.91,56.87,False,False,False,False,False,False,False,False,False,2026-10-08,電子零組件業,電子零組件：PCB、CCL、IC載板、連接器與被動元件（公司級品類待核驗）
6160,6160.TWO,Cipherlab,欣技,9.55,,TPEx LISTED,電腦及週邊設備業,13.95,13.85,14.1,13.8,35005,0.49,13.93,13.935,0.14,0.11,0.72,0.0,0.36,19.25,34.95,41.6,19.25,34.95,-26.75,-59.66,-66.11,27.53,60.09,False,False,False,True,False,False,False,False,False,2026-10-08,電腦及週邊設備業,電腦、伺服器與企業硬體
6161,6161.TWO,JETWAY,捷波,27.56,,TPEx LISTED,電腦及週邊設備業,49.0,48.95,49.0,48.75,27000,1.32,49.16,49.565,-0.33,-1.14,0.0,-0.31,-2.58,65.0,98.13,98.13,65.0,98.13,-24.62,-50.07,-50.07,24.62,50.07,False,False,False,False,False,False,False,False,False,2026-10-08,電腦及週邊設備業,電腦、伺服器與企業硬體
6163,6163.TWO,HWACOM,華電網,65.27,,TPEx LISTED,資訊服務業,43.85,43.05,45.1,41.75,1813278,79.51,42.65,42.035,2.81,4.32,2.33,1.04,5.92,76.6,76.6,76.6,76.6,76.6,-41.12,-41.12,-41.12,42.75,42.75,False,False,False,True,False,False,False,False,False,2026-10-08,資訊服務業,資訊服務、軟體、雲端與系統整合（公司級產品待核驗）
6164,6164.TW,LEDTECH,華興,10.4,,TWSE LISTED,光電業,13.0,13.3,13.3,13.0,383361,4.98,13.22,12.805,-1.66,1.52,-2.62,-6.14,3.59,17.4,22.94,26.12,17.4,22.94,-23.56,-42.02,-49.09,25.29,43.32,False,False,False,False,False,False,False,False,False,2026-10-08,光電業,光電顯示／光學元件
6165,6165.TW,Lang,浪凡,37.24,,TWSE LISTED,數位雲端,47.9,47.75,48.1,47.6,171000,8.19,48.27,48.725,-0.77,-1.69,0.31,-1.44,-3.43,55.0,64.2,91.2,55.0,64.2,-12.55,-25.08,-47.26,12.91,25.39,False,False,False,False,False,False,False,False,False,2026-10-08,數位雲端,數位雲端、軟體服務與電子商務（公司級產品待核驗）
6166,6166.TW,ADLINK,凌華,272.22,,TWSE LISTED,電腦及週邊設備業,125.0,129.5,129.5,125.0,1539560,192.44,129.1,130.2,-3.18,-3.99,-4.58,-3.47,-3.85,174.0,174.0,174.0,174.0,174.0,-25.57,-25.57,-25.57,28.16,28.16,False,False,False,False,False,False,False,False,False,2026-10-08,電腦及週邊設備業,電腦、伺服器與企業硬體
6167,6167.TWO,POWERTIP,久正,15.04,,TPEx LISTED,光電業,10.51,10.51,10.51,10.51,0,0.0,10.48,10.49,0.29,0.19,0.0,0.49,0.49,17.86,21.42,23.07,17.86,21.42,-41.14,-50.94,-54.43,41.14,50.94,False,False,False,False,False,False,False,False,False,2026-10-08,光電業,光電顯示／光學元件
6168,6168.TW,HARVATEK CORPOR,宏齊,83.02,,TWSE LISTED,光電業,40.35,40.9,42.4,39.9,10998586,443.79,43.74,44.135,-7.75,-8.58,-2.65,-14.33,-14.15,50.6,50.6,50.6,50.6,50.6,-16.21,-16.21,-16.21,20.26,20.26,False,False,False,False,False,False,False,False,False,2026-10-08,光電業,光電顯示／光學元件
6169,6169.TWO,InterServ,昱泉,2.81,,TPEx LISTED,文化創意業,12.0,11.8,12.0,11.7,19001,0.23,12.0,12.0,0.0,-0.0,0.0,0.0,1.27,19.9,30.5,106.05,19.9,30.5,-39.7,-60.66,-88.68,39.7,60.66,False,False,False,False,False,False,False,False,False,2026-10-08,文化創意業,文化創意業（公司级产品待核验）
6170,6170.TWO,WELLDONE,統振,48.24,,TPEx LISTED,通信網路業,49.6,48.9,49.6,48.75,186634,9.26,49.1,48.835,1.02,1.57,0.92,1.95,0.92,53.8,62.8,65.5,53.8,62.8,-7.81,-21.02,-24.27,7.81,21.02,True,False,True,True,False,False,False,True,False,2026-10-08,通信網路業,通信網路／網通設備
6171,6171.TWO,Tacheng,大城地產,24.1,,TPEx LISTED,建材營造,24.1,24.3,24.7,23.9,71000,1.71,24.14,25.425,-0.17,-5.21,0.42,0.42,-11.88,28.95,59.6,59.6,28.95,59.6,-14.68,-58.56,-58.56,16.75,59.56,False,False,False,False,False,False,False,False,False,2026-10-08,建材營造,建材、營造與不動產開發（公司級業務待核驗）
6173,6173.TWO,P.D.C.,信昌電,486.21,,TPEx LISTED,電子零組件業,302.128,302.128,302.128,302.128,0,0.0,307.872,313.245,-1.87,-3.55,0.0,-2.74,-6.12,385.64,385.64,385.64,385.64,385.64,-21.66,-21.66,-21.66,21.66,21.66,False,False,False,False,False,False,False,False,False,2026-10-08,電子零組件業,電子零組件：PCB、CCL、IC載板、連接器與被動元件（公司級品類待核驗）
6174,6174.TWO,AKER,安碁,32.0,,TPEx LISTED,電子零組件業,64.0,58.2,64.0,58.0,10212745,653.62,58.44,52.225,9.51,22.55,9.97,5.79,28.0,67.0,67.0,67.0,67.0,67.0,-4.48,-4.48,-4.48,4.48,4.48,False,False,False,False,False,False,False,True,True,2026-10-08,電子零組件業,電子零組件：PCB、CCL、IC載板、連接器與被動元件（公司級品類待核驗）
6175,6175.TWO,LITON,立敦,116.94,,TPEx LISTED,電子零組件業,77.9,75.6,78.4,75.1,1979500,154.2,76.56,73.79,1.75,5.57,1.17,3.59,2.1,123.0,123.0,123.0,123.0,123.0,-36.26,-36.26,-36.26,36.67,36.67,True,False,False,False,False,False,False,False,False,2026-10-08,電子零組件業,電子零組件：PCB、CCL、IC載板、連接器與被動元件（公司級品類待核驗）
6176,6176.TW,ROEC,瑞儀,317.73,,TWSE LISTED,光電業,91.1,90.6,91.7,90.6,801568,73.02,91.66,91.57,-0.61,-0.51,0.0,-1.3,-0.33,182.67,299.33,299.33,182.67,299.33,-49.8,-69.37,-69.37,50.13,69.57,False,False,False,False,False,False,False,False,False,2026-10-08,光電業,光電顯示／光學元件
6177,6177.TW,"DA-LI CO.,LTD.",達麗,217.05,,TWSE LISTED,建材營造,45.95,45.4,46.0,45.4,426500,19.6,45.66,46.035,0.64,-0.18,0.11,1.43,-1.5,56.6,69.82,69.82,56.6,69.82,-18.73,-34.12,-34.12,18.82,34.19,False,False,True,False,False,False,False,False,False,2026-10-08,建材營造,建材、營造與不動產開發（公司級業務待核驗）
6179,6179.TWO,ATE ENERGY,亞通,67.03,,TPEx LISTED,其他,37.8,37.35,39.4,37.3,9510655,359.5,37.07,36.675,1.97,3.07,0.13,5.73,5.15,41.9,41.9,54.86,41.9,41.9,-5.97,-5.97,-28.18,9.79,9.79,True,False,False,False,False,False,False,True,True,2026-10-08,其他,其他（公司级产品待核验）
6180,6180.TWO,GAMANIA,橘子,68.71,,TPEx LISTED,文化創意業,39.15,39.5,39.6,38.7,836000,32.73,40.51,40.795,-3.36,-4.03,-1.26,-5.32,-6.0,54.4,90.8,119.5,54.4,90.8,-27.21,-56.39,-66.86,28.03,56.88,False,False,False,False,False,False,False,False,False,2026-10-08,文化創意業,文化創意業（公司级产品待核验）
6182,6182.TWO,WAFER WORKS,合晶,806.64,,TPEx LISTED,半導體業,129.0,132.0,133.0,125.5,60112999,7754.58,131.7,127.85,-2.05,0.9,-4.44,-1.9,-0.77,194.5,194.5,194.5,194.5,194.5,-31.62,-31.62,-31.62,33.68,33.68,False,False,False,False,False,False,False,False,False,2026-10-08,半導體業,半導體／IC設計或製造（細分環節待核驗）
6183,6183.TW,TRADE-VAN,關貿,137.1,,TWSE LISTED,資訊服務業,91.4,91.4,91.5,90.9,21003,1.92,91.52,91.47,-0.13,-0.08,0.0,0.0,-0.98,100.0,112.0,112.0,100.0,112.0,-8.5,-18.3,-18.3,8.6,18.39,False,False,False,False,False,False,False,True,False,2026-10-08,資訊服務業,資訊服務、軟體、雲端與系統整合（公司級產品待核驗）
6184,6184.TW,Dafeng TV Ltd.,大豐電,63.29,,TWSE LISTED,其他,40.0,40.0,40.0,39.9,32000,1.28,40.03,40.165,-0.07,-0.41,0.0,-0.25,-0.99,49.35,61.7,61.7,49.35,61.7,-18.95,-35.17,-35.17,18.95,35.17,False,False,False,False,False,False,False,False,False,2026-10-08,其他,其他（公司级产品待核验）
6185,6185.TWO,PLASTRON,幃翔,18.43,,TPEx LISTED,電子零組件業,12.3,12.5,12.5,12.3,383001,4.71,12.45,12.475,-1.2,-1.4,-1.99,-1.2,-2.38,15.65,19.3,28.6,15.65,19.3,-20.13,-35.23,-56.29,21.41,36.27,False,False,False,False,False,False,False,False,False,2026-10-08,電子零組件業,電子零組件：PCB、CCL、IC載板、連接器與被動元件（公司級品類待核驗）
6186,6186.TWO,Shin Ruenn,新潤,56.33,,TPEx LISTED,建材營造,28.9,28.95,28.95,28.75,147000,4.25,28.84,28.965,0.21,-0.22,-0.17,0.87,-0.69,55.7,96.96,96.96,55.7,96.96,-48.03,-70.14,-70.14,48.11,70.19,False,False,True,False,False,False,False,False,False,2026-10-08,建材營造,建材、營造與不動產開發（公司級業務待核驗）
6187,6187.TWO,ALL RING,萬潤,1498.51,,TPEx LISTED,半導體業,1525.0,1500.0,1595.0,1490.0,2890449,4407.93,1488.0,1373.5,2.49,11.03,-0.65,2.35,19.61,1590.0,1590.0,1590.0,1595.0,1595.0,0.31,0.31,0.31,4.39,4.39,False,False,False,False,True,True,True,True,True,2026-10-08,半導體業,半導體／IC設計或製造（細分環節待核驗）
6188,6188.TWO,QSI,廣明,173.97,,TPEx LISTED,電腦及週邊設備業,62.5,62.8,63.1,62.3,667050,41.69,62.16,62.03,0.55,0.76,0.0,1.46,0.64,122.5,135.0,135.0,122.5,135.0,-48.49,-53.26,-53.26,48.98,53.7,False,False,False,False,False,False,False,False,False,2026-10-08,電腦及週邊設備業,電腦、伺服器與企業硬體
6189,6189.TW,Promate,豐藝,130.07,,TWSE LISTED,電子通路業,49.3,49.4,49.45,49.1,138199,6.81,49.53,49.675,-0.46,-0.75,-0.2,-0.2,-1.79,60.5,94.58,94.58,60.5,94.58,-18.26,-47.72,-47.72,18.51,47.88,False,False,False,False,False,False,False,False,False,2026-10-08,電子通路業,電子通路、半導體代理與零組件分銷（公司級代理品類待核驗）
6190,6190.TWO,WONDERFUL,萬泰科,142.69,,TPEx LISTED,通信網路業,76.5,75.9,77.7,75.2,2840068,217.27,75.46,72.49,1.38,5.53,0.13,-1.16,7.44,99.6,99.6,99.6,99.6,99.6,-21.99,-21.99,-21.99,23.19,23.19,False,False,False,False,False,False,False,False,False,2026-10-08,通信網路業,通信網路／網通設備
6191,6191.TW,GBM,精成科,438.89,,TWSE LISTED,電子零組件業,87.9,87.5,88.4,86.7,1839492,161.69,86.56,84.93,1.55,3.5,0.46,2.33,4.27,121.5,149.5,149.5,121.5,149.5,-27.24,-40.87,-40.87,27.65,41.2,True,True,False,False,False,False,False,False,False,2026-10-08,電子零組件業,電子零組件：PCB、CCL、IC載板、連接器與被動元件（公司級品類待核驗）
6192,6192.TW,LUMAX,巨路,107.21,,TWSE LISTED,其他電子業,111.5,111.5,112.5,111.0,62594,6.98,110.7,110.4,0.72,1.0,0.0,0.9,1.36,136.0,136.0,136.0,136.0,136.0,-17.28,-17.28,-17.28,18.01,18.01,False,False,False,False,False,False,False,False,False,2026-10-08,其他電子業,其他電子：電子模組、感測器、電源與車用電子（公司級產品待核驗）
6194,6194.TWO,YUFO,育富,15.48,,TPEx LISTED,電子零組件業,32.25,31.75,32.45,31.75,88098,2.84,31.13,30.63,3.6,5.29,1.26,7.32,7.14,36.25,52.1,52.1,36.25,52.1,-10.48,-37.72,-37.72,11.03,38.1,True,False,False,False,False,False,False,False,False,2026-10-08,電子零組件業,電子零組件：PCB、CCL、IC載板、連接器與被動元件（公司級品類待核驗）
6195,6195.TWO,SCAN-D,詩肯,14.08,,TPEx LISTED,居家生活,28.05,27.8,28.1,27.8,6274,0.18,28.08,28.125,-0.11,-0.27,0.0,-0.18,-0.53,29.25,43.2,64.1,29.25,43.2,-3.93,-34.95,-56.16,4.1,35.07,False,False,False,False,False,False,False,True,False,2026-10-08,居家生活,居家用品、建材、家具與生活消費品（公司級產品待核驗）
6196,6196.TW,MIC,帆宣,1485.02,,TWSE LISTED,其他電子業,674.0,670.0,676.0,648.0,1094429,737.65,660.8,614.9,2.0,9.61,0.6,-0.74,11.96,684.0,684.0,684.0,684.0,684.0,-1.17,-1.17,-1.17,1.46,1.46,False,False,False,False,False,False,False,True,True,2026-10-08,其他電子業,其他電子：電子模組、感測器、電源與車用電子（公司級產品待核驗）
6197,6197.TW,JPC,佳必琪,470.92,,TWSE LISTED,電子零組件業,381.5,371.0,387.0,368.0,4655365,1776.02,360.4,341.35,5.85,11.76,2.83,10.58,15.61,405.0,405.0,405.0,405.0,405.0,-4.44,-4.44,-4.44,5.8,5.8,True,True,False,False,False,False,False,True,True,2026-10-08,電子零組件業,電子零組件：PCB、CCL、IC載板、連接器與被動元件（公司級品類待核驗）
6198,6198.TWO,Rich Circle,瑞築,33.77,,TPEx LISTED,建材營造,19.7,19.7,19.7,19.7,0,0.0,19.7,19.68,0.0,0.1,0.0,1.29,-1.75,27.9,70.9,70.9,27.9,70.9,-29.39,-72.21,-72.21,29.39,72.21,False,False,False,False,False,False,False,False,False,2026-10-08,建材營造,建材、營造與不動產開發（公司級業務待核驗）
6199,6199.TWO,TienPin,天品,87.7,,TPEx LISTED,其他,142.0,140.0,142.5,138.5,7925049,1125.36,136.5,131.0,4.03,8.4,1.79,6.37,10.94,139.5,146.0,146.0,142.5,146.0,2.15,-2.4,-2.4,0.35,2.74,True,True,False,False,True,False,False,True,True,2026-10-08,其他,其他（公司级产品待核验）
6201,6201.TW,YAHORNG,亞弘電,39.38,,TWSE LISTED,其他電子業,44.15,44.0,44.15,44.0,17000,0.75,44.17,44.335,-0.05,-0.42,-0.23,0.23,-0.9,56.9,69.9,69.9,56.9,69.9,-22.41,-36.84,-36.84,22.41,36.84,False,False,False,False,False,False,False,False,False,2026-10-08,其他電子業,其他電子：電子模組、感測器、電源與車用電子（公司級產品待核驗）
6202,6202.TW,HOLTEK,盛群,135.7,,TWSE LISTED,半導體業,58.9,60.5,60.9,58.6,1818263,107.1,60.88,59.87,-3.25,-1.62,-3.28,-3.12,-2.0,81.0,81.0,151.5,81.0,81.0,-24.81,-24.81,-59.8,27.28,27.28,False,False,False,False,False,False,False,False,False,2026-10-08,半導體業,半導體／IC設計或製造（細分環節待核驗）
6203,6203.TWO,Sea Sonic,海韻電,49.36,,TPEx LISTED,電子零組件業,59.9,59.8,60.0,58.5,67017,4.01,59.96,59.95,-0.1,-0.08,0.17,-0.17,-0.66,78.1,101.5,131.5,78.1,101.5,-23.18,-40.89,-54.37,23.3,40.99,False,False,False,False,False,False,False,False,False,2026-10-08,電子零組件業,電子零組件：PCB、CCL、IC載板、連接器與被動元件（公司級品類待核驗）
6204,6204.TWO,ALPHA,艾華,25.76,,TPEx LISTED,電子零組件業,111.5,111.5,113.0,107.0,379017,42.26,111.3,107.25,0.18,3.96,0.0,-1.33,6.7,130.0,171.0,171.0,130.0,171.0,-13.08,-33.92,-33.92,14.23,34.8,False,False,False,True,False,False,False,False,False,2026-10-08,電子零組件業,電子零組件：PCB、CCL、IC載板、連接器與被動元件（公司級品類待核驗）
6205,6205.TW,COXOC,詮欣,58.06,,TWSE LISTED,電子零組件業,70.6,71.9,72.4,70.5,521217,36.8,72.3,72.13,-2.35,-2.12,-1.81,-2.75,-1.67,104.5,104.5,104.5,104.5,104.5,-30.72,-30.72,-30.72,32.44,32.44,False,False,False,False,False,False,False,False,False,2026-10-08,電子零組件業,電子零組件：PCB、CCL、IC載板、連接器與被動元件（公司級品類待核驗）
6206,6206.TW,FLYTECH,飛捷,190.99,,TWSE LISTED,電腦及週邊設備業,133.5,133.5,134.0,133.0,562185,75.05,135.6,137.75,-1.55,-3.09,-0.74,-2.91,-3.96,159.0,183.0,183.0,159.0,183.0,-15.72,-26.78,-26.78,16.04,27.05,False,False,False,False,False,False,False,False,False,2026-10-08,電腦及週邊設備業,電腦、伺服器與企業硬體
6207,6207.TWO,LASERTEK,雷科,135.88,,TPEx LISTED,電子零組件業,146.0,145.5,148.5,142.0,3992047,582.84,147.4,140.95,-0.95,3.58,-1.02,-3.95,0.69,181.5,181.5,181.5,181.5,181.5,-18.18,-18.18,-18.18,19.56,19.56,False,False,False,False,False,False,False,False,False,2026-10-08,電子零組件業,電子零組件：PCB、CCL、IC載板、連接器與被動元件（公司級品類待核驗）
6208,6208.TWO,Htc,日揚,73.96,,TPEx LISTED,半導體業,78.3,79.0,79.1,78.3,135020,10.57,79.64,77.76,-1.68,0.69,-1.88,-2.0,-1.51,108.5,108.5,108.5,108.5,108.5,-27.1,-27.1,-27.1,27.83,27.83,False,False,False,False,False,False,False,False,False,2026-10-08,半導體業,半導體／IC設計或製造（細分環節待核驗）
6209,6209.TW,KINKO,今國光,163.88,,TWSE LISTED,光電業,90.1,91.5,92.5,89.0,13809030,1244.19,88.02,84.39,2.36,6.77,-0.88,2.5,8.95,104.5,104.5,104.5,104.5,104.5,-11.48,-11.48,-11.48,13.78,13.78,False,False,False,False,False,False,False,False,False,2026-10-08,光電業,光電顯示／光學元件
6210,6210.TWO,KINTECH,慶生,6.26,,TPEx LISTED,電子零組件業,17.85,17.55,17.85,17.5,17000,0.3,17.83,17.79,0.11,0.34,-0.28,-0.83,-0.28,22.65,30.9,57.8,22.65,30.9,-21.19,-42.23,-69.12,21.19,42.23,False,False,True,True,False,False,False,False,False,2026-10-08,電子零組件業,電子零組件：PCB、CCL、IC載板、連接器與被動元件（公司級品類待核驗）
6212,6212.TWO,LI MING,理銘,32.84,,TPEx LISTED,建材營造,32.2,32.2,32.2,32.2,0,0.0,32.11,32.47,0.28,-0.83,0.0,0.63,-0.16,41.4,119.5,119.5,41.4,119.5,-22.22,-73.05,-73.05,22.22,73.05,False,False,False,False,False,False,False,False,False,2026-10-08,建材營造,建材、營造與不動產開發（公司級業務待核驗）
6213,6213.TW,ITEQ,聯茂,2930.59,,TWSE LISTED,電子零組件業,806.0,786.0,806.0,763.0,4994591,4025.64,764.6,684.4,5.41,17.77,1.26,7.32,25.55,818.0,818.0,818.0,818.0,818.0,-1.47,-1.47,-1.47,1.47,1.47,True,True,False,False,False,False,False,True,True,2026-10-08,電子零組件業,CCL覆銅板／樹脂與基板材料
6214,6214.TW,SYSTEX,精誠,522.71,,TWSE LISTED,資訊服務業,192.0,190.5,193.0,190.0,1149444,220.69,189.4,189.35,1.37,1.4,1.32,1.86,1.59,195.0,195.0,195.0,195.0,195.0,-1.03,-1.03,-1.03,1.54,1.54,False,False,False,False,False,False,False,True,True,2026-10-08,資訊服務業,資訊服務、軟體、雲端與系統整合（公司級產品待核驗）
6215,6215.TW,Aurotek,和椿,77.93,,TWSE LISTED,其他電子業,93.3,95.9,95.9,93.1,1156364,107.89,96.8,97.01,-3.62,-3.82,-3.81,-4.6,-3.91,138.0,164.0,164.0,138.0,164.0,-30.51,-41.52,-41.52,32.39,43.11,False,False,False,False,False,False,False,False,False,2026-10-08,其他電子業,其他電子：電子模組、感測器、電源與車用電子（公司級產品待核驗）
6216,6216.TW,DrayTek Corp.,居易,20.09,,TWSE LISTED,通信網路業,20.65,21.25,21.25,20.55,268010,5.53,20.25,19.955,1.98,3.48,-2.82,3.77,4.56,29.15,53.9,53.9,29.15,53.9,-27.1,-60.58,-60.58,29.16,61.69,False,False,False,False,False,False,False,False,False,2026-10-08,通信網路業,通信網路／網通設備
6217,6217.TWO,C.C.P.,中探針,196.91,,TPEx LISTED,電子零組件業,168.0,169.0,169.5,165.0,2453452,412.18,174.1,173.2,-3.5,-3.0,-2.89,-5.62,-3.72,371.0,371.0,371.0,371.0,371.0,-54.31,-54.31,-54.31,54.72,54.72,False,False,False,False,False,False,False,False,False,2026-10-08,電子零組件業,電子零組件：PCB、CCL、IC載板、連接器與被動元件（公司級品類待核驗）
6218,6218.TWO,Hauman,豪勉,35.99,,TPEx LISTED,通信網路業,56.0,60.8,62.9,55.7,6024904,337.39,59.82,61.19,-6.39,-8.48,-7.89,-8.79,-10.83,69.0,69.0,69.0,69.0,69.0,-8.84,-8.84,-8.84,18.84,18.84,False,False,False,False,False,False,False,False,False,2026-10-08,通信網路業,通信網路／網通設備
6219,6219.TWO,FULL WANG,富旺,15.0,,TPEx LISTED,建材營造,12.0,12.0,12.05,11.95,59536,0.71,12.1,12.13,-0.83,-1.07,0.0,-1.23,-2.83,20.9,54.76,54.76,20.9,54.76,-42.34,-78.0,-78.0,42.58,78.09,False,False,False,False,False,False,False,False,False,2026-10-08,建材營造,建材、營造與不動產開發（公司級業務待核驗）
6220,6220.TWO,YFC-BONEAGLE,岳豐,37.35,,TPEx LISTED,電子零組件業,25.5,25.7,25.75,25.45,135025,3.44,25.5,25.36,0.0,0.55,-0.58,0.79,0.79,46.5,46.5,74.77,46.5,46.5,-44.62,-44.62,-65.56,45.16,45.16,False,False,False,False,False,False,False,False,False,2026-10-08,電子零組件業,電子零組件：PCB、CCL、IC載板、連接器與被動元件（公司級品類待核驗）
6221,6221.TWO,Genesis,晉泰,49.99,,TPEx LISTED,資訊服務業,29.65,29.8,30.3,29.65,328078,9.73,30.17,30.945,-1.72,-4.18,-1.33,-1.5,-4.2,33.9,65.78,65.78,33.9,65.78,-10.62,-53.94,-53.94,12.54,54.92,False,False,False,False,False,False,False,False,False,2026-10-08,資訊服務業,資訊服務、軟體、雲端與系統整合（公司級產品待核驗）
6222,6222.TWO,Li Hsuan,立軒,18.61,,TPEx LISTED,光電業,19.45,19.45,19.45,19.45,1000,0.02,19.86,19.345,-2.06,0.54,-2.75,-2.26,0.78,23.6,48.8,48.8,23.6,48.8,-17.58,-60.14,-60.14,17.58,60.14,False,False,False,False,False,False,False,False,False,2026-10-08,光電業,光電顯示／光學元件
6223,6223.TWO,MPI,旺矽,5462.46,,TPEx LISTED,半導體業,5575.0,5450.0,5665.0,5450.0,471574,2629.03,5521.0,5398.0,0.98,3.28,0.81,1.0,10.83,7700.0,7700.0,7700.0,7700.0,7700.0,-26.43,-26.43,-26.43,27.6,27.6,False,False,False,False,False,False,False,False,False,2026-10-08,半導體業,半導體／IC設計或製造（細分環節待核驗）
6224,6224.TW,PTTC.,聚鼎,68.43,,TWSE LISTED,電子零組件業,79.9,80.2,80.7,78.2,505015,40.35,79.8,80.51,0.13,-0.76,-0.37,0.25,-2.2,97.5,97.5,188.0,97.5,97.5,-17.23,-17.23,-57.07,18.05,18.05,False,False,True,False,False,False,False,False,False,2026-10-08,電子零組件業,電子零組件：PCB、CCL、IC載板、連接器與被動元件（公司級品類待核驗）
6225,6225.TW,aiPlex,天瀚,42.96,,TWSE LISTED,光電業,71.6,68.7,73.5,68.7,258237,18.49,69.62,62.79,2.84,14.03,4.22,3.47,7.03,80.0,80.0,80.0,80.0,80.0,-8.13,-8.13,-8.13,10.5,10.5,False,False,False,False,False,False,False,False,False,2026-10-08,光電業,光電顯示／光學元件
6226,6226.TW,Para Light,光鼎,51.3,,TWSE LISTED,光電業,44.4,42.5,47.0,42.5,24963693,1108.39,43.89,44.48,1.16,-0.18,2.19,3.26,-7.5,51.7,51.7,51.7,51.7,51.7,-9.09,-9.09,-9.09,14.12,14.12,False,False,False,False,False,False,False,False,False,2026-10-08,光電業,光電顯示／光學元件
6227,6227.TWO,Macnica Galaxy,茂綸,105.41,,TPEx LISTED,電子通路業,138.5,141.5,141.5,137.5,556589,77.09,140.7,137.85,-1.56,0.47,-1.42,-2.81,1.09,151.5,151.5,151.5,151.5,151.5,-6.6,-6.6,-6.6,8.58,8.58,False,False,False,False,False,False,False,True,True,2026-10-08,電子通路業,電子通路、半導體代理與零組件分銷（公司級代理品類待核驗）
6228,6228.TWO,PIE,全譜,5.22,,TPEx LISTED,電腦及週邊設備業,18.0,19.1,19.1,17.8,26279,0.47,18.02,18.255,-0.11,-1.4,-0.83,0.0,-0.83,28.05,78.6,78.6,28.05,78.6,-31.91,-75.7,-75.7,35.83,77.1,False,False,False,False,False,False,False,False,False,2026-10-08,電腦及週邊設備業,電腦、伺服器與企業硬體
6229,6229.TWO,V-TAC,研通,9.73,,TPEx LISTED,半導體業,24.1,23.8,24.2,23.8,37000,0.89,24.05,24.0,0.21,0.42,0.84,-0.21,-0.21,31.25,46.55,56.0,31.25,46.55,-22.56,-48.01,-56.79,22.88,48.23,False,False,False,True,False,False,False,False,False,2026-10-08,半導體業,半導體／IC設計或製造（細分環節待核驗）
6230,6230.TW,NCCI,尼得科超眾,99.73,,TWSE LISTED,電腦及週邊設備業,115.5,114.5,115.5,114.0,25110,2.9,113.9,112.95,1.4,2.26,0.0,2.21,4.05,190.5,403.5,403.5,190.5,403.5,-39.37,-71.38,-71.38,39.37,71.38,False,False,False,False,False,False,False,False,False,2026-10-08,電腦及週邊設備業,電腦、伺服器與企業硬體
6231,6231.TWO,Insyde,系微,106.14,,TPEx LISTED,資訊服務業,232.5,235.0,235.0,230.5,162011,37.67,236.0,235.3,-1.48,-1.19,-0.85,-1.48,-1.9,373.0,614.0,614.0,373.0,614.0,-37.0,-61.73,-61.73,37.67,62.13,False,False,False,False,False,False,False,False,False,2026-10-08,資訊服務業,資訊服務、軟體、雲端與系統整合（公司級產品待核驗）
6233,6233.TWO,PROLIFIC,旺玖,20.36,,TPEx LISTED,半導體業,25.15,24.85,25.4,24.85,337000,8.48,24.33,23.255,3.37,8.15,0.8,6.57,6.79,31.0,49.8,55.4,31.0,49.8,-18.06,-49.0,-54.15,18.87,49.5,True,False,False,False,False,False,False,False,False,2026-10-08,半導體業,半導體／IC設計或製造（細分環節待核驗）
6234,6234.TWO,TERA AUTO,高僑,39.65,,TPEx LISTED,光電業,39.5,42.0,42.75,39.45,2462264,97.26,39.62,39.235,-0.3,0.68,-5.5,1.67,-0.13,63.3,63.3,63.3,63.3,63.3,-32.46,-32.46,-32.46,37.6,37.6,False,False,False,False,False,False,False,False,False,2026-10-08,光電業,光電顯示／光學元件
6235,6235.TW,Waffer,華孚,72.17,,TWSE LISTED,電腦及週邊設備業,36.1,36.5,36.6,36.0,560115,20.22,37.6,38.37,-3.99,-5.92,-1.63,-5.87,-7.79,64.8,147.5,183.0,64.8,147.5,-43.52,-75.19,-80.0,44.29,75.53,False,False,False,False,False,False,False,False,False,2026-10-08,電腦及週邊設備業,電腦、伺服器與企業硬體
6236,6236.TWO,Neith Corp.,中湛,7.04,,TPEx LISTED,數位雲端,16.9,16.9,16.9,16.9,0,0.0,16.9,17.53,0.0,-3.59,0.0,0.0,-9.63,28.55,37.8,46.85,28.55,37.8,-40.81,-55.29,-63.93,40.81,55.29,False,False,False,False,False,False,False,False,False,2026-10-08,數位雲端,數位雲端、軟體服務與電子商務（公司級產品待核驗）
6237,6237.TWO,CMEI,驊訊,27.6,,TPEx LISTED,半導體業,34.65,35.05,35.35,34.6,235269,8.15,35.48,36.125,-2.34,-4.08,-2.81,-2.67,-5.71,58.5,74.9,177.0,58.5,74.9,-39.57,-52.8,-80.03,40.77,53.74,False,False,False,False,False,False,False,False,False,2026-10-08,半導體業,半導體／IC設計或製造（細分環節待核驗）
6239,6239.TW,PTI,力成,2338.17,,TWSE LISTED,半導體業,308.0,306.0,312.0,296.0,15514394,4778.43,306.3,296.8,0.56,3.77,0.16,3.53,5.3,387.0,387.0,387.0,387.0,387.0,-19.38,-19.38,-19.38,20.41,20.41,False,False,False,True,False,False,False,False,False,2026-10-08,半導體業,半導體封裝測試（晶圓測試與封裝）
6240,6240.TWO,Sung Gang,松崗,6.04,,TPEx LISTED,資訊服務業,26.4,26.05,26.9,26.0,10000,0.26,26.23,25.825,0.65,2.23,0.57,1.54,4.35,28.25,31.8,94.4,28.25,31.8,-4.78,-15.41,-71.5,6.55,16.98,True,False,False,False,False,False,False,True,False,2026-10-08,資訊服務業,資訊服務、軟體、雲端與系統整合（公司級產品待核驗）
6241,6241.TWO,AMIGO,鑫永洋,7.65,,TPEx LISTED,通信網路業,16.8,16.35,16.8,16.2,60038,1.01,16.41,16.095,2.38,4.38,2.75,3.38,4.02,26.18,33.17,60.3,26.18,33.17,-35.82,-49.35,-72.14,35.82,49.35,False,False,False,False,False,False,False,False,False,2026-10-08,通信網路業,通信網路／網通設備
6242,6242.TWO,LI KANG,立康,10.77,,TPEx LISTED,生技醫療業,33.85,33.85,33.85,33.85,0,0.0,33.85,33.95,0.0,-0.29,0.0,0.0,-0.59,39.4,59.56,68.94,39.4,59.56,-14.09,-43.17,-50.9,14.09,43.17,False,False,False,False,False,False,False,False,False,2026-10-08,生技醫療業,生技、製藥、醫療器材與健康服務（公司級產品待核驗）
6243,6243.TW,ENE,迅杰,17.41,,TWSE LISTED,半導體業,38.45,39.25,39.25,38.4,168000,6.46,39.61,39.785,-2.93,-3.36,-2.16,-4.35,-5.18,55.5,90.4,90.4,55.5,90.4,-29.28,-56.58,-56.58,30.72,57.47,False,False,False,False,False,False,False,False,False,2026-10-08,半導體業,半導體／IC設計或製造（細分環節待核驗）
6244,6244.TWO,MOTECH,茂迪,86.31,,TPEx LISTED,光電業,22.3,22.6,22.7,22.3,2877674,64.17,23.08,23.495,-3.38,-5.09,-2.19,-4.09,-6.5,39.1,39.1,50.96,39.1,39.1,-41.94,-41.94,-55.45,42.97,42.97,False,False,False,False,False,False,False,False,False,2026-10-08,光電業,光電顯示／光學元件
6245,6245.TWO,Lanner,立端,129.02,,TPEx LISTED,通信網路業,88.0,87.3,88.5,86.4,427050,37.58,88.08,87.55,-0.09,0.51,0.8,-1.23,-0.34,94.3,124.0,133.02,94.3,124.0,-6.15,-28.63,-33.47,6.68,29.03,False,False,False,False,False,False,False,True,False,2026-10-08,通信網路業,通信網路／網通設備
6246,6246.TWO,TTFIC,臺龍,4.75,,TPEx LISTED,光電業,12.55,12.55,12.9,12.5,36062,0.45,12.64,12.745,-0.71,-1.53,-0.79,-1.18,-1.18,18.9,32.75,32.75,18.9,32.75,-31.75,-60.61,-60.61,33.6,61.68,False,False,False,False,False,False,False,False,False,2026-10-08,光電業,光電顯示／光學元件
6248,6248.TWO,TMP,沛波,17.14,,TPEx LISTED,鋼鐵工業,17.15,17.0,17.2,16.9,51100,0.88,17.16,17.06,-0.06,0.53,0.0,0.0,-0.58,22.3,37.15,37.15,22.3,37.15,-22.87,-53.7,-53.7,23.09,53.84,False,False,False,False,False,False,False,False,False,2026-10-08,鋼鐵工業,鋼鐵、特殊鋼與金屬材料（公司級產品待核驗）
6257,6257.TW,SIGURD,矽格,1369.47,,TWSE LISTED,半導體業,283.0,275.5,291.5,274.0,25566942,7235.44,272.9,260.15,3.7,8.78,1.8,8.85,10.33,293.5,293.5,293.5,293.5,293.5,-0.68,-0.68,-0.68,3.58,3.58,False,False,False,False,False,False,False,True,True,2026-10-08,半導體業,半導體／IC設計或製造（細分環節待核驗）
6259,6259.TWO,BULLWILL,百徽,9.29,,TPEx LISTED,電子零組件業,33.1,33.05,33.65,32.2,516100,17.08,32.78,31.345,0.98,5.6,1.22,-0.15,4.09,43.3,43.3,43.3,43.3,43.3,-22.29,-22.29,-22.29,23.56,23.56,False,False,False,False,False,False,False,False,False,2026-10-08,電子零組件業,電子零組件：PCB、CCL、IC載板、連接器與被動元件（公司級品類待核驗）
6261,6261.TWO,YTEC,久元,98.17,,TPEx LISTED,半導體業,76.4,77.4,77.5,76.0,431418,32.96,77.92,78.3,-1.95,-2.43,-1.93,-2.18,-3.41,136.0,136.0,136.0,136.0,136.0,-43.01,-43.01,-43.01,43.82,43.82,False,False,False,False,False,False,False,False,False,2026-10-08,半導體業,半導體／IC設計或製造（細分環節待核驗）
6263,6263.TWO,Planet,普萊德,110.0,,TPEx LISTED,通信網路業,176.0,175.0,177.5,173.0,510400,89.83,173.2,165.8,1.62,6.15,-1.12,5.39,7.32,195.0,195.5,195.5,195.0,195.5,-8.97,-9.21,-9.21,9.74,9.97,False,False,False,False,False,False,False,True,True,2026-10-08,通信網路業,通信網路／網通設備
6264,6264.TWO,KL,富裔,8.26,,TPEx LISTED,建材營造,6.06,6.0,6.06,6.0,15000,0.09,6.124,6.071,-1.05,-0.18,-0.16,0.17,0.5,7.29,18.5,32.67,7.29,18.5,-16.87,-67.24,-81.45,16.87,67.24,False,False,False,False,False,False,False,False,False,2026-10-08,建材營造,建材、營造與不動產開發（公司級業務待核驗）
6265,6265.TWO,KCU,方土昶,58.14,,TPEx LISTED,電子通路業,49.2,48.9,49.85,48.9,873331,42.97,49.23,48.75,-0.06,0.92,0.1,0.31,-0.1,68.7,68.7,68.7,68.7,68.7,-27.44,-27.44,-27.44,28.38,28.38,False,False,False,False,False,False,False,False,False,2026-10-08,電子通路業,電子通路、半導體代理與零組件分銷（公司級代理品類待核驗）
6266,6266.TWO,TOP UNION,泰詠,40.78,,TPEx LISTED,電子零組件業,26.5,26.3,26.6,26.15,165157,4.38,26.67,25.795,-0.64,2.73,0.38,-1.85,6.21,32.0,33.41,40.17,32.0,33.41,-16.87,-20.39,-33.79,17.19,20.69,False,False,False,False,False,False,False,False,False,2026-10-08,電子零組件業,電子零組件：PCB、CCL、IC載板、連接器與被動元件（公司級品類待核驗）
6269,6269.TW,FLEXIUM,台郡,205.96,,TWSE LISTED,電子零組件業,63.6,64.9,64.9,63.4,2171186,138.09,64.98,64.96,-2.12,-2.09,-2.6,-2.3,-2.15,91.8,101.5,153.0,91.8,101.5,-29.3,-36.06,-57.58,30.72,37.34,False,False,False,False,False,False,False,False,False,2026-10-08,電子零組件業,軟性電路板FPC／軟板模組
6270,6270.TWO,PCT,倍微,21.43,,TPEx LISTED,電子通路業,29.7,29.8,29.8,29.55,81000,2.41,30.24,30.09,-1.79,-1.3,-0.67,-1.82,-2.78,46.55,46.55,46.55,46.55,46.55,-35.98,-35.98,-35.98,36.2,36.2,False,False,False,False,False,False,False,False,False,2026-10-08,電子通路業,電子通路、半導體代理與零組件分銷（公司級代理品類待核驗）
6271,6271.TW,THEIL,同欣電,513.24,,TWSE LISTED,半導體業,245.5,241.0,246.0,236.5,3521276,864.47,239.7,234.0,2.42,4.91,1.66,2.94,6.51,302.0,302.0,302.0,302.0,302.0,-18.54,-18.54,-18.54,18.71,18.71,False,False,False,False,False,False,False,False,False,2026-10-08,半導體業,半導體／IC設計或製造（細分環節待核驗）
6272,6272.TW,WIESON,驊陞,21.1,,TWSE LISTED,電子零組件業,25.8,25.4,25.8,25.3,109000,2.81,25.51,25.445,1.14,1.4,1.18,2.18,2.38,46.0,68.3,68.3,46.0,68.3,-43.91,-62.23,-62.23,43.91,62.23,False,False,True,True,False,False,False,False,False,2026-10-08,電子零組件業,電子零組件：PCB、CCL、IC載板、連接器與被動元件（公司級品類待核驗）
6274,6274.TWO,tuc,台燿,5210.61,,TPEx LISTED,電子零組件業,1740.0,1705.0,1750.0,1645.0,7551964,13140.42,1723.0,1611.0,0.99,8.01,1.16,-2.25,13.36,1920.0,1920.0,1920.0,1920.0,1920.0,-8.85,-8.85,-8.85,9.38,9.38,False,False,False,False,False,False,False,True,True,2026-10-08,電子零組件業,CCL覆銅板／高速高頻基板材料
6275,6275.TWO,Y.S.TECH,元山,37.64,,TPEx LISTED,電子零組件業,46.85,47.35,47.65,46.7,140025,6.56,47.37,46.96,-1.1,-0.23,-1.06,-1.68,-1.26,61.9,72.6,72.6,61.9,72.6,-23.02,-34.37,-34.37,24.31,35.47,False,False,False,False,False,False,False,False,False,2026-10-08,電子零組件業,電子零組件：PCB、CCL、IC載板、連接器與被動元件（公司級品類待核驗）
6276,6276.TWO,Antec,安鈦克,4.19,,TPEx LISTED,電腦及週邊設備業,19.0,19.1,19.1,19.0,3885,0.07,19.41,19.495,-2.11,-2.54,-1.04,-3.8,-3.31,40.5,138.57,138.57,40.5,138.57,-52.84,-86.22,-86.22,53.09,86.29,False,False,False,False,False,False,False,False,False,2026-10-08,電腦及週邊設備業,電腦、伺服器與企業硬體
6277,6277.TW,ATEN,宏正,95.34,,TWSE LISTED,電腦及週邊設備業,79.8,78.5,80.8,78.5,408027,32.56,78.04,77.71,2.26,2.69,2.18,3.5,2.7,88.6,88.6,103.0,88.6,88.6,-8.8,-8.8,-21.55,9.93,9.93,False,False,False,False,False,False,False,True,True,2026-10-08,電腦及週邊設備業,電腦、伺服器與企業硬體
6278,6278.TW,TSMT,台表科,725.15,,TWSE LISTED,光電業,248.0,247.5,256.0,240.5,21328932,5289.58,233.9,224.1,6.03,10.66,-1.0,12.73,14.55,254.5,254.5,254.5,256.0,256.0,0.59,0.59,0.59,3.12,3.12,False,False,False,False,True,True,True,True,True,2026-10-08,光電業,光電顯示／光學元件
6279,6279.TWO,HU LANE,胡連,138.06,,TPEx LISTED,電子零組件業,116.0,116.5,117.5,116.0,183376,21.27,116.4,114.25,-0.34,1.53,0.0,-0.43,2.65,131.0,184.76,184.76,131.0,184.76,-10.31,-36.4,-36.4,11.45,37.22,False,False,False,False,False,False,False,False,False,2026-10-08,電子零組件業,電子零組件：PCB、CCL、IC載板、連接器與被動元件（公司級品類待核驗）
6281,6281.TW,E-LIFE,全國電,50.58,,TWSE LISTED,電子通路業,51.0,50.8,51.0,50.5,48000,2.45,50.86,50.95,0.28,0.1,0.2,0.59,-0.2,63.7,88.4,88.5,63.7,88.4,-19.94,-42.31,-42.37,19.94,42.31,True,False,True,True,False,False,False,False,False,2026-10-08,電子通路業,電子通路、半導體代理與零組件分銷（公司級代理品類待核驗）
6282,6282.TW,Acbel,康舒,369.84,,TWSE LISTED,電子零組件業,43.2,43.65,43.8,43.05,4740372,204.78,43.94,43.535,-1.68,-0.77,-1.93,-2.81,-0.23,70.8,70.8,70.8,70.8,70.8,-38.14,-38.14,-38.14,38.98,38.98,False,False,False,False,False,False,False,False,False,2026-10-08,電子零組件業,電子零組件：PCB、CCL、IC載板、連接器與被動元件（公司級品類待核驗）
6283,6283.TW,SOE,淳安,27.67,,TWSE LISTED,其他電子業,18.75,18.8,19.0,18.75,40041,0.75,18.95,19.015,-1.06,-1.39,-1.06,-0.79,-2.85,26.65,38.45,76.2,26.65,38.45,-28.71,-50.59,-75.07,29.64,51.24,False,False,False,False,False,False,False,False,False,2026-10-08,其他電子業,其他電子：電子模組、感測器、電源與車用電子（公司級產品待核驗）
6284,6284.TWO,INPAQ,佳邦,117.55,,TPEx LISTED,電子零組件業,78.9,79.7,80.4,78.2,639003,50.42,79.52,77.93,-0.78,1.24,-1.37,-1.62,-1.74,131.0,131.0,131.0,131.0,131.0,-38.63,-38.63,-38.63,39.77,39.77,False,False,False,False,False,False,False,False,False,2026-10-08,電子零組件業,電子零組件：PCB、CCL、IC載板、連接器與被動元件（公司級品類待核驗）
6285,6285.TW,WNC,啟碁,1240.03,,TWSE LISTED,通信網路業,256.5,253.0,259.0,252.5,3362452,862.47,251.5,242.95,1.99,5.58,-0.39,2.81,8.92,336.5,336.5,336.5,336.5,336.5,-23.03,-23.03,-23.03,23.77,23.77,False,False,False,False,False,False,False,False,False,2026-10-08,通信網路業,通信網路／網通設備
6290,6290.TWO,LONGWELL,良維,475.88,,TPEx LISTED,電子零組件業,280.5,282.0,284.5,280.0,1495728,419.55,282.7,278.85,-0.78,0.59,-1.41,-0.36,1.08,375.0,375.0,375.0,375.0,375.0,-24.13,-24.13,-24.13,25.2,25.2,False,False,False,False,False,False,False,False,False,2026-10-08,電子零組件業,電子零組件：PCB、CCL、IC載板、連接器與被動元件（公司級品類待核驗）
6291,6291.TWO,AIC,沛亨,184.38,,TPEx LISTED,半導體業,439.0,456.0,471.0,438.5,1333468,585.39,470.8,481.9,-6.75,-8.9,-6.5,-10.04,-10.22,718.0,718.0,718.0,718.0,718.0,-34.4,-34.4,-34.4,38.86,38.86,False,False,False,False,False,False,False,False,False,2026-10-08,半導體業,半導體／IC設計或製造（細分環節待核驗）
6292,6292.TWO,AXIS,迅德,31.18,,TPEx LISTED,電子零組件業,66.9,68.8,68.8,66.8,297001,19.87,69.6,68.13,-3.88,-1.81,-2.76,-6.04,-0.45,74.0,88.9,88.9,74.0,88.9,-7.03,-22.61,-22.61,9.59,24.75,False,False,False,False,False,False,False,True,False,2026-10-08,電子零組件業,電子零組件：PCB、CCL、IC載板、連接器與被動元件（公司級品類待核驗）
6294,6294.TWO,Tekom,智基,7.29,,TPEx LISTED,文化創意業,28.0,27.75,28.0,27.7,11509,0.32,27.92,28.125,0.29,-0.44,0.9,-0.18,-0.53,48.5,121.23,150.0,48.5,121.23,-42.27,-76.9,-81.33,42.27,76.9,False,False,False,False,False,False,False,False,False,2026-10-08,文化創意業,文化創意業（公司级产品待核验）
6405,6405.TW,ONANO,悅城,26.19,,TWSE LISTED,光電業,39.8,40.25,40.65,39.8,498000,19.82,41.01,42.88,-2.95,-7.18,-1.12,-5.01,-11.75,89.1,89.1,89.1,89.1,89.1,-54.38,-54.38,-54.38,55.33,55.33,False,False,False,False,False,False,False,False,False,2026-10-08,光電業,光電顯示／光學元件
6409,6409.TW,VOLTRONIC,旭隼,766.04,,TWSE LISTED,其他電子業,868.0,882.0,888.0,865.0,247527,214.85,884.6,886.0,-1.88,-2.03,-2.25,-2.58,-2.58,1380.0,2385.0,2385.0,1380.0,2385.0,-35.65,-62.77,-62.77,37.1,63.61,False,False,False,False,False,False,False,False,False,2026-10-08,其他電子業,其他電子：電子模組、感測器、電源與車用電子（公司級產品待核驗）
6411,6411.TWO,Amazing,晶焱,77.12,,TPEx LISTED,半導體業,77.5,78.9,78.9,77.5,192001,14.88,78.58,78.29,-1.37,-1.01,-1.52,-1.52,-1.15,117.5,133.5,298.92,117.5,133.5,-32.85,-40.9,-73.6,34.04,41.95,False,False,False,False,False,False,False,False,False,2026-10-08,半導體業,半導體／IC設計或製造（細分環節待核驗）
6412,6412.TW,Chicony Power,群電,292.56,,TWSE LISTED,電子零組件業,73.0,74.0,74.0,72.8,684484,49.97,74.22,74.35,-1.64,-1.82,-1.35,-2.8,-2.14,112.0,196.0,196.0,112.0,196.0,-33.93,-62.24,-62.24,34.82,62.76,False,False,False,False,False,False,False,False,False,2026-10-08,電子零組件業,電子零組件：PCB、CCL、IC載板、連接器與被動元件（公司級品類待核驗）
6414,6414.TW,ENNOCONN,樺漢,603.75,,TWSE LISTED,電腦及週邊設備業,399.0,405.5,406.5,397.5,873394,348.48,400.7,394.15,-0.42,1.23,1.01,-2.09,-0.87,522.0,522.0,522.0,522.0,522.0,-22.13,-22.13,-22.13,23.56,23.56,False,False,False,False,False,False,False,False,False,2026-10-08,電腦及週邊設備業,網通設備／交換器、路由器與企業網路
6415,6415.TW,Silergy,矽力*-KY,1805.43,,TWSE LISTED,半導體業,462.5,461.0,475.0,451.5,4305912,1991.48,447.1,431.8,3.44,7.11,1.31,4.64,11.99,694.0,694.0,1372.5,694.0,694.0,-31.56,-31.56,-65.39,33.36,33.36,True,True,False,False,False,False,False,False,False,2026-10-08,半導體業,半導體／IC設計或製造（細分環節待核驗）
6416,6416.TW,CASWELL,瑞祺電通,88.38,,TWSE LISTED,通信網路業,120.5,122.5,123.0,120.0,989263,119.21,119.5,118.1,0.84,2.03,2.12,0.84,0.0,124.0,166.5,196.0,124.0,166.5,-0.81,-26.13,-37.24,2.82,27.63,False,False,False,False,False,False,False,True,False,2026-10-08,通信網路業,通信網路／網通設備
6417,6417.TWO,SAG,韋僑,43.75,,TPEx LISTED,通信網路業,103.5,106.5,106.5,103.5,193000,19.98,103.9,102.95,-0.38,0.53,-1.9,0.98,1.47,152.5,152.5,194.5,152.5,152.5,-30.16,-30.16,-45.24,32.13,32.13,False,False,False,False,False,False,False,False,False,2026-10-08,通信網路業,通信網路／網通設備
6418,6418.TWO,Y-S ELEC.,詠昇,11.84,,TPEx LISTED,電子零組件業,34.3,34.35,34.45,34.3,51000,1.75,34.34,34.49,-0.12,-0.55,-0.15,0.44,-0.72,44.2,80.0,80.0,44.2,80.0,-22.06,-56.94,-56.94,22.4,57.13,False,False,False,False,False,False,False,False,False,2026-10-08,電子零組件業,電子零組件：PCB、CCL、IC載板、連接器與被動元件（公司級品類待核驗）
6419,6419.TWO,NUUO,京晨科,20.86,,TPEx LISTED,光電業,158.5,163.5,163.5,156.0,358029,56.75,163.9,158.25,-3.29,0.16,-3.94,-7.58,2.26,194.5,194.5,194.5,194.5,194.5,-15.94,-15.94,-15.94,18.51,18.51,False,False,False,False,False,False,False,False,False,2026-10-08,光電業,光電顯示／光學元件
6423,6423.TWO,YMC,億而得,27.2,,TPEx LISTED,半導體業,87.7,86.1,89.3,86.1,47000,4.12,90.14,89.0,-2.71,-1.46,0.69,-4.67,-7.1,136.0,137.71,180.34,136.0,137.71,-34.34,-35.15,-50.48,35.51,36.31,False,False,False,False,False,False,False,False,False,2026-10-08,半導體業,半導體／IC設計或製造（細分環節待核驗）
6425,6425.TWO,EFC,易發,37.05,,TPEx LISTED,電機機械,72.1,73.6,73.6,72.0,344000,24.8,75.24,75.44,-4.17,-4.43,-1.5,-5.87,-11.32,109.0,109.0,109.0,109.0,109.0,-32.48,-32.48,-32.48,33.85,33.85,False,False,False,False,False,False,False,False,False,2026-10-08,電機機械,電機機械、工業自動化與設備（公司級產品待核驗）
6426,6426.TW,APOGEE,統新,131.32,,TWSE LISTED,通信網路業,341.0,331.0,352.5,328.0,2782555,948.85,351.7,357.75,-3.04,-4.68,-1.87,-4.62,0.44,412.0,412.0,412.0,412.0,412.0,-14.44,-14.44,-14.44,17.23,17.23,False,False,False,False,False,False,False,False,False,2026-10-08,通信網路業,通信網路／網通設備
6431,6431.TW,KL,光麗-KY,16.36,,TWSE LISTED,生技醫療業,16.8,16.7,16.8,16.4,108164,1.82,16.87,17.17,-0.41,-2.15,-1.18,-0.59,-4.55,30.25,32.0,40.05,30.25,32.0,-44.46,-47.5,-58.05,44.46,47.5,False,False,False,False,False,False,False,False,False,2026-10-08,生技醫療業,生技、製藥、醫療器材與健康服務（公司級產品待核驗）
6432,6432.TWO,ARLITECH,今展科,25.68,,TPEx LISTED,電子零組件業,66.2,65.0,67.5,64.5,668030,44.22,66.06,64.41,0.21,2.78,0.0,-1.34,-5.16,86.9,86.9,86.9,86.9,86.9,-22.32,-22.32,-22.32,23.82,23.82,False,False,False,False,False,False,False,False,False,2026-10-08,電子零組件業,電子零組件：PCB、CCL、IC載板、連接器與被動元件（公司級品類待核驗）
6435,6435.TWO,Sinopower,大中,97.21,,TPEx LISTED,半導體業,259.5,254.0,259.5,251.0,249044,64.63,267.0,260.4,-2.81,-0.35,0.97,-6.15,-0.95,447.5,447.5,447.5,447.5,447.5,-42.01,-42.01,-42.01,42.01,42.01,False,False,False,False,False,False,False,False,False,2026-10-08,半導體業,半導體／IC設計或製造（細分環節待核驗）
6438,6438.TW,SAA,迅得,135.23,,TWSE LISTED,其他電子業,164.5,165.5,165.5,162.5,308157,50.69,166.6,163.4,-1.26,0.67,-0.6,-1.79,0.0,193.0,249.89,249.89,193.0,249.89,-14.25,-33.77,-33.77,14.77,34.17,False,False,False,False,False,False,False,False,False,2026-10-08,其他電子業,其他電子：電子模組、感測器、電源與車用電子（公司級產品待核驗）
6441,6441.TWO,IBS,廣錠,11.92,,TPEx LISTED,電腦及週邊設備業,22.35,22.3,22.55,22.2,80101,1.79,23.46,24.105,-4.73,-7.28,-0.89,-10.24,-10.24,33.35,56.6,161.65,33.35,56.6,-32.38,-60.16,-86.05,32.98,60.51,False,False,False,False,False,False,False,False,False,2026-10-08,電腦及週邊設備業,電腦、伺服器與企業硬體
6442,6442.TW,EZconn,光聖,1460.44,,TWSE LISTED,通信網路業,1785.0,1780.0,1790.0,1715.0,3493386,6235.69,1716.0,1609.5,4.02,10.9,-1.65,4.69,20.61,2540.0,2540.0,2540.0,2540.0,2540.0,-29.53,-29.53,-29.53,29.72,29.72,False,False,False,False,False,False,False,False,False,2026-10-08,通信網路業,通信網路／網通設備
6443,6443.TW,TSEC,元晶,138.46,,TWSE LISTED,光電業,27.0,27.45,27.6,27.0,2739785,73.97,27.91,27.965,-3.26,-3.45,-2.17,-4.26,-3.23,56.5,56.5,56.5,56.5,56.5,-51.15,-51.15,-51.15,52.21,52.21,False,False,False,False,False,False,False,False,False,2026-10-08,光電業,光電顯示／光學元件
6446,6446.TW,PEC,藥華藥,5048.09,,TWSE LISTED,生技醫療業,1195.0,1205.0,1235.0,1190.0,1751059,2092.52,1186.0,1184.0,0.76,0.93,-0.83,0.42,2.14,1645.0,1645.0,1645.0,1645.0,1645.0,-24.92,-24.92,-24.92,27.36,27.36,False,False,False,False,False,False,False,False,False,2026-10-08,生技醫療業,生技、製藥、醫療器材與健康服務（公司級產品待核驗）
6449,6449.TW,APAQ,鈺邦,248.99,,TWSE LISTED,電子零組件業,271.0,260.0,278.5,251.0,9398678,2547.04,244.4,228.7,10.88,18.5,3.63,19.38,17.83,483.5,483.5,483.5,483.5,483.5,-42.4,-42.4,-42.4,43.95,43.95,True,False,False,False,False,False,False,False,False,2026-10-08,電子零組件業,電子零組件：PCB、CCL、IC載板、連接器與被動元件（公司級品類待核驗）
6451,6451.TW,ShunSin,訊芯-KY,495.57,,TWSE LISTED,半導體業,420.5,426.5,426.5,413.0,1195578,502.74,425.6,420.6,-1.2,-0.02,-1.41,-2.66,1.82,756.0,756.0,756.0,756.0,756.0,-43.58,-43.58,-43.58,44.38,44.38,False,False,False,False,False,False,False,False,False,2026-10-08,半導體業,半導體／IC設計或製造（細分環節待核驗）
6456,6456.TW,GIS,GIS-KY,337.94,,TWSE LISTED,光電業,100.0,101.5,104.5,99.4,17774623,1777.46,97.02,91.43,3.07,9.37,-1.96,10.38,13.77,108.0,108.0,379.0,108.0,108.0,-3.24,-3.24,-72.43,7.41,7.41,False,False,False,False,False,False,False,True,True,2026-10-08,光電業,光電顯示／光學元件
6461,6461.TWO,Intech,益得,32.21,,TPEx LISTED,生技醫療業,29.2,29.8,29.8,28.8,169695,4.96,28.15,26.135,3.73,11.73,0.0,9.36,21.41,42.44,55.01,88.77,42.44,55.01,-29.78,-45.83,-66.43,31.19,46.92,False,False,False,False,False,False,False,False,False,2026-10-08,生技醫療業,生技、製藥、醫療器材與健康服務（公司級產品待核驗）
6462,6462.TWO,EGIS,神盾,91.71,,TPEx LISTED,半導體業,100.5,102.5,102.5,100.5,190031,19.1,102.9,102.94,-2.33,-2.37,-1.47,-2.9,-6.07,160.5,347.5,347.5,160.5,347.5,-36.14,-70.5,-70.5,37.38,71.08,False,False,False,False,False,False,False,False,False,2026-10-08,半導體業,半導體／IC設計或製造（細分環節待核驗）
6464,6464.TW,top MSO,台數科,102.19,,TWSE LISTED,其他,76.3,76.0,76.3,76.0,3000,0.23,76.48,76.6,-0.24,-0.39,-0.26,-1.17,-0.91,80.6,82.98,123.37,80.6,82.98,-5.33,-8.05,-38.15,5.33,8.05,False,False,False,False,False,False,False,True,True,2026-10-08,其他,其他（公司级产品待核验）
6465,6465.TWO,ATrack,威潤,24.63,,TPEx LISTED,通信網路業,41.7,41.2,42.05,40.45,147453,6.15,41.27,41.45,1.04,0.6,1.21,2.08,0.24,77.4,77.4,106.54,77.4,77.4,-45.67,-45.67,-60.53,46.12,46.12,False,False,False,True,False,False,False,False,False,2026-10-08,通信網路業,通信網路／網通設備
6469,6469.TWO,Great Tree,大樹,105.63,,TPEx LISTED,生技醫療業,66.4,64.8,67.5,64.8,1046858,69.51,64.34,64.39,3.2,3.12,2.63,4.9,3.11,103.0,288.24,288.24,103.0,288.24,-34.47,-76.58,-76.58,35.53,76.96,False,False,False,False,False,False,False,False,False,2026-10-08,生技醫療業,生技、製藥、醫療器材與健康服務（公司級產品待核驗）
6470,6470.TWO,U-MEDIA,宇智,16.11,,TPEx LISTED,通信網路業,42.75,42.6,42.85,42.4,22731,0.97,42.72,42.77,0.07,-0.05,-0.12,0.35,0.12,54.8,70.0,94.3,54.8,70.0,-21.81,-38.79,-54.56,21.99,38.93,False,False,False,False,False,False,False,False,False,2026-10-08,通信網路業,通信網路／網通設備
6472,6472.TW,Bora,保瑞,538.96,,TWSE LISTED,生技醫療業,421.0,428.0,430.0,419.5,333540,140.42,421.3,424.0,-0.07,-0.71,-1.64,0.12,-1.98,633.0,812.64,812.64,633.0,812.64,-32.07,-47.09,-47.09,33.49,48.19,False,False,False,False,False,False,False,False,False,2026-10-08,生技醫療業,生技、製藥、醫療器材與健康服務（公司級產品待核驗）
6474,6474.TWO,WFE,華豫寧,18.62,,TPEx LISTED,電子通路業,35.45,35.4,35.5,35.4,46000,1.63,35.64,35.585,-0.53,-0.38,-0.28,-0.56,0.0,41.25,48.9,48.9,41.25,48.9,-13.94,-27.4,-27.4,14.06,27.51,False,False,False,False,False,False,False,False,False,2026-10-08,電子通路業,電子通路、半導體代理與零組件分銷（公司級代理品類待核驗）
6477,6477.TW,Anji,安集,41.72,,TWSE LISTED,光電業,33.7,33.75,33.85,33.6,253079,8.53,33.98,34.26,-0.82,-1.63,-0.44,-1.03,-3.16,45.1,48.5,74.81,45.1,48.5,-24.94,-30.21,-54.75,25.28,30.52,False,False,False,False,False,False,False,False,False,2026-10-08,光電業,光電顯示／光學元件
6482,6482.TWO,FUN YOURS,弘煜科,6.64,,TPEx LISTED,文化創意業,23.2,23.1,23.2,23.1,7000,0.16,23.5,23.505,-1.28,-1.3,-0.43,-1.28,-1.9,39.95,78.0,78.0,39.95,78.0,-41.93,-70.26,-70.26,41.93,70.26,False,False,False,False,False,False,False,False,False,2026-10-08,文化創意業,文化創意業（公司级产品待核验）
6485,6485.TWO,ASolid,點序,38.46,,TPEx LISTED,半導體業,81.2,85.6,87.2,81.1,1989110,161.52,81.46,77.69,-0.32,4.52,-5.14,2.78,-4.13,130.0,130.0,191.0,130.0,130.0,-32.92,-32.92,-54.35,37.54,37.54,False,False,False,False,False,False,False,False,False,2026-10-08,半導體業,半導體／IC設計或製造（細分環節待核驗）
6486,6486.TWO,IDT,互動,39.7,,TPEx LISTED,通信網路業,78.0,78.4,78.4,77.6,43000,3.35,78.66,79.74,-0.84,-2.18,-0.51,0.0,-4.06,92.6,101.0,101.0,92.6,101.0,-15.33,-22.38,-22.38,15.77,22.77,False,False,False,False,False,False,False,False,False,2026-10-08,通信網路業,通信網路／網通設備
6488,6488.TWO,GWC,環球晶,5402.69,,TPEx LISTED,半導體業,1130.0,1180.0,1195.0,1095.0,19470973,22002.2,1184.0,1088.3,-4.56,3.83,-7.0,-4.24,4.15,1600.0,1600.0,1600.0,1600.0,1600.0,-25.31,-25.31,-25.31,29.37,29.37,False,False,False,False,False,False,False,False,False,2026-10-08,半導體業,半導體／IC設計或製造（細分環節待核驗）
6491,6491.TW,PEGAVISION,晶碩,314.34,,TWSE LISTED,生技醫療業,403.0,411.5,411.5,398.0,400101,161.24,407.6,408.8,-1.13,-1.42,-2.07,0.0,-4.39,428.0,548.0,669.32,428.0,548.0,-3.86,-24.91,-38.52,5.84,26.46,False,False,False,False,False,False,False,True,False,2026-10-08,生技醫療業,生技、製藥、醫療器材與健康服務（公司級產品待核驗）
6492,6492.TWO,SH,生華科,38.95,,TPEx LISTED,生技醫療業,33.9,34.2,34.2,33.9,83488,2.83,33.97,34.155,-0.21,-0.75,-0.29,0.15,-2.02,66.5,66.5,309.5,66.5,66.5,-48.57,-48.57,-88.95,49.02,49.02,False,False,False,False,False,False,False,False,False,2026-10-08,生技醫療業,生技、製藥、醫療器材與健康服務（公司級產品待核驗）
6494,6494.TWO,Nyquest,九齊,16.19,,TPEx LISTED,半導體業,51.3,52.1,52.7,50.9,100600,5.16,52.46,52.0,-2.21,-1.35,-1.54,-3.02,-2.1,72.3,95.5,182.0,72.3,95.5,-27.11,-44.82,-71.04,29.05,46.28,False,False,False,False,False,False,False,False,False,2026-10-08,半導體業,半導體／IC設計或製造（細分環節待核驗）
6496,6496.TWO,Excelsior,科懋,11.28,,TPEx LISTED,生技醫療業,23.85,23.95,23.95,23.45,19568,0.47,23.96,23.81,-0.46,0.17,0.0,-1.45,0.21,30.55,40.15,92.6,30.55,40.15,-21.6,-40.35,-74.14,21.93,40.6,False,False,False,False,False,False,False,False,False,2026-10-08,生技醫療業,生技、製藥、醫療器材與健康服務（公司級產品待核驗）
6498,6498.TWO,PTIC,久禾光,34.89,,TPEx LISTED,光電業,73.5,75.5,75.5,72.5,134246,9.87,72.24,69.72,1.74,5.42,-1.34,5.3,7.61,115.5,150.5,150.5,115.5,150.5,-34.63,-49.83,-49.83,36.36,51.16,False,False,False,False,False,False,False,False,False,2026-10-08,光電業,光電顯示／光學元件
6499,6499.TWO,Medeon,益安,78.14,,TPEx LISTED,生技醫療業,80.6,80.5,81.3,79.5,268057,21.61,79.6,77.57,1.26,3.91,1.38,1.26,1.9,134.0,154.5,154.5,134.0,154.5,-39.33,-47.38,-47.38,39.85,47.83,False,False,True,False,False,False,False,False,False,2026-10-08,生技醫療業,生技、製藥、醫療器材與健康服務（公司級產品待核驗）
6504,6504.TW,NAN LIU,南六,30.27,,TWSE LISTED,其他,41.7,38.45,41.7,38.45,591201,24.65,38.33,37.68,8.79,10.67,9.88,12.55,12.1,52.8,89.2,334.5,52.8,89.2,-21.02,-53.25,-87.53,21.02,53.25,True,False,False,False,False,False,False,False,False,2026-10-08,其他,其他（公司级产品待核验）
6505,6505.TW,FPCC,台塑化,10526.19,,TWSE LISTED,油電燃氣業,110.5,107.0,114.0,105.5,41090136,4540.46,103.52,97.79,6.74,13.0,3.27,12.07,17.3,110.0,110.0,151.0,114.0,114.0,3.64,3.64,-24.5,3.07,3.07,True,False,False,False,True,True,False,True,True,2026-10-08,油電燃氣業,油電燃氣業（公司级产品待核验）
6506,6506.TWO,SBI,雙邦,15.65,,TPEx LISTED,紡織纖維,19.0,18.85,19.0,18.8,97050,1.84,18.79,18.635,1.12,1.96,0.8,1.88,2.43,21.3,23.3,26.13,21.3,23.3,-10.8,-18.45,-27.28,10.8,18.45,False,False,False,False,False,False,False,False,False,2026-10-08,紡織纖維,紡織纖維（公司级产品待核验）
6508,6508.TWO,HKC,惠光,22.85,,TPEx LISTED,農業科技業,26.4,27.4,27.4,26.05,32140,0.85,26.28,26.715,0.46,-1.18,0.19,1.15,-2.22,30.3,35.15,68.5,30.3,35.15,-9.57,-22.05,-60.0,12.87,24.89,False,False,False,False,False,False,False,False,False,2026-10-08,農業科技業,農業科技業（公司级产品待核验）
6509,6509.TWO,HOPAX,聚和,99.92,,TPEx LISTED,化學工業,50.7,50.4,51.0,50.1,728056,36.91,50.05,49.115,1.3,3.23,0.6,1.6,3.89,59.2,59.2,82.9,59.2,59.2,-13.85,-13.85,-38.48,14.36,14.36,False,False,False,False,False,False,False,False,False,2026-10-08,化學工業,化學制品／特用化學材料
6510,6510.TWO,CHPT,精測,1093.25,,TPEx LISTED,半導體業,3320.0,3000.0,3320.0,3000.0,1335112,4432.57,3114.0,3156.0,6.62,5.2,9.93,6.92,10.67,4475.0,4475.0,4475.0,4475.0,4475.0,-25.81,-25.81,-25.81,25.81,25.81,False,False,False,True,False,False,False,False,False,2026-10-08,半導體業,半導體／IC設計或製造（細分環節待核驗）
6512,6512.TWO,GoMax,啟發電,5.08,,TPEx LISTED,其他電子業,20.1,20.15,20.2,20.1,11000,0.22,20.18,20.205,-0.4,-0.52,-0.5,-0.5,-0.74,22.15,33.0,44.0,22.15,33.0,-8.8,-38.79,-54.09,9.26,39.09,False,False,False,False,False,False,False,True,False,2026-10-08,其他電子業,其他電子：電子模組、感測器、電源與車用電子（公司級產品待核驗）
6515,6515.TW,WinWay,穎崴,2046.37,,TWSE LISTED,半導體業,5615.0,5520.0,5680.0,5445.0,1016758,5709.1,5908.0,5876.0,-4.96,-4.44,1.72,-9.51,-2.69,11490.0,11490.0,11490.0,11490.0,11490.0,-50.57,-50.57,-50.57,51.13,51.13,False,False,False,False,False,False,False,False,False,2026-10-08,半導體業,半導體／IC設計或製造（細分環節待核驗）
6516,6516.TWO,KINGWAY,勤崴國際,31.94,,TPEx LISTED,資訊服務業,56.7,56.0,56.7,55.8,19013,1.08,56.62,56.68,0.14,0.04,0.0,0.18,0.35,70.6,96.0,210.87,70.6,96.0,-19.69,-40.94,-73.11,19.69,40.94,False,False,False,True,False,False,False,False,False,2026-10-08,資訊服務業,資訊服務、軟體、雲端與系統整合（公司級產品待核驗）
6517,6517.TWO,BASO,保勝光學,20.18,,TPEx LISTED,光電業,66.0,67.1,67.6,66.0,333121,21.99,66.74,65.02,-1.11,1.51,-3.65,-0.6,3.94,84.6,112.5,185.0,84.6,112.5,-20.09,-39.91,-63.46,21.99,41.33,False,False,False,False,False,False,False,False,False,2026-10-08,光電業,光電顯示／光學元件
6525,6525.TW,GEM,捷敏-KY,178.09,,TWSE LISTED,半導體業,138.0,142.0,142.0,136.5,859122,118.56,140.3,137.35,-1.64,0.47,-2.82,-1.43,1.1,221.0,221.0,221.0,221.0,221.0,-35.75,-35.75,-35.75,37.56,37.56,False,False,False,False,False,False,False,False,False,2026-10-08,半導體業,半導體／IC設計或製造（細分環節待核驗）
6526,6526.TW,Airoha,達發,1341.72,,TWSE LISTED,半導體業,801.0,780.0,817.0,778.0,998331,799.66,821.0,826.8,-2.44,-3.12,1.91,-4.76,-3.38,885.0,885.0,885.0,885.0,885.0,-7.68,-7.68,-7.68,9.49,9.49,False,False,False,False,False,False,False,True,True,2026-10-08,半導體業,半導體／IC設計或製造（細分環節待核驗）
6527,6527.TWO,Crystalvue,明達醫,18.84,,TPEx LISTED,生技醫療業,74.0,74.5,74.5,73.8,21050,1.56,74.48,74.65,-0.64,-0.87,-1.33,-0.4,-1.33,81.1,95.0,118.57,81.1,95.0,-8.14,-21.58,-37.17,8.75,22.11,False,False,False,False,False,False,False,True,False,2026-10-08,生技醫療業,生技、製藥、醫療器材與健康服務（公司級產品待核驗）
6530,6530.TWO,Axcen,創威,32.43,,TPEx LISTED,通信網路業,96.1,97.7,99.1,96.1,860051,82.65,97.74,99.34,-1.68,-3.26,-2.14,-2.44,-5.78,139.0,139.0,139.0,139.0,139.0,-28.71,-28.71,-28.71,30.86,30.86,False,False,False,False,False,False,False,False,False,2026-10-08,通信網路業,通信網路／網通設備
6531,6531.TW,AP Memory,愛普*,1598.86,,TWSE LISTED,半導體業,980.0,995.0,1015.0,980.0,3186098,3122.38,1016.0,984.9,-3.54,-0.5,-2.0,-7.11,5.04,1305.0,1305.0,1305.0,1305.0,1305.0,-22.22,-22.22,-22.22,24.9,24.9,False,False,False,False,False,False,False,False,False,2026-10-08,半導體業,半導體／IC設計或製造（細分環節待核驗）
6532,6532.TWO,CT,瑞耘,40.63,,TPEx LISTED,半導體業,108.5,114.0,117.0,108.0,1519890,164.91,113.6,111.34,-4.49,-2.55,-6.87,-3.12,-11.43,127.0,127.0,127.0,127.0,127.0,-7.87,-7.87,-7.87,14.57,14.57,False,False,False,False,False,False,False,False,False,2026-10-08,半導體業,半導體／IC設計或製造（細分環節待核驗）
6533,6533.TW,ANDES,晶心科,178.54,,TWSE LISTED,半導體業,352.5,348.5,354.0,341.0,1151575,405.93,346.5,326.3,1.73,8.03,1.59,4.91,-3.82,366.5,573.0,642.0,366.5,573.0,-3.41,-38.22,-44.86,3.82,38.48,True,False,False,False,False,False,False,True,False,2026-10-08,半導體業,半導體／IC設計或製造（細分環節待核驗）
6534,6534.TW,CHBIO,正瀚-創,97.15,,TWSE LISTED,生技醫療業,94.5,94.5,95.4,94.5,180000,17.01,93.82,92.17,0.72,2.53,0.53,1.61,4.07,104.0,123.5,161.22,104.0,123.5,-8.27,-22.75,-40.83,9.13,23.48,False,False,False,False,False,False,False,True,False,2026-10-08,生技醫療業,生技、製藥、醫療器材與健康服務（公司級產品待核驗）
6535,6535.TWO,LUMOSA,順藥,136.45,,TPEx LISTED,生技醫療業,81.3,81.0,81.7,80.8,58100,4.72,82.62,81.97,-1.6,-0.82,0.37,-4.35,0.49,196.0,400.0,400.0,196.0,400.0,-58.32,-79.58,-79.58,58.52,79.67,False,False,False,False,False,False,False,False,False,2026-10-08,生技醫療業,生技、製藥、醫療器材與健康服務（公司級產品待核驗）
6538,6538.TWO,Brave Screen,倉和,123.92,,TPEx LISTED,電子零組件業,332.5,346.0,351.5,322.5,6211071,2065.18,334.9,356.7,-0.72,-6.78,0.15,-0.89,-10.01,468.0,468.0,468.0,468.0,468.0,-24.89,-24.89,-24.89,28.95,28.95,False,False,False,False,False,False,False,False,False,2026-10-08,電子零組件業,電子零組件：PCB、CCL、IC載板、連接器與被動元件（公司級品類待核驗）
6541,6541.TW,Tanvex,泰福-KY,90.04,,TWSE LISTED,生技醫療業,33.95,33.2,34.4,32.5,634000,21.52,32.21,31.41,5.4,8.09,3.82,7.95,12.23,56.8,82.0,457.93,56.8,82.0,-39.44,-58.05,-92.49,40.23,58.6,False,False,False,False,False,False,False,False,False,2026-10-08,生技醫療業,生技、製藥、醫療器材與健康服務（公司級產品待核驗）
6542,6542.TWO,GAMESPARCS,隆中,16.02,,TPEx LISTED,文化創意業,38.15,38.4,38.6,38.15,9014,0.34,39.45,40.065,-3.3,-4.78,-3.66,-3.42,-4.39,58.5,75.5,103.33,58.5,75.5,-34.02,-48.87,-62.65,34.79,49.47,False,False,False,False,False,False,False,False,False,2026-10-08,文化創意業,文化創意業（公司级产品待核验）
6546,6546.TWO,AMPAK,正基,41.11,,TPEx LISTED,通信網路業,61.5,61.5,61.9,61.2,78427,4.82,61.12,59.96,0.62,2.57,0.0,1.15,3.02,90.8,245.0,245.0,90.8,245.0,-31.83,-74.73,-74.73,32.27,74.9,False,False,False,False,False,False,False,False,False,2026-10-08,通信網路業,通信網路／網通設備
6547,6547.TWO,MVC,高端疫苗,203.95,,TPEx LISTED,生技醫療業,62.0,62.1,63.0,61.6,3941729,244.39,61.04,61.17,1.57,1.36,0.98,2.65,-0.96,72.2,76.8,280.2,72.2,76.8,-12.74,-17.97,-77.52,14.13,19.27,True,False,False,False,False,False,False,False,False,2026-10-08,生技醫療業,生技、製藥、醫療器材與健康服務（公司級產品待核驗）
6548,6548.TWO,CWTC,長科*,734.71,,TPEx LISTED,半導體業,77.3,78.0,78.0,76.3,3326415,257.13,77.3,74.53,0.0,3.72,-0.77,-0.9,8.11,104.0,104.0,104.0,104.0,104.0,-25.0,-25.0,-25.0,25.67,25.67,False,False,False,False,False,False,False,False,False,2026-10-08,半導體業,半導體／IC設計或製造（細分環節待核驗）
6550,6550.TW,PG,北極星藥業-KY,77.63,,TWSE LISTED,生技醫療業,16.7,16.15,16.9,16.15,750436,12.53,16.35,17.269,2.14,-3.3,4.05,3.09,-4.57,69.2,157.53,446.25,69.2,157.53,-75.58,-89.27,-96.21,75.87,89.4,False,False,False,False,False,False,False,False,False,2026-10-08,生技醫療業,生技、製藥、醫療器材與健康服務（公司級產品待核驗）
6552,6552.TW,JMC,易華電,20.34,,TWSE LISTED,半導體業,24.5,24.6,24.7,24.45,27000,0.66,24.69,24.79,-0.77,-1.17,-0.41,-1.8,-2.39,38.0,64.8,188.55,38.0,64.8,-35.0,-61.88,-86.9,35.53,62.19,False,False,False,False,False,False,False,False,False,2026-10-08,半導體業,半導體／IC設計或製造（細分環節待核驗）
6556,6556.TWO,Topview,勝品,17.8,,TPEx LISTED,光電業,61.9,61.9,61.9,61.9,3000,0.19,61.58,61.66,0.52,0.39,-0.64,1.64,0.49,73.6,132.0,194.5,73.6,132.0,-15.9,-53.11,-68.17,15.9,53.11,False,False,False,False,False,False,False,False,False,2026-10-08,光電業,光電顯示／光學元件
6558,6558.TW,SYNergy,興能高,23.54,,TWSE LISTED,其他電子業,25.1,25.15,25.15,24.9,134000,3.36,25.23,25.12,-0.52,-0.08,0.6,-1.18,-0.99,41.55,67.2,83.6,41.55,67.2,-39.47,-62.57,-69.92,39.59,62.65,False,False,False,False,False,False,False,False,False,2026-10-08,其他電子業,其他電子：電子模組、感測器、電源與車用電子（公司級產品待核驗）
6560,6560.TWO,APPROPHO,欣普羅,10.98,,TPEx LISTED,光電業,32.8,33.05,33.05,32.7,66000,2.16,32.65,32.63,0.46,0.52,-0.76,5.13,0.61,46.7,54.8,90.47,46.7,54.8,-29.23,-39.69,-63.47,29.76,40.15,False,False,False,False,False,False,False,False,False,2026-10-08,光電業,光電顯示／光學元件
6561,6561.TWO,Chief,是方,240.5,,TPEx LISTED,通信網路業,308.5,310.0,310.0,307.5,113050,34.88,312.2,310.5,-1.19,-0.64,-1.44,-1.75,-0.64,390.0,546.0,546.0,390.0,546.0,-20.51,-43.22,-43.22,20.9,43.5,False,False,False,False,False,False,False,False,False,2026-10-08,通信網路業,通信網路／網通設備
6568,6568.TWO,Rafael Micro,宏觀,39.73,,TPEx LISTED,半導體業,129.0,134.0,134.5,129.0,295520,38.12,137.0,139.45,-5.84,-7.49,-7.53,-6.18,-7.86,283.0,283.0,426.5,283.0,283.0,-52.47,-52.47,-68.46,54.42,54.42,False,False,False,False,False,False,False,False,False,2026-10-08,半導體業,半導體／IC設計或製造（細分環節待核驗）
6569,6569.TWO,onyx,醫揚,39.14,,TPEx LISTED,生技醫療業,91.4,92.1,92.1,91.1,27010,2.47,91.5,91.73,-0.11,-0.36,0.44,-0.33,0.11,129.0,237.85,237.85,129.0,237.85,-28.6,-61.28,-61.28,29.15,61.57,False,False,False,False,False,False,False,False,False,2026-10-08,生技醫療業,生技、製藥、醫療器材與健康服務（公司級產品待核驗）
6570,6570.TWO,APLEX,維田,17.52,,TPEx LISTED,電腦及週邊設備業,47.2,47.05,47.35,46.8,72000,3.4,47.35,47.28,-0.32,-0.17,-0.42,-0.53,-0.74,65.5,78.0,78.0,65.5,78.0,-27.71,-39.29,-39.29,27.94,39.49,False,False,False,False,False,False,False,False,False,2026-10-08,電腦及週邊設備業,電腦、伺服器與企業硬體
6573,6573.TW,HY,虹揚-KY,12.84,,TWSE LISTED,半導體業,15.95,16.0,16.0,15.8,83000,1.32,16.12,16.125,-1.05,-1.09,0.31,-3.63,-2.15,29.8,29.8,82.02,29.8,29.8,-46.31,-46.31,-80.49,46.48,46.48,False,False,False,False,False,False,False,False,False,2026-10-08,半導體業,半導體／IC設計或製造（細分環節待核驗）
6574,6574.TWO,MIKOBEAUTE,霈方,27.05,,TPEx LISTED,生技醫療業,123.0,120.0,123.0,118.0,45050,5.54,120.4,119.7,2.16,2.76,2.5,2.5,3.8,154.0,154.0,175.0,154.0,154.0,-20.13,-20.13,-29.71,20.13,20.13,False,False,False,True,False,False,False,False,False,2026-10-08,生技醫療業,生技、製藥、醫療器材與健康服務（公司級產品待核驗）
6576,6576.TWO,Foresee,逸達,123.2,,TPEx LISTED,生技醫療業,78.2,78.3,79.0,78.2,39000,3.05,78.64,79.26,-0.56,-1.34,-1.01,-0.38,-1.14,88.3,107.5,139.45,88.3,107.5,-10.53,-26.51,-43.35,11.44,27.26,False,False,False,False,False,False,False,False,False,2026-10-08,生技醫療業,生技、製藥、醫療器材與健康服務（公司級產品待核驗）
6577,6577.TWO,PSC,勁豐,48.05,,TPEx LISTED,電腦及週邊設備業,80.0,80.3,80.3,79.5,13292,1.06,80.66,80.28,-0.82,-0.35,-0.62,-0.62,-0.62,96.8,138.0,138.0,96.8,138.0,-17.05,-41.81,-41.81,17.36,42.03,False,False,False,False,False,False,False,False,False,2026-10-08,電腦及週邊設備業,電腦、伺服器與企業硬體
6578,6578.TWO,DaBomb,達邦蛋白,11.98,,TPEx LISTED,農業科技業,16.65,16.35,16.95,16.35,43000,0.72,16.39,16.49,1.59,0.97,2.78,1.83,0.91,20.7,33.9,33.9,20.7,33.9,-18.12,-50.0,-50.0,19.57,50.88,False,False,False,True,False,False,False,False,False,2026-10-08,農業科技業,農業科技業（公司级产品待核验）
6579,6579.TW,AAEON,研揚,255.87,,TWSE LISTED,電腦及週邊設備業,151.0,154.0,154.0,150.0,320126,48.34,155.5,155.8,-2.89,-3.08,-1.31,-4.43,-5.92,189.5,193.38,225.77,189.5,193.38,-18.73,-20.36,-31.79,20.32,21.91,False,False,False,False,False,False,False,False,False,2026-10-08,電腦及週邊設備業,電腦、伺服器與企業硬體
6581,6581.TW,TSU,鋼聯,119.62,,TWSE LISTED,綠能環保,107.5,108.0,108.0,107.5,7005,0.75,108.3,108.35,-0.74,-0.78,-0.46,-0.46,-0.46,115.0,125.5,160.0,115.0,125.5,-6.09,-13.94,-32.5,6.52,14.34,False,False,False,False,False,False,False,True,False,2026-10-08,綠能環保,綠能、太陽能、儲能與環境工程（公司級產品待核驗）
6582,6582.TW,Shin Foong,申豐,33.76,,TWSE LISTED,橡膠工業,31.8,31.3,32.65,31.3,106621,3.39,31.46,31.23,1.08,1.83,1.6,1.44,1.6,38.6,76.5,373.0,38.6,76.5,-15.41,-57.32,-91.25,17.62,58.43,False,False,False,False,False,False,False,False,False,2026-10-08,橡膠工業,橡膠工業（公司级产品待核验）
6584,6584.TWO,NAN JUEN,南俊國際,379.03,,TPEx LISTED,電子零組件業,531.0,539.0,539.0,528.0,172200,91.44,538.4,539.2,-1.37,-1.52,-1.3,-1.85,0.0,855.0,855.0,855.0,855.0,855.0,-36.96,-36.96,-36.96,37.89,37.89,False,False,False,False,False,False,False,False,False,2026-10-08,電子零組件業,電子零組件：PCB、CCL、IC載板、連接器與被動元件（公司級品類待核驗）
6585,6585.TW,DingZing,鼎基,71.56,,TWSE LISTED,其他,99.2,101.0,102.0,98.6,619012,61.41,103.44,103.87,-4.1,-4.5,-5.52,-4.15,-3.22,151.5,237.5,237.5,151.5,237.5,-32.67,-57.05,-57.05,34.52,58.23,False,False,False,False,False,False,False,False,False,2026-10-08,其他,其他（公司级产品待核验）
6588,6588.TWO,EOC,東典光電,37.3,,TPEx LISTED,通信網路業,107.5,109.5,109.5,106.5,491336,52.82,110.3,110.15,-2.54,-2.41,-1.38,-3.59,-2.27,166.5,166.5,291.82,166.5,166.5,-34.23,-34.23,-62.48,35.44,35.44,False,False,False,False,False,False,False,False,False,2026-10-08,通信網路業,光電顯示／光學元件
6589,6589.TW,EirGenix,台康生技,154.96,,TWSE LISTED,生技醫療業,51.3,50.6,51.3,50.5,412001,21.14,50.86,51.7,0.87,-0.77,1.38,1.18,-2.1,67.6,111.0,195.0,67.6,111.0,-24.11,-53.78,-73.69,24.11,53.78,False,False,False,False,False,False,False,False,False,2026-10-08,生技醫療業,生技、製藥、醫療器材與健康服務（公司級產品待核驗）
6590,6590.TWO,Provision,普鴻,18.37,,TPEx LISTED,資訊服務業,64.0,64.0,64.3,63.5,15276,0.98,64.46,65.42,-0.71,-2.17,-0.47,-0.31,-1.69,75.0,79.77,82.04,75.0,79.77,-14.27,-19.39,-21.62,14.67,19.77,False,False,False,False,False,False,False,False,False,2026-10-08,資訊服務業,資訊服務、軟體、雲端與系統整合（公司級產品待核驗）
6591,6591.TW,SUN MAX,動力-KY,17.19,,TWSE LISTED,電腦及週邊設備業,41.8,41.75,42.0,41.7,43144,1.8,42.32,42.91,-1.23,-2.59,-1.07,-2.56,-3.02,77.3,101.21,121.55,77.3,101.21,-45.67,-58.5,-65.45,45.92,58.7,False,False,False,False,False,False,False,False,False,2026-10-08,電腦及週邊設備業,電腦、伺服器與企業硬體
6592,6592.TW,HOTAI FINANCE,和潤企業,363.93,,TWSE LISTED,其他,56.7,56.6,57.0,56.5,274560,15.57,56.14,56.71,1.0,-0.02,0.18,2.35,-0.53,65.44,118.27,140.5,65.44,118.27,-12.89,-51.81,-59.43,13.35,52.06,True,False,False,False,False,False,False,False,False,2026-10-08,其他,其他（公司级产品待核验）
6593,6593.TWO,TNP,台灣銘板,10.29,,TPEx LISTED,資訊服務業,32.3,32.2,32.4,31.7,18249,0.59,32.02,32.125,0.87,0.54,0.31,1.57,0.0,42.55,215.0,215.0,42.55,215.0,-23.85,-84.93,-84.93,24.09,84.98,True,False,True,True,False,False,False,False,False,2026-10-08,資訊服務業,資訊服務、軟體、雲端與系統整合（公司級產品待核驗）
6596,6596.TWO,KHAM Inc.,寬宏藝術,36.78,,TPEx LISTED,文化創意業,96.8,96.6,97.1,96.4,99000,9.58,96.58,96.81,0.23,-0.01,0.1,0.52,-0.41,155.0,181.0,181.0,155.0,181.0,-37.35,-46.35,-46.35,37.55,46.52,True,False,True,False,False,False,False,False,False,2026-10-08,文化創意業,文化創意業（公司级产品待核验）
6597,6597.TWO,ECOCERA,立誠,20.73,,TPEx LISTED,電子零組件業,69.0,64.6,69.0,64.6,17002,1.17,65.32,66.35,5.63,3.99,6.48,6.32,9.52,82.8,161.0,161.0,82.8,161.0,-16.67,-57.14,-57.14,16.67,57.14,False,False,False,True,False,False,False,False,False,2026-10-08,電子零組件業,電子零組件：PCB、CCL、IC載板、連接器與被動元件（公司級品類待核驗）
6598,6598.TW,Applied BioCode,ABC-KY,28.38,,TWSE LISTED,生技醫療業,27.6,27.6,28.1,27.15,500205,13.81,27.0,27.115,2.22,1.79,3.18,2.99,3.56,31.9,33.6,182.5,31.9,33.6,-11.91,-16.37,-84.6,13.48,17.86,False,False,False,False,False,False,False,False,False,2026-10-08,生技醫療業,生技、製藥、醫療器材與健康服務（公司級產品待核驗）
6603,6603.TWO,FCS,富強鑫,49.48,,TPEx LISTED,電機機械,29.55,28.8,29.85,28.7,3026329,89.43,28.85,28.66,2.43,3.11,2.6,4.42,-0.84,35.95,35.95,35.95,35.95,35.95,-16.97,-16.97,-16.97,17.8,17.8,True,False,False,False,False,False,False,False,False,2026-10-08,電機機械,電機機械、工業自動化與設備（公司級產品待核驗）
6604,6604.TWO,JUOKU,儒億,12.83,,TPEx LISTED,電機機械,25.3,25.25,25.4,25.25,169372,4.29,26.51,27.52,-4.56,-8.07,-0.2,-10.28,-10.76,40.4,40.4,40.4,40.4,40.4,-37.13,-37.13,-37.13,37.38,37.38,False,False,False,False,False,False,False,False,False,2026-10-08,電機機械,電機機械、工業自動化與設備（公司級產品待核驗）
6605,6605.TW,DEPO,帝寶,226.34,,TWSE LISTED,汽車工業,136.5,136.5,138.0,136.5,101350,13.83,136.2,137.25,0.22,-0.55,-0.73,0.74,-1.8,173.0,277.5,277.5,173.0,277.5,-20.23,-50.27,-50.27,21.1,50.81,False,False,False,False,False,False,False,False,False,2026-10-08,汽車工業,汽車整車、汽車零組件與車用電子（公司級產品待核驗）
6606,6606.TW,KENT,建德工業,26.97,,TWSE LISTED,電機機械,24.45,23.95,24.45,23.95,89000,2.18,24.5,24.725,-0.2,-1.11,0.82,-1.61,-2.2,28.45,37.8,37.8,28.45,37.8,-14.06,-35.32,-35.32,14.06,35.32,False,False,False,False,False,False,False,False,False,2026-10-08,電機機械,電機機械、工業自動化與設備（公司級產品待核驗）
6609,6609.TWO,TTT,瀧澤科,28.0,,TPEx LISTED,電機機械,38.65,39.15,39.15,38.05,50035,1.93,38.98,39.365,-0.85,-1.82,-0.9,-1.02,-2.28,50.0,126.5,126.5,50.0,126.5,-21.7,-69.05,-69.05,22.7,69.45,False,False,False,False,False,False,False,False,False,2026-10-08,電機機械,電機機械、工業自動化與設備（公司級產品待核驗）
6612,6612.TWO,ICARES,奈米醫材,37.58,,TPEx LISTED,生技醫療業,71.9,74.0,74.0,71.8,17022,1.22,73.48,73.23,-2.15,-1.82,-0.42,-3.1,-6.62,81.5,146.18,147.14,81.5,146.18,-9.2,-49.38,-49.71,11.78,50.81,False,False,False,False,False,False,False,False,False,2026-10-08,生技醫療業,生技、製藥、醫療器材與健康服務（公司級產品待核驗）
6613,6613.TWO,Novatech,朋億*,222.51,,TPEx LISTED,其他電子業,286.0,289.5,290.5,284.5,184000,52.62,285.3,278.85,0.25,2.56,-1.38,0.53,2.69,397.0,397.0,397.0,397.0,397.0,-26.83,-26.83,-26.83,27.96,27.96,False,False,False,False,False,False,False,False,False,2026-10-08,其他電子業,其他電子：電子模組、感測器、電源與車用電子（公司級產品待核驗）
6614,6614.TW,IISI,資拓宏宇,28.43,,TWSE LISTED,數位雲端,35.25,35.3,35.3,35.2,34000,1.2,35.47,35.425,-0.62,-0.49,-0.7,-0.14,-0.14,51.2,91.3,91.3,51.2,91.3,-31.05,-61.34,-61.34,31.15,61.39,False,False,False,False,False,False,False,False,False,2026-10-08,數位雲端,數位雲端、軟體服務與電子商務（公司級產品待核驗）
6615,6615.TWO,SOFIVA,慧智,7.2,,TPEx LISTED,生技醫療業,33.35,33.4,33.45,33.35,16000,0.53,33.53,33.605,-0.54,-0.76,0.15,-1.91,-0.45,40.0,86.0,155.0,40.0,86.0,-16.37,-61.1,-78.42,16.63,61.22,False,False,False,False,False,False,False,False,False,2026-10-08,生技醫療業,生技、製藥、醫療器材與健康服務（公司級產品待核驗）
6616,6616.TWO,TIL,特昇-KY,3.09,,TPEx LISTED,居家生活,8.73,8.54,8.73,8.36,8000,0.07,8.456,8.317,3.24,4.97,2.71,3.31,5.69,11.35,17.7,38.06,11.35,17.7,-23.08,-50.68,-77.06,23.08,50.68,False,False,False,False,False,False,False,False,False,2026-10-08,居家生活,居家用品、建材、家具與生活消費品（公司級產品待核驗）
6617,6617.TWO,Gongwin,共信-KY,151.73,,TPEx LISTED,生技醫療業,119.0,122.0,123.5,118.5,297400,35.39,125.2,130.85,-4.95,-9.06,-2.06,-6.67,-9.85,149.0,223.5,457.0,149.0,223.5,-17.11,-44.74,-72.98,20.13,46.76,False,False,False,False,False,False,False,False,False,2026-10-08,生技醫療業,生技、製藥、醫療器材與健康服務（公司級產品待核驗）
6620,6620.TWO,Handa Pharma,漢達,211.63,,TPEx LISTED,生技醫療業,127.5,126.5,133.0,126.0,2099200,267.65,135.0,135.05,-5.56,-5.59,2.0,-12.67,-11.76,155.0,206.0,217.57,155.0,206.0,-14.19,-35.44,-38.87,17.74,38.11,False,False,False,False,False,False,False,False,False,2026-10-08,生技醫療業,生技、製藥、醫療器材與健康服務（公司級產品待核驗）
6624,6624.TWO,EC,萬年清,8.66,,TPEx LISTED,綠能環保,38.35,38.0,38.35,36.7,13000,0.5,38.51,38.535,-0.42,-0.48,0.0,-2.91,0.92,72.7,75.0,86.47,72.7,75.0,-47.25,-48.87,-55.65,47.25,48.87,False,False,False,False,False,False,False,False,False,2026-10-08,綠能環保,綠能、太陽能、儲能與環境工程（公司級產品待核驗）
6625,6625.TW,Binlive,必應,42.84,,TWSE LISTED,其他,73.9,73.8,73.9,73.4,24041,1.78,73.74,73.84,0.22,0.08,0.14,0.27,-0.14,91.0,115.45,195.15,91.0,115.45,-18.79,-35.99,-62.13,18.79,35.99,False,False,True,True,False,False,False,False,False,2026-10-08,其他,其他（公司级产品待核验）
6629,6629.TWO,TK-KY,泰金-KY,38.76,,TPEx LISTED,居家生活,101.0,101.0,101.0,101.0,6000,0.61,102.3,102.9,-1.27,-1.85,0.5,-1.94,-2.42,137.0,160.0,160.0,137.0,160.0,-26.28,-36.88,-36.88,26.28,36.88,False,False,False,False,False,False,False,False,False,2026-10-08,居家生活,居家用品、建材、家具與生活消費品（公司級產品待核驗）
6637,6637.TWO,MIC,醫影,15.01,,TPEx LISTED,生技醫療業,56.0,55.5,56.4,55.0,83000,4.65,54.16,54.1,3.4,3.51,2.94,4.87,3.9,83.0,152.0,152.0,83.0,152.0,-32.05,-62.89,-62.89,32.53,63.16,True,False,False,False,False,False,False,False,False,2026-10-08,生技醫療業,生技、製藥、醫療器材與健康服務（公司級產品待核驗）
6640,6640.TWO,GMM,均華,303.57,,TPEx LISTED,半導體業,1050.0,1075.0,1085.0,1050.0,178026,186.93,1111.0,1080.5,-5.49,-2.82,-2.78,-9.87,-5.41,1860.0,1860.0,1860.0,1860.0,1860.0,-41.67,-41.67,-41.67,43.55,43.55,False,False,False,False,False,False,False,False,False,2026-10-08,半導體業,半導體／IC設計或製造（細分環節待核驗）
6641,6641.TW,GSD-KY,基士德-KY,6.3,,TWSE LISTED,綠能環保,17.25,17.6,17.6,17.15,7000,0.12,17.09,17.0,0.94,1.47,0.58,1.17,2.07,28.3,45.3,85.54,28.3,45.3,-37.81,-61.15,-79.42,39.05,61.92,False,False,False,False,False,False,False,False,False,2026-10-08,綠能環保,綠能、太陽能、儲能與環境工程（公司級產品待核驗）
6642,6642.TWO,FUZETEC,富致,29.02,,TPEx LISTED,電子零組件業,77.6,78.2,79.5,77.6,235100,18.24,80.48,80.48,-3.58,-3.58,-1.9,-5.48,-6.51,101.0,101.0,108.13,101.0,101.0,-21.29,-21.29,-26.48,23.17,23.17,False,False,False,False,False,False,False,False,False,2026-10-08,電子零組件業,電子零組件：PCB、CCL、IC載板、連接器與被動元件（公司級品類待核驗）
6643,6643.TWO,M31,M31,208.41,,TPEx LISTED,半導體業,489.0,497.0,502.0,489.0,388796,190.12,503.8,509.15,-2.94,-3.96,-1.81,-3.74,-6.14,730.0,1745.79,1745.79,730.0,1745.79,-31.23,-71.25,-71.25,33.01,71.99,False,False,False,False,False,False,False,False,False,2026-10-08,半導體業,半導體／IC設計或製造（細分環節待核驗）
6645,6645.TW,KIM FOREST,金萬林-創,8.22,,TWSE LISTED,生技醫療業,13.5,13.1,13.5,13.1,216362,2.92,12.84,12.73,5.14,6.05,9.76,5.88,5.88,18.5,48.1,78.64,18.5,48.1,-27.03,-71.93,-82.83,27.03,71.93,False,False,False,False,False,False,False,False,False,2026-10-08,生技醫療業,生技、製藥、醫療器材與健康服務（公司級產品待核驗）
6649,6649.TWO,TWBM,台生材,15.37,,TPEx LISTED,生技醫療業,36.6,36.15,36.6,36.1,14000,0.51,36.98,36.865,-1.03,-0.72,1.24,-1.48,-1.61,52.5,80.4,80.4,52.5,80.4,-30.29,-54.48,-54.48,30.29,54.48,False,False,False,False,False,False,False,False,False,2026-10-08,生技醫療業,生技、製藥、醫療器材與健康服務（公司級產品待核驗）
6651,6651.TWO,CYSTEK,全宇昕,48.96,,TPEx LISTED,半導體業,141.5,142.0,146.5,141.0,227000,32.12,149.2,149.15,-5.16,-5.13,-0.7,-9.29,-4.07,177.5,177.5,177.5,177.5,177.5,-17.46,-17.46,-17.46,20.28,20.28,False,False,False,False,False,False,False,False,False,2026-10-08,半導體業,半導體／IC設計或製造（細分環節待核驗）
6654,6654.TWO,TZI,天正國際,89.3,,TPEx LISTED,其他電子業,218.0,217.0,220.0,215.0,19000,4.14,218.6,210.55,-0.27,3.54,0.46,-0.46,3.81,242.0,242.0,242.0,242.0,242.0,-9.09,-9.09,-9.09,9.92,9.92,False,False,False,False,False,False,False,True,True,2026-10-08,其他電子業,其他電子：電子模組、感測器、電源與車用電子（公司級產品待核驗）
6655,6655.TW,KD,科定,101.12,,TWSE LISTED,其他,125.5,124.5,129.5,124.5,49000,6.15,127.5,126.1,-1.57,-0.48,-2.33,0.0,0.4,141.0,158.0,176.0,141.0,158.0,-8.16,-18.04,-26.42,10.99,20.57,False,False,False,False,False,False,False,False,False,2026-10-08,其他,其他（公司级产品待核验）
6657,6657.TW,ENERGENESIS,華安,30.95,,TWSE LISTED,生技醫療業,34.85,34.4,35.0,33.5,184153,6.42,33.67,33.215,3.5,4.92,4.34,5.61,6.9,59.7,85.6,100.92,59.7,85.6,-41.37,-59.11,-65.32,41.62,59.29,False,False,False,False,False,False,False,False,False,2026-10-08,生技醫療業,生技、製藥、醫療器材與健康服務（公司級產品待核驗）
6658,6658.TW,SynPower,聯策,82.3,,TWSE LISTED,其他電子業,214.5,198.5,222.0,198.5,2554676,547.98,200.4,190.1,7.04,12.84,5.93,7.25,18.51,260.0,260.0,260.0,260.0,260.0,-14.62,-14.62,-14.62,17.5,17.5,False,False,False,False,False,False,False,False,False,2026-10-08,其他電子業,其他電子：電子模組、感測器、電源與車用電子（公司級產品待核驗）
6661,6661.TWO,WELGENE,威健生技,4.01,,TPEx LISTED,生技醫療業,17.2,17.2,17.2,17.2,0,0.0,16.83,16.47,2.2,4.43,0.0,3.61,6.17,20.35,39.4,41.5,20.35,39.4,-15.48,-56.35,-58.55,15.48,56.35,False,False,False,False,False,False,False,False,False,2026-10-08,生技醫療業,生技、製藥、醫療器材與健康服務（公司級產品待核驗）
6662,6662.TWO,BioLASCO,樂斯科,7.3,,TPEx LISTED,生技醫療業,28.5,28.5,28.5,28.5,0,0.0,28.54,28.52,-0.14,-0.07,0.0,-0.35,0.0,32.4,41.0,71.09,32.4,41.0,-12.04,-30.49,-59.91,12.04,30.49,False,False,False,False,False,False,False,False,False,2026-10-08,生技醫療業,生技、製藥、醫療器材與健康服務（公司級產品待核驗）
6664,6664.TWO,Group Up,群翊,228.4,,TPEx LISTED,電子零組件業,373.5,374.0,376.5,370.5,209113,78.1,380.2,372.3,-1.76,0.32,-1.19,-2.99,0.54,497.5,497.5,497.5,497.5,497.5,-24.32,-24.32,-24.32,24.92,24.92,False,False,False,False,False,False,False,False,False,2026-10-08,電子零組件業,電子零組件：PCB、CCL、IC載板、連接器與被動元件（公司級品類待核驗）
6666,6666.TW,LLF-KY,羅麗芬-KY,20.85,,TWSE LISTED,生技醫療業,44.0,43.2,44.0,43.2,15000,0.66,44.76,45.095,-1.7,-2.43,-0.11,-2.98,-4.24,47.0,75.2,216.0,47.0,75.2,-6.38,-41.49,-79.63,6.38,41.49,False,False,False,False,False,False,False,True,False,2026-10-08,生技醫療業,生技、製藥、醫療器材與健康服務（公司級產品待核驗）
6667,6667.TWO,Trusval,信紘科,139.46,,TPEx LISTED,其他電子業,283.0,280.0,285.0,273.5,836708,236.79,269.3,265.15,5.09,6.73,1.62,6.99,8.43,302.5,310.0,310.0,302.5,310.0,-5.79,-8.06,-8.06,6.45,8.71,False,False,False,False,False,False,False,True,True,2026-10-08,其他電子業,其他電子：電子模組、感測器、電源與車用電子（公司級產品待核驗）
6668,6668.TW,Zhong Yang,中揚光,54.74,,TWSE LISTED,光電業,51.1,50.6,53.0,50.2,4464165,228.12,49.68,48.47,2.86,5.43,1.79,5.91,8.49,54.1,79.7,253.55,54.1,79.7,-2.03,-33.5,-79.1,5.55,35.88,False,False,False,False,False,False,False,True,False,2026-10-08,光電業,光電顯示／光學元件
6669,6669.TW,Wiwynn,緯穎,12548.47,,TWSE LISTED,電腦及週邊設備業,2240.0,2230.0,2270.0,2200.0,2004552,4490.2,2201.0,2152.5,1.77,4.07,0.0,4.19,6.16,2875.0,2875.0,2875.0,2875.0,2875.0,-21.04,-21.04,-21.04,22.09,22.09,False,False,False,False,False,False,False,False,False,2026-10-08,電腦及週邊設備業,電腦、伺服器與企業硬體
6670,6670.TW,FSP,復盛應用,388.89,,TWSE LISTED,運動休閒,279.0,274.0,280.0,274.0,305264,85.17,272.7,272.55,2.31,2.37,1.82,3.33,2.95,304.5,383.5,383.5,304.5,383.5,-8.05,-26.99,-26.99,8.37,27.25,False,False,False,False,False,False,False,True,False,2026-10-08,運動休閒,運動休閒（公司级产品待核验）
6671,6671.TW,San Neng-KY,三能-KY,14.0,,TWSE LISTED,居家生活,23.05,23.1,23.3,23.0,24000,0.55,23.08,22.935,-0.13,0.5,0.0,-1.07,0.88,40.4,48.15,53.0,40.4,48.15,-42.33,-51.61,-56.04,42.95,52.13,False,False,False,False,False,False,False,False,False,2026-10-08,居家生活,居家用品、建材、家具與生活消費品（公司級產品待核驗）
6672,6672.TW,Ventec,騰輝電子-KY,452.99,,TWSE LISTED,電子零組件業,555.0,505.0,555.0,505.0,3668564,2036.05,481.9,416.4,15.17,33.29,9.9,23.06,36.87,505.0,505.0,505.0,555.0,555.0,9.9,9.9,9.9,0.0,0.0,True,True,False,False,True,True,True,True,True,2026-10-08,電子零組件業,電子零組件：PCB、CCL、IC載板、連接器與被動元件（公司級品類待核驗）
6674,6674.TW,CBN,鋐寶科技,12.52,,TWSE LISTED,通信網路業,18.35,18.3,18.35,18.25,74000,1.36,18.31,18.315,0.22,0.19,0.27,0.27,0.0,22.15,32.45,56.5,22.15,32.45,-17.16,-43.45,-67.52,17.16,43.45,False,False,False,True,False,False,False,False,False,2026-10-08,通信網路業,通信網路／網通設備
6679,6679.TWO,ZILLTEK,鈺太,108.03,,TPEx LISTED,半導體業,196.5,198.0,199.0,196.0,158015,31.05,202.3,203.2,-2.87,-3.3,-1.26,-4.84,-3.91,352.5,499.0,499.0,352.5,499.0,-43.55,-60.12,-60.12,44.26,60.62,False,False,False,False,False,False,False,False,False,2026-10-08,半導體業,半導體／IC設計或製造（細分環節待核驗）
6680,6680.TWO,SINTRONES,鑫創電子,12.56,,TPEx LISTED,電腦及週邊設備業,50.1,50.1,50.1,50.1,0,0.0,50.8,51.65,-1.38,-3.0,0.0,-2.72,-2.72,70.88,114.57,114.57,70.88,114.57,-29.31,-56.27,-56.27,29.31,56.27,False,False,False,False,False,False,False,False,False,2026-10-08,電腦及週邊設備業,電腦、伺服器與企業硬體
6683,6683.TWO,KSMT,雍智科技,389.87,,TPEx LISTED,半導體業,1415.0,1425.0,1455.0,1410.0,597597,845.6,1459.0,1501.0,-3.02,-5.73,-2.08,-1.74,-10.16,2565.0,2565.0,2565.0,2565.0,2565.0,-43.27,-43.27,-43.27,44.83,44.83,False,False,False,False,False,False,False,False,False,2026-10-08,半導體業,半導體／IC設計或製造（細分環節待核驗）
6684,6684.TWO,AlgolTek,安格,21.41,,TPEx LISTED,半導體業,48.05,48.0,48.35,47.85,34129,1.64,48.89,49.37,-1.72,-2.67,-0.83,-2.04,-4.09,66.7,135.5,227.23,66.7,135.5,-27.51,-64.32,-78.72,27.96,64.54,False,False,False,False,False,False,False,False,False,2026-10-08,半導體業,半導體／IC設計或製造（細分環節待核驗）
6689,6689.TW,ECV,伊雲谷,42.57,,TWSE LISTED,數位雲端,62.6,62.3,62.9,62.2,105070,6.58,63.18,63.72,-0.92,-1.76,-0.16,-0.79,-2.49,88.5,141.5,425.0,88.5,141.5,-28.93,-55.55,-85.2,29.27,55.76,False,False,False,False,False,False,False,False,False,2026-10-08,數位雲端,數位雲端、軟體服務與電子商務（公司級產品待核驗）
6690,6690.TWO,ACSI,安碁資訊,53.4,,TPEx LISTED,數位雲端,178.0,177.0,180.0,177.0,101035,17.98,177.1,177.45,0.51,0.31,0.0,0.56,0.56,201.0,280.5,280.5,201.0,280.5,-10.45,-35.83,-35.83,11.44,36.54,False,False,True,True,False,False,False,False,False,2026-10-08,數位雲端,數位雲端、軟體服務與電子商務（公司級產品待核驗）
6691,6691.TW,YANKEY,洋基工程,1053.69,,TWSE LISTED,其他電子業,789.0,781.0,794.0,772.0,822272,648.77,777.4,730.6,1.49,7.99,1.68,-0.63,7.64,794.0,794.0,794.0,794.0,794.0,0.0,0.0,0.0,0.63,0.63,False,False,False,False,False,False,False,True,True,2026-10-08,其他電子業,其他電子：電子模組、感測器、電源與車用電子（公司級產品待核驗）
6692,6692.TWO,AES,進能服,13.42,,TPEx LISTED,綠能環保,22.8,23.1,23.3,22.35,19000,0.43,22.7,22.885,0.44,-0.37,0.88,-1.94,-1.08,33.5,55.36,55.36,33.5,55.36,-30.45,-57.91,-57.91,31.94,58.81,False,False,False,False,False,False,False,False,False,2026-10-08,綠能環保,綠能、太陽能、儲能與環境工程（公司級產品待核驗）
6693,6693.TWO,inergy,廣閎科,89.84,,TPEx LISTED,半導體業,196.5,195.0,200.5,195.0,548150,107.71,204.2,206.95,-3.77,-5.05,-0.25,-8.82,-7.53,280.0,280.0,280.0,280.0,280.0,-28.39,-28.39,-28.39,29.82,29.82,False,False,False,False,False,False,False,False,False,2026-10-08,半導體業,半導體／IC設計或製造（細分環節待核驗）
6695,6695.TW,iCatchtek,芯鼎,54.44,,TWSE LISTED,半導體業,50.9,52.3,52.8,50.3,495004,25.2,52.32,52.61,-2.71,-3.25,-0.97,-3.42,-8.12,69.0,99.5,99.5,69.0,99.5,-23.48,-46.93,-46.93,26.23,48.84,False,False,False,False,False,False,False,False,False,2026-10-08,半導體業,半導體／IC設計或製造（細分環節待核驗）
6697,6697.TWO,ITTS,東捷資訊,11.15,,TPEx LISTED,資訊服務業,40.8,41.3,41.5,40.75,26000,1.06,41.04,41.105,-0.58,-0.74,-0.73,-0.73,-0.73,48.95,66.0,80.0,48.95,66.0,-15.22,-37.12,-48.12,16.65,38.18,False,False,False,False,False,False,False,False,False,2026-10-08,資訊服務業,資訊服務、軟體、雲端與系統整合（公司級產品待核驗）
6698,6698.TW,FINEMAT,旭暉應材,20.98,,TWSE LISTED,其他電子業,31.6,31.55,31.8,31.45,52000,1.64,31.54,32.045,0.19,-1.39,-0.94,0.8,-2.02,48.45,61.0,103.49,48.45,61.0,-34.37,-47.87,-69.27,34.78,48.2,False,False,True,False,False,False,False,False,False,2026-10-08,其他電子業,其他電子：電子模組、感測器、電源與車用電子（公司級產品待核驗）
6703,6703.TWO,SHINY,軒郁,36.57,,TPEx LISTED,生技醫療業,99.9,99.8,100.0,99.8,26001,2.6,100.26,100.28,-0.36,-0.38,-0.6,-0.6,-0.6,112.27,264.98,264.98,112.27,264.98,-10.93,-62.26,-62.26,11.02,62.3,False,False,False,False,False,False,False,False,False,2026-10-08,生技醫療業,生技、製藥、醫療器材與健康服務（公司級產品待核驗）
6706,6706.TW,FitTech,惠特,119.0,,TWSE LISTED,光電業,151.5,151.0,153.5,149.0,1493444,226.26,151.9,150.2,-0.26,0.87,-1.62,0.0,-1.94,225.0,225.0,259.0,225.0,225.0,-31.78,-31.78,-40.73,32.67,32.67,False,False,False,False,False,False,False,False,False,2026-10-08,光電業,光電顯示／光學元件
6708,6708.TWO,MARS,天擎,20.07,,TPEx LISTED,半導體業,69.2,69.5,69.9,67.2,484566,33.53,68.32,57.89,1.29,19.54,1.02,0.87,21.83,75.4,75.4,184.77,75.4,75.4,-7.29,-7.29,-62.17,8.22,8.22,False,False,False,False,False,False,False,True,True,2026-10-08,半導體業,半導體／IC設計或製造（細分環節待核驗）
6712,6712.TWO,Ever Supreme,長聖,162.29,,TPEx LISTED,生技醫療業,161.5,162.0,162.0,160.0,176224,28.46,160.8,161.1,0.44,0.25,0.0,0.94,-0.31,184.0,186.15,322.75,184.0,186.15,-11.96,-12.97,-49.81,12.23,13.24,False,False,True,True,False,False,False,False,False,2026-10-08,生技醫療業,生技、製藥、醫療器材與健康服務（公司級產品待核驗）
6715,6715.TW,Lintes,嘉基,316.79,,TWSE LISTED,電子零組件業,464.0,482.5,495.0,464.0,1277299,592.67,472.2,463.6,-1.74,0.09,-4.33,-3.43,2.43,569.0,569.0,569.0,569.0,569.0,-13.01,-13.01,-13.01,18.45,18.45,False,False,False,False,False,False,False,False,False,2026-10-08,電子零組件業,電子零組件：PCB、CCL、IC載板、連接器與被動元件（公司級品類待核驗）
6716,6716.TWO,PDK,應廣,41.88,,TPEx LISTED,半導體業,138.5,138.5,138.5,138.5,400173,55.42,138.4,127.05,0.07,9.01,-9.77,4.14,17.87,160.0,160.0,199.17,160.0,160.0,-13.44,-13.44,-30.46,13.44,13.44,False,False,False,False,False,False,False,False,False,2026-10-08,半導體業,半導體／IC設計或製造（細分環節待核驗）
6719,6719.TW,uPI,力智,202.59,,TWSE LISTED,半導體業,192.0,187.5,194.5,187.5,1771076,340.05,190.3,187.7,0.89,2.29,1.32,0.26,2.13,326.5,326.5,1015.0,326.5,326.5,-40.43,-40.43,-80.84,41.19,41.19,False,False,False,True,False,False,False,False,False,2026-10-08,半導體業,半導體／IC設計或製造（細分環節待核驗）
6720,6720.TWO,MP,久昌,35.36,,TPEx LISTED,半導體業,117.0,123.0,125.0,117.0,66000,7.72,123.3,125.45,-5.11,-6.74,-6.02,-6.02,-7.51,182.0,240.5,240.5,182.0,240.5,-31.32,-48.02,-48.02,35.71,51.35,False,False,False,False,False,False,False,False,False,2026-10-08,半導體業,半導體／IC設計或製造（細分環節待核驗）
6721,6721.TWO,Sincere group,信實,11.88,,TPEx LISTED,其他,48.5,48.5,48.65,48.5,23009,1.12,49.45,49.785,-1.92,-2.58,-1.02,-3.39,-3.39,62.9,65.0,75.2,62.9,65.0,-22.66,-25.15,-35.31,22.89,25.38,False,False,False,False,False,False,False,False,False,2026-10-08,其他,其他（公司级产品待核验）
6722,6722.TW,Whetron,輝創,29.3,,TWSE LISTED,其他電子業,33.15,33.0,33.2,32.8,36040,1.19,32.95,32.705,0.61,1.36,0.45,0.3,2.0,58.2,71.3,71.3,58.2,71.3,-42.96,-53.44,-53.44,43.04,53.51,False,False,False,False,False,False,False,False,False,2026-10-08,其他電子業,其他電子：電子模組、感測器、電源與車用電子（公司級產品待核驗）
6725,6725.TWO,CHCT,矽科宏晟,79.27,,TPEx LISTED,其他電子業,213.5,218.0,218.5,212.5,107001,22.84,218.9,218.3,-2.47,-2.2,-1.61,-4.26,-3.39,424.0,424.0,424.0,424.0,424.0,-48.47,-48.47,-48.47,49.65,49.65,False,False,False,False,False,False,False,False,False,2026-10-08,其他電子業,其他電子：電子模組、感測器、電源與車用電子（公司級產品待核驗）
6727,6727.TWO,AMI,亞泰金屬,142.49,,TPEx LISTED,電子零組件業,530.0,525.0,534.0,517.0,764305,405.08,526.2,505.7,0.72,4.81,0.76,-0.19,8.61,697.0,697.0,697.0,697.0,697.0,-23.39,-23.39,-23.39,23.96,23.96,False,False,False,False,False,False,False,False,False,2026-10-08,電子零組件業,電子零組件：PCB、CCL、IC載板、連接器與被動元件（公司級品類待核驗）
6728,6728.TWO,UP YOUNG,上洋,32.68,,TPEx LISTED,居家生活,108.5,108.5,109.0,108.5,12066,1.31,108.6,108.6,-0.09,-0.09,-0.46,0.0,-0.46,145.5,192.0,193.5,145.5,192.0,-25.09,-43.23,-43.67,25.43,43.49,False,False,False,False,False,False,False,False,False,2026-10-08,居家生活,居家用品、建材、家具與生活消費品（公司級產品待核驗）
6730,6730.TWO,LAGIS,常廣,11.98,,TPEx LISTED,生技醫療業,33.0,33.0,33.0,33.0,2000,0.07,32.11,32.115,2.77,2.76,3.45,3.61,2.48,40.0,52.2,81.4,40.0,52.2,-17.5,-36.78,-59.46,17.5,36.78,False,False,False,False,False,False,False,False,False,2026-10-08,生技醫療業,生技、製藥、醫療器材與健康服務（公司級產品待核驗）
6732,6732.TWO,sensortek,昇佳電子,74.35,,TPEx LISTED,半導體業,152.0,153.0,153.0,151.5,37040,5.63,153.0,151.75,-0.65,0.16,-0.65,-0.98,0.0,217.0,542.0,948.0,217.0,542.0,-29.49,-71.77,-83.86,29.95,71.96,False,False,False,False,False,False,False,False,False,2026-10-08,半導體業,半導體／IC設計或製造（細分環節待核驗）
6733,6733.TWO,BioGend,博晟生醫,33.44,,TPEx LISTED,生技醫療業,24.9,24.8,24.95,24.7,22000,0.55,24.8,24.93,0.4,-0.12,0.2,1.22,-0.2,42.0,49.15,49.65,42.0,49.15,-40.6,-49.24,-49.75,40.71,49.34,False,False,True,False,False,False,False,False,False,2026-10-08,生技醫療業,生技、製藥、醫療器材與健康服務（公司級產品待核驗）
6735,6735.TWO,AMIDA,美達科技,28.91,,TPEx LISTED,其他電子業,62.6,63.2,63.2,62.1,44000,2.75,64.9,65.11,-3.54,-3.86,-0.95,-5.58,-6.29,149.5,149.5,149.5,149.5,149.5,-57.73,-57.73,-57.73,58.13,58.13,False,False,False,False,False,False,False,False,False,2026-10-08,其他電子業,其他電子：電子模組、感測器、電源與車用電子（公司級產品待核驗）
6739,6739.TWO,GUTC,竹陞科技,252.64,,TPEx LISTED,其他電子業,1080.0,1095.0,1100.0,1055.0,139023,150.14,1118.0,1112.5,-3.4,-2.92,-1.82,-4.0,-2.26,1760.0,1760.0,1760.0,1760.0,1760.0,-37.5,-37.5,-37.5,38.64,38.64,False,False,False,False,False,False,False,False,False,2026-10-08,其他電子業,其他電子：電子模組、感測器、電源與車用電子（公司級產品待核驗）
6741,6741.TWO,91APP,91APP*-KY,65.35,,TPEx LISTED,數位雲端,54.2,54.3,54.8,53.8,272100,14.75,54.58,54.99,-0.7,-1.44,0.0,-1.28,-2.52,75.7,118.0,427.0,75.7,118.0,-27.61,-53.56,-87.17,28.4,54.07,False,False,False,False,False,False,False,False,False,2026-10-08,數位雲端,數位雲端、軟體服務與電子商務（公司級產品待核驗）
6742,6742.TW,Vti,澤米,41.26,,TWSE LISTED,光電業,57.9,59.3,60.4,57.0,1137328,65.85,58.9,57.05,-1.7,1.49,-3.34,-3.82,4.14,74.9,93.8,145.58,74.9,93.8,-19.36,-35.61,-58.51,22.7,38.27,False,False,False,False,False,False,False,False,False,2026-10-08,光電業,光電顯示／光學元件
6743,6743.TW,AMPACS,安普新,53.25,,TWSE LISTED,其他電子業,35.5,35.8,35.95,34.1,784149,27.84,35.59,33.535,-0.25,5.86,-0.7,-0.28,5.97,37.45,76.8,152.12,37.45,76.8,-4.01,-53.19,-76.37,5.21,53.78,False,False,False,False,False,False,False,True,False,2026-10-08,其他電子業,其他電子：電子模組、感測器、電源與車用電子（公司級產品待核驗）
6751,6751.TWO,AST,智聯服務,11.41,,TPEx LISTED,資訊服務業,51.4,51.5,53.4,50.4,328008,16.86,46.72,45.475,10.02,13.03,5.33,15.64,16.82,71.1,91.9,149.42,71.1,91.9,-24.89,-41.89,-64.26,27.71,44.07,False,False,False,False,False,False,False,False,False,2026-10-08,資訊服務業,資訊服務、軟體、雲端與系統整合（公司級產品待核驗）
6752,6752.TWO,GSS,叡揚,37.11,,TPEx LISTED,資訊服務業,97.0,97.0,97.0,96.7,14259,1.38,96.68,96.4,0.33,0.62,0.31,0.41,0.83,126.21,190.94,190.94,126.21,190.94,-23.15,-49.2,-49.2,23.15,49.2,False,False,False,False,False,False,False,False,False,2026-10-08,資訊服務業,資訊服務、軟體、雲端與系統整合（公司級產品待核驗）
6753,6753.TW,LUNGTEH,龍德造船,153.6,,TWSE LISTED,航運業,131.0,131.5,132.0,130.5,241073,31.58,131.4,132.0,-0.3,-0.76,0.0,0.0,-1.5,169.0,214.0,214.0,169.0,214.0,-21.89,-38.32,-38.32,22.49,38.79,False,False,False,False,False,False,False,False,False,2026-10-08,航運業,海運、航空、港口與物流運輸（公司級業務待核驗）
6754,6754.TW,Rich Honour,匯僑設計,27.39,,TWSE LISTED,居家生活,41.5,40.5,41.5,40.5,27020,1.12,41.21,41.345,0.7,0.37,2.47,1.22,1.22,48.3,94.9,94.9,48.3,94.9,-14.08,-56.27,-56.27,14.08,56.27,False,False,False,True,False,False,False,False,False,2026-10-08,居家生活,居家用品、建材、家具與生活消費品（公司級產品待核驗）
6756,6756.TW,VLI,威鋒電子,68.31,,TWSE LISTED,半導體業,97.6,97.1,98.0,96.0,104000,10.15,97.56,97.93,0.04,-0.34,-0.31,-0.61,-0.41,115.5,296.0,625.0,115.5,296.0,-15.15,-66.89,-84.32,15.5,67.03,False,False,True,False,False,False,False,False,False,2026-10-08,半導體業,半導體／IC設計或製造（細分環節待核驗）
6757,6757.TW,TTW,台灣虎航,244.93,,TWSE LISTED,航運業,53.3,53.7,53.7,53.0,212145,11.31,53.12,53.39,0.34,-0.17,0.19,0.57,-0.19,73.0,109.0,109.0,73.0,109.0,-26.44,-50.73,-50.73,26.99,51.1,False,False,True,False,False,False,False,False,False,2026-10-08,航運業,海運、航空、港口與物流運輸（公司級業務待核驗）
6761,6761.TWO,Wendell,穩得,58.2,,TPEx LISTED,電子零組件業,166.5,167.0,167.5,165.5,94440,15.72,168.0,165.9,-0.89,0.36,-1.19,-1.77,1.22,239.0,239.0,239.0,239.0,239.0,-29.92,-29.92,-29.92,30.33,30.33,False,False,False,False,False,False,False,False,False,2026-10-08,電子零組件業,電子零組件：PCB、CCL、IC載板、連接器與被動元件（公司級品類待核驗）
6762,6762.TWO,Delta Asia,達亞,57.61,,TPEx LISTED,生技醫療業,156.0,156.0,156.0,156.0,0,0.0,157.0,157.85,-0.64,-1.17,0.0,0.0,0.0,188.57,241.41,241.41,188.57,241.41,-17.27,-35.38,-35.38,17.27,35.38,False,False,False,False,False,False,False,False,False,2026-10-08,生技醫療業,生技、製藥、醫療器材與健康服務（公司級產品待核驗）
6763,6763.TWO,Green World,綠界科技*,76.47,,TPEx LISTED,數位雲端,41.55,41.6,41.7,41.5,90050,3.74,41.33,41.355,0.53,0.47,0.12,1.09,0.85,58.6,96.8,138.1,58.6,96.8,-28.84,-56.92,-69.8,29.1,57.08,False,False,False,False,False,False,False,False,False,2026-10-08,數位雲端,數位雲端、軟體服務與電子商務（公司級產品待核驗）
6767,6767.TWO,Wiltrom,台微醫,9.6,,TPEx LISTED,生技醫療業,24.5,24.0,24.5,24.0,12000,0.29,24.32,24.405,0.74,0.39,0.0,0.2,-0.41,30.25,42.9,52.0,30.25,42.9,-19.01,-42.89,-52.88,19.01,42.89,False,False,True,True,False,False,False,False,False,2026-10-08,生技醫療業,生技、製藥、醫療器材與健康服務（公司級產品待核驗）
6768,6768.TW,SPG-KY,志強-KY,127.66,,TWSE LISTED,運動休閒,63.8,64.5,64.8,63.7,153010,9.76,63.84,63.34,-0.06,0.73,-1.69,1.11,0.79,109.5,173.5,173.5,109.5,173.5,-40.82,-62.65,-62.65,41.74,63.23,False,False,False,False,False,False,False,False,False,2026-10-08,運動休閒,運動休閒（公司级产品待核验）
6770,6770.TW,PSMC,力積電,3402.12,,TWSE LISTED,半導體業,72.2,73.5,75.4,72.0,113407340,8188.01,74.28,73.86,-2.8,-2.25,-0.55,-4.75,-3.09,94.5,94.5,94.5,94.5,94.5,-20.21,-20.21,-20.21,23.6,23.6,False,False,False,False,False,False,False,False,False,2026-10-08,半導體業,半導體／IC設計或製造（細分環節待核驗）
6771,6771.TW,PHET,平和環保-創,13.31,,TWSE LISTED,綠能環保,42.7,42.1,42.7,42.1,45000,1.92,42.54,42.41,0.38,0.68,0.95,0.47,-0.7,48.75,90.2,95.24,48.75,90.2,-12.41,-52.66,-55.17,12.41,52.66,False,False,False,True,False,False,False,False,False,2026-10-08,綠能環保,綠能、太陽能、儲能與環境工程（公司級產品待核驗）
6776,6776.TW,Weblink,展碁國際,48.54,,TWSE LISTED,電子通路業,53.0,52.3,53.0,52.3,48420,2.57,52.54,52.49,0.88,0.97,1.15,1.15,0.38,75.5,75.5,75.5,75.5,75.5,-29.8,-29.8,-29.8,29.8,29.8,False,False,False,True,False,False,False,False,False,2026-10-08,電子通路業,電子通路、半導體代理與零組件分銷（公司級代理品類待核驗）
6781,6781.TW,AES-KY,AES-KY,871.27,,TWSE LISTED,電子零組件業,1020.0,1025.0,1035.0,1010.0,298429,304.4,1029.0,1022.0,-0.87,-0.2,-0.49,-2.86,-0.49,1370.0,1555.0,2015.0,1370.0,1555.0,-24.45,-33.44,-48.64,25.55,34.41,False,False,False,False,False,False,False,False,False,2026-10-08,電子零組件業,電子零組件：PCB、CCL、IC載板、連接器與被動元件（公司級品類待核驗）
6782,6782.TW,VISCO,視陽,144.9,,TWSE LISTED,生技醫療業,230.0,232.5,232.5,229.0,90000,20.7,231.8,234.65,-0.78,-1.98,-1.08,0.44,-3.16,256.0,304.5,388.5,256.0,304.5,-9.18,-23.65,-40.15,10.16,24.47,False,False,False,False,False,False,False,False,False,2026-10-08,生技醫療業,生技、製藥、醫療器材與健康服務（公司級產品待核驗）
6785,6785.TWO,Alar,昱展新藥,58.85,,TPEx LISTED,生技醫療業,88.1,90.3,90.5,88.1,77001,6.78,92.22,94.54,-4.47,-6.81,-2.97,-6.67,-7.56,313.0,465.0,465.0,313.0,465.0,-71.09,-80.54,-80.54,71.85,81.05,False,False,False,False,False,False,False,False,False,2026-10-08,生技醫療業,生技、製藥、醫療器材與健康服務（公司級產品待核驗）
6788,6788.TWO,Brillian,華景電,145.47,,TPEx LISTED,半導體業,375.5,375.0,390.0,364.5,1081200,405.99,371.9,357.45,0.97,5.05,-0.4,-0.27,8.37,549.0,549.0,549.0,549.0,549.0,-28.96,-28.96,-28.96,31.6,31.6,False,False,False,False,False,False,False,False,False,2026-10-08,半導體業,半導體／IC設計或製造（細分環節待核驗）
6789,6789.TW,VisEra,采鈺,1531.02,,TWSE LISTED,半導體業,481.0,485.0,485.5,475.0,617946,297.23,485.8,482.4,-0.99,-0.29,-0.93,-1.43,-1.64,642.0,642.0,642.0,642.0,642.0,-24.38,-24.38,-24.38,25.08,25.08,False,False,False,False,False,False,False,False,False,2026-10-08,半導體業,半導體／IC設計或製造（細分環節待核驗）
6790,6790.TW,YFYCPG,永豐實,99.51,,TWSE LISTED,造紙工業,37.25,37.2,37.25,37.1,154000,5.74,37.32,37.51,-0.19,-0.69,0.0,0.0,-1.06,41.25,58.3,78.3,41.25,58.3,-9.7,-36.11,-52.43,9.7,36.11,False,False,False,False,False,False,False,True,False,2026-10-08,造紙工業,造紙工業（公司级产品待核验）
6791,6791.TWO,TADC,虎門科技,20.7,,TPEx LISTED,資訊服務業,99.3,100.5,100.5,96.1,21089,2.09,100.46,99.96,-1.15,-0.66,-2.17,-0.2,-1.19,145.0,175.0,175.0,145.0,175.0,-30.69,-42.57,-42.57,31.52,43.26,False,False,False,False,False,False,False,False,False,2026-10-08,資訊服務業,資訊服務、軟體、雲端與系統整合（公司級產品待核驗）
6792,6792.TW,Unictron,詠業,29.35,,TWSE LISTED,通信網路業,61.3,60.5,65.6,60.5,186000,11.4,59.64,59.36,2.78,3.27,2.51,4.79,3.9,76.5,104.5,229.0,76.5,104.5,-14.25,-37.22,-71.35,19.87,41.34,False,False,False,False,False,False,False,False,False,2026-10-08,通信網路業,通信網路／網通設備
6794,6794.TW,UnicoCell,向榮生技,45.56,,TWSE LISTED,生技醫療業,71.6,71.5,72.5,71.4,43000,3.08,74.42,73.68,-3.79,-2.82,-0.56,-5.79,-2.19,93.2,96.0,104.0,93.2,96.0,-22.21,-24.48,-30.29,23.18,25.42,False,False,False,False,False,False,False,False,False,2026-10-08,生技醫療業,生技、製藥、醫療器材與健康服務（公司級產品待核驗）
6796,6796.TW,MiiS,晉弘,22.77,,TWSE LISTED,生技醫療業,56.6,57.0,57.3,55.8,17000,0.96,56.66,54.34,-0.11,4.16,1.07,-0.7,6.59,99.0,115.0,137.12,99.0,115.0,-42.12,-50.17,-58.21,42.83,50.78,False,False,False,False,False,False,False,False,False,2026-10-08,生技醫療業,生技、製藥、醫療器材與健康服務（公司級產品待核驗）
6799,6799.TW,M3TEK,來頡,39.9,,TWSE LISTED,半導體業,91.4,92.0,94.0,91.1,262006,23.95,91.62,90.67,-0.24,0.81,-0.11,-0.44,-0.87,118.0,228.0,361.5,118.0,228.0,-20.34,-58.77,-74.0,22.54,59.91,False,False,False,False,False,False,False,False,False,2026-10-08,半導體業,半導體／IC設計或製造（細分環節待核驗）
6803,6803.TWO,ECOVE Corp.,崑鼎,192.91,,TPEx LISTED,綠能環保,265.0,263.0,265.0,262.5,52108,13.81,264.5,265.5,0.19,-0.19,1.15,-0.19,-0.75,312.5,317.0,330.0,312.5,317.0,-15.2,-16.4,-19.7,15.2,16.4,False,False,False,False,False,False,False,False,False,2026-10-08,綠能環保,綠能、太陽能、儲能與環境工程（公司級產品待核驗）
6804,6804.TWO,Axman,明係,8.48,,TPEx LISTED,運動休閒,17.85,18.2,18.2,17.6,61000,1.09,18.29,18.275,-2.41,-2.33,-2.46,-3.77,-2.72,21.05,60.3,80.1,21.05,60.3,-13.54,-69.82,-77.28,15.2,70.4,False,False,False,False,False,False,False,False,False,2026-10-08,運動休閒,運動休閒（公司级产品待核验）
6805,6805.TW,Fositek,富世達,1624.73,,TWSE LISTED,電子零組件業,2370.0,2330.0,2425.0,2310.0,1635222,3875.48,2400.0,2449.0,-1.25,-3.23,-3.46,-3.27,-0.84,2750.0,2750.0,2750.0,2750.0,2750.0,-11.82,-11.82,-11.82,13.82,13.82,False,False,False,False,False,False,False,False,False,2026-10-08,電子零組件業,電子零組件：PCB、CCL、IC載板、連接器與被動元件（公司級品類待核驗）
6807,6807.TW,FY-KY,峰源-KY,18.36,,TWSE LISTED,居家生活,34.0,35.6,35.6,34.0,41000,1.39,32.72,32.58,3.91,4.36,3.82,6.08,5.26,47.95,100.0,100.0,47.95,100.0,-25.76,-64.4,-64.4,29.09,66.0,False,False,False,False,False,False,False,False,False,2026-10-08,居家生活,居家用品、建材、家具與生活消費品（公司級產品待核驗）
6811,6811.TWO,AEB,宏碁資訊,116.47,,TPEx LISTED,數位雲端,281.0,275.5,290.0,273.5,2047866,575.45,257.8,250.55,9.0,12.15,2.93,14.0,15.4,273.0,350.0,399.0,290.0,350.0,6.23,-17.14,-27.32,3.1,19.71,True,False,False,False,True,False,False,True,False,2026-10-08,數位雲端,數位雲端、軟體服務與電子商務（公司級產品待核驗）
6821,6821.TWO,LKM,聯寶,16.13,,TPEx LISTED,電子零組件業,44.9,45.4,45.65,44.9,62000,2.78,45.64,43.53,-1.62,3.15,-1.43,-1.32,6.27,76.3,76.3,90.7,76.3,76.3,-40.17,-40.17,-49.67,41.15,41.15,False,False,False,False,False,False,False,False,False,2026-10-08,電子零組件業,電子零組件：PCB、CCL、IC載板、連接器與被動元件（公司級品類待核驗）
6823,6823.TWO,GreenFILTEC,濾能,19.84,,TPEx LISTED,半導體業,59.7,61.2,61.2,59.5,33000,1.97,60.6,60.78,-1.49,-1.78,-0.83,-1.81,-1.65,113.5,113.5,197.81,113.5,113.5,-46.08,-46.08,-69.06,47.4,47.4,False,False,False,False,False,False,False,False,False,2026-10-08,半導體業,半導體／IC設計或製造（細分環節待核驗）
6829,6829.TWO,CFPREC,千附精密,124.25,,TPEx LISTED,半導體業,210.0,212.0,212.0,209.0,378600,79.51,209.3,208.5,0.33,0.72,-2.33,1.94,2.44,287.5,287.5,287.5,287.5,287.5,-26.26,-26.26,-26.26,26.96,26.96,False,False,False,False,False,False,False,False,False,2026-10-08,半導體業,半導體／IC設計或製造（細分環節待核驗）
6830,6830.TW,MSS,汎銓,288.39,,TWSE LISTED,其他電子業,530.0,528.0,536.0,520.0,535596,283.87,536.8,536.6,-1.27,-1.23,0.0,-3.64,-0.19,1000.0,1000.0,1000.0,1000.0,1000.0,-46.4,-46.4,-46.4,47.0,47.0,False,False,False,False,False,False,False,False,False,2026-10-08,其他電子業,其他電子：電子模組、感測器、電源與車用電子（公司級產品待核驗）
6831,6831.TW,MICROLOOPS,邁科,321.3,,TWSE LISTED,電腦及週邊設備業,476.0,488.0,515.0,468.0,1841438,876.52,486.3,488.2,-2.12,-2.5,-2.46,-2.66,0.32,970.0,970.0,970.0,970.0,970.0,-46.91,-46.91,-46.91,50.93,50.93,False,False,False,False,False,False,False,False,False,2026-10-08,電腦及週邊設備業,電腦、伺服器與企業硬體
6834,6834.TW,EVEROHMS,天二科技,116.78,,TWSE LISTED,電子零組件業,132.0,125.5,137.0,123.0,18474081,2438.58,127.3,119.136,3.69,10.8,5.6,5.18,13.57,143.0,143.0,143.0,143.0,143.0,-4.2,-4.2,-4.2,7.69,7.69,False,False,False,False,False,False,False,True,True,2026-10-08,電子零組件業,電子零組件：PCB、CCL、IC載板、連接器與被動元件（公司級品類待核驗）
6835,6835.TW,CMI,圓裕,21.21,,TWSE LISTED,電子零組件業,32.05,32.4,32.4,32.05,17000,0.54,31.89,31.52,0.5,1.68,0.0,0.16,2.89,41.5,58.9,81.0,41.5,58.9,-21.93,-44.99,-60.0,22.77,45.59,False,False,False,False,False,False,False,False,False,2026-10-08,電子零組件業,電子零組件：PCB、CCL、IC載板、連接器與被動元件（公司級品類待核驗）
6838,6838.TW,FRMSP,台新藥,37.9,,TWSE LISTED,生技醫療業,25.1,24.8,25.1,24.8,107000,2.69,25.19,25.495,-0.36,-1.55,0.0,-0.79,-2.71,33.3,66.9,68.0,33.3,66.9,-24.62,-62.48,-63.09,24.62,62.48,False,False,False,False,False,False,False,False,False,2026-10-08,生技醫療業,生技、製藥、醫療器材與健康服務（公司級產品待核驗）
6840,6840.TWO,BTL,東研信超,29.08,,TPEx LISTED,其他電子業,94.5,94.5,96.0,91.9,295000,27.88,96.22,98.63,-1.79,-4.19,-0.53,-2.58,-4.83,111.5,111.5,119.09,111.5,111.5,-13.9,-13.9,-19.39,15.25,15.25,False,False,False,False,False,False,False,False,False,2026-10-08,其他電子業,其他電子：電子模組、感測器、電源與車用電子（公司級產品待核驗）
6841,6841.TWO,EFAI,長佳智能,53.99,,TPEx LISTED,生技醫療業,56.7,55.9,56.9,55.9,187025,10.6,56.14,55.9,1.0,1.43,1.61,1.98,-0.53,73.0,124.0,230.0,73.0,124.0,-22.05,-54.11,-75.26,22.33,54.27,False,False,False,False,False,False,False,False,False,2026-10-08,生技醫療業,生技、製藥、醫療器材與健康服務（公司級產品待核驗）
6843,6843.TWO,JDV,進典,12.66,,TPEx LISTED,電機機械,38.0,38.1,38.2,38.0,24000,0.91,38.25,38.39,-0.65,-1.02,-0.39,-0.78,-1.17,57.0,67.0,67.0,57.0,67.0,-32.98,-42.99,-42.99,33.33,43.28,False,False,False,False,False,False,False,False,False,2026-10-08,電機機械,電機機械、工業自動化與設備（公司級產品待核驗）
6844,6844.TWO,NORBEL,諾貝兒,21.0,,TPEx LISTED,生技醫療業,56.1,56.9,56.9,56.1,30000,1.68,56.78,57.04,-1.2,-1.65,-1.41,-1.41,-2.26,75.8,236.0,251.0,75.8,236.0,-24.93,-75.89,-77.33,25.99,76.23,False,False,False,False,False,False,False,False,False,2026-10-08,生技醫療業,生技、製藥、醫療器材與健康服務（公司級產品待核驗）
6846,6846.TWO,GREENYN,綠茵,15.78,,TPEx LISTED,食品工業,58.3,58.0,58.4,57.7,9000,0.52,58.16,58.33,0.24,-0.05,1.04,-0.34,-0.17,76.7,91.7,120.5,76.7,91.7,-23.86,-36.31,-51.54,23.99,36.42,False,False,False,False,False,False,False,False,False,2026-10-08,食品工業,食品、飲料與食品加工（公司級產品待核驗）
6854,6854.TW,PlayNitride,錼創科技-KY創,109.32,,TWSE LISTED,半導體業,92.9,91.0,92.9,91.0,103046,9.57,93.0,92.7,-0.11,0.22,1.64,-0.11,-0.85,197.5,277.5,277.5,197.5,277.5,-52.96,-66.52,-66.52,52.96,66.52,False,False,False,False,False,False,False,False,False,2026-10-08,半導體業,半導體／IC設計或製造（細分環節待核驗）
6855,6855.TWO,Eclatorq,數泓科,25.92,,TPEx LISTED,其他電子業,111.5,111.5,112.0,111.5,13000,1.45,113.1,114.55,-1.41,-2.66,-3.46,-1.76,-3.88,136.0,177.0,177.0,136.0,177.0,-17.65,-36.72,-36.72,18.01,37.01,False,False,False,False,False,False,False,False,False,2026-10-08,其他電子業,其他電子：電子模組、感測器、電源與車用電子（公司級產品待核驗）
6856,6856.TWO,ST media,鑫傳,11.58,,TPEx LISTED,文化創意業,41.05,40.3,41.05,40.15,11000,0.45,41.57,41.685,-1.25,-1.52,-1.44,-1.68,0.0,57.8,82.7,132.0,57.8,82.7,-28.98,-50.36,-68.9,28.98,50.36,False,False,False,False,False,False,False,False,False,2026-10-08,文化創意業,文化創意業（公司级产品待核验）
6859,6859.TWO,BEST OPT,伯特光,50.11,,TPEx LISTED,光電業,120.5,120.5,120.5,119.0,15003,1.81,121.9,121.2,-1.15,-0.58,0.0,-2.03,0.0,140.5,224.0,224.0,140.5,224.0,-14.23,-46.21,-46.21,14.23,46.21,False,False,False,False,False,False,False,False,False,2026-10-08,光電業,光電顯示／光學元件
6861,6861.TW,INCX,睿生光電,109.2,,TWSE LISTED,生技醫療業,262.5,270.5,273.5,261.5,843665,221.46,279.0,283.8,-5.91,-7.51,-2.96,-11.17,-10.1,490.0,490.0,490.0,490.0,490.0,-44.18,-44.18,-44.18,46.43,46.43,False,False,False,False,False,False,False,False,False,2026-10-08,生技醫療業,光電顯示／光學元件
6862,6862.TW,TRIO-KY,三集瑞-KY,73.25,,TWSE LISTED,電子零組件業,146.5,145.0,147.5,142.0,370030,54.21,143.3,141.3,2.23,3.68,-1.35,4.27,3.17,248.0,284.0,284.0,248.0,284.0,-40.52,-48.06,-48.06,40.93,48.42,False,False,True,False,False,False,False,False,False,2026-10-08,電子零組件業,電子零組件：PCB、CCL、IC載板、連接器與被動元件（公司級品類待核驗）
6863,6863.TW,Arizon RFID,永道-KY,71.59,,TWSE LISTED,通信網路業,95.6,96.0,96.8,95.5,42000,4.02,96.18,96.32,-0.6,-0.75,-1.24,-0.52,0.1,142.5,323.0,323.0,142.5,323.0,-32.07,-70.03,-70.03,32.91,70.4,False,False,False,False,False,False,False,False,False,2026-10-08,通信網路業,通信網路／網通設備
6865,6865.TWO,WebComm,偉康科技,4.19,,TPEx LISTED,數位雲端,26.45,26.4,26.6,26.4,6070,0.16,27.08,27.645,-2.33,-4.32,-0.94,-4.51,-4.34,50.2,87.0,198.0,50.2,87.0,-47.01,-69.43,-86.57,47.31,69.6,False,False,False,False,False,False,False,False,False,2026-10-08,數位雲端,數位雲端、軟體服務與電子商務（公司級產品待核驗）
6869,6869.TW,J&V Energy,雲豹能源,97.31,,TWSE LISTED,綠能環保,70.6,70.9,71.2,70.1,287001,20.26,69.9,70.22,1.0,0.54,-0.28,2.92,1.73,123.5,330.0,330.0,123.5,330.0,-42.35,-78.42,-78.42,42.83,78.61,False,False,False,True,False,False,False,False,False,2026-10-08,綠能環保,綠能、太陽能、儲能與環境工程（公司級產品待核驗）
6870,6870.TWO,Turn Cloud,騰雲,90.33,,TPEx LISTED,數位雲端,319.0,316.0,326.0,315.0,68009,21.69,315.5,321.1,1.11,-0.65,0.95,-0.31,1.43,340.0,340.0,340.0,340.0,340.0,-4.12,-4.12,-4.12,6.18,6.18,False,False,True,False,False,False,False,True,True,2026-10-08,數位雲端,數位雲端、軟體服務與電子商務（公司級產品待核驗）
6872,6872.TWO,NaviFUS,浩宇生醫,15.42,,TPEx LISTED,生技醫療業,21.8,23.4,23.4,21.65,73000,1.59,22.33,22.825,-2.37,-4.49,-1.13,-3.11,-5.22,27.05,41.0,41.0,27.05,41.0,-13.49,-42.93,-42.93,19.41,46.83,False,False,False,False,False,False,False,False,False,2026-10-08,生技醫療業,生技、製藥、醫療器材與健康服務（公司級產品待核驗）
6873,6873.TW,HDRE,泓德能源,94.29,,TWSE LISTED,綠能環保,66.1,65.1,66.2,64.2,240568,15.9,65.74,67.03,0.55,-1.39,1.54,0.3,-2.65,126.5,271.87,271.87,126.5,271.87,-47.67,-75.65,-75.65,47.75,75.69,False,False,False,False,False,False,False,False,False,2026-10-08,綠能環保,綠能、太陽能、儲能與環境工程（公司級產品待核驗）
6874,6874.TWO,M-POWER,倍力,15.47,,TPEx LISTED,資訊服務業,70.3,70.0,70.3,69.8,8000,0.56,70.16,70.05,0.2,0.36,0.0,0.86,-0.14,88.45,130.91,199.09,88.45,130.91,-20.52,-46.3,-64.69,20.52,46.3,False,False,False,True,False,False,False,False,False,2026-10-08,資訊服務業,資訊服務、軟體、雲端與系統整合（公司級產品待核驗）
6875,6875.TWO,PBI,國邑*,34.88,,TPEx LISTED,生技醫療業,27.0,27.5,27.75,26.9,192005,5.18,27.76,29.65,-2.74,-8.94,-0.18,-2.0,-13.74,53.5,125.5,158.44,53.5,125.5,-48.13,-77.89,-82.49,49.53,78.49,False,False,False,False,False,False,False,False,False,2026-10-08,生技醫療業,生技、製藥、醫療器材與健康服務（公司級產品待核驗）
6877,6877.TWO,HYE,鏵友益,63.2,,TPEx LISTED,其他電子業,134.0,128.0,134.5,128.0,232130,31.11,139.3,133.8,-3.8,0.15,1.13,-7.9,-3.25,198.0,198.0,198.0,198.0,198.0,-32.07,-32.07,-32.07,32.32,32.32,False,False,False,False,False,False,False,False,False,2026-10-08,其他電子業,其他電子：電子模組、感測器、電源與車用電子（公司級產品待核驗）
6881,6881.TWO,RTD,潤德,32.4,,TPEx LISTED,其他,216.0,216.0,216.0,216.0,4020,0.87,215.4,215.05,0.28,0.44,0.23,0.23,0.47,284.0,284.0,284.0,284.0,284.0,-23.94,-23.94,-23.94,23.94,23.94,False,False,False,False,False,False,False,False,False,2026-10-08,其他,其他（公司级产品待核验）
6884,6884.TWO,HSNC,海柏特,5.9,,TPEx LISTED,資訊服務業,32.1,32.2,32.2,31.3,37000,1.19,31.14,31.285,3.08,2.61,3.88,4.9,2.23,38.4,68.3,83.8,38.4,68.3,-16.15,-52.86,-61.58,16.41,53.0,True,False,False,False,False,False,False,False,False,2026-10-08,資訊服務業,資訊服務、軟體、雲端與系統整合（公司級產品待核驗）
6885,6885.TW,BRIM,全福生技,39.39,,TWSE LISTED,生技醫療業,29.6,30.4,30.45,29.5,641004,18.97,29.79,30.485,-0.64,-2.9,-2.63,1.02,-6.03,33.0,80.5,88.28,33.0,80.5,-7.73,-62.17,-65.51,10.3,63.23,False,False,False,False,False,False,False,False,False,2026-10-08,生技醫療業,生技、製藥、醫療器材與健康服務（公司級產品待核驗）
6887,6887.TW,BORETECH-KY,寶綠特-KY,27.34,,TWSE LISTED,綠能環保,36.85,36.8,37.0,36.6,6000,0.22,37.41,37.845,-1.5,-2.63,0.14,-1.86,-2.9,64.2,102.0,102.0,64.2,102.0,-42.37,-63.73,-63.73,42.6,63.87,False,False,False,False,False,False,False,False,False,2026-10-08,綠能環保,綠能、太陽能、儲能與環境工程（公司級產品待核驗）
6890,6890.TW,Lai Yih,來億-KY,380.45,,TWSE LISTED,運動休閒,152.0,155.5,156.0,151.5,151210,22.98,149.9,148.8,1.4,2.15,-2.56,3.4,2.36,285.5,538.0,538.0,285.5,538.0,-45.36,-71.0,-71.0,46.76,71.75,False,False,False,False,False,False,False,False,False,2026-10-08,運動休閒,運動休閒（公司级产品待核验）
6894,6894.TWO,WRT,衛司特,86.16,,TPEx LISTED,綠能環保,362.0,359.0,370.0,359.0,78000,28.24,361.0,362.75,0.28,-0.21,-0.28,1.12,0.56,418.0,418.0,418.0,418.0,418.0,-11.48,-11.48,-11.48,13.4,13.4,False,False,True,False,False,False,False,False,False,2026-10-08,綠能環保,綠能、太陽能、儲能與環境工程（公司級產品待核驗）
6895,6895.TWO,WPTI,宏碩系統,53.03,,TPEx LISTED,半導體業,155.5,155.0,155.5,153.5,7022,1.09,154.8,150.95,0.45,3.01,0.32,-0.64,2.98,211.5,346.5,346.5,211.5,346.5,-26.48,-55.12,-55.12,26.48,55.12,False,False,False,False,False,False,False,False,False,2026-10-08,半導體業,半導體／IC設計或製造（細分環節待核驗）
6899,6899.TWO,AMT,創為精密,21.28,,TPEx LISTED,光電業,50.2,49.3,50.2,49.3,6000,0.3,49.62,49.56,1.17,1.29,1.83,1.21,1.41,70.8,84.9,101.5,70.8,84.9,-29.1,-40.87,-50.54,29.1,40.87,False,False,False,True,False,False,False,False,False,2026-10-08,光電業,光電顯示／光學元件
6901,6901.TW,DIAMOND BIOFUND,鑽石投資,151.04,,TWSE LISTED,其他,17.7,17.5,18.3,17.4,4028078,71.3,17.45,16.945,1.43,4.46,3.21,-1.67,6.31,22.4,57.2,200.19,22.4,57.2,-18.3,-68.01,-90.86,20.98,69.06,False,False,False,False,False,False,False,False,False,2026-10-08,其他,其他（公司级产品待核验）
6902,6902.TW,Gogolook,GOGOLOOK,48.5,,TWSE LISTED,數位雲端,136.5,141.5,142.0,135.5,277020,37.81,143.0,153.65,-4.55,-11.16,-1.09,-7.46,-11.94,183.0,220.0,282.5,183.0,220.0,-22.4,-35.45,-49.73,25.41,37.95,False,False,False,False,False,False,False,False,False,2026-10-08,數位雲端,數位雲端、軟體服務與電子商務（公司級產品待核驗）
6903,6903.TWO,JH,巨漢,217.7,,TPEx LISTED,其他電子業,326.5,325.5,327.5,319.0,182965,59.74,324.4,317.55,0.65,2.82,-0.15,-0.46,3.32,451.5,451.5,451.5,451.5,451.5,-27.46,-27.46,-27.46,27.69,27.69,False,False,False,False,False,False,False,False,False,2026-10-08,其他電子業,其他電子：電子模組、感測器、電源與車用電子（公司級產品待核驗）
6904,6904.TWO,PROXENE,伯鑫,22.76,,TPEx LISTED,其他,123.0,123.0,123.0,123.0,0,0.0,122.8,122.25,0.16,0.61,0.0,0.0,0.0,135.0,243.0,243.0,135.0,243.0,-8.89,-49.38,-49.38,8.89,49.38,False,False,False,False,False,False,False,True,False,2026-10-08,其他,其他（公司级产品待核验）
6906,6906.TW,Groundhog,現觀科,26.46,,TWSE LISTED,數位雲端,78.9,78.8,80.0,78.6,20000,1.58,80.8,82.02,-2.35,-3.8,-0.5,-4.59,-6.07,114.5,230.5,230.5,114.5,230.5,-30.13,-65.29,-65.29,31.09,65.77,False,False,False,False,False,False,False,False,False,2026-10-08,數位雲端,數位雲端、軟體服務與電子商務（公司級產品待核驗）
6907,6907.TWO,ATK-KY,雅特力-KY,114.18,,TPEx LISTED,半導體業,182.5,185.0,191.0,181.0,1464455,267.26,191.3,189.0,-4.6,-3.44,-3.44,-5.68,-8.06,246.0,246.0,246.0,246.0,246.0,-22.36,-22.36,-22.36,25.81,25.81,False,False,False,False,False,False,False,False,False,2026-10-08,半導體業,半導體／IC設計或製造（細分環節待核驗）
6908,6908.TW,AGM,宏碁遊戲-創,9.67,,TWSE LISTED,電子通路業,26.0,26.05,26.15,26.0,37000,0.96,26.36,27.27,-1.37,-4.66,-0.19,-2.07,-5.45,71.0,92.7,156.0,71.0,92.7,-63.17,-71.79,-83.24,63.38,71.95,False,False,False,False,False,False,False,False,False,2026-10-08,電子通路業,電子通路、半導體代理與零組件分銷（公司級代理品類待核驗）
6909,6909.TW,tCt,創控,29.36,,TWSE LISTED,半導體業,43.5,43.15,43.5,42.9,240025,10.44,43.66,42.88,-0.37,1.45,0.46,-1.02,1.75,71.5,71.5,71.5,71.5,71.5,-39.16,-39.16,-39.16,39.16,39.16,False,False,False,False,False,False,False,False,False,2026-10-08,半導體業,半導體／IC設計或製造（細分環節待核驗）
6910,6910.TWO,Grandsys,德鴻,7.78,,TPEx LISTED,數位雲端,25.5,25.45,25.5,25.4,5000,0.13,25.71,26.03,-0.82,-2.04,0.39,-1.16,-4.85,41.4,62.5,76.0,41.4,62.5,-38.41,-59.2,-66.45,38.41,59.2,False,False,False,False,False,False,False,False,False,2026-10-08,數位雲端,數位雲端、軟體服務與電子商務（公司級產品待核驗）
6913,6913.TWO,VSO,鴻呈,56.78,,TPEx LISTED,電子零組件業,129.5,131.5,132.0,129.0,295251,38.24,130.6,129.3,-0.84,0.15,-3.36,-0.38,0.39,169.0,176.15,176.15,169.0,176.15,-21.89,-25.06,-25.06,23.37,26.48,False,False,False,False,False,False,False,False,False,2026-10-08,電子零組件業,電子零組件：PCB、CCL、IC載板、連接器與被動元件（公司級品類待核驗）
6914,6914.TW,PSS,阜爾運通,93.78,,TWSE LISTED,其他,118.0,118.0,118.5,118.0,19001,2.24,118.7,119.1,-0.59,-0.92,-0.84,-0.42,0.0,129.17,207.5,207.5,129.17,207.5,-8.26,-42.89,-42.89,8.65,43.13,False,False,False,False,False,False,False,True,False,2026-10-08,其他,其他（公司级产品待核验）
6916,6916.TW,WINSTAR,華凌,12.69,,TWSE LISTED,光電業,18.8,18.7,18.9,18.7,18000,0.34,18.98,18.695,-0.95,0.56,-1.05,-1.31,1.62,23.6,34.3,39.42,23.6,34.3,-19.92,-44.9,-52.05,20.34,45.19,False,False,False,False,False,False,False,False,False,2026-10-08,光電業,光電顯示／光學元件
6918,6918.TW,A Plus Biotech,愛派司,26.1,,TWSE LISTED,生技醫療業,75.5,73.6,76.9,73.6,119002,8.98,74.12,74.21,1.86,1.74,2.44,2.3,2.17,87.8,136.0,136.0,87.8,136.0,-12.41,-43.46,-43.46,14.01,44.49,False,False,False,True,False,False,False,False,False,2026-10-08,生技醫療業,生技、製藥、醫療器材與健康服務（公司級產品待核驗）
6919,6919.TW,Caliway,康霈*,1206.83,,TWSE LISTED,生技醫療業,77.5,78.1,79.1,77.5,2861839,221.79,78.56,79.11,-1.35,-2.04,-0.77,-1.65,-2.02,181.0,277.0,277.0,181.0,277.0,-56.3,-71.44,-71.44,57.18,72.02,False,False,False,False,False,False,False,False,False,2026-10-08,生技醫療業,生技、製藥、醫療器材與健康服務（公司級產品待核驗）
6921,6921.TW,LeRain,嘉雨思-創,21.2,,TWSE LISTED,半導體業,65.7,65.0,65.7,65.0,13000,0.85,65.82,65.93,-0.18,-0.35,0.0,-0.45,-1.05,104.5,104.5,104.5,104.5,104.5,-37.13,-37.13,-37.13,37.13,37.13,False,False,False,False,False,False,False,False,False,2026-10-08,半導體業,半導體／IC設計或製造（細分環節待核驗）
6922,6922.TWO,Neousys,宸曜,55.13,,TPEx LISTED,電腦及週邊設備業,203.0,204.0,205.0,202.0,63000,12.79,209.1,212.9,-2.92,-4.65,-0.49,-5.58,-8.14,230.0,255.27,255.27,230.0,255.27,-10.87,-19.69,-19.69,11.74,20.48,False,False,False,False,False,False,False,False,False,2026-10-08,電腦及週邊設備業,電腦、伺服器與企業硬體
6923,6923.TW,ctrt,中台,66.38,,TWSE LISTED,綠能環保,73.4,73.7,73.8,73.0,54000,3.96,73.7,74.61,-0.41,-1.62,0.0,-0.14,-2.13,113.0,132.0,145.5,113.0,132.0,-34.69,-44.09,-49.28,35.04,44.39,False,False,False,False,False,False,False,False,False,2026-10-08,綠能環保,綠能、太陽能、儲能與環境工程（公司級產品待核驗）
6924,6924.TW,EIKEI-KY,榮惠-KY創,27.53,,TWSE LISTED,電子零組件業,133.5,133.0,133.5,130.5,31000,4.14,133.4,134.1,0.07,-0.45,1.91,0.75,-0.37,193.5,193.5,193.5,193.5,193.5,-31.01,-31.01,-31.01,31.01,31.01,False,False,False,False,False,False,False,False,False,2026-10-08,電子零組件業,電子零組件：PCB、CCL、IC載板、連接器與被動元件（公司級品類待核驗）
6925,6925.TWO,eLand,意藍,14.26,,TPEx LISTED,數位雲端,71.3,70.0,75.5,69.9,447090,31.88,70.34,70.28,1.36,1.45,0.14,3.03,-1.11,96.5,193.0,193.0,96.5,193.0,-21.76,-60.88,-60.88,26.11,63.06,False,False,False,True,False,False,False,False,False,2026-10-08,數位雲端,數位雲端、軟體服務與電子商務（公司級產品待核驗）
6928,6928.TW,UTI,攸泰科技,38.7,,TWSE LISTED,電腦及週邊設備業,45.0,45.0,45.0,44.0,24000,1.08,45.06,45.47,-0.13,-1.03,0.0,-1.53,-3.23,62.9,129.0,129.0,62.9,129.0,-28.46,-65.12,-65.12,28.46,65.12,False,False,False,False,False,False,False,False,False,2026-10-08,電腦及週邊設備業,電腦、伺服器與企業硬體
6929,6929.TWO,We Can,佑全,9.92,,TPEx LISTED,生技醫療業,22.0,22.0,22.0,22.0,2000,0.04,22.03,21.95,-0.14,0.23,-2.22,0.69,0.92,36.5,120.0,169.0,36.5,120.0,-39.73,-81.67,-86.98,39.73,81.67,False,False,False,False,False,False,False,False,False,2026-10-08,生技醫療業,生技、製藥、醫療器材與健康服務（公司級產品待核驗）
6931,6931.TW,Qing Song,青松健康,25.1,,TWSE LISTED,生技醫療業,37.95,38.05,38.05,37.75,48088,1.82,38.09,38.455,-0.37,-1.31,-0.39,-0.26,-2.44,63.5,114.43,114.43,63.5,114.43,-40.08,-66.75,-66.75,40.24,66.84,False,False,False,False,False,False,False,False,False,2026-10-08,生技醫療業,生技、製藥、醫療器材與健康服務（公司級產品待核驗）
6933,6933.TW,AMAX,AMAX-KY,162.3,,TWSE LISTED,電腦及週邊設備業,382.0,380.0,384.0,372.0,709489,271.02,381.0,378.35,0.26,0.96,-0.91,-0.52,-3.17,413.0,413.0,413.0,413.0,413.0,-7.02,-7.02,-7.02,7.51,7.51,False,False,True,True,False,False,False,True,True,2026-10-08,電腦及週邊設備業,電腦、伺服器與企業硬體
6934,6934.TW,HCMED,心誠鎂,26.59,,TWSE LISTED,生技醫療業,73.6,73.4,74.0,73.4,12000,0.88,73.82,74.57,-0.3,-1.3,0.0,-1.08,-2.13,175.0,175.0,175.0,175.0,175.0,-57.71,-57.71,-57.71,57.94,57.94,False,False,False,False,False,False,False,False,False,2026-10-08,生技醫療業,生技、製藥、醫療器材與健康服務（公司級產品待核驗）
6937,6937.TW,Skytech,天虹,193.83,,TWSE LISTED,半導體業,286.5,290.5,292.0,285.0,293167,83.99,296.2,299.9,-3.27,-4.47,-2.05,-5.29,-4.98,358.5,414.0,414.0,358.5,414.0,-18.55,-29.47,-29.47,20.08,30.8,False,False,False,False,False,False,False,False,False,2026-10-08,半導體業,半導體／IC設計或製造（細分環節待核驗）
6944,6944.TW,Mega Union,兆聯實業,857.37,,TWSE LISTED,綠能環保,860.0,908.0,918.0,858.0,878443,755.46,841.4,804.9,2.21,6.85,-5.29,5.65,7.5,908.0,908.0,908.0,918.0,918.0,1.1,1.1,1.1,6.32,6.32,False,False,False,False,True,True,True,True,True,2026-10-08,綠能環保,綠能、太陽能、儲能與環境工程（公司級產品待核驗）
6945,6945.TWO,APBio,圓祥生技,129.72,,TPEx LISTED,生技醫療業,133.0,137.0,140.5,129.5,771549,102.62,136.1,138.7,-2.28,-4.11,-5.0,2.7,-6.99,236.0,236.0,236.0,236.0,236.0,-40.47,-40.47,-40.47,43.64,43.64,False,False,False,False,False,False,False,False,False,2026-10-08,生技醫療業,生技、製藥、醫療器材與健康服務（公司級產品待核驗）
6947,6947.TW,Techzone,台鎔科技,72.17,,TWSE LISTED,綠能環保,68.0,67.7,68.4,67.0,164185,11.16,68.38,68.07,-0.56,-0.1,-0.15,-1.02,-0.73,97.8,97.8,97.8,97.8,97.8,-30.06,-30.06,-30.06,30.47,30.47,False,False,False,False,False,False,False,False,False,2026-10-08,綠能環保,綠能、太陽能、儲能與環境工程（公司級產品待核驗）
6949,6949.TW,PELL BMT,沛爾生醫*-創,614.49,,TWSE LISTED,生技醫療業,46.85,45.65,47.15,44.95,2287282,107.16,46.2,48.08,1.41,-2.56,3.42,-1.58,-5.16,1490.0,1490.0,1490.0,1490.0,1490.0,-96.84,-96.84,-96.84,96.86,96.86,False,False,False,False,False,False,False,False,False,2026-10-08,生技醫療業,生技、製藥、醫療器材與健康服務（公司級產品待核驗）
6951,6951.TW,CHIN HSIN,青新-創,35.36,,TWSE LISTED,綠能環保,68.0,69.0,69.0,67.8,82782,5.63,68.92,69.08,-1.33,-1.56,-1.45,-1.59,-2.02,75.28,75.28,75.28,75.28,75.28,-8.34,-8.34,-8.34,9.67,9.67,False,False,False,False,False,False,False,True,True,2026-10-08,綠能環保,綠能、太陽能、儲能與環境工程（公司級產品待核驗）
6952,6952.TW,DWS,大武山,26.62,,TWSE LISTED,其他,38.95,38.6,39.1,38.6,10000,0.39,38.96,38.815,-0.03,0.35,-0.38,0.52,0.39,47.75,85.0,104.58,47.75,85.0,-18.12,-54.0,-62.61,18.43,54.18,False,False,False,False,False,False,False,False,False,2026-10-08,其他,其他（公司级产品待核验）
6953,6953.TWO,GDE,家碩,76.54,,TPEx LISTED,半導體業,255.0,263.0,263.0,255.0,73010,18.62,256.9,249.45,-0.74,2.22,-0.78,-0.97,0.99,299.0,339.0,339.0,299.0,339.0,-12.04,-22.42,-22.42,14.72,24.78,False,False,False,False,False,False,False,False,False,2026-10-08,半導體業,半導體／IC設計或製造（細分環節待核驗）
6955,6955.TW,BONRAYBIO,邦睿生技-創,28.25,,TWSE LISTED,生技醫療業,93.0,93.0,93.0,93.0,3100,0.29,93.4,94.27,-0.43,-1.35,0.0,-0.53,-2.31,143.17,151.23,151.23,143.17,151.23,-35.04,-38.5,-38.5,35.04,38.5,False,False,False,False,False,False,False,False,False,2026-10-08,生技醫療業,生技、製藥、醫療器材與健康服務（公司級產品待核驗）
6957,6957.TW,Horizon,裕慶-KY,249.7,,TWSE LISTED,其他,448.0,444.0,450.0,430.5,385193,172.57,416.6,377.8,7.54,18.58,0.9,9.27,16.67,444.0,444.0,444.0,450.0,450.0,1.35,1.35,1.35,0.44,0.44,False,False,False,False,True,True,True,True,True,2026-10-08,其他,其他（公司级产品待核验）
6958,6958.TW,INFINITE,日盛台駿,70.17,,TWSE LISTED,其他,16.65,16.7,16.7,16.65,16100,0.27,16.84,17.095,-1.13,-2.6,-0.6,0.0,-4.86,19.47,50.96,67.27,19.47,50.96,-14.23,-67.23,-75.17,14.49,67.33,False,False,False,False,False,False,False,False,False,2026-10-08,其他,其他（公司级产品待核验）
6961,6961.TWO,Uni Travel,旅天下,12.24,,TPEx LISTED,觀光餐旅,45.6,45.95,45.95,45.6,6000,0.27,46.32,46.94,-1.55,-2.85,-0.33,-2.77,-4.3,78.4,128.21,128.21,78.4,128.21,-41.39,-64.16,-64.16,41.84,64.43,False,False,False,False,False,False,False,False,False,2026-10-08,觀光餐旅,觀光餐旅（公司级产品待核验）
6962,6962.TW,ITH-KY,奕力-KY,157.57,,TWSE LISTED,半導體業,32.0,32.8,32.8,31.95,1715049,54.88,33.08,32.585,-3.26,-1.8,-2.74,-5.6,-3.47,41.4,67.6,67.6,41.4,67.6,-20.77,-51.48,-51.48,22.71,52.66,False,False,False,False,False,False,False,False,False,2026-10-08,半導體業,半導體／IC設計或製造（細分環節待核驗）
6965,6965.TW,CJ,中傑-KY,102.87,,TWSE LISTED,運動休閒,65.8,63.4,65.9,63.4,99000,6.51,62.14,63.81,5.89,3.12,4.61,10.03,4.11,94.3,225.0,225.0,94.3,225.0,-30.12,-70.71,-70.71,30.22,70.76,True,False,False,True,False,False,False,False,False,2026-10-08,運動休閒,運動休閒（公司级产品待核验）
6967,6967.TWO,TRANS-SUN,汎瑋材料,21.86,,TPEx LISTED,電子零組件業,71.9,72.3,72.8,71.8,89000,6.4,71.94,70.07,-0.06,2.61,-2.04,1.41,0.56,89.0,89.0,89.0,89.0,89.0,-18.2,-18.2,-18.2,19.21,19.21,False,False,False,False,False,False,False,False,False,2026-10-08,電子零組件業,化學制品／特用化學材料
6968,6968.TWO,WONDERPETS,萬達寵物,20.83,,TPEx LISTED,居家生活,41.3,41.3,41.35,41.1,40000,1.65,41.26,41.385,0.1,-0.21,0.49,0.0,-0.36,57.55,96.02,96.02,57.55,96.02,-28.15,-56.94,-56.94,28.24,56.99,False,False,False,False,False,False,False,False,False,2026-10-08,居家生活,居家用品、建材、家具與生活消費品（公司級產品待核驗）
6969,6969.TW,Transcene,成信實業*-創,13.24,,TWSE LISTED,綠能環保,30.2,30.25,30.5,30.05,62000,1.87,30.52,30.85,-1.05,-2.11,-1.15,-3.51,-0.82,39.8,69.7,69.7,39.8,69.7,-23.37,-56.24,-56.24,24.12,56.67,False,False,False,False,False,False,False,False,False,2026-10-08,綠能環保,綠能、太陽能、儲能與環境工程（公司級產品待核驗）
6971,6971.TWO,HM Env. Tech,惠民實業,9.43,,TPEx LISTED,綠能環保,24.4,23.5,25.3,23.45,87000,2.12,23.79,23.71,2.56,2.91,3.83,2.74,4.72,32.9,75.2,75.2,32.9,75.2,-23.1,-66.36,-66.36,25.84,67.55,False,False,False,True,False,False,False,False,False,2026-10-08,綠能環保,綠能、太陽能、儲能與環境工程（公司級產品待核驗）
6982,6982.TWO,WALRUS PUMP,大井泵浦,18.26,,TPEx LISTED,電機機械,44.8,44.7,45.3,44.7,26000,1.16,44.82,44.35,-0.04,1.01,0.22,-0.44,0.22,68.0,109.0,109.0,68.0,109.0,-33.38,-58.44,-58.44,34.12,58.9,False,False,False,False,False,False,False,False,False,2026-10-08,電機機械,電機機械、工業自動化與設備（公司級產品待核驗）
6983,6983.TWO,HYP,華洋精機,67.48,,TPEx LISTED,其他電子業,374.5,382.0,382.0,366.0,65030,24.35,373.2,360.95,0.35,3.75,-1.96,4.17,6.09,550.0,550.0,550.0,550.0,550.0,-30.55,-30.55,-30.55,31.91,31.91,False,False,False,False,False,False,False,False,False,2026-10-08,其他電子業,其他電子：電子模組、感測器、電源與車用電子（公司級產品待核驗）
6986,6986.TWO,HEXUN,和迅,23.1,,TPEx LISTED,生技醫療業,44.3,44.0,44.3,44.0,35000,1.55,44.1,44.235,0.45,0.15,0.23,0.68,0.68,67.8,91.3,91.3,67.8,91.3,-34.66,-51.48,-51.48,34.66,51.48,False,False,True,True,False,False,False,False,False,2026-10-08,生技醫療業,生技、製藥、醫療器材與健康服務（公司級產品待核驗）
6988,6988.TW,WELLYSUN,威力暘-創,5.97,,TWSE LISTED,汽車工業,12.55,12.85,13.0,12.5,129000,1.62,12.27,11.98,2.28,4.76,-2.33,7.26,7.73,21.4,32.0,32.0,21.4,32.0,-39.25,-59.38,-59.38,41.36,60.78,False,False,False,False,False,False,False,False,False,2026-10-08,汽車工業,汽車整車、汽車零組件與車用電子（公司級產品待核驗）
6994,6994.TW,FWP,富威電力,22.4,,TWSE LISTED,綠能環保,30.2,30.25,30.5,29.85,523054,15.8,30.9,29.085,-2.27,3.83,-0.17,-5.48,3.6,105.0,166.5,166.5,105.0,166.5,-70.95,-81.68,-81.68,71.24,81.86,False,False,False,False,False,False,False,False,False,2026-10-08,綠能環保,綠能、太陽能、儲能與環境工程（公司級產品待核驗）
6996,6996.TWO,forcelead,力領科技,69.87,,TPEx LISTED,半導體業,166.0,167.0,167.5,165.5,32000,5.31,166.8,168.25,-0.48,-1.34,0.0,0.3,-2.06,213.0,341.5,341.5,213.0,341.5,-21.36,-50.95,-50.95,22.07,51.39,False,False,False,False,False,False,False,False,False,2026-10-08,半導體業,半導體／IC設計或製造（細分環節待核驗）
6997,6997.TWO,Nextlink,博弘,14.74,,TPEx LISTED,數位雲端,66.7,68.0,68.0,66.7,6045,0.4,67.74,67.42,-1.54,-1.07,-1.91,0.3,-0.45,91.0,170.0,170.0,91.0,170.0,-25.27,-60.0,-60.0,26.7,60.76,False,False,False,False,False,False,False,False,False,2026-10-08,數位雲端,數位雲端、軟體服務與電子商務（公司級產品待核驗）
7402,7402.TWO,Brinno,邑錡,35.0,,TPEx LISTED,光電業,99.2,100.5,100.5,99.2,59014,5.85,99.76,99.92,-0.56,-0.72,-0.4,-0.3,-1.29,149.5,172.0,172.0,149.5,172.0,-32.78,-41.57,-41.57,33.65,42.33,False,False,False,False,False,False,False,False,False,2026-10-08,光電業,光電顯示／光學元件
7547,7547.TWO,INTUMIT,碩網,20.38,,TPEx LISTED,數位雲端,60.0,61.5,61.5,59.9,54108,3.25,62.1,61.81,-3.38,-2.93,-2.44,-5.81,-6.4,94.2,154.0,154.0,94.2,154.0,-34.71,-60.06,-60.06,36.31,61.04,False,False,False,False,False,False,False,False,False,2026-10-08,數位雲端,數位雲端、軟體服務與電子商務（公司級產品待核驗）
7556,7556.TWO,YEEDEX,意德士科技,84.33,,TPEx LISTED,半導體業,290.0,303.0,303.0,287.5,110537,32.06,288.3,276.25,0.59,4.98,2.47,-3.33,10.48,322.12,322.12,322.12,322.12,322.12,-5.94,-5.94,-5.94,9.97,9.97,False,False,False,False,False,False,False,True,True,2026-10-08,半導體業,半導體／IC設計或製造（細分環節待核驗）
7584,7584.TWO,HAPPYTUK,樂意,4.81,,TPEx LISTED,文化創意業,28.2,28.2,28.3,28.2,4000,0.11,28.9,28.505,-2.42,-1.07,-4.73,-1.05,-1.4,40.94,138.88,138.88,40.94,138.88,-30.87,-79.62,-79.62,31.12,79.69,False,False,False,False,False,False,False,False,False,2026-10-08,文化創意業,文化創意業（公司级产品待核验）
7610,7610.TW,LIANYOU METALS,聯友金屬-創,991.19,,TWSE LISTED,綠能環保,1700.0,1810.0,1810.0,1695.0,748481,1272.42,1764.0,1772.0,-3.63,-4.06,-5.82,-5.56,-4.49,2640.0,2640.0,2640.0,2640.0,2640.0,-31.44,-31.44,-31.44,35.61,35.61,False,False,False,False,False,False,False,False,False,2026-10-08,綠能環保,綠能、太陽能、儲能與環境工程（公司級產品待核驗）
7631,7631.TW,GENIIDEAS,聚賢研發-創,28.0,,TWSE LISTED,其他電子業,139.0,139.0,140.0,139.0,34021,4.73,141.3,140.65,-1.63,-1.17,-1.07,-1.77,-4.47,178.5,178.5,178.5,178.5,178.5,-21.57,-21.57,-21.57,22.13,22.13,False,False,False,False,False,False,False,False,False,2026-10-08,其他電子業,其他電子：電子模組、感測器、電源與車用電子（公司級產品待核驗）
7642,7642.TWO,Champ-Ray,昶瑞機電,19.9,,TPEx LISTED,電機機械,65.9,65.4,66.4,65.0,53000,3.49,66.94,67.93,-1.55,-2.99,-2.37,-2.37,-3.37,95.1,136.5,136.5,95.1,136.5,-30.18,-51.36,-51.36,30.7,51.72,False,False,False,False,False,False,False,False,False,2026-10-08,電機機械,電機機械、工業自動化與設備（公司級產品待核驗）
7689,7689.TW,CLIMAX,大鵬科CLMX,91.27,,TWSE LISTED,通信網路業,156.0,156.0,158.5,154.0,64042,9.99,159.5,159.25,-2.19,-2.04,-0.95,-4.88,-3.11,321.0,321.0,321.0,321.0,321.0,-50.62,-50.62,-50.62,51.4,51.4,False,False,False,False,False,False,False,False,False,2026-10-08,通信網路業,通信網路／網通設備
7703,7703.TWO,RAYZHER,銳澤,70.18,,TPEx LISTED,其他電子業,202.0,207.0,207.0,200.5,45150,9.12,204.8,203.4,-1.37,-0.69,-1.94,-1.7,-1.46,258.0,310.0,310.0,258.0,310.0,-19.77,-33.23,-33.23,21.71,34.84,False,False,False,False,False,False,False,False,False,2026-10-08,其他電子業,其他電子：電子模組、感測器、電源與車用電子（公司級產品待核驗）
7704,7704.TWO,Finesse,明遠精密,21.14,,TPEx LISTED,半導體業,62.6,60.5,63.3,60.2,95000,5.95,61.04,61.3,2.56,2.12,3.3,3.64,2.29,75.6,133.0,133.0,75.6,133.0,-16.27,-52.41,-52.41,17.2,52.93,False,False,False,True,False,False,False,False,False,2026-10-08,半導體業,半導體／IC設計或製造（細分環節待核驗）
7705,7705.TW,Mercuries F&B,三商餐飲,19.62,,TWSE LISTED,觀光餐旅,29.7,29.75,29.9,29.7,34141,1.01,29.78,29.81,-0.27,-0.37,-0.17,-0.5,0.0,40.45,138.0,138.0,40.45,138.0,-26.08,-78.33,-78.33,26.58,78.48,False,False,False,False,False,False,False,False,False,2026-10-08,觀光餐旅,觀光餐旅（公司级产品待核验）
7708,7708.TWO,FIG,全家餐飲,23.33,,TPEx LISTED,觀光餐旅,91.5,91.5,91.5,91.5,14001,1.28,91.64,91.83,-0.15,-0.36,0.0,-0.33,-0.76,97.0,150.0,150.0,97.0,150.0,-5.67,-39.0,-39.0,5.67,39.0,False,False,False,False,False,False,False,True,False,2026-10-08,觀光餐旅,觀光餐旅（公司级产品待核验）
7709,7709.TWO,Honor,榮田,31.91,,TPEx LISTED,電機機械,81.6,82.2,83.6,81.5,88022,7.18,85.24,85.8,-4.27,-4.9,-2.51,-6.85,-4.9,146.5,146.5,146.5,146.5,146.5,-42.94,-42.94,-42.94,44.3,44.3,False,False,False,False,False,False,False,False,False,2026-10-08,電機機械,電機機械、工業自動化與設備（公司級產品待核驗）
7711,7711.TW,ASROCK RACK,永擎,455.3,,TWSE LISTED,電腦及週邊設備業,635.0,632.0,639.0,623.0,587741,373.22,626.2,593.8,1.41,6.94,0.47,0.16,3.08,675.0,675.0,675.0,675.0,675.0,-5.33,-5.33,-5.33,5.93,5.93,False,False,False,False,False,False,False,True,True,2026-10-08,電腦及週邊設備業,電腦、伺服器與企業硬體
7712,7712.TWO,POTENS,博盛半導體,56.49,,TPEx LISTED,半導體業,173.5,176.0,182.0,173.5,716068,124.24,173.1,168.55,0.23,2.94,0.29,-1.42,2.66,218.0,326.5,326.5,218.0,326.5,-16.51,-44.26,-44.26,20.41,46.86,False,False,False,False,False,False,False,False,False,2026-10-08,半導體業,半導體／IC設計或製造（細分環節待核驗）
7713,7713.TWO,WeLeader,威力德生醫,33.43,,TPEx LISTED,生技醫療業,73.5,73.2,73.5,73.2,3000,0.22,73.48,73.79,0.03,-0.39,0.55,0.68,-1.08,75.0,86.0,86.0,75.0,86.0,-2.0,-14.53,-14.53,2.0,14.53,False,False,False,False,False,False,False,True,False,2026-10-08,生技醫療業,生技、製藥、醫療器材與健康服務（公司級產品待核驗）
7714,7714.TWO,UFTC,創泓科技,35.7,,TPEx LISTED,數位雲端,170.0,169.0,171.5,168.5,149000,25.33,169.4,167.85,0.35,1.28,0.89,0.29,0.29,215.5,215.5,215.5,215.5,215.5,-20.42,-20.42,-20.42,21.11,21.11,False,False,False,False,False,False,False,False,False,2026-10-08,數位雲端,數位雲端、軟體服務與電子商務（公司級產品待核驗）
7715,7715.TWO,Yuh Shan,裕山,8.7,,TPEx LISTED,綠能環保,26.55,26.6,27.5,26.45,58000,1.54,27.12,27.465,-2.1,-3.33,-0.93,-1.48,-6.35,44.0,72.3,72.3,44.0,72.3,-37.5,-61.96,-61.96,39.66,63.28,False,False,False,False,False,False,False,False,False,2026-10-08,綠能環保,綠能、太陽能、儲能與環境工程（公司級產品待核驗）
7716,7716.TWO,ITI,昱臺國際,5.52,,TPEx LISTED,航運業,24.55,23.7,24.55,23.6,5000,0.12,24.54,24.235,0.04,1.3,-1.01,0.41,2.51,27.3,43.85,43.85,27.3,43.85,-10.07,-44.01,-44.01,10.07,44.01,False,False,False,True,False,False,False,False,False,2026-10-08,航運業,海運、航空、港口與物流運輸（公司級業務待核驗）
7717,7717.TWO,Lightel-KY,萊德光電-KY,143.28,,TPEx LISTED,通信網路業,577.0,581.0,590.0,570.0,528444,304.91,585.0,587.4,-1.37,-1.77,-4.15,-2.53,4.72,959.0,959.0,959.0,959.0,959.0,-38.48,-38.48,-38.48,39.83,39.83,False,False,False,False,False,False,False,False,False,2026-10-08,通信網路業,光電顯示／光學元件
7718,7718.TWO,SPEC,友鋮,21.28,,TPEx LISTED,電機機械,45.9,46.0,46.0,45.85,27000,1.24,45.89,45.975,0.02,-0.16,0.22,-0.11,-0.22,56.3,67.3,67.3,56.3,67.3,-18.29,-31.65,-31.65,18.47,31.8,False,False,False,False,False,False,False,False,False,2026-10-08,電機機械,電機機械、工業自動化與設備（公司級產品待核驗）
7721,7721.TW,MICROPROGRAM,微程式,33.83,,TWSE LISTED,數位雲端,61.1,60.7,63.5,60.1,58005,3.54,62.2,62.06,-1.77,-1.55,-0.49,-3.02,-1.29,93.0,94.2,94.2,93.0,94.2,-31.72,-32.59,-32.59,34.3,35.14,False,False,False,False,False,False,False,False,False,2026-10-08,數位雲端,數位雲端、軟體服務與電子商務（公司級產品待核驗）
7722,7722.TW,LINEPAY,LINEPAY,188.5,,TWSE LISTED,數位雲端,264.0,270.0,270.0,264.0,32019,8.45,263.4,261.6,0.23,0.92,-2.22,0.76,1.54,542.86,980.95,980.95,542.86,980.95,-50.26,-72.48,-72.48,51.37,73.09,False,False,False,False,False,False,False,False,False,2026-10-08,數位雲端,數位雲端、軟體服務與電子商務（公司級產品待核驗）
7723,7723.TWO,JHU JIAN,築間,11.07,,TPEx LISTED,觀光餐旅,22.3,21.8,22.75,20.8,853500,19.03,20.05,19.185,11.22,16.24,2.29,23.55,22.19,35.8,172.0,172.0,35.8,172.0,-36.45,-86.77,-86.77,37.71,87.03,True,False,False,False,False,False,False,False,False,2026-10-08,觀光餐旅,觀光餐旅（公司级产品待核验）
7728,7728.TWO,Enlitech,光焱科技,88.29,,TPEx LISTED,其他電子業,631.0,643.0,679.0,630.0,91010,57.43,637.4,629.4,-1.0,0.25,-0.94,-0.79,-2.77,970.3,970.3,970.3,970.3,970.3,-30.02,-30.02,-30.02,34.97,34.97,False,False,False,False,False,False,False,False,False,2026-10-08,其他電子業,其他電子：電子模組、感測器、電源與車用電子（公司級產品待核驗）
7730,7730.TW,NEMS,暉盛-創,77.85,,TWSE LISTED,半導體業,201.5,197.0,207.0,192.0,255210,51.42,192.6,185.4,4.62,8.68,3.07,7.18,3.6,232.86,232.86,232.86,232.86,232.86,-11.1,-11.1,-11.1,13.47,13.47,True,False,False,False,False,False,False,False,False,2026-10-08,半導體業,半導體／IC設計或製造（細分環節待核驗）
7732,7732.TW,KING SHING,金興精密,21.7,,TWSE LISTED,汽車工業,33.55,33.55,33.55,33.05,6000,0.2,33.19,33.395,1.08,0.46,0.0,2.6,1.05,42.5,59.0,59.0,42.5,59.0,-21.06,-43.14,-43.14,21.06,43.14,False,False,False,True,False,False,False,False,False,2026-10-08,汽車工業,汽車整車、汽車零組件與車用電子（公司級產品待核驗）
7734,7734.TWO,APT,印能科技,758.8,,TPEx LISTED,半導體業,2710.0,2710.0,2715.0,2640.0,140024,379.47,2758.0,2726.0,-1.74,-0.59,0.0,-2.87,-3.04,4635.0,4635.0,4635.0,4635.0,4635.0,-41.42,-41.42,-41.42,41.53,41.53,False,False,False,False,False,False,False,False,False,2026-10-08,半導體業,半導體／IC設計或製造（細分環節待核驗）
7736,7736.TW,HUSHAN,虎山,53.73,,TWSE LISTED,汽車工業,70.7,71.8,72.0,70.7,57000,4.03,70.96,69.83,-0.37,1.25,-1.53,-0.42,2.91,96.4,148.5,148.5,96.4,148.5,-25.31,-51.52,-51.52,26.66,52.39,False,False,False,False,False,False,False,False,False,2026-10-08,汽車工業,汽車整車、汽車零組件與車用電子（公司級產品待核驗）
7738,7738.TWO,EUI,東聯互動,44.04,,TPEx LISTED,數位雲端,161.0,159.0,162.0,158.0,53000,8.53,157.0,156.55,2.55,2.84,1.9,3.87,3.21,206.5,261.5,261.5,206.5,261.5,-21.55,-38.05,-38.05,22.03,38.43,True,False,False,False,False,False,False,False,False,2026-10-08,數位雲端,數位雲端、軟體服務與電子商務（公司級產品待核驗）
7740,7740.TW,SEETEL,熙特爾-創,71.1,,TWSE LISTED,綠能環保,118.5,107.0,118.5,104.0,404000,47.87,106.3,106.15,11.48,11.63,9.72,15.61,15.61,182.21,262.45,262.45,182.21,262.45,-34.97,-54.85,-54.85,34.97,54.85,False,False,True,True,False,False,False,False,False,2026-10-08,綠能環保,綠能、太陽能、儲能與環境工程（公司級產品待核驗）
7743,7743.TWO,KFS,金利食安,9.49,,TPEx LISTED,食品工業,26.0,26.0,26.1,24.9,130021,3.38,26.15,25.545,-0.57,1.78,-3.7,0.39,4.0,27.0,74.5,74.5,27.0,74.5,-3.33,-64.97,-64.97,3.7,65.1,False,False,False,False,False,False,False,True,False,2026-10-08,食品工業,食品、飲料與食品加工（公司級產品待核驗）
7744,7744.TWO,WB,崴寶,162.31,,TPEx LISTED,電子零組件業,506.0,530.0,532.0,506.0,108159,54.73,523.8,527.9,-3.4,-4.15,-5.07,-4.17,-5.77,618.0,618.0,618.0,618.0,618.0,-13.92,-13.92,-13.92,18.12,18.12,False,False,False,False,False,False,False,False,False,2026-10-08,電子零組件業,電子零組件：PCB、CCL、IC載板、連接器與被動元件（公司級品類待核驗）
7747,7747.TWO,GCS,昕奇雲端,33.49,,TPEx LISTED,數位雲端,111.0,110.0,111.0,109.0,91000,10.1,111.4,111.65,-0.36,-0.58,0.0,-0.45,-0.45,125.45,170.91,170.91,125.45,170.91,-11.52,-35.05,-35.05,11.52,35.05,False,False,False,False,False,False,False,False,False,2026-10-08,數位雲端,數位雲端、軟體服務與電子商務（公司級產品待核驗）
7749,7749.TW,iGo-KY,意騰-KY,169.21,,TWSE LISTED,半導體業,364.0,369.0,372.0,359.0,599159,218.09,388.1,391.65,-6.21,-7.06,-6.91,-8.77,-9.34,560.0,716.0,716.0,560.0,716.0,-33.57,-48.04,-48.04,35.0,49.16,False,False,False,False,False,False,False,False,False,2026-10-08,半導體業,半導體／IC設計或製造（細分環節待核驗）
7750,7750.TW,Syntec,新代,1418.9,,TWSE LISTED,電機機械,1975.0,1995.0,2000.0,1960.0,71487,141.19,1981.0,1959.5,-0.3,0.79,-1.0,-4.59,4.22,3070.0,3070.0,3070.0,3070.0,3070.0,-34.85,-34.85,-34.85,35.67,35.67,False,False,False,False,False,False,False,False,False,2026-10-08,電機機械,電機機械、工業自動化與設備（公司級產品待核驗）
7751,7751.TWO,HORNG TERNG,竑騰,435.6,,TPEx LISTED,半導體業,1620.0,1660.0,1660.0,1585.0,181414,293.89,1601.0,1576.5,1.19,2.76,1.25,0.93,-0.61,2805.0,2805.0,2805.0,2805.0,2805.0,-40.82,-40.82,-40.82,42.25,42.25,False,False,False,False,False,False,False,False,False,2026-10-08,半導體業,半導體／IC設計或製造（細分環節待核驗）
7753,7753.TWO,SAVC,星亞,8.93,,TPEx LISTED,光電業,35.7,35.35,35.75,35.35,10000,0.36,35.65,35.595,0.14,0.29,0.56,0.14,0.0,52.5,74.5,74.5,52.5,74.5,-31.9,-52.01,-52.01,32.0,52.08,False,False,False,True,False,False,False,False,False,2026-10-08,光電業,光電顯示／光學元件
7757,7757.TWO,Lebledor,金色三麥,21.42,,TPEx LISTED,觀光餐旅,88.9,88.5,88.9,88.5,9000,0.8,89.06,89.54,-0.18,-0.71,-0.22,-0.56,-0.34,119.0,310.0,310.0,119.0,310.0,-25.29,-71.32,-71.32,25.29,71.32,False,False,False,False,False,False,False,False,False,2026-10-08,觀光餐旅,觀光餐旅（公司级产品待核验）
7760,7760.TW,ENJOY,享溫馨,21.3,,TWSE LISTED,觀光餐旅,33.0,32.5,33.0,32.5,15000,0.49,32.8,32.86,0.61,0.43,1.38,0.61,1.54,43.6,69.0,69.0,43.6,69.0,-24.31,-52.17,-52.17,24.31,52.17,False,False,False,True,False,False,False,False,False,2026-10-08,觀光餐旅,觀光餐旅（公司级产品待核验）
7765,7765.TW,CHT Security,中華資安,96.01,,TWSE LISTED,數位雲端,236.0,236.5,237.0,234.5,53051,12.52,232.6,235.75,1.46,0.11,0.43,3.06,-0.21,289.5,408.5,408.5,289.5,408.5,-18.13,-41.98,-41.98,18.48,42.23,True,False,False,True,False,False,False,False,False,2026-10-08,數位雲端,數位雲端、軟體服務與電子商務（公司級產品待核驗）
7767,7767.TWO,HPI,仁大資訊,13.65,,TPEx LISTED,資訊服務業,45.35,45.4,45.4,45.35,4090,0.19,45.69,46.055,-0.74,-1.53,-0.22,-1.41,-2.05,51.9,76.3,76.3,51.9,76.3,-12.52,-40.5,-40.5,12.62,40.56,False,False,False,False,False,False,False,False,False,2026-10-08,資訊服務業,資訊服務、軟體、雲端與系統整合（公司級產品待核驗）
7768,7768.TW,PVI,頌勝科技,210.2,,TWSE LISTED,半導體業,300.0,297.5,303.0,297.0,52201,15.66,304.5,302.35,-1.48,-0.78,-0.17,-2.12,-0.33,494.0,494.0,494.0,494.0,494.0,-38.66,-38.66,-38.66,39.27,39.27,False,False,False,False,False,False,False,False,False,2026-10-08,半導體業,半導體／IC設計或製造（細分環節待核驗）
7769,7769.TW,HON,鴻勁,10660.85,,TWSE LISTED,半導體業,5925.0,5880.0,6050.0,5880.0,525353,3112.72,5822.0,5733.5,1.77,3.34,0.68,1.89,7.92,8465.0,8465.0,8465.0,8465.0,8465.0,-28.53,-28.53,-28.53,30.01,30.01,False,False,False,False,False,False,False,False,False,2026-10-08,半導體業,半導體／IC設計或製造（細分環節待核驗）
7770,7770.TWO,ZEITEC,君曜,12.24,,TPEx LISTED,半導體業,40.7,39.8,40.7,39.8,22000,0.9,41.38,41.29,-1.64,-1.43,1.75,-3.1,-1.81,69.6,130.0,130.0,69.6,130.0,-41.52,-68.69,-68.69,41.52,68.69,False,False,False,False,False,False,False,False,False,2026-10-08,半導體業,半導體／IC設計或製造（細分環節待核驗）
7772,7772.TWO,MOE,耀穎,35.77,,TPEx LISTED,半導體業,135.0,143.0,145.5,134.0,503866,68.02,156.8,167.35,-13.9,-19.33,-6.57,-19.4,-26.63,340.0,340.0,340.0,340.0,340.0,-57.21,-57.21,-57.21,60.29,60.29,False,False,False,False,False,False,False,False,False,2026-10-08,半導體業,半導體／IC設計或製造（細分環節待核驗）
7777,7777.TWO,ABICO ASIA,能率亞洲,69.23,,TPEx LISTED,其他,37.1,37.2,37.6,37.05,660400,24.5,37.9,37.24,-2.11,-0.38,-0.54,-3.64,-3.01,48.5,48.5,48.5,48.5,48.5,-22.47,-22.47,-22.47,23.51,23.51,False,False,False,False,False,False,False,False,False,2026-10-08,其他,其他（公司级产品待核验）
7780,7780.TW,DAIKEN,大研生醫*,134.06,,TWSE LISTED,食品工業,16.55,16.15,16.6,16.1,1952075,32.31,16.08,16.11,2.92,2.73,2.48,4.75,2.48,192.0,192.0,192.0,192.0,192.0,-91.35,-91.35,-91.35,91.38,91.38,True,False,False,True,False,False,False,False,False,2026-10-08,食品工業,食品、飲料與食品加工（公司級產品待核驗）
7782,7782.TWO,SPEEDING ROCKET,光速火箭,5.83,,TPEx LISTED,居家生活,25.1,25.15,25.15,25.1,17000,0.43,25.18,25.185,-0.32,-0.34,-0.59,-0.4,-0.2,31.4,62.7,62.7,31.4,62.7,-19.9,-59.89,-59.89,20.06,59.97,False,False,False,False,False,False,False,False,False,2026-10-08,居家生活,居家用品、建材、家具與生活消費品（公司級產品待核驗）
7786,7786.TW,DFO,東方風能,204.11,,TWSE LISTED,綠能環保,116.0,116.5,117.5,116.0,80035,9.28,117.6,117.95,-1.36,-1.65,-0.43,-3.73,-2.11,173.0,296.0,296.0,173.0,296.0,-32.08,-60.3,-60.3,32.95,60.81,False,False,False,False,False,False,False,False,False,2026-10-08,綠能環保,綠能、太陽能、儲能與環境工程（公司級產品待核驗）
7788,7788.TW,SONG CHUAN,松川精密,243.23,,TWSE LISTED,電子零組件業,305.0,313.0,316.0,303.0,3258401,993.81,327.8,309.05,-6.96,-1.31,-7.29,-8.27,4.99,365.5,365.5,365.5,365.5,365.5,-13.54,-13.54,-13.54,16.55,16.55,False,False,False,False,False,False,False,False,False,2026-10-08,電子零組件業,電子零組件：PCB、CCL、IC載板、連接器與被動元件（公司級品類待核驗）
7791,7791.TW,LUCKY ROYAL,皇家可口,43.12,,TWSE LISTED,食品工業,53.9,53.2,53.9,53.2,7026,0.38,54.16,54.77,-0.48,-1.59,0.19,-0.74,-1.64,72.9,84.5,84.5,72.9,84.5,-26.06,-36.21,-36.21,26.06,36.21,False,False,False,False,False,False,False,False,False,2026-10-08,食品工業,食品、飲料與食品加工（公司級產品待核驗）
7792,7792.TWO,AM-POWER,安葆,188.28,,TPEx LISTED,其他電子業,403.5,395.5,407.0,389.5,855425,345.16,425.0,423.7,-5.06,-4.77,-0.74,-7.98,-4.16,461.5,461.5,461.5,461.5,461.5,-11.81,-11.81,-11.81,12.57,12.57,False,False,False,False,False,False,False,False,False,2026-10-08,其他電子業,其他電子：電子模組、感測器、電源與車用電子（公司級產品待核驗）
7794,7794.TWO,API,宏碁智新,8.2,,TPEx LISTED,居家生活,29.3,29.5,29.5,29.05,36000,1.05,29.97,30.12,-2.24,-2.72,-1.01,-3.14,-3.3,34.8,34.8,34.8,34.8,34.8,-15.23,-15.23,-15.23,15.8,15.8,False,False,False,False,False,False,False,False,False,2026-10-08,居家生活,居家用品、建材、家具與生活消費品（公司級產品待核驗）
7795,7795.TW,EPM,長廣,413.85,,TWSE LISTED,電子零組件業,525.0,541.0,542.0,525.0,642157,337.13,546.4,523.3,-3.92,0.32,-3.67,-6.08,-2.05,666.0,666.0,666.0,666.0,666.0,-18.62,-18.62,-18.62,21.17,21.17,False,False,False,False,False,False,False,False,False,2026-10-08,電子零組件業,電子零組件：PCB、CCL、IC載板、連接器與被動元件（公司級品類待核驗）
7799,7799.TW,HNMC,禾榮科,819.71,,TWSE LISTED,生技醫療業,518.0,516.0,518.0,503.0,265102,137.32,529.0,525.85,-2.08,-1.49,0.39,-3.54,-6.67,582.0,860.0,860.0,582.0,860.0,-11.0,-39.77,-39.77,11.0,39.77,False,False,False,False,False,False,False,False,False,2026-10-08,生技醫療業,生技、製藥、醫療器材與健康服務（公司級產品待核驗）
7803,7803.TW,aetherAI,雲象科技-創,16.43,,TWSE LISTED,生技醫療業,17.4,17.5,17.5,17.0,101000,1.76,17.56,17.735,-0.91,-1.89,-0.57,-1.42,-2.25,27.3,27.3,27.3,27.3,27.3,-35.9,-35.9,-35.9,36.26,36.26,False,False,False,False,False,False,False,False,False,2026-10-08,生技醫療業,生技、製藥、醫療器材與健康服務（公司級產品待核驗）
7805,7805.TWO,QNAP,威聯通,200.74,,TPEx LISTED,數位雲端,505.0,499.5,509.0,495.0,59125,29.86,495.6,494.9,1.9,2.04,2.54,1.3,3.06,680.0,710.83,710.83,680.0,710.83,-25.15,-28.39,-28.39,25.74,28.96,False,False,False,False,False,False,False,False,False,2026-10-08,數位雲端,數位雲端、軟體服務與電子商務（公司級產品待核驗）
7810,7810.TWO,JTRON,捷創科技,49.61,,TPEx LISTED,半導體業,245.0,249.0,249.0,245.0,102006,24.99,247.0,238.95,-0.81,2.53,-1.41,-1.61,4.26,339.5,339.5,339.5,339.5,339.5,-26.66,-26.66,-26.66,27.84,27.84,False,False,False,False,False,False,False,False,False,2026-10-08,半導體業,半導體／IC設計或製造（細分環節待核驗）
7811,7811.TWO,Minson,民盛,24.37,,TPEx LISTED,運動休閒,73.0,73.0,73.0,73.0,6000,0.44,72.54,72.97,0.63,0.04,0.0,1.39,-0.68,132.0,168.0,168.0,132.0,168.0,-44.7,-56.55,-56.55,44.7,56.55,False,False,False,False,False,False,False,False,False,2026-10-08,運動休閒,運動休閒（公司级产品待核验）
7812,7812.TW,TMYTEK,稜研科技*-創,41.79,,TWSE LISTED,通信網路業,64.9,64.9,66.3,64.4,76000,4.93,65.18,66.72,-0.43,-2.73,-0.15,-0.92,0.62,127.0,127.0,127.0,127.0,127.0,-47.8,-47.8,-47.8,48.9,48.9,False,False,False,False,False,False,False,False,False,2026-10-08,通信網路業,通信網路／網通設備
7814,7814.TWO,HORIEN,海昌生技,12.82,,TPEx LISTED,生技醫療業,28.5,28.0,28.5,28.0,7000,0.2,28.38,28.365,0.42,0.48,1.79,1.06,0.35,45.4,51.4,51.4,45.4,51.4,-37.22,-44.55,-44.55,37.22,44.55,False,False,False,True,False,False,False,False,False,2026-10-08,生技醫療業,生技、製藥、醫療器材與健康服務（公司級產品待核驗）
7818,7818.TW,KEMFLO,溢泰實業,100.62,,TWSE LISTED,綠能環保,61.0,61.1,61.1,60.8,4000,0.24,60.56,60.3,0.73,1.16,0.0,1.67,1.5,126.0,194.0,194.0,126.0,194.0,-51.51,-68.51,-68.51,51.59,68.56,False,False,False,False,False,False,False,False,False,2026-10-08,綠能環保,綠能、太陽能、儲能與環境工程（公司級產品待核驗）
7819,7819.TWO,Systex Fintech,精誠金融,8.32,,TPEx LISTED,資訊服務業,32.95,33.05,33.05,32.95,29000,0.96,33.21,33.65,-0.78,-2.08,-0.3,-0.9,-2.23,108.5,454.5,454.5,108.5,454.5,-69.54,-92.73,-92.73,69.63,92.75,False,False,False,False,False,False,False,False,False,2026-10-08,資訊服務業,資訊服務、軟體、雲端與系統整合（公司級產品待核驗）
7820,7820.TWO,Liying EPTech,立盈,41.73,,TPEx LISTED,綠能環保,110.5,110.5,110.5,110.5,0,0.0,110.4,109.55,0.09,0.87,0.0,-0.45,0.45,221.5,252.5,252.5,221.5,252.5,-50.11,-56.24,-56.24,50.11,56.24,False,False,False,False,False,False,False,False,False,2026-10-08,綠能環保,綠能、太陽能、儲能與環境工程（公司級產品待核驗）
7821,7821.TW,MDT,神數,42.79,,TWSE LISTED,汽車工業,35.1,35.0,35.5,35.0,88043,3.09,35.14,35.71,-0.11,-1.71,0.29,-0.14,-2.09,76.9,76.9,76.9,76.9,76.9,-53.84,-53.84,-53.84,54.36,54.36,False,False,False,False,False,False,False,False,False,2026-10-08,汽車工業,汽車整車、汽車零組件與車用電子（公司級產品待核驗）
7822,7822.TW,V5 TECHNOLOGIES,倍利科,431.92,,TWSE LISTED,半導體業,948.0,935.0,969.0,919.0,239080,226.65,972.8,964.1,-2.55,-1.67,-0.21,-4.24,-5.2,1875.0,1875.0,1875.0,1875.0,1875.0,-48.32,-48.32,-48.32,49.44,49.44,False,False,False,False,False,False,False,False,False,2026-10-08,半導體業,半導體／IC設計或製造（細分環節待核驗）
7823,7823.TW,CyCraft-KY,奧義賽博-KY創,26.76,,TWSE LISTED,數位雲端,79.9,78.7,80.0,78.7,31000,2.48,79.54,79.92,0.45,-0.03,1.52,0.0,0.0,165.0,165.0,165.0,165.0,165.0,-51.52,-51.52,-51.52,51.58,51.58,False,False,False,False,False,False,False,False,False,2026-10-08,數位雲端,數位雲端、軟體服務與電子商務（公司級產品待核驗）
7825,7825.TWO,NSTC,和亞智慧,17.43,,TPEx LISTED,其他電子業,75.4,76.2,77.8,75.0,234305,17.67,79.52,80.82,-5.18,-6.71,-3.46,-6.45,-11.92,229.0,229.0,229.0,229.0,229.0,-66.03,-66.03,-66.03,67.07,67.07,False,False,False,False,False,False,False,False,False,2026-10-08,其他電子業,其他電子：電子模組、感測器、電源與車用電子（公司級產品待核驗）
7827,7827.TW,Hanchor-KY,漢康-KY創,238.1,,TWSE LISTED,生技醫療業,169.0,164.5,170.5,163.5,429300,72.55,167.1,165.45,1.14,2.15,2.11,0.9,2.42,187.0,187.0,187.0,187.0,187.0,-8.82,-8.82,-8.82,9.63,9.63,False,False,False,True,False,False,False,True,True,2026-10-08,生技醫療業,生技、製藥、醫療器材與健康服務（公司級產品待核驗）
7828,7828.TWO,INNOSTAR,創新服務,745.09,,TPEx LISTED,半導體業,1840.0,1800.0,1840.0,1765.0,132443,243.7,1834.0,1877.0,0.33,-1.97,2.22,0.0,-1.87,2510.0,2510.0,2510.0,2510.0,2510.0,-26.69,-26.69,-26.69,26.69,26.69,False,False,False,False,False,False,False,False,False,2026-10-08,半導體業,半導體／IC設計或製造（細分環節待核驗）
7835,7835.TW,H2U,永悅健康-創,9.12,,TWSE LISTED,數位雲端,19.6,19.6,20.7,19.6,56000,1.1,19.83,19.91,-1.16,-1.56,-1.01,-1.51,-0.76,50.0,50.0,50.0,50.0,50.0,-58.6,-58.6,-58.6,60.8,60.8,False,False,False,False,False,False,False,False,False,2026-10-08,數位雲端,數位雲端、軟體服務與電子商務（公司級產品待核驗）
7839,7839.TWO,PRO360,達人網,6.64,,TPEx LISTED,數位雲端,44.0,44.25,44.5,43.1,10015,0.44,43.69,43.41,0.71,1.36,-0.56,2.33,2.33,71.6,89.29,89.29,71.6,89.29,-37.85,-50.16,-50.16,38.55,50.72,False,False,False,True,False,False,False,False,False,2026-10-08,數位雲端,數位雲端、軟體服務與電子商務（公司級產品待核驗）
7842,7842.TWO,GREENET,天能綠電,17.61,,TPEx LISTED,綠能環保,96.5,96.5,96.7,95.5,5070,0.49,97.76,97.76,-1.29,-1.29,-3.21,-1.43,-1.23,185.0,280.0,280.0,185.0,280.0,-47.73,-65.46,-65.46,47.84,65.54,False,False,False,False,False,False,False,False,False,2026-10-08,綠能環保,綠能、太陽能、儲能與環境工程（公司級產品待核驗）
7855,7855.TW,HLC,和運租車,80.09,,TWSE LISTED,其他,41.6,41.85,42.05,41.45,466150,19.39,41.52,41.575,0.19,0.06,-0.72,0.73,0.48,43.8,43.8,43.8,43.8,43.8,-4.0,-4.0,-4.0,5.02,5.02,False,False,False,True,False,False,False,True,True,2026-10-08,其他,其他（公司级产品待核验）
7856,7856.TWO,HTSI,漢測,1405.8,,TPEx LISTED,半導體業,4260.0,4485.0,4630.0,4260.0,488606,2081.46,4261.0,4350.5,-0.02,-2.08,-2.74,-0.47,-0.93,5445.0,5445.0,5445.0,5445.0,5445.0,-14.97,-14.97,-14.97,21.76,21.76,False,False,False,False,False,False,False,False,False,2026-10-08,半導體業,半導體／IC設計或製造（細分環節待核驗）
8011,8011.TW,TTCC,台通,27.46,,TWSE LISTED,通信網路業,16.55,16.7,17.0,16.5,1082001,17.91,16.53,16.24,0.12,1.91,-2.07,2.8,3.12,23.25,35.55,35.55,23.25,35.55,-26.88,-52.18,-52.18,28.82,53.45,False,False,False,False,False,False,False,False,False,2026-10-08,通信網路業,通信網路／網通設備
8016,8016.TW,Sitronix,矽創,349.6,,TWSE LISTED,半導體業,291.0,289.5,291.5,288.0,308042,89.64,292.2,288.35,-0.41,0.92,0.52,-0.85,0.87,376.5,376.5,416.5,376.5,376.5,-22.58,-22.58,-30.01,22.71,22.71,False,False,False,False,False,False,False,False,False,2026-10-08,半導體業,半導體／IC設計或製造（細分環節待核驗）
8021,8021.TW,Topoint,尖點,807.89,,TWSE LISTED,其他電子業,557.0,553.0,568.0,544.0,8549610,4762.13,555.947,519.714,0.19,7.17,0.18,0.12,11.46,627.0,627.0,627.0,627.0,627.0,-9.41,-9.41,-9.41,11.16,11.16,False,False,False,False,False,False,False,False,False,2026-10-08,其他電子業,其他電子：電子模組、感測器、電源與車用電子（公司級產品待核驗）
8024,8024.TWO,Alpha,佑華,5.58,,TPEx LISTED,半導體業,12.35,12.05,12.5,12.05,110000,1.36,12.37,12.445,-0.16,-0.76,1.23,-0.4,0.0,18.25,24.9,43.9,18.25,24.9,-31.51,-49.8,-71.53,32.33,50.4,False,False,False,False,False,False,False,False,False,2026-10-08,半導體業,半導體／IC設計或製造（細分環節待核驗）
8027,8027.TWO,E&R,鈦昇,222.24,,TPEx LISTED,電機機械,202.5,207.0,209.5,200.0,2013940,407.82,208.7,203.75,-2.97,-0.61,-2.88,-3.34,-3.34,297.0,297.0,297.0,297.0,297.0,-29.46,-29.46,-29.46,31.82,31.82,False,False,False,False,False,False,False,False,False,2026-10-08,電機機械,電機機械、工業自動化與設備（公司級產品待核驗）
8028,8028.TW,PSI,昇陽半導體,523.12,,TWSE LISTED,半導體業,285.0,285.0,287.0,280.0,2608817,743.51,283.0,279.35,0.71,2.02,0.0,1.24,1.79,365.0,365.0,365.0,365.0,365.0,-21.37,-21.37,-21.37,21.92,21.92,False,False,True,False,False,False,False,False,False,2026-10-08,半導體業,半導體／IC設計或製造（細分環節待核驗）
8032,8032.TWO,KORYO,光菱,18.7,,TPEx LISTED,電子通路業,36.1,36.15,36.15,35.3,22001,0.79,36.18,36.11,-0.22,-0.03,-0.14,-0.14,-0.28,49.1,93.2,93.2,49.1,93.2,-26.37,-61.21,-61.21,26.48,61.27,False,False,False,False,False,False,False,False,False,2026-10-08,電子通路業,電子通路、半導體代理與零組件分銷（公司級代理品類待核驗）
8033,8033.TW,TT,雷虎,280.69,,TWSE LISTED,其他,170.5,172.0,172.5,170.0,1430693,243.93,173.2,172.2,-1.56,-0.99,-2.01,-1.45,-2.85,272.0,272.0,272.0,272.0,272.0,-36.58,-36.58,-36.58,37.32,37.32,False,False,False,False,False,False,False,False,False,2026-10-08,其他,其他（公司级产品待核验）
8034,8034.TWO,OPNET,榮群,11.01,,TPEx LISTED,通信網路業,19.45,19.35,19.5,19.3,40002,0.78,19.56,19.96,-0.56,-2.56,0.78,-1.52,-2.51,29.4,37.67,49.89,29.4,37.67,-33.67,-48.23,-60.91,33.84,48.36,False,False,False,False,False,False,False,False,False,2026-10-08,通信網路業,通信網路／網通設備
8038,8038.TWO,CAEC,長園科,22.54,,TPEx LISTED,電子零組件業,36.2,35.0,36.5,34.9,707151,25.6,35.03,34.12,3.34,6.1,6.16,2.26,6.94,61.1,63.0,74.75,61.1,63.0,-40.26,-42.06,-51.17,40.75,42.54,False,False,False,False,False,False,False,False,False,2026-10-08,電子零組件業,電子零組件：PCB、CCL、IC載板、連接器與被動元件（公司級品類待核驗）
8039,8039.TW,TAIFLEX,台虹,805.92,,TWSE LISTED,電子零組件業,305.5,306.5,331.5,302.5,59472828,18168.95,301.0,288.2,1.5,6.0,0.33,0.66,5.89,364.0,364.0,364.0,364.0,364.0,-8.93,-8.93,-8.93,16.07,16.07,False,False,False,False,False,False,False,False,False,2026-10-08,電子零組件業,電子零組件：PCB、CCL、IC載板、連接器與被動元件（公司級品類待核驗）
8040,8040.TWO,IC+,九暘,85.81,,TPEx LISTED,半導體業,89.0,90.2,90.8,88.2,968400,86.19,92.42,94.16,-3.7,-5.48,-1.33,-5.32,-6.71,130.5,130.5,130.5,130.5,130.5,-30.42,-30.42,-30.42,31.8,31.8,False,False,False,False,False,False,False,False,False,2026-10-08,半導體業,半導體／IC設計或製造（細分環節待核驗）
8042,8042.TWO,CHINSAN,金山電,182.1,,TPEx LISTED,電子零組件業,138.5,125.0,138.5,121.5,19583207,2712.27,124.2,118.75,11.51,16.63,9.92,16.88,17.37,227.0,227.0,227.0,227.0,227.0,-38.99,-38.99,-38.99,38.99,38.99,False,False,True,False,False,False,False,False,False,2026-10-08,電子零組件業,電子零組件：PCB、CCL、IC載板、連接器與被動元件（公司級品類待核驗）
8043,8043.TWO,3H,蜜望實,117.06,,TPEx LISTED,電子零組件業,146.5,143.0,149.0,140.0,3559125,521.41,142.5,137.75,2.81,6.35,1.03,4.27,5.78,239.5,239.5,239.5,239.5,239.5,-37.79,-37.79,-37.79,38.83,38.83,False,False,False,False,False,False,False,False,False,2026-10-08,電子零組件業,電子零組件：PCB、CCL、IC載板、連接器與被動元件（公司級品類待核驗）
8044,8044.TWO,PChome online,網家,49.55,,TPEx LISTED,數位雲端,24.2,24.35,24.35,24.05,246000,5.95,24.0,24.045,0.83,0.64,0.41,2.33,0.0,33.9,61.8,354.96,33.9,61.8,-28.17,-60.6,-93.14,28.61,60.84,True,False,False,False,False,False,False,False,False,2026-10-08,數位雲端,數位雲端、軟體服務與電子商務（公司級產品待核驗）
8045,8045.TW,TWOWAY,達運光電,54.27,,TWSE LISTED,通信網路業,57.1,56.8,58.1,55.7,176960,10.1,55.66,54.62,2.59,4.54,2.15,2.88,4.39,94.6,185.0,185.0,94.6,185.0,-38.58,-68.59,-68.59,39.64,69.14,False,False,False,False,False,False,False,False,False,2026-10-08,通信網路業,光電顯示／光學元件
8046,8046.TW,N.P.C,南電,9530.94,,TWSE LISTED,電子零組件業,1475.0,1480.0,1490.0,1435.0,5186570,7650.19,1483.0,1389.5,-0.54,6.15,-0.34,-1.34,3.87,1560.0,1560.0,1560.0,1560.0,1560.0,-4.49,-4.49,-4.49,5.45,5.45,False,False,False,False,False,False,False,True,True,2026-10-08,電子零組件業,IC載板（ABF載板與封裝基板）
8047,8047.TWO,GCC,星雲,15.4,,TPEx LISTED,其他電子業,44.5,43.5,45.4,43.5,106000,4.72,48.37,48.96,-8.0,-9.11,-5.22,-12.75,-12.75,60.0,60.8,60.8,60.0,60.8,-24.33,-25.33,-25.33,25.83,26.81,False,False,False,False,False,False,False,False,False,2026-10-08,其他電子業,其他電子：電子模組、感測器、電源與車用電子（公司級產品待核驗）
8048,8048.TWO,RUBYTECH,德勝,30.55,,TPEx LISTED,通信網路業,51.4,52.0,52.0,50.3,85136,4.38,51.46,50.92,-0.12,0.94,-0.19,0.19,1.18,74.56,87.57,96.62,74.56,87.57,-30.26,-40.62,-46.18,31.07,41.3,False,False,False,False,False,False,False,False,False,2026-10-08,通信網路業,通信網路／網通設備
8049,8049.TWO,AMPIRE,晶采,28.92,,TPEx LISTED,光電業,24.45,24.55,24.55,24.4,58000,1.42,24.58,24.575,-0.53,-0.51,-0.81,-0.41,-1.41,29.45,43.7,45.15,29.45,43.7,-16.64,-43.82,-45.63,16.98,44.05,False,False,False,False,False,False,False,False,False,2026-10-08,光電業,光電顯示／光學元件
8050,8050.TWO,IBASE,廣積,123.94,,TPEx LISTED,電腦及週邊設備業,60.4,60.6,61.5,60.3,851639,51.44,61.2,61.92,-1.31,-2.45,-0.33,-2.58,-4.73,69.4,93.6,112.5,69.4,93.6,-11.38,-34.29,-45.33,12.97,35.47,False,False,False,False,False,False,False,False,False,2026-10-08,電腦及週邊設備業,電腦、伺服器與企業硬體
8054,8054.TWO,Alcor Micro,安國,88.07,,TPEx LISTED,半導體業,81.0,81.3,82.4,80.8,598124,48.45,84.98,85.96,-4.68,-5.77,-0.37,-7.22,-9.8,145.5,224.0,224.0,145.5,224.0,-43.37,-63.21,-63.21,44.33,63.84,False,False,False,False,False,False,False,False,False,2026-10-08,半導體業,半導體／IC設計或製造（細分環節待核驗）
8059,8059.TWO,CTI,凱碩,20.5,,TPEx LISTED,通信網路業,17.6,17.7,17.95,17.6,38199,0.67,17.71,17.585,-0.62,0.09,0.28,-1.12,0.28,42.41,77.99,77.99,42.41,77.99,-57.68,-76.98,-76.98,58.5,77.43,False,False,False,False,False,False,False,False,False,2026-10-08,通信網路業,通信網路／網通設備
8064,8064.TWO,CONTREL,東捷,246.73,,TPEx LISTED,光電業,133.5,134.5,135.0,132.5,1720611,229.7,136.6,138.55,-2.27,-3.64,-1.84,-2.2,-6.97,189.5,189.5,189.5,189.5,189.5,-28.76,-28.76,-28.76,29.55,29.55,False,False,False,False,False,False,False,False,False,2026-10-08,光電業,光電顯示／光學元件
8066,8066.TWO,LIFESTYLE,來思達,5.31,,TPEx LISTED,居家生活,14.5,14.2,14.5,14.2,18171,0.26,14.75,14.88,-1.69,-2.55,-1.69,-2.36,-3.01,21.0,37.85,142.0,21.0,37.85,-30.95,-61.69,-89.79,30.95,61.69,False,False,False,False,False,False,False,False,False,2026-10-08,居家生活,居家用品、建材、家具與生活消費品（公司級產品待核驗）
8067,8067.TWO,Gish INT,志旭,2.38,,TPEx LISTED,電子通路業,11.5,11.5,11.5,11.5,1000,0.01,11.35,11.645,1.32,-1.25,4.07,2.68,-4.17,17.0,22.6,28.36,17.0,22.6,-32.35,-49.12,-59.46,32.35,49.12,False,False,False,False,False,False,False,False,False,2026-10-08,電子通路業,電子通路、半導體代理與零組件分銷（公司級代理品類待核驗）
8068,8068.TWO,Chander,全達,15.14,,TPEx LISTED,電子通路業,18.75,17.35,18.75,17.3,938000,17.59,17.64,17.765,6.29,5.54,9.97,7.14,5.63,29.55,47.95,49.3,29.55,47.95,-36.55,-60.9,-61.97,36.55,60.9,False,False,False,True,False,False,False,False,False,2026-10-08,電子通路業,電子通路、半導體代理與零組件分銷（公司級代理品類待核驗）
8069,8069.TWO,EIH,元太,1662.74,,TPEx LISTED,光電業,144.0,145.0,147.0,144.0,3369935,485.27,145.6,144.85,-1.1,-0.59,-0.69,-1.71,0.0,251.0,322.0,322.0,251.0,322.0,-41.43,-54.35,-54.35,42.63,55.28,False,False,False,False,False,False,False,False,False,2026-10-08,光電業,光電顯示／光學元件
8070,8070.TW,CHANG WAH,長華*,366.45,,TWSE LISTED,電子通路業,50.5,51.6,51.9,50.5,2087456,105.42,51.08,50.475,-1.14,0.05,-1.94,-2.32,0.6,66.0,72.0,72.0,66.0,72.0,-21.36,-27.92,-27.92,23.48,29.86,False,False,False,False,False,False,False,False,False,2026-10-08,電子通路業,電子通路、半導體代理與零組件分銷（公司級代理品類待核驗）
8071,8071.TWO,ABICO,能率網通,13.07,,TPEx LISTED,電子零組件業,21.75,21.8,21.85,21.55,184000,4.0,21.95,21.935,-0.91,-0.84,-0.68,-1.14,-1.14,35.1,35.1,35.1,35.1,35.1,-37.75,-37.75,-37.75,38.03,38.03,False,False,False,False,False,False,False,False,False,2026-10-08,電子零組件業,通信網路／網通設備
8072,8072.TW,AV TECH,陞泰,21.52,,TWSE LISTED,電子通路業,26.9,26.9,27.05,26.7,109000,2.93,27.21,27.5,-1.14,-2.18,0.0,-0.74,-3.24,34.6,55.0,55.0,34.6,55.0,-21.82,-50.82,-50.82,22.25,51.09,False,False,False,False,False,False,False,False,False,2026-10-08,電子通路業,電子通路、半導體代理與零組件分銷（公司級代理品類待核驗）
8074,8074.TWO,AURONA,鉅橡,49.14,,TPEx LISTED,電子零組件業,56.5,57.9,58.1,56.4,679124,38.37,56.96,54.06,-0.81,4.51,-2.59,-1.4,9.07,96.3,96.3,96.3,96.3,96.3,-39.67,-39.67,-39.67,41.33,41.33,False,False,False,False,False,False,False,False,False,2026-10-08,電子零組件業,電子零組件：PCB、CCL、IC載板、連接器與被動元件（公司級品類待核驗）
8076,8076.TWO,FIRICH,伍豐,62.53,,TPEx LISTED,電腦及週邊設備業,21.4,21.3,21.55,21.25,309394,6.62,21.48,21.55,-0.37,-0.7,0.23,0.0,-0.93,29.9,38.25,58.1,29.9,38.25,-27.93,-43.66,-62.91,28.43,44.05,False,False,False,False,False,False,False,False,False,2026-10-08,電腦及週邊設備業,電腦、伺服器與企業硬體
8077,8077.TWO,GWH,洛碁,9.06,,TPEx LISTED,觀光餐旅,41.3,41.1,41.3,41.1,3000,0.12,41.34,41.975,-0.1,-1.61,0.24,-0.48,-1.2,56.3,80.9,148.75,56.3,80.9,-26.64,-48.95,-72.24,26.64,48.95,False,False,False,False,False,False,False,False,False,2026-10-08,觀光餐旅,觀光餐旅（公司级产品待核验）
8080,8080.TWO,TerraLink,泰霖,19.01,,TPEx LISTED,建材營造,28.3,28.45,28.45,28.3,24010,0.68,28.2,28.1,0.35,0.71,0.0,1.07,1.07,47.75,47.75,91.0,47.75,47.75,-40.42,-40.42,-68.74,40.73,40.73,False,False,False,False,False,False,False,False,False,2026-10-08,建材營造,建材、營造與不動產開發（公司級業務待核驗）
8081,8081.TW,GMT,致新,225.77,,TWSE LISTED,半導體業,262.0,264.5,264.5,260.5,277200,72.63,260.6,256.95,0.54,1.97,-0.19,1.16,2.75,347.5,347.5,347.5,347.5,347.5,-23.88,-23.88,-23.88,24.6,24.6,False,False,False,False,False,False,False,False,False,2026-10-08,半導體業,半導體／IC設計或製造（細分環節待核驗）
8083,8083.TWO,TIC,瑞穎,56.56,,TPEx LISTED,電機機械,161.0,160.0,161.0,160.0,63000,10.14,159.1,157.4,1.19,2.29,0.63,1.9,2.88,182.5,190.0,214.0,182.5,190.0,-11.78,-15.26,-24.77,11.78,15.26,True,True,False,False,False,False,False,False,False,2026-10-08,電機機械,電機機械、工業自動化與設備（公司級產品待核驗）
8084,8084.TWO,CHIP HOPE,巨虹,10.01,,TPEx LISTED,電子通路業,14.4,14.4,14.4,14.4,360379,5.19,17.9,24.02,-19.55,-40.05,-9.72,-26.72,-40.5,68.1,117.0,142.5,68.1,117.0,-78.85,-87.69,-89.89,78.85,87.69,False,False,False,False,False,False,False,False,False,2026-10-08,電子通路業,電子通路、半導體代理與零組件分銷（公司級代理品類待核驗）
8085,8085.TWO,FD,福華,21.14,,TPEx LISTED,其他電子業,15.1,15.1,15.5,14.8,360019,5.44,14.9,14.615,1.34,3.32,0.0,1.68,3.42,19.0,97.6,97.6,19.0,97.6,-18.42,-84.12,-84.12,20.53,84.53,False,False,False,False,False,False,False,False,False,2026-10-08,其他電子業,其他電子：電子模組、感測器、電源與車用電子（公司級產品待核驗）
8086,8086.TWO,AWSC,宏捷科,302.63,,TPEx LISTED,半導體業,154.0,142.5,154.0,140.0,30315439,4668.58,134.1,122.95,14.84,25.25,10.0,19.38,33.91,183.0,183.0,196.5,183.0,183.0,-15.85,-15.85,-21.63,15.85,15.85,False,False,False,False,False,False,False,False,False,2026-10-08,半導體業,半導體／IC設計或製造（細分環節待核驗）
8087,8087.TWO,LEADSUN,麗升能源,8.83,,TPEx LISTED,綠能環保,22.85,22.85,22.9,22.6,15001,0.34,23.51,23.465,-2.81,-2.62,-2.77,-4.79,-3.18,40.6,68.5,73.84,40.6,68.5,-43.6,-66.57,-68.99,43.72,66.64,False,False,False,False,False,False,False,False,False,2026-10-08,綠能環保,綠能、太陽能、儲能與環境工程（公司級產品待核驗）
8088,8088.TWO,PANRAM,品安,26.68,,TPEx LISTED,半導體業,43.8,44.9,45.3,43.8,452223,19.81,44.13,43.5,-0.75,0.69,-1.46,-0.45,0.34,73.1,73.1,73.1,73.1,73.1,-38.03,-38.03,-38.03,40.08,40.08,False,False,False,False,False,False,False,False,False,2026-10-08,半導體業,半導體／IC設計或製造（細分環節待核驗）
8089,8089.TWO,Comtrend,康全電訊,12.8,,TPEx LISTED,通信網路業,19.4,19.3,19.4,19.15,86000,1.67,19.41,19.405,-0.05,-0.03,0.26,0.26,-1.02,31.2,131.56,131.56,31.2,131.56,-37.82,-85.25,-85.25,37.82,85.25,False,False,False,False,False,False,False,False,False,2026-10-08,通信網路業,通信網路／網通設備
8091,8091.TWO,FB,翔名,130.97,,TPEx LISTED,半導體業,230.0,229.5,231.5,226.5,270165,62.14,234.5,225.75,-1.92,1.88,-1.5,-4.17,6.73,303.5,303.5,303.5,303.5,303.5,-23.72,-23.72,-23.72,24.22,24.22,False,False,False,False,False,False,False,False,False,2026-10-08,半導體業,半導體／IC設計或製造（細分環節待核驗）
8092,8092.TWO,CWPT,建暐,7.29,,TPEx LISTED,其他電子業,12.75,12.2,13.15,12.1,231000,2.95,12.27,12.49,3.91,2.08,6.25,4.51,1.59,20.95,35.7,35.7,20.95,35.7,-37.23,-63.17,-63.17,39.14,64.29,False,False,False,True,False,False,False,False,False,2026-10-08,其他電子業,其他電子：電子模組、感測器、電源與車用電子（公司級產品待核驗）
8093,8093.TWO,ENERMAX,保銳,14.88,,TPEx LISTED,電子零組件業,26.3,26.3,26.4,25.9,43000,1.13,25.8,24.885,1.94,5.69,-0.19,5.84,4.16,28.95,53.0,60.24,28.95,53.0,-8.81,-50.19,-56.17,9.15,50.38,False,False,False,False,False,False,False,True,False,2026-10-08,電子零組件業,電子零組件：PCB、CCL、IC載板、連接器與被動元件（公司級品類待核驗）
8096,8096.TWO,CoAsia,擎亞,134.86,,TPEx LISTED,電子通路業,90.3,89.7,90.9,88.2,1803361,162.84,89.64,88.12,0.74,2.47,0.22,0.33,3.2,177.0,177.0,177.0,177.0,177.0,-48.64,-48.64,-48.64,48.98,48.98,False,False,False,False,False,False,False,False,False,2026-10-08,電子通路業,電子通路、半導體代理與零組件分銷（公司級代理品類待核驗）
8097,8097.TWO,ATW,常珵,29.07,,TPEx LISTED,通信網路業,48.2,48.3,48.4,47.9,62000,2.99,48.52,48.465,-0.66,-0.55,-0.21,-1.33,-0.72,62.7,97.0,97.0,62.7,97.0,-22.81,-50.1,-50.1,23.13,50.31,False,False,False,False,False,False,False,False,False,2026-10-08,通信網路業,通信網路／網通設備
8099,8099.TWO,TSTI,大世科,58.74,,TPEx LISTED,資訊服務業,58.7,58.9,59.4,58.2,51000,2.99,59.42,59.78,-1.21,-1.81,-0.34,-1.51,-2.65,77.2,110.18,110.18,77.2,110.18,-23.06,-46.09,-46.09,23.96,46.72,False,False,False,False,False,False,False,False,False,2026-10-08,資訊服務業,資訊服務、軟體、雲端與系統整合（公司級產品待核驗）
8101,8101.TW,Arima Comm.,華冠,5.37,,TWSE LISTED,通信網路業,10.3,10.3,10.3,10.3,1035,0.01,10.6,10.82,-2.83,-4.81,0.98,-8.04,-6.79,16.8,35.45,35.45,16.8,35.45,-38.69,-70.94,-70.94,38.69,70.94,False,False,False,False,False,False,False,False,False,2026-10-08,通信網路業,通信網路／網通設備
8102,8102.TWO,JEILIN,傑霖科技,14.13,,TPEx LISTED,半導體業,60.5,60.4,60.7,60.2,11035,0.67,59.5,59.55,1.68,1.6,-0.49,1.51,2.54,81.9,112.5,112.5,81.9,112.5,-25.89,-46.04,-46.04,26.13,46.22,False,False,False,False,False,False,False,False,False,2026-10-08,半導體業,半導體／IC設計或製造（細分環節待核驗）
8103,8103.TW,CviLux,瀚荃,89.81,,TWSE LISTED,電子零組件業,114.5,117.0,119.0,114.0,1826193,209.1,118.9,120.35,-3.7,-4.86,-2.97,-5.76,-7.66,136.5,136.5,136.5,136.5,136.5,-12.82,-12.82,-12.82,16.12,16.12,False,False,False,False,False,False,False,False,False,2026-10-08,電子零組件業,電子零組件：PCB、CCL、IC載板、連接器與被動元件（公司級品類待核驗）
8104,8104.TW,RiTdisplay,錸寶,32.21,,TWSE LISTED,光電業,30.95,30.95,31.0,30.8,199010,6.16,31.26,31.34,-0.99,-1.24,0.0,-1.28,-2.37,47.8,60.22,104.84,47.8,60.22,-35.15,-48.53,-70.43,35.25,48.61,False,False,False,False,False,False,False,False,False,2026-10-08,光電業,光電顯示／光學元件
8105,8105.TW,GiantPlus,凌巨,66.23,,TWSE LISTED,光電業,15.0,15.05,15.15,14.95,1392000,20.88,15.22,15.255,-1.45,-1.67,-0.99,-1.96,-2.91,25.75,25.75,26.15,25.75,25.75,-41.17,-41.17,-42.07,41.75,41.75,False,False,False,False,False,False,False,False,False,2026-10-08,光電業,光電顯示／光學元件
8107,8107.TWO,KENMOS,大億金茂,8.93,,TPEx LISTED,電機機械,11.9,11.75,11.95,11.75,23755,0.28,11.9,11.97,-0.0,-0.58,0.0,-0.42,0.85,16.7,35.0,54.2,16.7,35.0,-28.44,-65.86,-77.95,28.74,66.0,False,False,False,False,False,False,False,False,False,2026-10-08,電機機械,電機機械、工業自動化與設備（公司級產品待核驗）
8109,8109.TWO,P-DUKE,博大,111.74,,TPEx LISTED,電子零組件業,136.0,135.5,136.5,133.5,143005,19.45,138.6,137.1,-1.88,-0.8,0.74,-2.16,-5.88,166.5,166.5,166.5,166.5,166.5,-18.02,-18.02,-18.02,18.32,18.32,False,False,False,False,False,False,False,False,False,2026-10-08,電子零組件業,電子零組件：PCB、CCL、IC載板、連接器與被動元件（公司級品類待核驗）
8110,8110.TW,WALTON,華東,254.99,,TWSE LISTED,半導體業,49.25,49.6,50.4,49.2,4636835,228.36,49.34,49.17,-0.18,0.16,-0.51,0.1,1.13,88.0,88.0,88.0,88.0,88.0,-42.73,-42.73,-42.73,44.03,44.03,False,False,False,False,False,False,False,False,False,2026-10-08,半導體業,半導體／IC設計或製造（細分環節待核驗）
8111,8111.TWO,LIGITEK,立碁,102.23,,TPEx LISTED,光電業,93.7,93.0,97.2,92.6,16965490,1589.67,92.02,84.76,1.83,10.55,-0.32,-0.64,20.13,99.7,99.7,99.7,99.7,99.7,-2.51,-2.51,-2.51,6.02,6.02,False,False,False,False,False,False,False,True,True,2026-10-08,光電業,光電顯示／光學元件
8112,8112.TW,Supreme,至上,481.06,,TWSE LISTED,電子通路業,85.1,85.6,86.3,84.8,11864544,1009.67,84.2,83.64,1.07,1.75,1.67,1.19,1.55,104.0,104.0,104.0,104.0,104.0,-17.02,-17.02,-17.02,18.17,18.17,False,False,False,False,False,False,False,False,False,2026-10-08,電子通路業,電子通路、半導體代理與零組件分銷（公司級代理品類待核驗）
8114,8114.TW,POSIFLEX,振樺電,135.77,,TWSE LISTED,電腦及週邊設備業,177.5,177.0,179.0,175.0,295639,52.48,178.3,178.0,-0.45,-0.28,0.0,-0.84,-0.28,276.5,382.0,382.0,276.5,382.0,-35.26,-53.14,-53.14,35.8,53.53,False,False,False,False,False,False,False,False,False,2026-10-08,電腦及週邊設備業,電腦、伺服器與企業硬體
8121,8121.TWO,ACME,越峰,73.27,,TPEx LISTED,電子零組件業,34.4,33.5,35.3,32.55,2776334,95.51,33.5,32.41,2.69,6.14,-0.72,5.85,-0.72,57.2,57.2,57.41,57.2,57.2,-38.29,-38.29,-38.51,39.86,39.86,False,False,True,False,False,False,False,False,False,2026-10-08,電子零組件業,電子零組件：PCB、CCL、IC載板、連接器與被動元件（公司級品類待核驗）
8131,8131.TW,FATC,福懋科,300.71,,TWSE LISTED,半導體業,68.0,68.2,71.0,67.2,8097673,550.64,65.28,63.59,4.17,6.94,-0.29,7.09,8.8,87.1,87.1,87.1,87.1,87.1,-18.48,-18.48,-18.48,21.93,21.93,False,False,False,False,False,False,False,False,False,2026-10-08,半導體業,半導體／IC設計或製造（細分環節待核驗）
8147,8147.TWO,NEXTRON,正淩,58.13,,TPEx LISTED,電子零組件業,139.0,142.0,142.0,139.0,129232,17.96,141.3,143.05,-1.63,-2.83,-2.11,-1.77,-3.14,197.5,197.5,197.5,197.5,197.5,-28.1,-28.1,-28.1,29.62,29.62,False,False,False,False,False,False,False,False,False,2026-10-08,電子零組件業,電子零組件：PCB、CCL、IC載板、連接器與被動元件（公司級品類待核驗）
8150,8150.TW,ChipMOS,南茂,901.79,,TWSE LISTED,半導體業,128.0,126.0,129.5,124.0,36560090,4679.69,127.0,118.85,0.79,7.7,-0.39,3.23,10.82,133.0,133.0,133.0,133.0,133.0,-2.63,-2.63,-2.63,3.76,3.76,False,False,False,False,False,False,False,True,True,2026-10-08,半導體業,半導體封裝測試（記憶體與邏輯IC測試）
8155,8155.TWO,ACCL,博智,203.63,,TPEx LISTED,電子零組件業,326.5,332.5,332.5,322.5,442296,144.41,329.0,326.35,-0.76,0.05,-2.25,-0.91,4.15,480.0,480.0,480.0,480.0,480.0,-30.73,-30.73,-30.73,31.98,31.98,False,False,False,False,False,False,False,False,False,2026-10-08,電子零組件業,CCL覆銅板／基板材料
8162,8162.TW,MSEC,微矽電子-創,46.44,,TWSE LISTED,半導體業,67.6,64.9,69.5,64.2,777080,52.53,66.38,66.02,1.84,2.39,4.16,1.05,-0.59,89.9,89.9,89.9,89.9,89.9,-22.69,-22.69,-22.69,24.81,24.81,False,False,False,True,False,False,False,False,False,2026-10-08,半導體業,半導體／IC設計或製造（細分環節待核驗）
8163,8163.TW,DARFON,達方,83.58,,TWSE LISTED,電腦及週邊設備業,29.85,30.0,30.0,29.65,442001,13.19,30.41,30.29,-1.84,-1.45,-0.17,-2.77,-2.45,47.8,74.6,95.8,47.8,74.6,-37.24,-59.79,-68.68,37.55,59.99,False,False,False,False,False,False,False,False,False,2026-10-08,電腦及週邊設備業,電腦、伺服器與企業硬體
8171,8171.TWO,Formosa,天宇,23.87,,TPEx LISTED,綠能環保,21.15,21.0,21.15,20.85,115076,2.43,20.88,20.76,1.29,1.88,0.48,2.17,2.17,32.05,46.2,70.34,32.05,46.2,-34.01,-54.22,-69.93,34.01,54.22,True,False,False,False,False,False,False,False,False,2026-10-08,綠能環保,綠能、太陽能、儲能與環境工程（公司級產品待核驗）
8176,8176.TWO,ZCOM,智捷,5.77,,TPEx LISTED,通信網路業,9.65,9.72,9.72,9.64,114033,1.1,9.732,9.747,-0.84,-1.0,-0.72,-1.13,-0.62,14.4,20.6,20.7,14.4,20.6,-32.5,-52.82,-53.04,32.99,53.16,False,False,False,False,False,False,False,False,False,2026-10-08,通信網路業,通信網路／網通設備
8182,8182.TWO,HELE,加高,48.92,,TPEx LISTED,電子零組件業,45.7,43.8,46.55,42.75,2952500,134.93,44.62,43.085,2.42,6.07,4.34,2.01,3.28,60.7,60.7,64.5,60.7,60.7,-23.31,-23.31,-27.83,24.71,24.71,False,False,False,True,False,False,False,False,False,2026-10-08,電子零組件業,電子零組件：PCB、CCL、IC載板、連接器與被動元件（公司級品類待核驗）
8201,8201.TW,BESTA,無敵,10.51,,TWSE LISTED,其他電子業,16.85,16.75,17.0,16.3,355192,5.98,16.91,15.825,-0.35,6.48,0.6,3.06,-4.53,17.95,21.5,26.3,17.95,21.5,-5.29,-20.93,-35.36,6.13,21.63,False,False,False,False,False,False,False,True,False,2026-10-08,其他電子業,其他電子：電子模組、感測器、電源與車用電子（公司級產品待核驗）
8210,8210.TW,CHENBRO,勤誠,1097.91,,TWSE LISTED,電腦及週邊設備業,874.0,872.0,884.0,867.0,1402512,1225.8,872.4,870.9,0.18,0.36,0.23,-1.8,3.43,1590.0,1590.0,1590.0,1590.0,1590.0,-44.4,-44.4,-44.4,45.03,45.03,False,False,False,True,False,False,False,False,False,2026-10-08,電腦及週邊設備業,電腦、伺服器與企業硬體
8213,8213.TW,tpt,志超,104.02,,TWSE LISTED,電子零組件業,38.35,37.75,39.4,37.6,5955390,228.39,35.69,34.6,7.45,10.84,1.72,13.29,12.79,43.8,45.3,55.2,43.8,45.3,-10.05,-13.02,-28.62,12.44,15.34,True,False,False,False,False,False,False,False,False,2026-10-08,電子零組件業,電子零組件：PCB、CCL、IC載板、連接器與被動元件（公司級品類待核驗）
8215,8215.TW,BMC,明基材,89.79,,TWSE LISTED,光電業,28.0,27.9,28.4,27.75,549012,15.37,28.5,28.5,-1.75,-1.75,0.18,-2.1,-3.78,33.4,37.9,46.35,33.4,37.9,-14.97,-25.07,-38.73,16.17,26.12,False,False,False,False,False,False,False,False,False,2026-10-08,光電業,光電顯示／光學元件
8222,8222.TW,Aero Win,寶一,24.07,,TWSE LISTED,電機機械,35.1,35.0,35.3,34.85,92000,3.23,35.24,35.32,-0.4,-0.62,0.14,-0.85,-1.27,46.55,69.5,69.6,46.55,69.5,-24.17,-49.21,-49.28,24.6,49.5,False,False,False,False,False,False,False,False,False,2026-10-08,電機機械,電機機械、工業自動化與設備（公司級產品待核驗）
8227,8227.TWO,PGC,巨有科技,132.47,,TPEx LISTED,半導體業,335.0,370.0,370.0,335.0,1197376,401.12,362.6,350.05,-7.61,-4.3,-9.95,-8.47,-7.84,384.5,449.5,449.5,384.5,449.5,-3.77,-17.69,-17.69,12.87,25.47,False,False,False,False,False,False,False,False,False,2026-10-08,半導體業,半導體／IC設計或製造（細分環節待核驗）
8234,8234.TWO,NEXCOM,新漢,89.54,,TPEx LISTED,電腦及週邊設備業,63.4,62.0,63.7,62.0,498110,31.58,62.7,62.31,1.12,1.75,2.59,0.96,0.63,81.7,122.5,122.5,81.7,122.5,-22.03,-48.0,-48.0,22.4,48.24,False,False,False,True,False,False,False,False,False,2026-10-08,電腦及週邊設備業,電腦、伺服器與企業硬體
8240,8240.TWO,WAH HONG,華宏,54.5,,TPEx LISTED,光電業,54.5,55.1,55.5,54.1,385100,20.99,56.88,56.04,-4.18,-2.75,-2.15,-6.03,-9.47,81.8,81.8,81.8,81.8,81.8,-32.15,-32.15,-32.15,33.37,33.37,False,False,False,False,False,False,False,False,False,2026-10-08,光電業,光電顯示／光學元件
8249,8249.TW,CSI,菱光,54.17,,TWSE LISTED,電子零組件業,39.3,39.5,39.5,39.15,75001,2.95,39.98,39.675,-1.7,-0.95,-1.01,-2.96,-0.25,64.6,76.9,76.9,64.6,76.9,-38.85,-48.63,-48.63,39.16,48.89,False,False,False,False,False,False,False,False,False,2026-10-08,電子零組件業,電子零組件：PCB、CCL、IC載板、連接器與被動元件（公司級品類待核驗）
8255,8255.TWO,ATC,朋程,153.45,,TPEx LISTED,電機機械,150.5,151.0,151.5,149.0,236107,35.53,151.8,148.4,-0.86,1.42,-1.63,-0.66,0.67,233.0,233.5,294.54,233.0,233.5,-34.98,-35.12,-48.56,35.41,35.55,False,False,False,False,False,False,False,False,False,2026-10-08,電機機械,電機機械、工業自動化與設備（公司級產品待核驗）
8261,8261.TW,APEC,富鼎,214.58,,TWSE LISTED,半導體業,180.5,189.5,191.5,180.0,5273457,951.86,192.5,185.3,-6.23,-2.59,-5.5,-11.95,-0.55,380.5,380.5,380.5,380.5,380.5,-49.67,-49.67,-49.67,52.56,52.56,False,False,False,False,False,False,False,False,False,2026-10-08,半導體業,半導體／IC設計或製造（細分環節待核驗）
8271,8271.TW,Apacer,宇瞻,258.58,,TWSE LISTED,半導體業,199.5,201.0,203.0,199.5,1181265,235.66,201.1,200.85,-0.8,-0.67,-1.24,-0.5,-0.75,271.0,271.0,271.0,271.0,271.0,-25.09,-25.09,-25.09,26.38,26.38,False,False,False,False,False,False,False,False,False,2026-10-08,半導體業,半導體／IC設計或製造（細分環節待核驗）
8272,8272.TWO,Changing,全景軟體,11.51,,TPEx LISTED,資訊服務業,60.6,60.2,60.6,60.0,6000,0.36,60.74,62.59,-0.23,-3.18,0.66,-0.33,-5.16,82.4,156.0,156.0,82.4,156.0,-26.46,-61.15,-61.15,26.46,61.15,False,False,False,False,False,False,False,False,False,2026-10-08,資訊服務業,資訊服務、軟體、雲端與系統整合（公司級產品待核驗）
8277,8277.TWO,UNIFOSA,商丞,6.1,,TPEx LISTED,半導體業,15.45,15.5,15.5,15.1,27993,0.43,15.39,15.505,0.39,-0.35,-0.32,0.98,-0.32,29.69,43.84,52.43,29.69,43.84,-47.8,-64.65,-70.43,47.97,64.76,False,False,False,False,False,False,False,False,False,2026-10-08,半導體業,半導體／IC設計或製造（細分環節待核驗）
8279,8279.TWO,SYNGEN,生展,21.92,,TPEx LISTED,生技醫療業,80.9,80.5,80.9,80.4,22000,1.78,80.34,79.55,0.7,1.7,0.12,1.0,0.12,141.0,177.0,197.0,141.0,177.0,-42.62,-54.29,-58.93,42.62,54.29,True,False,False,False,False,False,False,False,False,2026-10-08,生技醫療業,生技、製藥、醫療器材與健康服務（公司級產品待核驗）
8284,8284.TWO,MITAKE,三竹,32.17,,TPEx LISTED,資訊服務業,68.0,67.6,68.0,67.5,11000,0.75,67.82,67.9,0.27,0.15,0.15,0.29,0.59,70.0,74.6,74.9,70.0,74.6,-2.86,-8.85,-9.21,2.86,8.85,False,False,True,True,False,False,False,True,True,2026-10-08,資訊服務業,資訊服務、軟體、雲端與系統整合（公司級產品待核驗）
8289,8289.TWO,Taitien,泰藝,41.62,,TPEx LISTED,電子零組件業,60.9,55.0,60.9,54.4,4771225,290.57,56.78,51.655,7.26,17.9,9.93,6.47,19.41,78.0,78.0,78.0,78.0,78.0,-21.92,-21.92,-21.92,21.92,21.92,False,False,False,False,False,False,False,False,False,2026-10-08,電子零組件業,電子零組件：PCB、CCL、IC載板、連接器與被動元件（公司級品類待核驗）
8291,8291.TWO,SMT,尚茂,4.77,,TPEx LISTED,電子零組件業,27.3,26.95,27.75,26.95,8398,0.23,27.95,28.51,-2.33,-4.24,-1.44,-2.85,-3.7,133.0,133.0,133.0,133.0,133.0,-79.14,-79.14,-79.14,79.47,79.47,False,False,False,False,False,False,False,False,False,2026-10-08,電子零組件業,電子零組件：PCB、CCL、IC載板、連接器與被動元件（公司級品類待核驗）
8299,8299.TWO,Phison,群聯,4556.0,,TPEx LISTED,半導體業,2060.0,2075.0,2095.0,2050.0,2068534,4261.18,2081.0,2112.0,-1.01,-2.46,0.0,-1.9,-2.37,2880.0,2880.0,2880.0,2880.0,2880.0,-27.26,-27.26,-27.26,28.47,28.47,False,False,False,False,False,False,False,False,False,2026-10-08,半導體業,半導體／IC設計或製造（細分環節待核驗）
8341,8341.TW,SF,日友,95.94,,TWSE LISTED,綠能環保,73.8,73.6,73.8,73.5,97480,7.19,73.82,74.11,-0.03,-0.42,0.27,0.0,-0.54,96.6,120.5,274.23,96.6,120.5,-23.6,-38.76,-73.09,23.6,38.76,False,False,False,False,False,False,False,False,False,2026-10-08,綠能環保,綠能、太陽能、儲能與環境工程（公司級產品待核驗）
8342,8342.TWO,I JANG,益張,28.47,,TPEx LISTED,其他,84.9,85.0,85.0,84.9,5005,0.42,83.28,83.59,1.95,1.57,3.54,2.29,1.68,95.0,95.0,97.99,95.0,95.0,-10.53,-10.53,-13.26,10.63,10.63,False,False,False,False,False,False,False,False,False,2026-10-08,其他,其他（公司级产品待核验）
8349,8349.TWO,QST,恒耀國際,86.14,,TPEx LISTED,鋼鐵工業,41.25,41.55,41.55,41.0,68589,2.83,40.9,40.305,0.86,2.34,-0.84,2.74,1.85,47.35,64.63,100.64,47.35,64.63,-12.25,-35.71,-58.71,12.88,36.17,False,False,False,False,False,False,False,False,False,2026-10-08,鋼鐵工業,鋼鐵、特殊鋼與金屬材料（公司級產品待核驗）
8354,8354.TWO,KH,冠好,13.31,,TPEx LISTED,其他,16.95,16.6,16.95,16.6,53073,0.9,16.69,16.83,1.56,0.71,2.73,1.5,1.19,19.5,19.8,21.03,19.5,19.8,-13.08,-14.39,-19.39,13.08,14.39,False,False,False,True,False,False,False,False,False,2026-10-08,其他,其他（公司级产品待核验）
8358,8358.TWO,CO-TECH,金居,1351.35,,TPEx LISTED,電子零組件業,535.0,540.0,542.0,533.0,3348518,1791.46,544.8,523.0,-1.8,2.29,-2.55,-6.14,5.94,758.0,758.0,758.0,758.0,758.0,-28.5,-28.5,-28.5,29.42,29.42,False,False,False,False,False,False,False,False,False,2026-10-08,電子零組件業,電子零組件：PCB、CCL、IC載板、連接器與被動元件（公司級品類待核驗）
8367,8367.TW,CS,建新國際,37.7,,TWSE LISTED,航運業,40.9,40.9,40.95,40.8,20050,0.82,40.84,40.635,0.15,0.65,0.0,0.37,0.25,47.2,54.4,87.5,47.2,54.4,-13.24,-24.72,-53.2,13.35,24.82,False,False,False,False,False,False,False,False,False,2026-10-08,航運業,海運、航空、港口與物流運輸（公司級業務待核驗）
8374,8374.TW,ACE PILLAR,羅昇,83.18,,TWSE LISTED,電機機械,74.1,75.6,75.6,74.1,204350,15.14,76.04,76.21,-2.55,-2.77,-1.98,-3.64,-3.64,118.5,169.0,169.0,118.5,169.0,-36.2,-55.27,-55.27,37.47,56.15,False,False,False,False,False,False,False,False,False,2026-10-08,電機機械,電機機械、工業自動化與設備（公司級產品待核驗）
8383,8383.TWO,ChenFull,千附,78.49,,TPEx LISTED,半導體業,69.0,70.6,70.6,69.0,772500,53.3,69.48,68.53,-0.69,0.69,-2.27,-0.43,1.62,95.0,95.0,95.0,95.0,95.0,-25.68,-25.68,-25.68,27.37,27.37,False,False,False,False,False,False,False,False,False,2026-10-08,半導體業,半導體／IC設計或製造（細分環節待核驗）
8390,8390.TWO,JYD,金益鼎,87.37,,TPEx LISTED,綠能環保,90.9,91.0,93.0,90.7,324067,29.46,90.84,90.47,0.07,0.48,-0.98,2.13,0.66,132.0,132.0,132.0,132.0,132.0,-29.55,-29.55,-29.55,31.14,31.14,False,False,False,False,False,False,False,False,False,2026-10-08,綠能環保,綠能、太陽能、儲能與環境工程（公司級產品待核驗）
8401,8401.TWO,BAI SHA,白紗科,16.04,,TPEx LISTED,其他,22.7,22.6,22.75,22.5,33000,0.75,22.69,22.695,0.04,0.02,0.44,0.0,0.0,29.85,33.22,33.22,29.85,33.22,-23.79,-31.53,-31.53,23.95,31.68,False,False,False,True,False,False,False,False,False,2026-10-08,其他,其他（公司级产品待核验）
8403,8403.TWO,SHAREHOPE,盛弘,26.22,,TPEx LISTED,生技醫療業,19.05,18.95,19.25,18.9,198157,3.77,18.89,18.93,0.85,0.63,1.06,1.06,0.79,24.4,31.5,41.54,24.4,31.5,-21.11,-38.89,-53.65,21.93,39.53,False,False,False,True,False,False,False,False,False,2026-10-08,生技醫療業,生技、製藥、醫療器材與健康服務（公司級產品待核驗）
8404,8404.TW,PAIHO SHIH,百和興業-KY,58.79,,TWSE LISTED,其他,14.0,13.5,14.2,13.4,455050,6.37,13.39,13.39,4.56,4.56,3.7,7.69,5.26,25.25,34.24,56.43,25.25,34.24,-43.76,-58.53,-74.83,44.55,59.11,True,False,False,False,False,False,False,False,False,2026-10-08,其他,其他（公司级产品待核验）
8409,8409.TWO,EBM,商之器,5.73,,TPEx LISTED,生技醫療業,17.9,17.9,17.9,17.9,6000,0.11,17.99,18.035,-0.5,-0.75,-0.56,-0.56,-0.56,23.0,27.5,37.5,23.0,27.5,-22.17,-34.91,-52.27,22.17,34.91,False,False,False,False,False,False,False,False,False,2026-10-08,生技醫療業,生技、製藥、醫療器材與健康服務（公司級產品待核驗）
8410,8410.TWO,Sen Tien,森田,9.68,,TPEx LISTED,電腦及週邊設備業,26.45,26.3,26.45,25.9,105000,2.78,27.09,27.505,-2.36,-3.84,-0.94,-4.34,-4.86,39.9,95.4,95.4,39.9,95.4,-33.71,-72.27,-72.27,33.71,72.27,False,False,False,False,False,False,False,False,False,2026-10-08,電腦及週邊設備業,電腦、伺服器與企業硬體
8411,8411.TW,KINGCAN,福貞-KY,25.66,,TWSE LISTED,其他,11.75,11.6,11.75,11.4,320030,3.76,11.69,11.845,0.51,-0.8,0.43,0.43,-1.26,13.3,15.8,33.67,13.3,15.8,-11.65,-25.63,-65.1,11.65,25.63,False,False,False,False,False,False,False,False,False,2026-10-08,其他,其他（公司级产品待核验）
8415,8415.TWO,Brighton-Best,大國鋼,363.09,,TPEx LISTED,鋼鐵工業,35.2,35.15,35.4,35.15,87060,3.06,35.19,35.245,0.03,-0.13,-0.28,0.28,-0.98,39.4,41.45,45.35,39.4,41.45,-10.15,-14.6,-21.94,10.66,15.08,False,False,True,False,False,False,False,False,False,2026-10-08,鋼鐵工業,鋼鐵、特殊鋼與金屬材料（公司級產品待核驗）
8416,8416.TWO,SWTC,實威,48.24,,TPEx LISTED,資訊服務業,171.0,171.0,171.0,171.0,2000,0.34,170.4,169.65,0.35,0.8,0.0,0.88,1.18,191.0,207.0,207.0,191.0,207.0,-10.47,-17.39,-17.39,10.47,17.39,False,False,False,False,False,False,False,False,False,2026-10-08,資訊服務業,資訊服務、軟體、雲端與系統整合（公司級產品待核驗）
8421,8421.TWO,XYP,旭源,7.21,,TPEx LISTED,其他,13.15,13.1,13.2,12.9,115000,1.51,13.09,12.985,0.46,1.27,-0.75,1.15,1.15,17.9,17.9,21.45,17.9,17.9,-26.26,-26.26,-38.46,26.54,26.54,False,False,False,True,False,False,False,False,False,2026-10-08,其他,其他（公司级产品待核验）
8422,8422.TW,Cleanaway,可寧衛*,347.16,,TWSE LISTED,綠能環保,25.55,25.65,25.65,25.3,2619250,66.92,25.43,25.535,0.47,0.06,-0.2,0.99,-0.2,51.9,51.9,51.9,51.9,51.9,-50.58,-50.58,-50.58,50.77,50.77,False,False,True,True,False,False,False,False,False,2026-10-08,綠能環保,綠能、太陽能、儲能與環境工程（公司級產品待核驗）
8423,8423.TWO,Polygreen,保綠-KY,7.43,,TPEx LISTED,綠能環保,17.8,18.25,18.25,17.8,13020,0.23,17.89,17.97,-0.5,-0.95,-0.84,0.0,-1.11,19.8,29.87,29.87,19.8,29.87,-7.83,-38.89,-38.89,10.1,40.4,False,False,False,False,False,False,False,False,False,2026-10-08,綠能環保,綠能、太陽能、儲能與環境工程（公司級產品待核驗）
8424,8424.TWO,WELLPOOL,惠普,25.06,,TPEx LISTED,建材營造,69.5,69.5,69.5,69.0,15000,1.04,69.78,69.99,-0.4,-0.7,-0.14,-1.14,-1.7,76.6,76.8,79.4,76.6,76.8,-9.27,-9.51,-12.47,9.27,9.51,False,False,False,False,False,False,False,True,True,2026-10-08,建材營造,建材、營造與不動產開發（公司級業務待核驗）
8426,8426.TWO,Redwood,紅木-KY,10.35,,TPEx LISTED,其他,20.6,20.9,20.9,20.6,15000,0.31,20.67,20.64,-0.34,-0.19,-1.2,0.0,-0.24,28.95,92.8,92.8,28.95,92.8,-27.81,-77.48,-77.48,28.84,77.8,False,False,False,False,False,False,False,False,False,2026-10-08,其他,其他（公司级产品待核验）
8429,8429.TW,Jinli,金麗-KY,10.96,,TWSE LISTED,貿易百貨,5.9,5.89,5.9,5.89,55208,0.33,5.896,5.891,0.07,0.15,0.17,0.0,-0.17,8.13,14.45,41.26,8.13,14.45,-27.43,-59.17,-85.7,27.43,59.17,False,False,False,True,False,False,False,False,False,2026-10-08,貿易百貨,貿易、零售、百貨與消費通路（公司級業務待核驗）
8431,8431.TWO,SPT,匯鑽科,29.07,,TPEx LISTED,其他電子業,59.6,63.5,63.6,57.9,1712770,102.08,62.48,63.67,-4.61,-6.39,-6.88,-6.29,-7.88,81.7,81.7,99.0,81.7,81.7,-22.15,-22.15,-35.76,27.05,27.05,False,False,False,False,False,False,False,False,False,2026-10-08,其他電子業,其他電子：電子模組、感測器、電源與車用電子（公司級產品待核驗）
8432,8432.TWO,TSH,東生華,20.43,,TPEx LISTED,生技醫療業,53.2,53.8,53.9,53.0,77005,4.1,52.52,51.55,1.29,3.2,-1.12,4.31,4.93,58.9,71.1,101.5,58.9,71.1,-8.49,-24.19,-46.9,9.68,25.18,False,False,False,False,False,False,False,True,False,2026-10-08,生技醫療業,生技、製藥、醫療器材與健康服務（公司級產品待核驗）
8433,8433.TWO,BON FAME,弘帆,28.62,,TPEx LISTED,居家生活,52.5,52.2,52.5,52.2,6000,0.32,52.52,52.67,-0.04,-0.32,0.38,-0.19,-0.57,64.2,108.5,180.0,64.2,108.5,-18.22,-51.61,-70.83,18.22,51.61,False,False,False,False,False,False,False,False,False,2026-10-08,居家生活,居家用品、建材、家具與生活消費品（公司級產品待核驗）
8435,8435.TWO,Zimmite,鉅邁,18.55,,TPEx LISTED,其他,52.7,52.6,52.8,52.5,37000,1.95,52.96,53.02,-0.49,-0.6,0.0,-0.94,-1.13,60.5,79.5,79.5,60.5,79.5,-12.73,-33.58,-33.58,12.89,33.71,False,False,False,False,False,False,False,False,False,2026-10-08,其他,其他（公司级产品待核验）
8436,8436.TWO,TCI,大江,121.26,,TPEx LISTED,生技醫療業,103.0,103.0,103.5,102.5,316500,32.6,103.3,104.35,-0.29,-1.29,0.49,-1.44,-1.9,162.0,192.5,525.68,162.0,192.5,-36.11,-46.23,-80.31,36.42,46.49,False,False,False,False,False,False,False,False,False,2026-10-08,生技醫療業,生技、製藥、醫療器材與健康服務（公司級產品待核驗）
8437,8437.TWO,Dadi,大地-KY,4.96,,TPEx LISTED,其他,10.55,11.25,11.25,10.5,42200,0.45,10.95,10.617,-3.65,-0.63,-4.09,-4.09,-0.47,17.45,72.0,259.0,17.45,72.0,-35.53,-84.38,-95.66,39.54,85.35,False,False,False,False,False,False,False,False,False,2026-10-08,其他,其他（公司级产品待核验）
8438,8438.TW,AMIA,昶昕,56.58,,TWSE LISTED,綠能環保,80.9,81.8,81.8,80.3,260359,21.06,81.74,80.5,-1.03,0.5,-0.98,-0.12,0.0,112.0,112.0,112.0,112.0,112.0,-26.96,-26.96,-26.96,27.77,27.77,False,False,False,False,False,False,False,False,False,2026-10-08,綠能環保,綠能、太陽能、儲能與環境工程（公司級產品待核驗）
8440,8440.TWO,E＆E,綠電,10.1,,TPEx LISTED,綠能環保,20.1,20.0,20.25,20.0,31150,0.63,20.14,20.28,-0.2,-0.89,-0.25,-0.5,-0.5,31.8,58.43,80.53,31.8,58.43,-36.32,-65.35,-74.85,36.79,65.6,False,False,False,False,False,False,False,False,False,2026-10-08,綠能環保,綠能、太陽能、儲能與環境工程（公司級產品待核驗）
8442,8442.TW,WW,威宏-KY,34.1,,TWSE LISTED,其他,48.6,47.4,49.55,47.15,315107,15.31,46.4,45.755,4.74,6.22,5.42,5.77,6.58,73.5,135.0,135.0,73.5,135.0,-32.59,-63.3,-63.3,33.88,64.0,False,False,False,False,False,False,False,False,False,2026-10-08,其他,其他（公司级产品待核验）
8443,8443.TW,ASO,阿瘦,7.45,,TWSE LISTED,貿易百貨,11.15,10.95,11.15,10.85,47000,0.52,11.12,11.145,0.27,0.04,0.0,0.0,0.45,12.25,12.85,19.45,12.25,12.85,-8.98,-13.23,-42.67,8.98,13.23,False,False,False,True,False,False,False,True,False,2026-10-08,貿易百貨,貿易、零售、百貨與消費通路（公司級業務待核驗）
8444,8444.TWO,Green River,綠河-KY,4.37,,TPEx LISTED,其他,3.49,3.41,3.49,3.37,39252,0.14,4.054,4.221,-13.91,-17.32,-6.43,-19.77,-19.77,12.1,43.9,173.47,12.1,43.9,-71.16,-92.05,-97.99,71.16,92.05,False,False,False,False,False,False,False,False,False,2026-10-08,其他,其他（公司级产品待核验）
8446,8446.TWO,HIM Music,華研,45.72,,TPEx LISTED,文化創意業,86.4,86.0,87.9,85.5,29000,2.51,85.64,85.11,0.89,1.52,0.23,1.53,1.77,100.0,131.5,158.0,100.0,131.5,-12.1,-33.16,-44.37,13.6,34.3,True,False,False,False,False,False,False,False,False,2026-10-08,文化創意業,文化創意業（公司级产品待核验）
8450,8450.TWO,PILI,霹靂,7.23,,TPEx LISTED,文化創意業,14.1,14.05,14.15,13.95,16100,0.23,14.19,14.26,-0.63,-1.12,-0.7,-1.05,-1.4,18.7,29.95,95.45,18.7,29.95,-24.33,-52.75,-85.18,24.6,52.92,False,False,False,False,False,False,False,False,False,2026-10-08,文化創意業,文化創意業（公司级产品待核验）
8454,8454.TW,momo,富邦媒,638.59,,TWSE LISTED,數位雲端,241.0,241.5,243.0,240.5,137294,33.09,239.8,239.8,0.5,0.5,-1.43,2.77,0.84,467.0,498.87,1504.84,467.0,498.87,-47.97,-51.29,-83.85,48.39,51.69,False,False,False,False,False,False,False,False,False,2026-10-08,數位雲端,數位雲端、軟體服務與電子商務（公司級產品待核驗）
8455,8455.TWO,Daito ME,大拓-KY,5.85,,TPEx LISTED,其他電子業,23.2,23.2,23.2,23.2,0,0.0,22.61,22.38,2.61,3.66,0.0,4.98,4.98,48.05,48.05,49.5,48.05,48.05,-51.72,-51.72,-53.13,51.72,51.72,False,False,False,False,False,False,False,False,False,2026-10-08,其他電子業,其他電子：電子模組、感測器、電源與車用電子（公司級產品待核驗）
8462,8462.TW,Power Wind,柏文,125.39,,TWSE LISTED,運動休閒,156.0,157.0,157.0,155.0,117280,18.3,157.1,157.4,-0.7,-0.89,-1.27,-0.95,-0.64,181.0,181.0,266.2,181.0,181.0,-13.26,-13.26,-41.02,13.81,13.81,False,False,False,False,False,False,False,False,False,2026-10-08,運動休閒,運動休閒（公司级产品待核验）
8463,8463.TW,RTM,潤泰材,31.8,,TWSE LISTED,其他,21.2,21.25,21.25,21.15,12000,0.25,21.18,21.155,0.09,0.21,-0.24,0.95,0.0,27.7,34.5,52.4,27.7,34.5,-23.29,-38.41,-59.45,23.47,38.55,False,False,False,True,False,False,False,False,False,2026-10-08,其他,其他（公司级产品待核验）
8464,8464.TW,Nien Made,億豐,1073.92,,TWSE LISTED,居家生活,366.5,361.5,368.0,361.5,222000,81.36,363.9,366.8,0.71,-0.08,0.27,1.1,1.1,438.0,525.0,525.0,438.0,525.0,-15.98,-29.9,-29.9,16.32,30.19,True,False,False,False,False,False,False,False,False,2026-10-08,居家生活,居家用品、建材、家具與生活消費品（公司級產品待核驗）
8466,8466.TW,M.J.,美吉吉-KY,11.96,,TWSE LISTED,其他,15.05,15.05,15.1,15.0,18000,0.27,15.2,15.315,-0.99,-1.73,-1.95,-0.66,-0.66,24.05,68.0,141.5,24.05,68.0,-37.21,-77.79,-89.33,37.42,77.87,False,False,False,False,False,False,False,False,False,2026-10-08,其他,其他（公司级产品待核验）
8467,8467.TW,BONNY,波力-KY,43.87,,TWSE LISTED,運動休閒,90.7,90.7,90.7,90.7,5000,0.45,89.58,88.84,1.25,2.09,-0.87,2.72,2.95,197.5,351.0,351.0,197.5,351.0,-54.08,-74.16,-74.16,54.08,74.16,False,False,False,False,False,False,False,False,False,2026-10-08,運動休閒,運動休閒（公司级产品待核验）
8472,8472.TWO,Navicare,納維康,12.04,,TPEx LISTED,數位雲端,67.9,67.9,67.9,67.9,1702,0.12,66.76,70.09,1.71,-3.12,-0.29,2.41,-1.88,99.0,106.5,106.5,99.0,106.5,-31.41,-36.24,-36.24,31.41,36.24,False,False,False,False,False,False,False,False,False,2026-10-08,數位雲端,數位雲端、軟體服務與電子商務（公司級產品待核驗）
8473,8473.TW,FOREST WATER,山林水,72.56,,TWSE LISTED,綠能環保,39.8,40.15,40.15,39.65,253467,10.09,39.86,39.585,-0.15,0.54,-0.75,-1.36,1.92,51.72,53.97,64.19,51.72,53.97,-22.37,-25.61,-37.45,23.05,26.26,False,False,False,False,False,False,False,False,False,2026-10-08,綠能環保,綠能、太陽能、儲能與環境工程（公司級產品待核驗）
8476,8476.TW,TESC,台境*,35.57,,TWSE LISTED,綠能環保,21.4,20.9,21.5,20.9,544142,11.64,20.5,20.175,4.39,6.07,2.39,5.94,5.42,25.05,65.69,71.99,25.05,65.69,-14.17,-67.27,-70.13,14.57,67.42,False,False,False,False,False,False,False,False,False,2026-10-08,綠能環保,綠能、太陽能、儲能與環境工程（公司級產品待核驗）
8477,8477.TWO,XXTECHEC,創業家,11.36,,TPEx LISTED,數位雲端,13.5,14.1,14.1,13.2,51115,0.69,13.95,14.1,-3.23,-4.26,-4.26,-3.57,-4.93,22.75,23.8,86.58,22.75,23.8,-38.02,-40.76,-83.71,40.66,43.28,False,False,False,False,False,False,False,False,False,2026-10-08,數位雲端,數位雲端、軟體服務與電子商務（公司級產品待核驗）
8478,8478.TW,Ocean Alexander,東哥遊艇,131.56,,TWSE LISTED,運動休閒,140.0,140.0,140.0,138.5,70224,9.83,140.0,140.05,0.0,-0.04,0.36,0.36,-1.06,198.0,458.0,668.0,198.0,458.0,-29.29,-69.43,-79.04,29.29,69.43,False,False,False,False,False,False,False,False,False,2026-10-08,運動休閒,運動休閒（公司级产品待核验）
8481,8481.TW,Transart,政伸,27.04,,TWSE LISTED,其他,40.6,40.5,40.6,40.45,4000,0.16,40.58,40.71,0.05,-0.27,0.25,-0.12,-0.12,44.5,57.0,95.0,44.5,57.0,-8.76,-28.77,-57.26,8.76,28.77,False,False,False,False,False,False,False,True,False,2026-10-08,其他,其他（公司级产品待核验）
8482,8482.TW,Shane Global,商億-KY,53.83,,TWSE LISTED,居家生活,50.1,49.2,50.1,49.2,2000,0.1,48.76,48.315,2.75,3.69,4.37,3.62,2.56,56.3,128.5,152.5,56.3,128.5,-11.01,-61.01,-67.15,11.01,61.01,False,False,False,False,False,False,False,False,False,2026-10-08,居家生活,居家用品、建材、家具與生活消費品（公司級產品待核驗）
8487,8487.TW,ELTA,愛爾達-創,18.6,,TWSE LISTED,數位雲端,70.1,70.0,70.1,70.0,4002,0.28,70.08,70.31,0.03,-0.3,0.14,0.14,-0.28,85.2,85.2,85.2,85.2,85.2,-17.72,-17.72,-17.72,17.72,17.72,False,False,False,False,False,False,False,False,False,2026-10-08,數位雲端,數位雲端、軟體服務與電子商務（公司級產品待核驗）
8488,8488.TW,JYPKG,吉源-KY,7.22,,TWSE LISTED,其他,9.82,9.82,9.82,9.82,0,0.0,9.764,9.818,0.57,0.02,0.0,-0.2,-0.2,11.45,18.73,49.36,11.45,18.73,-14.24,-47.57,-80.11,14.24,47.57,False,False,False,False,False,False,False,False,False,2026-10-08,其他,其他（公司级产品待核验）
8489,8489.TWO,Samebest,三貝德,13.13,,TPEx LISTED,其他,21.9,21.65,21.9,21.65,36600,0.8,22.06,22.265,-0.73,-1.64,0.0,-0.68,-2.45,43.0,54.8,293.25,43.0,54.8,-49.07,-60.04,-92.53,49.07,60.04,False,False,False,False,False,False,False,False,False,2026-10-08,其他,其他（公司级产品待核验）
8499,8499.TW,TOP BRIGHT,鼎炫-KY,104.35,,TWSE LISTED,其他電子業,253.5,253.0,253.5,251.0,5000,1.27,254.3,255.0,-0.31,-0.59,0.4,-0.98,-0.98,346.0,410.0,410.0,346.0,410.0,-26.73,-38.17,-38.17,26.73,38.17,False,False,False,False,False,False,False,False,False,2026-10-08,其他電子業,其他電子：電子模組、感測器、電源與車用電子（公司級產品待核驗）
8905,8905.TWO,ECS,裕國,40.55,,TPEx LISTED,其他,33.95,34.15,34.15,33.5,25048,0.85,34.33,34.555,-1.11,-1.75,-1.31,-1.59,-1.59,41.6,41.6,41.6,41.6,41.6,-17.91,-17.91,-17.91,18.39,18.39,False,False,False,False,False,False,False,False,False,2026-10-08,其他,其他（公司级产品待核验）
8906,8906.TWO,Forward,花王,12.59,,TPEx LISTED,其他,28.6,28.2,28.6,28.2,6000,0.17,28.71,28.835,-0.38,-0.81,-0.17,-1.21,-1.21,41.0,68.3,68.3,41.0,68.3,-30.24,-58.13,-58.13,30.24,58.13,False,False,False,False,False,False,False,False,False,2026-10-08,其他,其他（公司级产品待核验）
8908,8908.TWO,SHIN HSIUNG,欣雄,125.5,,TPEx LISTED,油電燃氣業,39.8,39.95,39.95,39.5,62000,2.47,39.83,40.0,-0.08,-0.5,0.0,-0.13,-1.0,48.62,57.58,61.86,48.62,57.58,-17.83,-30.61,-35.42,18.14,30.87,False,False,False,False,False,False,False,False,False,2026-10-08,油電燃氣業,油電燃氣業（公司级产品待核验）
8916,8916.TWO,KLF,光隆,60.7,,TPEx LISTED,其他,40.85,40.95,40.95,40.7,31000,1.27,40.88,40.93,-0.07,-0.2,0.12,-0.24,-0.37,49.95,65.5,65.5,49.95,65.5,-18.02,-37.48,-37.48,18.22,37.63,False,False,False,False,False,False,False,False,False,2026-10-08,其他,其他（公司级产品待核验）
8917,8917.TWO,HTGas,欣泰,86.04,,TPEx LISTED,油電燃氣業,52.9,52.2,52.9,52.2,6000,0.32,53.08,53.73,-0.34,-1.54,0.76,-1.31,-1.49,69.3,70.1,92.5,69.3,70.1,-23.67,-24.54,-42.81,23.67,24.54,False,False,False,False,False,False,False,False,False,2026-10-08,油電燃氣業,油電燃氣業（公司级产品待核验）
8921,8921.TWO,SHEN'S ART,沈氏,7.85,,TPEx LISTED,其他,16.85,16.7,16.85,16.7,2000,0.03,16.53,16.83,1.94,0.12,2.43,2.43,0.3,19.6,33.0,33.0,19.6,33.0,-14.03,-48.94,-48.94,14.03,48.94,False,False,False,True,False,False,False,False,False,2026-10-08,其他,其他（公司级产品待核验）
8923,8923.TWO,C.T.Publishing,時報,5.6,,TPEx LISTED,文化創意業,18.45,18.45,18.45,18.45,1000,0.02,18.09,18.22,1.99,1.26,2.5,2.5,2.5,20.4,23.2,24.3,20.4,23.2,-9.56,-20.47,-24.07,9.56,20.47,False,False,False,False,False,False,False,True,False,2026-10-08,文化創意業,文化創意業（公司级产品待核验）
8924,8924.TWO,O-TA,大田,41.31,,TPEx LISTED,運動休閒,49.3,49.7,50.0,49.0,40450,1.99,49.22,49.365,0.16,-0.13,0.51,0.2,-1.2,75.7,95.1,186.5,75.7,95.1,-33.95,-47.42,-73.19,34.87,48.16,False,False,False,False,False,False,False,False,False,2026-10-08,運動休閒,運動休閒（公司级产品待核验）
8926,8926.TW,TCC,台汽電,507.3,,TWSE LISTED,油電燃氣業,61.1,60.4,61.7,60.0,2946608,180.04,59.68,59.2,2.38,3.21,1.33,3.38,3.74,84.3,84.3,84.3,84.3,84.3,-26.81,-26.81,-26.81,27.52,27.52,False,False,False,False,False,False,False,False,False,2026-10-08,油電燃氣業,油電燃氣業（公司级产品待核验）
8927,8927.TWO,Pei Chi,北基,76.48,,TPEx LISTED,油電燃氣業,18.25,18.45,18.6,18.25,154000,2.81,18.66,18.805,-2.2,-2.95,-1.08,-3.18,-4.45,29.15,59.08,59.08,29.15,59.08,-36.19,-68.52,-68.52,37.39,69.11,False,False,False,False,False,False,False,False,False,2026-10-08,油電燃氣業,油電燃氣業（公司级产品待核验）
8928,8928.TWO,DYNAMIC,鉅明,11.32,,TPEx LISTED,運動休閒,22.25,22.45,22.7,22.1,52862,1.18,22.65,22.84,-1.77,-2.58,-2.41,-2.63,-3.26,27.4,37.2,54.0,27.4,37.2,-17.15,-38.98,-57.96,18.8,40.19,False,False,False,False,False,False,False,False,False,2026-10-08,運動休閒,運動休閒（公司级产品待核验）
8929,8929.TWO,FBIC,富堡,6.45,,TPEx LISTED,其他,12.75,12.8,12.8,12.75,21000,0.27,12.9,12.945,-1.16,-1.51,-0.39,-1.92,-2.67,18.2,37.3,56.65,18.2,37.3,-29.67,-65.68,-77.4,29.95,65.82,False,False,False,False,False,False,False,False,False,2026-10-08,其他,其他（公司级产品待核验）
8930,8930.TWO,CKM,青鋼,22.91,,TPEx LISTED,鋼鐵工業,28.0,28.2,28.2,28.0,31000,0.87,28.28,28.525,-0.99,-1.84,-0.71,-1.75,-2.44,33.3,45.9,45.9,33.3,45.9,-15.32,-38.56,-38.56,15.92,39.0,False,False,False,False,False,False,False,False,False,2026-10-08,鋼鐵工業,鋼鐵、特殊鋼與金屬材料（公司級產品待核驗）
8931,8931.TWO,TYC,大汽電,52.02,,TPEx LISTED,油電燃氣業,42.55,42.5,42.8,42.4,35000,1.49,42.6,42.81,-0.12,-0.61,0.0,0.35,-0.23,51.6,62.9,84.7,51.6,62.9,-17.05,-31.96,-49.47,17.54,32.35,False,False,False,False,False,False,False,False,False,2026-10-08,油電燃氣業,油電燃氣業（公司级产品待核验）
8932,8932.TWO,Wiselink,智通*,394.91,,TPEx LISTED,數位雲端,92.7,90.7,95.1,90.2,1870079,173.36,91.08,91.9,1.78,0.87,2.89,1.42,0.98,109.05,109.05,109.05,109.05,109.05,-12.79,-12.79,-12.79,14.99,14.99,False,False,False,True,False,False,False,False,False,2026-10-08,數位雲端,數位雲端、軟體服務與電子商務（公司級產品待核驗）
8933,8933.TWO,IDEAL,愛地雅,14.54,,TPEx LISTED,運動休閒,4.45,4.54,4.54,4.43,103036,0.46,4.54,4.545,-1.98,-2.09,-1.98,-2.41,-3.26,9.49,11.85,24.95,9.49,11.85,-52.16,-61.69,-81.8,53.11,62.45,False,False,False,False,False,False,False,False,False,2026-10-08,運動休閒,運動休閒（公司级产品待核验）
8935,8935.TWO,PONTEX,邦泰,21.45,,TPEx LISTED,其他,18.9,18.1,19.0,18.1,82325,1.56,18.78,18.7,0.64,1.07,3.28,0.8,-2.07,25.0,31.5,31.5,25.0,31.5,-24.0,-39.68,-39.68,24.4,40.0,False,False,False,True,False,False,False,False,False,2026-10-08,其他,其他（公司级产品待核验）
8936,8936.TWO,KTI,國統,133.96,,TPEx LISTED,其他,54.0,53.2,54.4,52.9,1731587,93.51,53.14,52.7,1.62,2.47,1.69,1.69,2.47,65.2,99.6,99.6,65.2,99.6,-16.56,-45.38,-45.38,17.18,45.78,False,False,False,False,False,False,False,False,False,2026-10-08,其他,其他（公司级产品待核验）
8937,8937.TWO,HER CHEE,合騏*,111.3,,TPEx LISTED,其他,25.2,25.5,25.5,24.95,82000,2.07,25.13,25.625,0.28,-1.66,0.8,0.0,-1.18,42.25,48.75,48.75,42.25,48.75,-39.64,-47.69,-47.69,40.36,48.31,False,False,False,False,False,False,False,False,False,2026-10-08,其他,其他（公司级产品待核验）
8938,8938.TWO,ADVANCED GROUP,明安,81.48,,TPEx LISTED,運動休閒,51.9,51.8,52.0,51.6,48080,2.5,51.82,52.1,0.15,-0.38,0.19,0.58,-0.57,75.6,87.3,119.0,75.6,87.3,-31.22,-40.44,-56.3,31.35,40.55,False,False,False,False,False,False,False,False,False,2026-10-08,運動休閒,運動休閒（公司级产品待核验）
8940,8940.TW,New Palace,新天地,10.22,,TWSE LISTED,觀光餐旅,15.15,15.2,15.2,15.15,6010,0.09,15.03,15.025,0.8,0.83,0.0,1.34,0.66,22.9,34.9,38.8,22.9,34.9,-33.62,-56.45,-60.82,33.84,56.59,False,False,False,False,False,False,False,False,False,2026-10-08,觀光餐旅,觀光餐旅（公司级产品待核验）
8941,8941.TWO,GRAND HALL,關中,15.13,,TPEx LISTED,居家生活,43.25,43.4,43.85,43.0,19060,0.82,43.8,43.87,-1.26,-1.41,-1.48,-1.59,-1.59,47.0,72.43,72.43,47.0,72.43,-6.7,-39.46,-39.46,7.98,40.29,False,False,False,False,False,False,False,True,False,2026-10-08,居家生活,居家用品、建材、家具與生活消費品（公司級產品待核驗）
8942,8942.TWO,Xxentria,森鉅,79.93,,TPEx LISTED,其他,40.2,40.75,40.75,40.2,144836,5.82,40.1,40.215,0.25,-0.04,0.0,0.88,0.12,48.35,70.0,79.48,48.35,70.0,-15.72,-41.79,-48.73,16.86,42.57,False,False,False,False,False,False,False,False,False,2026-10-08,其他,其他（公司级产品待核验）
8996,8996.TW,KAORI,高力,1598.88,,TWSE LISTED,電機機械,1710.0,1640.0,1710.0,1600.0,1005302,1719.07,1612.0,1588.5,6.08,7.65,3.95,7.21,9.27,1680.0,1680.0,1680.0,1710.0,1710.0,1.79,1.79,1.79,0.0,0.0,True,False,False,False,True,True,True,True,True,2026-10-08,電機機械,電機機械、工業自動化與設備（公司級產品待核驗）
9802,9802.TW,Fulgent Sun,鈺齊-KY,132.45,,TWSE LISTED,運動休閒,65.9,66.0,66.0,65.4,166000,10.94,64.98,64.71,1.42,1.84,0.0,2.65,1.7,104.0,161.0,205.0,104.0,161.0,-36.54,-59.01,-67.8,36.63,59.07,False,False,False,False,False,False,False,False,False,2026-10-08,運動休閒,運動休閒（公司级产品待核验）
9902,9902.TW,TIDEHOLD,台火,13.04,,TWSE LISTED,其他,13.3,13.5,13.55,13.2,278009,3.7,13.06,13.125,1.84,1.33,1.92,2.7,0.76,18.4,24.9,24.9,18.4,24.9,-26.36,-45.58,-45.58,27.72,46.59,False,False,False,False,False,False,False,False,False,2026-10-08,其他,其他（公司级产品待核验）
9904,9904.TW,PCC,寶成,738.17,,TWSE LISTED,運動休閒,25.05,24.85,25.15,24.85,15220034,381.26,24.72,24.805,1.33,0.99,0.4,3.09,0.8,32.4,44.75,44.75,32.4,44.75,-22.38,-43.8,-43.8,22.69,44.02,True,False,False,False,False,False,False,False,False,2026-10-08,運動休閒,運動休閒（公司级产品待核验）
9905,9905.TW,GCM,大華,65.12,,TWSE LISTED,其他,21.35,21.25,21.35,21.2,60000,1.28,21.29,21.28,0.28,0.33,0.47,0.47,-0.23,22.55,24.75,31.2,22.55,24.75,-5.32,-13.74,-31.57,5.32,13.74,False,False,False,True,False,False,False,True,False,2026-10-08,其他,其他（公司级产品待核验）
9906,9906.TW,HSIN BA BA,欣巴巴,35.38,,TWSE LISTED,建材營造,39.15,40.65,41.4,39.05,101000,3.95,39.67,39.69,-1.31,-1.36,-2.12,0.77,-2.73,51.36,230.22,230.22,51.36,230.22,-19.4,-82.02,-82.02,23.78,82.99,False,False,False,False,False,False,False,False,False,2026-10-08,建材營造,建材、營造與不動產開發（公司級業務待核驗）
9907,9907.TW,TON YI,統一實,233.71,,TWSE LISTED,其他,14.8,14.85,14.9,14.75,659623,9.76,14.81,14.82,-0.07,-0.13,0.0,0.0,-0.34,19.5,21.45,21.45,19.5,21.45,-23.59,-30.54,-30.54,24.1,31.0,False,False,False,False,False,False,False,False,False,2026-10-08,其他,其他（公司级产品待核验）
9908,9908.TW,GTG,大台北,149.49,,TWSE LISTED,油電燃氣業,28.95,28.9,29.05,28.9,134050,3.88,29.0,28.975,-0.17,-0.09,-0.34,0.0,0.0,35.1,35.1,35.2,35.1,35.1,-17.24,-17.24,-17.47,17.52,17.52,False,False,False,False,False,False,False,False,False,2026-10-08,油電燃氣業,油電燃氣業（公司级产品待核验）
9910,9910.TW,FT,豐泰,654.7,,TWSE LISTED,運動休閒,66.3,66.1,66.5,66.1,569100,37.73,66.68,67.95,-0.57,-2.43,0.0,-0.6,-3.63,117.5,192.0,227.23,117.5,192.0,-43.4,-65.36,-70.73,43.57,65.47,False,False,False,False,False,False,False,False,False,2026-10-08,運動休閒,運動休閒（公司级产品待核验）
9911,9911.TW,TAIWAN SAKURA,櫻花,180.76,,TWSE LISTED,居家生活,81.3,81.3,81.5,81.2,146060,11.87,81.3,81.4,0.0,-0.12,0.0,0.0,-0.25,92.8,98.8,98.8,92.8,98.8,-12.18,-17.51,-17.51,12.39,17.71,False,False,False,False,False,False,False,False,False,2026-10-08,居家生活,居家用品、建材、家具與生活消費品（公司級產品待核驗）
9912,9912.TW,AIC,偉聯,6.97,,TWSE LISTED,電腦及週邊設備業,12.95,13.05,13.05,12.95,7042,0.09,12.97,12.965,-0.15,-0.12,-0.77,-1.15,0.0,14.5,15.5,15.5,14.5,15.5,-10.0,-15.81,-15.81,10.69,16.45,False,False,False,False,False,False,False,False,False,2026-10-08,電腦及週邊設備業,電腦、伺服器與企業硬體
9914,9914.TW,MIC,美利達,202.71,,TWSE LISTED,運動休閒,67.8,66.2,68.3,66.2,1335134,90.52,67.16,67.26,0.95,0.8,0.59,2.11,-0.73,98.7,259.5,368.0,98.7,259.5,-30.8,-73.68,-81.44,31.31,73.87,False,False,True,True,False,False,False,False,False,2026-10-08,運動休閒,運動休閒（公司级产品待核验）
9917,9917.TW,TAIWAN SECOM,中保科,504.55,,TWSE LISTED,其他,106.5,106.0,106.5,106.0,341434,36.36,106.4,106.2,0.09,0.28,0.0,0.0,0.0,117.14,142.38,142.38,117.14,142.38,-9.09,-25.2,-25.2,9.09,25.2,False,False,False,True,False,False,False,True,False,2026-10-08,其他,其他（公司级产品待核验）
9918,9918.TW,S.S.N.G,欣天然,77.45,,TWSE LISTED,油電燃氣業,42.9,42.9,42.9,42.9,3000,0.13,43.06,42.955,-0.37,-0.13,-0.23,0.23,-0.69,61.3,61.3,61.3,61.3,61.3,-30.02,-30.02,-30.02,30.02,30.02,False,False,False,False,False,False,False,False,False,2026-10-08,油電燃氣業,油電燃氣業（公司级产品待核验）
9919,9919.TW,KNH,康那香,31.45,,TWSE LISTED,其他,16.1,15.0,16.1,14.8,5184101,83.46,14.52,14.18,10.88,13.54,9.9,15.83,16.67,21.45,34.5,51.4,21.45,34.5,-24.94,-53.33,-68.68,24.94,53.33,True,False,False,False,False,False,False,False,False,2026-10-08,其他,其他（公司级产品待核验）
9921,9921.TW,GIANT,巨大,363.84,,TWSE LISTED,運動休閒,92.8,91.3,92.9,91.0,999437,92.75,90.74,91.36,2.27,1.58,1.09,4.15,1.09,113.5,248.0,373.59,113.5,248.0,-18.15,-62.54,-75.13,18.24,62.58,False,False,False,True,False,False,False,False,False,2026-10-08,運動休閒,運動休閒（公司级产品待核验）
9924,9924.TW,TAIWAN FU HSING,福興,57.21,,TWSE LISTED,居家生活,37.95,38.1,38.2,37.95,42309,1.61,37.89,37.92,0.16,0.08,0.0,0.13,-0.65,52.9,76.75,76.75,52.9,76.75,-27.79,-50.23,-50.23,28.26,50.55,False,False,False,False,False,False,False,False,False,2026-10-08,居家生活,居家用品、建材、家具與生活消費品（公司級產品待核驗）
9925,9925.TW,SKS,新保,152.67,,TWSE LISTED,其他,39.4,39.4,39.5,39.4,153008,6.03,39.43,39.51,-0.08,-0.28,0.0,0.0,-0.38,41.6,42.85,44.8,41.6,42.85,-5.05,-7.82,-11.83,5.29,8.05,False,False,False,False,False,False,False,True,True,2026-10-08,其他,其他（公司级产品待核验）
9926,9926.TW,S.H.,新海,88.05,,TWSE LISTED,油電燃氣業,49.05,49.2,49.2,48.8,6000,0.29,49.04,49.015,0.02,0.07,0.1,0.41,-0.1,57.2,57.2,57.8,57.2,57.2,-13.99,-13.99,-14.88,14.25,14.25,False,False,False,True,False,False,False,False,False,2026-10-08,油電燃氣業,油電燃氣業（公司级产品待核验）
9927,9927.TW,TMI,泰銘,74.4,,TWSE LISTED,其他,62.0,62.5,62.5,61.7,234163,14.52,62.36,65.63,-0.58,-5.53,-0.8,-0.16,-3.12,71.5,121.58,121.58,71.5,121.58,-12.59,-48.6,-48.6,13.29,49.01,False,False,False,False,False,False,False,False,False,2026-10-08,其他,其他（公司级产品待核验）
9928,9928.TW,CTV,中視,12.59,,TWSE LISTED,其他,17.8,17.85,17.85,17.7,22001,0.39,17.94,17.845,-0.78,-0.25,-0.28,-1.11,-1.39,19.3,36.3,36.3,19.3,36.3,-7.51,-50.83,-50.83,7.77,50.96,False,False,False,False,False,False,False,True,False,2026-10-08,其他,其他（公司级产品待核验）
9929,9929.TW,CHOICE,秋雨,11.44,,TWSE LISTED,其他,11.3,12.05,12.5,11.3,243000,2.75,11.48,11.23,-1.57,0.62,-9.96,2.26,1.8,15.0,19.5,33.0,15.0,19.5,-16.67,-35.9,-62.12,24.67,42.05,False,False,False,False,False,False,False,False,False,2026-10-08,其他,其他（公司级产品待核验）
9930,9930.TW,CHC,中聯資源,145.15,,TWSE LISTED,綠能環保,58.4,58.7,58.7,58.1,128151,7.48,59.04,59.7,-1.08,-2.18,-0.51,-1.68,-2.99,72.6,82.0,82.0,72.6,82.0,-19.15,-28.41,-28.41,19.56,28.78,False,False,False,False,False,False,False,False,False,2026-10-08,綠能環保,綠能、太陽能、儲能與環境工程（公司級產品待核驗）
9931,9931.TW,HSIN KAO,欣高,40.93,,TWSE LISTED,油電燃氣業,34.0,33.9,34.0,33.8,19000,0.65,33.98,33.96,0.06,0.12,0.0,0.44,-0.29,51.3,51.3,51.3,51.3,51.3,-33.72,-33.72,-33.72,33.72,33.72,False,False,False,True,False,False,False,False,False,2026-10-08,油電燃氣業,油電燃氣業（公司级产品待核验）
9933,9933.TW,CTCI,中鼎,407.05,,TWSE LISTED,其他,43.1,43.25,43.85,42.75,4338789,187.0,44.81,42.885,-3.82,0.5,-1.03,-7.01,3.48,48.75,49.59,49.59,48.75,49.59,-10.05,-11.58,-11.58,11.59,13.09,False,False,False,False,False,False,False,False,False,2026-10-08,其他,其他（公司级产品待核验）
9934,9934.TW,GUIC,成霖,40.4,,TWSE LISTED,居家生活,9.83,9.8,9.86,9.79,218000,2.14,9.77,9.811,0.61,0.19,0.1,1.44,-0.3,12.05,20.65,25.5,12.05,20.65,-18.17,-52.25,-61.33,18.42,52.4,False,False,False,True,False,False,False,False,False,2026-10-08,居家生活,居家用品、建材、家具與生活消費品（公司級產品待核驗）
9935,9935.TW,CF,慶豐富,32.28,,TWSE LISTED,居家生活,18.15,18.3,18.3,18.0,303000,5.5,18.22,18.25,-0.38,-0.55,-0.55,-0.82,-1.09,21.3,36.8,50.24,21.3,36.8,-14.08,-50.27,-63.58,14.79,50.68,False,False,False,False,False,False,False,False,False,2026-10-08,居家生活,居家用品、建材、家具與生活消費品（公司級產品待核驗）
9937,9937.TW,NPC,全國,170.59,,TWSE LISTED,油電燃氣業,55.2,55.2,55.2,55.2,2020,0.11,54.66,54.48,0.99,1.32,1.28,1.47,1.28,65.0,71.0,85.0,65.0,71.0,-15.08,-22.25,-35.06,15.08,22.25,False,False,False,False,False,False,False,False,False,2026-10-08,油電燃氣業,油電燃氣業（公司级产品待核验）
9938,9938.TW,TAIWAN PAIHO,百和,117.84,,TWSE LISTED,其他,39.55,39.0,39.7,39.0,799002,31.6,38.79,38.535,1.96,2.63,1.02,4.35,2.59,54.5,86.6,141.0,54.5,86.6,-27.16,-54.16,-71.84,27.43,54.33,True,False,False,False,False,False,False,False,False,2026-10-08,其他,其他（公司级产品待核验）
9939,9939.TW,HON CHUAN,宏全,378.61,,TWSE LISTED,其他,128.0,126.5,128.0,126.5,412572,52.81,126.6,125.75,1.11,1.79,0.39,1.19,2.81,145.5,178.5,178.5,145.5,178.5,-12.03,-28.29,-28.29,12.03,28.29,False,False,False,False,False,False,False,False,False,2026-10-08,其他,其他（公司级产品待核验）
9940,9940.TW,Sinyi,信義,147.37,,TWSE LISTED,其他,20.0,20.1,20.1,19.95,200000,4.0,20.0,20.04,0.0,-0.2,0.0,0.5,-0.25,23.25,37.65,39.61,23.25,37.65,-13.55,-46.61,-49.26,13.98,46.88,False,False,False,False,False,False,False,False,False,2026-10-08,其他,其他（公司级产品待核验）
9941,9941.TW,TAC,裕融,449.76,,TWSE LISTED,其他,76.6,76.3,76.7,76.1,475804,36.45,76.18,77.39,0.55,-1.02,0.39,0.92,-1.67,87.25,179.27,186.74,87.25,179.27,-12.1,-57.22,-58.93,12.21,57.27,False,False,False,False,False,False,False,False,False,2026-10-08,其他,其他（公司级产品待核验）
9942,9942.TW,MAO SHUN,茂順,93.97,,TWSE LISTED,其他,113.0,113.0,113.5,113.0,36100,4.08,113.2,113.6,-0.18,-0.53,0.0,0.0,-1.31,126.0,142.0,163.0,126.0,142.0,-9.92,-20.07,-30.37,10.32,20.42,False,False,False,False,False,False,False,False,False,2026-10-08,其他,其他（公司级产品待核验）
9943,9943.TW,HOLIDAY,好樂迪,62.84,,TWSE LISTED,觀光餐旅,50.2,50.1,50.5,50.0,33300,1.67,50.34,50.37,-0.28,-0.34,0.2,-0.59,-0.4,60.9,94.8,113.0,60.9,94.8,-17.08,-46.73,-55.31,17.57,47.05,False,False,False,False,False,False,False,False,False,2026-10-08,觀光餐旅,觀光餐旅（公司级产品待核验）
9944,9944.TW,Shinih,新麗,18.38,,TWSE LISTED,其他,17.35,17.15,17.35,17.15,50000,0.87,17.22,17.195,0.75,0.9,0.58,0.58,1.17,18.6,24.05,28.65,18.6,24.05,-6.72,-27.86,-39.44,6.72,27.86,False,False,True,True,False,False,False,True,False,2026-10-08,其他,其他（公司级产品待核验）
9945,9945.TW,RUENTEX DEVELOP,潤泰新,847.58,,TWSE LISTED,其他,29.8,29.45,30.05,29.45,9850486,293.54,29.13,29.285,2.3,1.76,1.71,4.01,1.88,30.85,53.8,59.78,30.85,53.8,-2.59,-44.14,-49.73,3.4,44.61,True,False,False,False,False,False,False,True,False,2026-10-08,其他,其他（公司级产品待核验）
9946,9946.TW,SANFAR,三發地產,54.04,,TWSE LISTED,建材營造,16.55,16.75,16.75,16.5,245000,4.05,16.69,16.855,-0.84,-1.81,-0.6,-0.9,-1.78,21.85,49.55,49.55,21.85,49.55,-23.34,-66.2,-66.2,24.26,66.6,False,False,False,False,False,False,False,False,False,2026-10-08,建材營造,建材、營造與不動產開發（公司級業務待核驗）
9949,9949.TWO,TITTOT,琉園,10.81,,TPEx LISTED,文化創意業,24.1,24.1,24.1,24.1,0,0.0,24.2,24.185,-0.41,-0.35,0.0,-1.23,-0.82,37.5,37.5,37.5,37.5,37.5,-35.73,-35.73,-35.73,35.73,35.73,False,False,False,False,False,False,False,False,False,2026-10-08,文化創意業,文化創意業（公司级产品待核验）
9950,9950.TWO,EMINENT,萬國通,17.19,,TPEx LISTED,塑膠工業,10.25,10.15,10.25,10.15,4000,0.04,10.22,10.225,0.29,0.24,0.0,0.49,0.0,14.05,30.85,30.85,14.05,30.85,-27.05,-66.77,-66.77,27.05,66.77,False,False,True,True,False,False,False,False,False,2026-10-08,塑膠工業,塑膠、塑膠粒與石化材料（公司級產品待核驗）
9951,9951.TWO,MACAUTO,皇田,34.52,,TPEx LISTED,電機機械,47.1,46.25,47.3,46.25,53032,2.5,46.63,46.99,1.01,0.23,1.84,1.29,0.21,59.4,79.5,210.5,59.4,79.5,-20.37,-40.5,-77.53,20.71,40.75,False,False,False,True,False,False,False,False,False,2026-10-08,電機機械,電機機械、工業自動化與設備（公司級產品待核驗）
9955,9955.TW,SDTI,佳龍,25.17,,TWSE LISTED,綠能環保,24.1,23.95,24.8,23.95,456294,11.0,23.61,23.315,2.08,3.37,0.84,5.24,4.33,41.55,42.1,42.1,41.55,42.1,-40.31,-41.09,-41.09,42.0,42.76,False,False,False,False,False,False,False,False,False,2026-10-08,綠能環保,綠能、太陽能、儲能與環境工程（公司級產品待核驗）
9958,9958.TW,CIS,世紀鋼,237.8,,TWSE LISTED,鋼鐵工業,89.1,89.4,89.6,89.0,538491,47.98,89.72,90.98,-0.69,-2.07,0.11,-0.78,-3.15,151.0,373.5,373.5,151.0,373.5,-40.66,-76.01,-76.01,40.99,76.14,False,False,False,False,False,False,False,False,False,2026-10-08,鋼鐵工業,鋼鐵、特殊鋼與金屬材料（公司級產品待核驗）
9960,9960.TWO,DACOME,邁達康,12.92,,TPEx LISTED,運動休閒,38.45,37.9,39.2,37.9,15025,0.58,38.53,38.98,-0.21,-1.36,-4.11,1.05,2.53,41.95,41.95,54.3,41.95,41.95,-6.56,-6.56,-27.81,8.34,8.34,False,False,False,False,False,False,False,True,True,2026-10-08,運動休閒,運動休閒（公司级产品待核验）
9962,9962.TWO,YYS,有益,9.25,,TPEx LISTED,鋼鐵工業,10.25,10.2,10.3,10.1,136110,1.4,10.23,10.21,0.2,0.39,0.49,0.99,-0.97,12.3,19.55,26.0,12.3,19.55,-16.26,-47.31,-60.38,16.67,47.57,False,False,False,True,False,False,False,False,False,2026-10-08,鋼鐵工業,鋼鐵、特殊鋼與金屬材料（公司級產品待核驗）
